{
    "id": "best_time_to_buy_and_sell_stock",
    "title": "Best Time to Buy and Sell Stock",
    "description": "Given an array of stock prices where prices[i] is the price on day i, find the maximum profit you can achieve by buying on one day and selling on a future day. If no profit can be made, output 0.",
    "input_format": "Space-separated integers representing the stock prices.",
    "output_format": "The maximum profit.",
    "constraints": {
        "Array size": "1 <= N <= 1000",
        "Prices": "1 <= price <= 10000"
    },
    "judge_mode": "FIRST_FAIL",
    "time_limit": 1,
    "sample_test_cases": [
        {
            "input": "7 1 5 3 6 4",
            "output": "5"
        },
        {
            "input": "7 6 4 3 1",
            "output": "0"
        }
    ],
    "hidden_test_cases": [
        {
            "input": "44 39 18 25 50 45 60 86 11 35 78",
            "output": "68"
        },
        {
            "input": "81 56 98 34 98 86 62 79 50 24 59 16 71 26 63",
            "output": "64"
        },
        {
            "input": "77 72 100 33 86 5 66 21 7",
            "output": "61"
        },
        {
            "input": "60 9 83 18 11 92 92 11 89 74",
            "output": "83"
        },
        {
            "input": "40 1 37 14 10 94 48 62",
            "output": "93"
        },
        {
            "input": "11 48 37 13 58 28 47 36 19 59 93",
            "output": "82"
        },
        {
            "input": "85 89 96 6 83 1 57 50 14 32 73",
            "output": "77"
        },
        {
            "input": "54 91 13 78 42 59 69 42 43 47",
            "output": "65"
        },
        {
            "input": "11 61 48 89 58 6 18 37 68",
            "output": "78"
        },
        {
            "input": "95 65 8 49 1 73 88 5 4 6 45 58 48 77 22 89 37 24 85",
            "output": "88"
        },
        {
            "input": "8 45 72 65 71 34 47 9 31 84 26 25 41",
            "output": "76"
        },
        {
            "input": "62 13 2 42 50 44 65 96 31 69 92 42 15",
            "output": "94"
        },
        {
            "input": "89 7 49 45 100 38 57 40 5 47 52 77 92",
            "output": "93"
        },
        {
            "input": "20 97 1 43 76 31 96 54 93 31 58 62",
            "output": "95"
        },
        {
            "input": "66 57 83 23 12 52 24 15 45 16 65 50 96 45 72",
            "output": "84"
        },
        {
            "input": "42 54 100 99 39 45 66 8 70 61",
            "output": "62"
        },
        {
            "input": "85 3 97 100 38",
            "output": "97"
        },
        {
            "input": "8 28 73 49 44 85 6 55 66",
            "output": "77"
        },
        {
            "input": "37 1 76 98 34 35 11 90",
            "output": "97"
        },
        {
            "input": "30 89 77 88 10 46 54 47 68 57 55 11 82 92",
            "output": "82"
        },
        {
            "input": "31 20 58 98 98 47 19 89 43 38 82 40",
            "output": "78"
        },
        {
            "input": "1 38 83 17 49 98 77 5 27 3 82 90 67 16 66 23 75",
            "output": "97"
        },
        {
            "input": "2 77 84 46 64 76 39 57",
            "output": "82"
        },
        {
            "input": "28 69 11 58 61 90 92 28 39 44 79 8 70 94 7 9 94 24",
            "output": "87"
        },
        {
            "input": "3 84 65 22 96",
            "output": "93"
        },
        {
            "input": "38 14 63 4 90 12 36 84 65 24 4 33 26 40 40 93 2 41 68",
            "output": "89"
        },
        {
            "input": "46 38 52 48 65 37 32 9 20 27 85 43 2 58 7 64 94 45 87 47",
            "output": "92"
        },
        {
            "input": "79 99 88 89 21 97 12 35 8 69 37 90 49 34 62 88 65 34 15 19",
            "output": "82"
        },
        {
            "input": "14 66 17 9",
            "output": "52"
        },
        {
            "input": "22 5 54 45 72 89 20 26 7 6 27",
            "output": "84"
        },
        {
            "input": "61 22 34",
            "output": "12"
        },
        {
            "input": "96 13 94 52 31 64 71 93 47 40",
            "output": "81"
        },
        {
            "input": "100 50 52 10 90 56 100 9 52 73 68 54 16 60 79 65 3 25 99 30",
            "output": "96"
        },
        {
            "input": "18 84 57 72 76 49 38 84 69 3 6 57 81 91 82 62 35",
            "output": "88"
        },
        {
            "input": "71 35 28 49 91 14 64 19 34 39 65 80 21 21 86",
            "output": "72"
        },
        {
            "input": "4 43 9 96 66 65",
            "output": "92"
        },
        {
            "input": "76 42 60 10",
            "output": "18"
        },
        {
            "input": "97 58 1 83",
            "output": "82"
        },
        {
            "input": "58 38",
            "output": "0"
        },
        {
            "input": "52 80 54 97 28 34 36 21 47 48 43 26 98 15 69 22 87",
            "output": "77"
        },
        {
            "input": "94 78 24 41 63 75 43 87 84 2 27 27 75 39",
            "output": "73"
        },
        {
            "input": "97 18 76 40 67 34 67 7 3",
            "output": "58"
        },
        {
            "input": "67 17 61 53 37 30 17 83 84 100 1 68 92 5 62 61 90",
            "output": "91"
        },
        {
            "input": "68 91 70",
            "output": "23"
        },
        {
            "input": "42 90 64",
            "output": "48"
        },
        {
            "input": "1 27 25 82 90 15 24 49 77 86 54 43 44 44",
            "output": "89"
        },
        {
            "input": "57 50 33 49",
            "output": "16"
        },
        {
            "input": "38 78 38 39 87 94 81",
            "output": "56"
        },
        {
            "input": "61 88 60 62 64 65 35 26 1 65 33 1",
            "output": "64"
        },
        {
            "input": "89 40 83 56 38 1 3 37 92 47 3 5 55 3",
            "output": "91"
        },
        {
            "input": "13 85 16 37 2 80 68 81 8 41 72 87 2 58 67",
            "output": "85"
        },
        {
            "input": "85 48 84 48 59 6 11 87",
            "output": "81"
        },
        {
            "input": "19 99 44 24 87 51 42 21 96 86 87 66 94 45 25 83 59 80 54 59",
            "output": "80"
        },
        {
            "input": "67 12 14 5 74 40 55 61 54 19 36 79 40",
            "output": "74"
        },
        {
            "input": "29 5 86 19 78 94 12 23 34 14 12",
            "output": "89"
        },
        {
            "input": "86 38 92 69 54 36 55 6 19 68 48 83 56 63 1 25",
            "output": "77"
        },
        {
            "input": "31 64 24 77 44 41 5 22",
            "output": "53"
        },
        {
            "input": "86 2 10 1 73 45 94 46",
            "output": "93"
        },
        {
            "input": "31 69 81 73 43 57 48",
            "output": "50"
        },
        {
            "input": "46 74 14 22 82 17 17 11 72 10 75 84 98 32 87 61 56 77 52 76",
            "output": "88"
        },
        {
            "input": "45 14 43 46 75 49 51 28 1",
            "output": "61"
        },
        {
            "input": "10 63 33 37 63 67 72 15 68 65 51 78 79 90 6 92",
            "output": "86"
        },
        {
            "input": "26 83 56 84 32 62 21 26 97 12",
            "output": "76"
        },
        {
            "input": "51 14 98 27 45 59 53 80 47 8 97 42 15 26 65 31 93 80 62 90",
            "output": "89"
        },
        {
            "input": "35 42",
            "output": "7"
        },
        {
            "input": "79 18 25",
            "output": "7"
        },
        {
            "input": "67 29 85 79 15 82 60 10 72 9 65 44 65 77 27 33",
            "output": "68"
        },
        {
            "input": "69 33 27 14 64 95 65 56 1 41 97 4 94 95 4 98 45 51 27",
            "output": "97"
        },
        {
            "input": "5 75 66 49 49 51 77 10 14 27 4 75 45 86 54 67 12 96 39 53",
            "output": "92"
        },
        {
            "input": "33 5 21 30 15 27 96 82 52 54 87 26 44 100 41 50",
            "output": "95"
        },
        {
            "input": "3 69 37 2 49 55 12 6 61 11 23",
            "output": "66"
        },
        {
            "input": "1 8 3 95 58 71 45 63",
            "output": "94"
        },
        {
            "input": "87 1 9 82",
            "output": "81"
        },
        {
            "input": "36 70 88 85 4",
            "output": "52"
        },
        {
            "input": "100 61",
            "output": "0"
        },
        {
            "input": "3 1 3 93 99 37 38 44 72 92 92 12 28 72 54 82",
            "output": "98"
        },
        {
            "input": "68 73 17 8 4 99 44 72 59 12 78 1 16",
            "output": "95"
        },
        {
            "input": "45 81 42 100 24 53 75 99 2 53 100 1 12 31 28",
            "output": "98"
        },
        {
            "input": "63 6 46",
            "output": "40"
        },
        {
            "input": "42 37 90 15 62 51 1 28 9 84 96 79 40 70 91 41 8 23 75",
            "output": "95"
        },
        {
            "input": "84 14 11 38 93 3 20 10 31 38 56 60",
            "output": "82"
        },
        {
            "input": "76 100 88 17 51 23 29 65 12",
            "output": "48"
        },
        {
            "input": "60 72 83 3 88 20 83 12 22 16 65",
            "output": "85"
        },
        {
            "input": "57 46 23 8",
            "output": "0"
        },
        {
            "input": "15 22 45 1 37 15 58",
            "output": "57"
        },
        {
            "input": "50 56 61 83 76 35 23 47 91 99 73 65",
            "output": "76"
        },
        {
            "input": "13 15 97 85 14 3 55 36 21 89 95 27 92 68 94 76 45 5",
            "output": "92"
        },
        {
            "input": "60 18 99 96 41 65 85 46 19 12 42 81 19 54 12 99 11",
            "output": "87"
        },
        {
            "input": "16 4 62 41 65 41 99 7 66",
            "output": "95"
        },
        {
            "input": "61 16 95 11 91 2 74 40 54 80",
            "output": "80"
        },
        {
            "input": "97 41 64 13 71 14 15 42 26 79 14 77 23 67 69",
            "output": "66"
        },
        {
            "input": "14 99 74 22 14 21 54 65 34 12 73 4 70",
            "output": "85"
        },
        {
            "input": "67 49 6 74 22 39 14 34 28 74 88 58 66 37 87 71 45 45",
            "output": "82"
        },
        {
            "input": "46 32 35 54 19 8 87 96 95 100 95",
            "output": "92"
        },
        {
            "input": "55 44 87",
            "output": "43"
        },
        {
            "input": "71 99 40 48 31 33 72 35 77 95 79 70 23 7 30 77 52",
            "output": "70"
        },
        {
            "input": "32 74 85 71 36 5 8 26",
            "output": "53"
        },
        {
            "input": "62 76 61 73 93 24 83 53 61 14 37 56 14 21 8 69 98 12 56",
            "output": "90"
        },
        {
            "input": "72 100 74 19 70 44 8 29 24",
            "output": "51"
        },
        {
            "input": "12 95 16 35 74 21 98 16 29 34",
            "output": "86"
        },
        {
            "input": "97 82 70 37 50 4 84 94 17 97 93 39 7 9 69",
            "output": "93"
        },
        {
            "input": "87 8 12 52 65 79 27 22 20 77 79 88 44 88 74 16 64",
            "output": "80"
        },
        {
            "input": "19 91 73 16 57 23 49 49 76 32 79 100 73 17",
            "output": "84"
        },
        {
            "input": "43 16 79 26 38 47 23",
            "output": "63"
        },
        {
            "input": "30 89 71 24 69 64 9",
            "output": "59"
        },
        {
            "input": "53 22 45 2",
            "output": "23"
        },
        {
            "input": "65 50 57 7 26 100 67",
            "output": "93"
        },
        {
            "input": "21 68 21 78 69 75 41 36 77 43 51 88 53 69 4 11 30 22 70",
            "output": "67"
        },
        {
            "input": "77 58 24 73 7 96 23 17 1 56 36 78 54 91 37",
            "output": "90"
        },
        {
            "input": "96 11",
            "output": "0"
        },
        {
            "input": "5 60 74 49 99 28 63 58 10 73 69 6 97 12 26 98 36 1",
            "output": "94"
        },
        {
            "input": "95 92 54 20 62 19 72 20 58 23 30 61 28 88 20 69",
            "output": "69"
        },
        {
            "input": "9 70 36 43 38 55 69 20 70 60",
            "output": "61"
        },
        {
            "input": "66 17 53 38 93 2 51 19 39 60 85 59 43 40 4",
            "output": "83"
        },
        {
            "input": "34 73 46 35 49 27 29 38 97 60 17 19 53 1 60 1 54",
            "output": "70"
        },
        {
            "input": "74 73 100 6 76 46 87 27 65 60 93",
            "output": "87"
        },
        {
            "input": "29 47 28 15",
            "output": "18"
        },
        {
            "input": "90 54 16 8 73 25 2 93 33 27 74 34 64 80",
            "output": "91"
        },
        {
            "input": "41 42 21",
            "output": "1"
        },
        {
            "input": "69 17 96 35",
            "output": "79"
        },
        {
            "input": "23 98 36",
            "output": "75"
        },
        {
            "input": "16 6 59 74 42 20 79",
            "output": "73"
        },
        {
            "input": "83 64 60 7 50 82 37 41",
            "output": "75"
        },
        {
            "input": "78 25 54 53 98 74 25 61 10 34 41 23",
            "output": "73"
        },
        {
            "input": "29 53 36 42 18",
            "output": "24"
        },
        {
            "input": "85 23 38 65 81",
            "output": "58"
        },
        {
            "input": "74 80 70 71 95 34 70 3 89 88",
            "output": "86"
        },
        {
            "input": "44 57 49 28 62 82 65 85 17",
            "output": "57"
        },
        {
            "input": "5 73 88 21 38 83 41 4 33 49 73",
            "output": "83"
        },
        {
            "input": "41 32 41 22 30 82 32 16 84 34 11 78 92 9",
            "output": "81"
        },
        {
            "input": "86 6 35 37 39 22 61 68 65 99 63 10 87 35 50 76 40",
            "output": "93"
        },
        {
            "input": "71 15 57",
            "output": "42"
        },
        {
            "input": "68 10 78 15 7",
            "output": "68"
        },
        {
            "input": "54 62 50 10",
            "output": "8"
        },
        {
            "input": "53 60 38 59",
            "output": "21"
        },
        {
            "input": "24 49 85 98 24 47 71",
            "output": "74"
        },
        {
            "input": "5 94 36 7 35 84 50 6 35 56 9 24 31 39",
            "output": "89"
        },
        {
            "input": "37 25 43",
            "output": "18"
        },
        {
            "input": "96 55 36 99 98 49 8 30 83 70 97 60 84 89 81 94 98 4",
            "output": "90"
        },
        {
            "input": "78 92 63 79 12 91 89 100 82 98 87 26 46 86 21 58 99 67",
            "output": "88"
        },
        {
            "input": "99 97 32 76 37 80 16 94 90 69 46 72",
            "output": "78"
        },
        {
            "input": "70 55 88 11 34 59 97 83 58 21",
            "output": "86"
        },
        {
            "input": "61 53 25 6 26 80",
            "output": "74"
        },
        {
            "input": "5 56 81 1 6 38 99 16 46 48 42 29 32 2 100 50 14 84 46 93",
            "output": "99"
        },
        {
            "input": "63 3 99 91",
            "output": "96"
        },
        {
            "input": "41 79 43 35 51 82 37 19 10 55 85 89",
            "output": "79"
        },
        {
            "input": "89 34 42",
            "output": "8"
        },
        {
            "input": "2 9 36 86 19 1 65 30 78 81 22",
            "output": "84"
        },
        {
            "input": "99 34 79 11 87",
            "output": "76"
        },
        {
            "input": "30 66 34 90 29 38 40 86 56 87 40 49 38 33 37 32 67 59 9 49",
            "output": "60"
        },
        {
            "input": "34 51 56 43 97 27 65 40 39 34 9 8 87 31 55 90 95",
            "output": "87"
        },
        {
            "input": "72 86 24 83 1 27 22 46 74 63 72 79 63",
            "output": "78"
        },
        {
            "input": "29 68 11",
            "output": "39"
        },
        {
            "input": "64 20 68 60 46 7 47",
            "output": "48"
        },
        {
            "input": "42 58 85 72 46 6 9 21 55 7 40",
            "output": "49"
        },
        {
            "input": "86 75 37 2 3 94 67 52 94 43 69 68 93 1 83",
            "output": "92"
        },
        {
            "input": "11 26 87 47 77 25 92 54 57 13 42 30 4 49 11",
            "output": "81"
        },
        {
            "input": "83 72",
            "output": "0"
        },
        {
            "input": "16 73 36 38 61 41 71 47 65 58 51 3 72 37 45 1 64",
            "output": "69"
        },
        {
            "input": "8 78 87 79 95 24 19 97 6 2 41 7 66",
            "output": "89"
        },
        {
            "input": "97 68 26 73 57 15 26 75 48 56 43 77",
            "output": "62"
        },
        {
            "input": "61 44 6 85 90 9 11 6 33 19 96 36 89 69 82 38 70",
            "output": "90"
        },
        {
            "input": "48 13 87 27 61 11 50 12 45 61 54 25",
            "output": "74"
        },
        {
            "input": "92 43 3 1 76 78 80 50 88 14 1 12 64",
            "output": "87"
        },
        {
            "input": "39 58 96",
            "output": "57"
        },
        {
            "input": "72 67 41 98 85 79 8 58",
            "output": "57"
        },
        {
            "input": "94 49 65 22 16 96 36 49 26 32 55 57 18 96 35 26 12",
            "output": "80"
        },
        {
            "input": "93 57 39 91 54 100 78 64",
            "output": "61"
        },
        {
            "input": "86 92 86 83 36 23 82 81 67 59",
            "output": "59"
        },
        {
            "input": "99 82 95",
            "output": "13"
        },
        {
            "input": "75 17 28 65 11 88 88 6 6 79 52 57 78 34 10",
            "output": "77"
        },
        {
            "input": "76 77 2 33 86 61 43 82 27 46",
            "output": "84"
        },
        {
            "input": "30 43 97 56 31",
            "output": "67"
        },
        {
            "input": "78 54 41 14 40 79 6 27 17 54 14 1 67 72 4 30",
            "output": "71"
        },
        {
            "input": "20 98 64",
            "output": "78"
        },
        {
            "input": "62 91 42 8 4 90 23 10 65 56 77 50 14 53 39 79 74",
            "output": "86"
        },
        {
            "input": "49 56 1 71 6 6 42 28 64 89 17 73 91 20 14 78 86 22 2",
            "output": "90"
        },
        {
            "input": "28 85 79 81 79 47 79 90 49 31 36",
            "output": "62"
        },
        {
            "input": "59 48 52 72 2 40 25 50",
            "output": "48"
        },
        {
            "input": "19 18 11 62 32 50 74 64 58 39 93 12 67",
            "output": "82"
        },
        {
            "input": "80 26 26 46 14 72 6 52 29 4 65 54 67 82 44 87 50 53",
            "output": "83"
        },
        {
            "input": "38 8 43 67 70",
            "output": "62"
        },
        {
            "input": "46 18 27 22 7 71 83 7 81 43 21",
            "output": "76"
        },
        {
            "input": "83 5 44 72 36 93 72 24 81",
            "output": "88"
        },
        {
            "input": "32 43 41 92 70 50",
            "output": "60"
        },
        {
            "input": "6 9 11 39 90 1 97 36 68 56",
            "output": "96"
        },
        {
            "input": "87 8 12 84 27",
            "output": "76"
        },
        {
            "input": "20 29 11 16 65 42 39 40 61 15 9 56 41 64 71 92 58",
            "output": "83"
        },
        {
            "input": "44 71 67 26 70",
            "output": "44"
        },
        {
            "input": "76 46 83 53 22 13 14 73 57 80 14 28 14 100 79 58 80 10",
            "output": "87"
        },
        {
            "input": "41 11 43 10 34 89 50 79 92 99 2 35 97 8 51 3 80",
            "output": "95"
        },
        {
            "input": "100 79 71 68 58",
            "output": "0"
        },
        {
            "input": "92 89 35 100 92 5 78 42 53 69 13 10 48 65",
            "output": "73"
        },
        {
            "input": "74 92 92 25 13 74 4 45 55 91 81 57 72 51 71 12 51 97",
            "output": "93"
        },
        {
            "input": "41 36 84 45 86 41 74 51 34 89 93 50 70 63 21 89 30 23",
            "output": "68"
        },
        {
            "input": "93 26 50 7 21 36 9 6 3 49 24 98 40 71 28 33",
            "output": "95"
        },
        {
            "input": "55 8 92 46 11 97 62 43 89 87 74 95",
            "output": "89"
        },
        {
            "input": "88 86 48 83 16 48 8 70 58 36 21 39 79 70 58 10 25",
            "output": "71"
        },
        {
            "input": "30 27 68 59 59 49 72 56 57 79 42 33 56 35 28 54 38 78",
            "output": "52"
        },
        {
            "input": "57 60 100 62",
            "output": "43"
        },
        {
            "input": "97 24 10 33",
            "output": "23"
        },
        {
            "input": "26 49 2 52 48 26 75 44 72 35 13 81 38 16 11",
            "output": "79"
        },
        {
            "input": "11 97 39 79 28 60 30 75 87 47 37 40",
            "output": "86"
        },
        {
            "input": "1 73 84 58 45 33 53 35 6 33 62 34 56 54",
            "output": "83"
        },
        {
            "input": "44 9 21 15 79 49 15 68 40 76 61 6 61",
            "output": "70"
        },
        {
            "input": "59 72 23 3 91 52 83 43 35 72 81 8",
            "output": "88"
        },
        {
            "input": "34 25 57 3 80 36",
            "output": "77"
        },
        {
            "input": "45 26 25 35",
            "output": "10"
        },
        {
            "input": "4 33 65",
            "output": "61"
        },
        {
            "input": "92 64 49 33",
            "output": "0"
        },
        {
            "input": "60 95 21 47 26 70 47 29 56 65 70 31 36 51 75 72 58 20 80",
            "output": "60"
        },
        {
            "input": "6 85 37 35 25 62",
            "output": "79"
        },
        {
            "input": "76 62 10 41 63 79 94 39 55 43 15 40 78 4 29 28 45 64 20 7",
            "output": "84"
        },
        {
            "input": "5 50 59 39 70 37 97 82 46 2 100 70 36 2 28",
            "output": "98"
        },
        {
            "input": "72 31 53 36 71 78 15 20 85",
            "output": "70"
        },
        {
            "input": "56 73 19 47 76 31 74 18 12",
            "output": "57"
        },
        {
            "input": "66 82 49 40 88 78 73 51 58 47 10 58 38 47 47 87 29 41 26 70",
            "output": "77"
        },
        {
            "input": "30 65 45 20 47 18 86 59 56 57 58 36",
            "output": "68"
        },
        {
            "input": "30 64 42 75 40 53 81 9",
            "output": "51"
        },
        {
            "input": "73 66 67 3 3 36 75 55 79 80 94 25 57 8",
            "output": "91"
        },
        {
            "input": "46 95 8 16",
            "output": "49"
        },
        {
            "input": "65 13 38 84 72 44 54 84 27 2 65 16 39 20 46 10 48",
            "output": "71"
        },
        {
            "input": "73 69 99",
            "output": "30"
        },
        {
            "input": "21 94 6 41 80 24 91",
            "output": "85"
        },
        {
            "input": "33 26 16 7 92 59 17 24 19 50 14 42 48 19 84 60 13",
            "output": "85"
        },
        {
            "input": "44 62 48 33 1 81",
            "output": "80"
        },
        {
            "input": "20 47 92 41 94 94 46 4 20 59 57 38 40",
            "output": "74"
        },
        {
            "input": "69 10 79 26 31 53 68 2 24 70 94 15 65 62 98",
            "output": "96"
        },
        {
            "input": "14 25 72 95 24 7 1 89 86 67 7 45 10 3 80 97 79 27",
            "output": "96"
        },
        {
            "input": "68 55 1 64 95 1 9",
            "output": "94"
        },
        {
            "input": "62 89 32 58 4 34 52 31 93 49 10 33 69 61 73 36 53",
            "output": "89"
        },
        {
            "input": "43 74 74 41 20 72 21 27 62 33 16 76 25 82 86 49",
            "output": "70"
        },
        {
            "input": "32 41 31 92 13 79 3",
            "output": "66"
        },
        {
            "input": "80 77",
            "output": "0"
        },
        {
            "input": "14 31 62 83 8 100 57 63 98 81 26 84 69 10 9 57",
            "output": "92"
        },
        {
            "input": "97 8 7 71 84 7 23 65 87 43 65 74 7 61 17 50 65 75 89 48",
            "output": "82"
        },
        {
            "input": "16 36 24 48 4 71 22 67 58 66 63 23 53 68 83 36",
            "output": "79"
        },
        {
            "input": "84 94 8 27 79 18",
            "output": "71"
        },
        {
            "input": "37 43 69 92 96 98 16 15 43 39 84 61",
            "output": "69"
        },
        {
            "input": "94 17 67 87 47 38 70 20 62 53 59 2 48 79 65 18 98 83 96 88",
            "output": "96"
        },
        {
            "input": "50 46 5 80 100 88 46 22 97 45",
            "output": "95"
        },
        {
            "input": "72 2 85 37",
            "output": "83"
        },
        {
            "input": "95 76 35 97 71 52 37 97 14 90 27 8 85 64",
            "output": "77"
        },
        {
            "input": "4 80 16 38 95 57 55 15 2 59 27 62",
            "output": "91"
        },
        {
            "input": "93 46 95 79 16 26 3 5 69",
            "output": "66"
        },
        {
            "input": "78 46 79 28 30 30 100 35 73 71 19 34 98 33 69 70 24 77",
            "output": "79"
        },
        {
            "input": "97 30 28 72",
            "output": "44"
        },
        {
            "input": "47 75 80 19 97 38 83 58 82 95 2 34 47 48 18 73 17 31 44 89",
            "output": "87"
        },
        {
            "input": "85 54 94 66 5 100 5 68",
            "output": "95"
        },
        {
            "input": "27 37 89 83 40 50 99 1 99 100 57 96 74 26 71 18 27 93",
            "output": "99"
        },
        {
            "input": "32 70 22 89 76 50 50 25 96 65 20",
            "output": "74"
        },
        {
            "input": "47 80 93 28 80 38 51 90 13 44 17",
            "output": "62"
        },
        {
            "input": "81 19 30 33 90 54 55 65 4 71 92 80 43 93 71 4 52 33",
            "output": "89"
        },
        {
            "input": "74 12 84 63 29 35 87 38",
            "output": "75"
        },
        {
            "input": "96 79 17 84 58 87 11 22 43 46 12 24 39 24 10 3 56",
            "output": "70"
        },
        {
            "input": "84 87 8 61 45 8 52",
            "output": "53"
        },
        {
            "input": "14 93 85 53 73 38 10 19 87 83 82 82 7",
            "output": "79"
        },
        {
            "input": "16 84 15 7 61 39 47 32 20 33 58",
            "output": "68"
        },
        {
            "input": "89 58 76 50 22 37 68 14 94 20 47 81 59 13 28 44",
            "output": "80"
        },
        {
            "input": "100 67 37",
            "output": "0"
        },
        {
            "input": "32 51",
            "output": "19"
        },
        {
            "input": "16 1 23 33",
            "output": "32"
        },
        {
            "input": "32 75 75",
            "output": "43"
        },
        {
            "input": "35 11 6 85 8 76 16 21 93 84 95 40 25 61 9",
            "output": "89"
        },
        {
            "input": "91 6 64 17 36 36 19 98 63 49 93 7 21 55 86 100 17 36",
            "output": "94"
        },
        {
            "input": "16 36 91 64 72 60 86 41 5 14 34 22 47",
            "output": "75"
        },
        {
            "input": "53 6 66 24 100 38 84 58 41 8 19 13 18",
            "output": "94"
        },
        {
            "input": "63 27 42 53 89 71 43 81 24 93 1 61 46",
            "output": "69"
        },
        {
            "input": "4 62 42 68 80 78 1 60 7 31 37 60 52 4 78 28 78",
            "output": "77"
        },
        {
            "input": "77 57 92 48 44 21 80",
            "output": "59"
        },
        {
            "input": "40 4 2 61 39 42 65 90 76",
            "output": "88"
        },
        {
            "input": "23 98 39 88 13 71 100 28 43 29 39 6",
            "output": "87"
        },
        {
            "input": "37 44 39 26 5",
            "output": "7"
        },
        {
            "input": "35 77 65 91 51 52 41 29 25",
            "output": "56"
        },
        {
            "input": "19 14 49 62 19 7 87 74 61 19 9 51 48",
            "output": "80"
        },
        {
            "input": "35 9 38 81 20 34 83",
            "output": "74"
        },
        {
            "input": "76 13 52 7 2 89 48 5 26 14 44",
            "output": "87"
        },
        {
            "input": "15 44 63 68 40 64 15 3 73 47 9 50 22 26 36 56 28 45 76 26",
            "output": "73"
        },
        {
            "input": "5 25 59 7 98 90 29 8 69 28 53 79",
            "output": "93"
        },
        {
            "input": "20 75 15 18 54",
            "output": "55"
        },
        {
            "input": "56 63 54 77 98 5 89 65 1",
            "output": "84"
        },
        {
            "input": "5 80 87 36 18 3 52 74 29 82 23 86 89 1 40 64 11 19 98",
            "output": "97"
        },
        {
            "input": "98 37 63",
            "output": "26"
        },
        {
            "input": "41 73 28 53 32",
            "output": "32"
        },
        {
            "input": "99 78 87 3 16 84 16 49 26 25",
            "output": "81"
        },
        {
            "input": "18 81 55 36 39 53 68 32 70 86 9",
            "output": "68"
        },
        {
            "input": "62 38 38 17 76",
            "output": "59"
        },
        {
            "input": "90 64 76 87",
            "output": "23"
        },
        {
            "input": "16 8 50 20 92 43 21 58 32 33 7 31 78 3 9 6 19 58 60",
            "output": "84"
        },
        {
            "input": "81 26 47 14 31",
            "output": "21"
        },
        {
            "input": "49 9 8 15 62 57 59",
            "output": "54"
        },
        {
            "input": "15 74 57 61 29 1 63 11 1",
            "output": "62"
        },
        {
            "input": "18 35 32 5 17 9 29 33 81 85 64 72 95",
            "output": "90"
        },
        {
            "input": "59 12 56 68 78 100 34 67 54 80 96 73 66 72 76 100 93",
            "output": "88"
        },
        {
            "input": "99 3 72 75 41 90 93 44",
            "output": "90"
        },
        {
            "input": "88 12 58 2 20 52 46 96 44 48 94 67 92 51 31 83 8 65 2 51",
            "output": "94"
        },
        {
            "input": "20 9 67 84 97 16 86 6 68",
            "output": "88"
        },
        {
            "input": "50 77 87 25 26 82 57 72 75 3 57 77 83 23 88 39 48 74 68 75",
            "output": "85"
        },
        {
            "input": "43 100 93 9 25 93 51",
            "output": "84"
        },
        {
            "input": "48 44 62 17 40 40 76 64 4 70 2 76",
            "output": "74"
        },
        {
            "input": "84 60 62 4 9 33 60 14 48 41 90 93 8 50 93 30 28 77 9 90",
            "output": "89"
        },
        {
            "input": "93 44 64 53 42 29 88 49 23 3 50",
            "output": "59"
        },
        {
            "input": "52 25 79 69 27",
            "output": "54"
        },
        {
            "input": "29 62 91 93 39 50 1 76 20 59 66 28 84 90 18 96",
            "output": "95"
        },
        {
            "input": "79 32 83 25 83 64 59 39 26 41 45 8 73 74 41 45",
            "output": "66"
        },
        {
            "input": "66 75 96 77 12 17 90 22 83 7 70 20 84 12 68 16 32 51 25 26",
            "output": "78"
        },
        {
            "input": "84 45 70 69 3 72 16",
            "output": "69"
        },
        {
            "input": "51 75 59 6 88 83 93 48 8 82 44 31 22",
            "output": "87"
        },
        {
            "input": "89 44 15 8 96",
            "output": "88"
        },
        {
            "input": "16 23 79 48 4 96 14 76 85 81 67 57 7 88 86 56 85",
            "output": "92"
        },
        {
            "input": "25 19 79 63 60 56 85 18 94 86",
            "output": "76"
        },
        {
            "input": "19 66",
            "output": "47"
        },
        {
            "input": "21 38 81 25 49 95 50 3 53",
            "output": "74"
        },
        {
            "input": "28 73 64 31 62 91 87 15 89 67 8 72 39 73 40 82 90 19 56 79",
            "output": "82"
        },
        {
            "input": "8 98 83 89 95 95 55 11 53 88 85 58 87 4 58 19 90 22",
            "output": "90"
        },
        {
            "input": "33 96 20 15 65 21 69 13 32 59 46 11 44",
            "output": "63"
        },
        {
            "input": "97 61 56 66 5 78 89 21 54 22",
            "output": "84"
        },
        {
            "input": "85 75 65 5 95",
            "output": "90"
        },
        {
            "input": "75 21 85 37 32 43 78 19 30 4 22 47 29 60 2 85 61",
            "output": "83"
        },
        {
            "input": "14 64 76 48 22 83 8 96 50 29 76 11 91 67 42 3 37 14 77 77",
            "output": "88"
        },
        {
            "input": "99 7 57 77 77 87 86 52 74 68 20 96 45 56 77 86 89 36 6 75",
            "output": "89"
        },
        {
            "input": "39 73 57 92 21 12 80 32",
            "output": "68"
        },
        {
            "input": "45 95 12 89 15 3 7",
            "output": "77"
        },
        {
            "input": "27 70 59 19 80 39 32 69 71 16 68 48 58 35 46 32 43",
            "output": "61"
        },
        {
            "input": "71 21 100 27 82 54 29 48 17",
            "output": "79"
        },
        {
            "input": "64 99 50 99 88 79 55 36 25 24 32 79 26 24 98 84",
            "output": "74"
        },
        {
            "input": "64 19 92 40 42 74 19 87 100",
            "output": "81"
        },
        {
            "input": "75 27 52 41 92 44",
            "output": "65"
        },
        {
            "input": "49 5 22 21 88 36",
            "output": "83"
        },
        {
            "input": "74 9 23 26",
            "output": "17"
        },
        {
            "input": "86 96 53 18 56 72 8 58 17 4 70 3 73",
            "output": "70"
        },
        {
            "input": "98 83 67 87 6 15",
            "output": "20"
        },
        {
            "input": "59 3 31 81 31 70 89 25 45 61 23 5 96 74 36",
            "output": "93"
        },
        {
            "input": "92 31 23 24 91 83 12 95 24 29 56 26 99 98 65",
            "output": "87"
        },
        {
            "input": "5 57",
            "output": "52"
        },
        {
            "input": "39 91 65 19 72 50 16 23 96 84 74 34 60 95 76 83",
            "output": "80"
        },
        {
            "input": "36 61 12 100 45 86 23",
            "output": "88"
        },
        {
            "input": "16 97 76 14 89 51 40 79 17 69 71 65 36 27 50 5 8 79",
            "output": "81"
        },
        {
            "input": "96 92 58 67 28 40 60 31 98 40 89 21 53 75 71 98 94 24 93",
            "output": "77"
        },
        {
            "input": "3 4 30 61 94 26 42 100 48 23 27 10 34 5 81 13 95 100 59 9",
            "output": "97"
        },
        {
            "input": "30 83 59 28 22 65 61 32 92",
            "output": "70"
        },
        {
            "input": "91 32 24 91 18 15 85 48 93",
            "output": "78"
        },
        {
            "input": "79 74 34 70 7 16 50 11 42 56 14 40 89 19 23 30 32 52 46",
            "output": "82"
        },
        {
            "input": "35 1 51 77 69 99 43 10 62 87 8 8",
            "output": "98"
        },
        {
            "input": "2 18 87 25 75 8",
            "output": "85"
        },
        {
            "input": "89 16 65 58 71",
            "output": "55"
        },
        {
            "input": "93 44 8 88 1 59 86 34 73 19 26 20",
            "output": "85"
        },
        {
            "input": "52 69 67 61 90 11 71 71 55 70 78 73",
            "output": "67"
        },
        {
            "input": "45 38 28 17",
            "output": "0"
        },
        {
            "input": "28 89 84 7 63 38 15 7 18 5 12 46 74",
            "output": "69"
        },
        {
            "input": "81 43 45 42 79",
            "output": "37"
        },
        {
            "input": "99 86 78 38 34 81 88 15 60 38 69 6 90 28 25 64 81",
            "output": "84"
        },
        {
            "input": "10 60 87 50 69 52 13 25 85 13 24",
            "output": "77"
        },
        {
            "input": "39 72 53 22 76 45 14 25 50 63 70 64 86 37 54 69 31 53 34",
            "output": "72"
        },
        {
            "input": "9 48 21 15 10 14 98 73 85 5 88",
            "output": "89"
        },
        {
            "input": "45 8 67 69 39 3 97 50 79 70 98 71 3 37 30 92 6 90 50",
            "output": "95"
        },
        {
            "input": "62 98 4 37 74 64 89 52 36 35 29 24 17 39 76 65 44 90",
            "output": "86"
        },
        {
            "input": "69 77 51 55 78 84 7 7 75 22 71 29 49 29 96 95 47 8 16",
            "output": "89"
        },
        {
            "input": "26 72 29 27 21 63 56",
            "output": "46"
        },
        {
            "input": "12 65 97 90 43 40 48 48 90 76",
            "output": "85"
        },
        {
            "input": "38 65 21 1 30 13 69 18 96 4",
            "output": "95"
        },
        {
            "input": "88 23 8 17 55 60 48 28 97 92 50 5 58 94 63 40 100",
            "output": "95"
        },
        {
            "input": "19 86 87 10 74 39 38 53 84 81 69 89 50 19",
            "output": "79"
        },
        {
            "input": "95 67 1 95 62 69",
            "output": "94"
        },
        {
            "input": "38 98 92",
            "output": "60"
        },
        {
            "input": "95 55 92 15 21 89",
            "output": "74"
        },
        {
            "input": "49 37",
            "output": "0"
        },
        {
            "input": "42 3 4 65 1 43 51 4 4 42 53",
            "output": "62"
        },
        {
            "input": "24 65 40 99 30 78 58 15 98 97 51 23 58 90",
            "output": "83"
        },
        {
            "input": "48 76",
            "output": "28"
        },
        {
            "input": "28 21 35 89 92 25",
            "output": "71"
        },
        {
            "input": "45 42 30 21 82 49 54 93 9 83 72 97",
            "output": "88"
        },
        {
            "input": "56 26 99 79 78 28 56",
            "output": "73"
        },
        {
            "input": "26 18 67 6 20",
            "output": "49"
        },
        {
            "input": "4 39 39 56 81 83 70 82 14 50 60 47 90 73 5 11 67",
            "output": "86"
        },
        {
            "input": "99 31 43 20 28",
            "output": "12"
        },
        {
            "input": "11 96 43 48",
            "output": "85"
        },
        {
            "input": "57 29 18 25 61 10 40 70 49 95",
            "output": "85"
        },
        {
            "input": "30 44 84 90 93 22 16 60 66 90 95 46 42 74 37 28 91 5",
            "output": "79"
        },
        {
            "input": "54 63",
            "output": "9"
        },
        {
            "input": "46 99 75 85 99 45 65",
            "output": "53"
        },
        {
            "input": "37 56 50 23 35 42 90 1 16",
            "output": "67"
        },
        {
            "input": "79 35",
            "output": "0"
        },
        {
            "input": "28 3 69 95 76 58 13 57 79 80 63 31",
            "output": "92"
        },
        {
            "input": "22 34",
            "output": "12"
        },
        {
            "input": "28 39 77 46 33 34 1 70 62 50 44 38 33 88 78 45 88",
            "output": "87"
        },
        {
            "input": "2 90 10 69 49 38 42 21 65 14 49 11 100",
            "output": "98"
        },
        {
            "input": "88 85 79 51 21 57 44 98 80 18 18 32 6",
            "output": "77"
        },
        {
            "input": "28 45 19 26 63 33",
            "output": "44"
        },
        {
            "input": "58 10 85 85 94 13 60 43",
            "output": "84"
        },
        {
            "input": "80 7 91 60 95 21 8 30 66 79 22 23",
            "output": "88"
        },
        {
            "input": "70 21 93 89 95",
            "output": "74"
        },
        {
            "input": "51 68 41 84 91 45 34 94",
            "output": "60"
        },
        {
            "input": "66 79 44 57 86 58 90 80 91 14 5 100 45",
            "output": "95"
        },
        {
            "input": "91 22 48 66 46 46 97 63 41 91 24 81 35 46",
            "output": "75"
        },
        {
            "input": "5 41 43 76 81 74 37 54 18",
            "output": "76"
        },
        {
            "input": "34 76 58 9 7 6 37 42 92",
            "output": "86"
        },
        {
            "input": "68 23",
            "output": "0"
        },
        {
            "input": "48 1 20 30 78 2 11 27 51 60 38 51",
            "output": "77"
        },
        {
            "input": "4 74 47 36 7 14 89 69 77",
            "output": "85"
        },
        {
            "input": "33 85 21 42 75 90 67 46 75 95 76 56 28 51",
            "output": "74"
        },
        {
            "input": "29 20 64 43 60 47 25",
            "output": "44"
        },
        {
            "input": "38 23 21 78 85 11 36 7 36 49 92",
            "output": "85"
        },
        {
            "input": "9 84",
            "output": "75"
        },
        {
            "input": "35 90 16 50 98 6 8 3 95 41 36 32 1 40",
            "output": "92"
        },
        {
            "input": "17 28 75 98 48 62 34 85 52 93 1 54 6 88 41 13 13 1 26 51",
            "output": "87"
        },
        {
            "input": "14 53 49 37 67 97 2 62 99 71 15 50 7 61 53 40 46",
            "output": "97"
        },
        {
            "input": "58 54 72 59 55",
            "output": "18"
        },
        {
            "input": "64 93 50 72 27 74 4 99 16 50 100 31 60 29",
            "output": "96"
        },
        {
            "input": "100 15 30 96",
            "output": "81"
        },
        {
            "input": "49 94 57 23",
            "output": "45"
        },
        {
            "input": "37 64 13 10 44 17 90 64 32 22 90 93 95 69 74 31 52",
            "output": "85"
        },
        {
            "input": "91 76 38 46 11 52 2 25 6 97 92 54 56 45",
            "output": "95"
        },
        {
            "input": "46 20 69 48 71 12 11 7 89 7",
            "output": "82"
        },
        {
            "input": "15 70 38 11 39 99 76 91 94 75 41 97 44 6 40 64 13 70",
            "output": "88"
        },
        {
            "input": "97 15",
            "output": "0"
        },
        {
            "input": "63 73 96 81 62 2 49 73 33 67 90 78 51 17 50 27",
            "output": "88"
        },
        {
            "input": "2 11 72 39 78 20 27 78 34 79 75 10 62 66 35 74 27 22",
            "output": "77"
        },
        {
            "input": "20 43 45 78 40 93",
            "output": "73"
        },
        {
            "input": "56 23 24 37 30 29 29 33 54 46 93 46 82 43",
            "output": "70"
        },
        {
            "input": "67 57 77 47 65 27 40 17",
            "output": "20"
        },
        {
            "input": "8 45 3 80 39 14 38",
            "output": "77"
        },
        {
            "input": "59 84 75 36 99 93 86",
            "output": "63"
        },
        {
            "input": "82 23 1 79 49",
            "output": "78"
        },
        {
            "input": "18 64",
            "output": "46"
        },
        {
            "input": "45 55 5 92 34 44 36 66 40 2 22 92 23 88 43 29",
            "output": "90"
        },
        {
            "input": "54 15 28 70",
            "output": "55"
        },
        {
            "input": "45 52 28 89 68 15 42 62 24 70 73 21 13 6 40 85 87 46 52",
            "output": "81"
        },
        {
            "input": "7 3 67 78 57 80 18 41 2 27 41 83 63 2 96",
            "output": "94"
        },
        {
            "input": "78 95 71 85 75 98 70 33 79 18 83 99",
            "output": "81"
        },
        {
            "input": "7 5 50 92 90",
            "output": "87"
        },
        {
            "input": "12 70 70 100 76 10 62 85 33",
            "output": "88"
        },
        {
            "input": "43 83 84 37 81 21 76 57 46 61 41 38 62",
            "output": "55"
        },
        {
            "input": "18 43 20 2 2 5 62 93",
            "output": "91"
        },
        {
            "input": "90 51 99 31 93",
            "output": "62"
        },
        {
            "input": "77 84 47 52 20 20 86 74 56 93 19 97 18 100 49 22 38 17",
            "output": "82"
        },
        {
            "input": "78 76 68 52 88 1 90 14 65 99 92 38",
            "output": "98"
        },
        {
            "input": "14 49 10 61 26 14 50 3 45",
            "output": "51"
        },
        {
            "input": "98 88 16 2 4 16 95 46 31 28 85 92 69 5 11 64 83 41 81 4",
            "output": "93"
        },
        {
            "input": "7 81 87 34 94 5 40 77",
            "output": "87"
        },
        {
            "input": "58 100 65 80 32 20 67 40 89 81",
            "output": "69"
        },
        {
            "input": "63 74 26 79 52 16 89",
            "output": "73"
        },
        {
            "input": "32 11 6 97 90 54 37 57 94 14 19 60 88 76 29 4 15",
            "output": "91"
        },
        {
            "input": "55 89 77 33 82 26 87 100 58 9 47 26 70 44 39 89 1 13",
            "output": "80"
        },
        {
            "input": "21 57",
            "output": "36"
        },
        {
            "input": "39 79 50 51 71 95 76 63 32 4 84 36 48 35",
            "output": "80"
        },
        {
            "input": "52 73 3 79 57 2 43 85 36 44 82 70 16",
            "output": "83"
        },
        {
            "input": "67 94 81 40 68 5 40 96 75 72",
            "output": "91"
        },
        {
            "input": "12 26 72 43 69 71 70 76 93 15 15 79 98 23 81 45 2 88 62",
            "output": "86"
        },
        {
            "input": "99 87 4 8 37 24",
            "output": "33"
        },
        {
            "input": "41 31 29 44 34 31 54 78 76 71",
            "output": "49"
        },
        {
            "input": "79 68 53 23 10 28 9",
            "output": "18"
        },
        {
            "input": "100 77 1 73 18 87 17 49 31",
            "output": "86"
        },
        {
            "input": "35 95 64 19 91 98 20 25 63 70 13 85 98",
            "output": "85"
        },
        {
            "input": "5 79 7 59 16 38 50 37 35 75",
            "output": "74"
        },
        {
            "input": "76 68 73 24 88 26 69 32 90 91 55 29 61 31 7 4 33 99 49 25",
            "output": "95"
        },
        {
            "input": "39 70 98 42 14 26 100",
            "output": "86"
        },
        {
            "input": "52 5 29 51 50 75 18 74 20 54 60 24 50 67",
            "output": "70"
        },
        {
            "input": "19 23 2",
            "output": "4"
        },
        {
            "input": "2 50 2 94 51 99 91 80 29 80 29 32 48 87 26 63 10 9 51 4",
            "output": "97"
        },
        {
            "input": "23 84 61 5 36 28 18 89 87 2 71 27 38 17 33 16 100 35 56 31",
            "output": "98"
        },
        {
            "input": "54 90 91 100 17",
            "output": "46"
        },
        {
            "input": "86 100 69 81 2 16 92 90 65 59 7 81 40 66 4 63",
            "output": "90"
        },
        {
            "input": "63 88 12 69 16",
            "output": "57"
        },
        {
            "input": "37 91 67 89 83 27 29 83 98",
            "output": "71"
        },
        {
            "input": "24 55 76 15 60 76 57 82 68 84 57 49 88",
            "output": "73"
        },
        {
            "input": "73 76 3 84 71",
            "output": "81"
        },
        {
            "input": "8 90 15 47 82 72 74",
            "output": "82"
        },
        {
            "input": "48 56 88 71 54 20 9",
            "output": "40"
        },
        {
            "input": "77 15 74 50 61 6 42 32 44 88 6 52 78 93 20 34",
            "output": "87"
        },
        {
            "input": "25 45 2",
            "output": "20"
        },
        {
            "input": "7 24 22 63 39 64 97 72 20 100 47 67 46 71 97 54 76 45 41 76",
            "output": "93"
        },
        {
            "input": "27 47 6 4 28 12 79 25 26 42 23 2 82 54 44 81 71",
            "output": "80"
        },
        {
            "input": "95 13 86 87 25 86 43 78 55",
            "output": "74"
        },
        {
            "input": "24 40 3 95 61 68 4 39 3 78 79 96 16 70",
            "output": "93"
        },
        {
            "input": "63 100 49 99 81 4 63 72 15 8 73 23 83 74 77 75 24",
            "output": "79"
        },
        {
            "input": "68 16 54 68 58 86 71 85 82 82 55 77 40 17",
            "output": "70"
        },
        {
            "input": "65 87 32 21 70 33 90 81 87 90 43 46 76 78 93 85",
            "output": "72"
        },
        {
            "input": "70 24 79 7 47 95 77 29 64 54 41",
            "output": "88"
        },
        {
            "input": "57 80 66 29 35 42 24",
            "output": "23"
        },
        {
            "input": "40 22 2 98 86 93 12 64",
            "output": "96"
        },
        {
            "input": "1 55 64 22 99",
            "output": "98"
        },
        {
            "input": "68 24 57 99 32 19 56 92 49 66 94 58 6 94",
            "output": "88"
        },
        {
            "input": "5 68 62 22 26 74 39 51 33 15 81 11",
            "output": "76"
        },
        {
            "input": "62 72 27 90 54 58 7 3",
            "output": "63"
        },
        {
            "input": "15 33 82",
            "output": "67"
        },
        {
            "input": "85 80 2 70 80 52 100 30 2 87 1 54 93 32",
            "output": "98"
        },
        {
            "input": "22 56 97",
            "output": "75"
        },
        {
            "input": "11 30 61 16 66 6 9 2 31 14",
            "output": "55"
        },
        {
            "input": "81 50 40 73 80 28 80 66 55",
            "output": "52"
        },
        {
            "input": "80 46 46 93 29",
            "output": "47"
        },
        {
            "input": "88 33 63 100 20 33 92",
            "output": "72"
        },
        {
            "input": "77 87 48",
            "output": "10"
        },
        {
            "input": "19 93 70 12 43 99 24 47 31 20",
            "output": "87"
        },
        {
            "input": "12 61 11 94 5 100 35 9 30 97",
            "output": "95"
        },
        {
            "input": "5 47 45 67 45 24 79 90 18",
            "output": "85"
        },
        {
            "input": "7 45 12 67 54 22 83 73 69 100 76 39 10 12",
            "output": "93"
        },
        {
            "input": "94 45 44 37 50",
            "output": "13"
        },
        {
            "input": "17 79 99 13 56 82 78 12 37 49 59 99 41 83",
            "output": "87"
        },
        {
            "input": "2 12 18 93 93 25 2 35 89 90 61 25 31 95",
            "output": "93"
        }
    ]
}