{
    "id": "binary_to_decimal",
    "title": "Binary to Decimal",
    "description": "The binary number system uses only two digits, 0 and 1. A decimal number can be represented in binary and vice versa. In this problem, you are given a binary string `S` consisting of 0s and 1s. Your task is to convert this binary string into its equivalent decimal (base-10) integer representation.",
    "input_format": "A binary string S.",
    "output_format": "Output a single integer which is the decimal equivalent of the given binary string `S`.",
    "constraints": {
        "length of S": "1 <= length <= 30"
    },
    "judge_mode": "FIRST_FAIL",
    "time_limit": 1,
    "sample_test_cases": [
        {
            "input": "101",
            "output": "5"
        },
        {
            "input": "1111",
            "output": "15"
        }
    ],
    "hidden_test_cases": [
        {
            "input": "100000001111",
            "output": "2063"
        },
        {
            "input": "1111001001010",
            "output": "7754"
        },
        {
            "input": "1101110001",
            "output": "881"
        },
        {
            "input": "1111101010111",
            "output": "8023"
        },
        {
            "input": "111000110110",
            "output": "3638"
        },
        {
            "input": "1011110100011",
            "output": "6051"
        },
        {
            "input": "1100011110",
            "output": "798"
        },
        {
            "input": "10010001000",
            "output": "1160"
        },
        {
            "input": "100100111100",
            "output": "2364"
        },
        {
            "input": "1000011000110",
            "output": "4294"
        },
        {
            "input": "1011110110101",
            "output": "6069"
        },
        {
            "input": "101001111011",
            "output": "2683"
        },
        {
            "input": "1001100011001",
            "output": "4889"
        },
        {
            "input": "1010011101100",
            "output": "5356"
        },
        {
            "input": "10001010110001",
            "output": "8881"
        },
        {
            "input": "100000011101",
            "output": "2077"
        },
        {
            "input": "10001110111110",
            "output": "9150"
        },
        {
            "input": "10000111011010",
            "output": "8666"
        },
        {
            "input": "10000010100000",
            "output": "8352"
        },
        {
            "input": "1010000110100",
            "output": "5172"
        },
        {
            "input": "111110001110",
            "output": "3982"
        },
        {
            "input": "10000110001001",
            "output": "8585"
        },
        {
            "input": "110110000",
            "output": "432"
        },
        {
            "input": "100100010100",
            "output": "2324"
        },
        {
            "input": "10000100110001",
            "output": "8497"
        },
        {
            "input": "1110110",
            "output": "118"
        },
        {
            "input": "1110010010010",
            "output": "7314"
        },
        {
            "input": "100101111100",
            "output": "2428"
        },
        {
            "input": "100011101111",
            "output": "2287"
        },
        {
            "input": "1010100001000",
            "output": "5384"
        },
        {
            "input": "10001100011110",
            "output": "8990"
        },
        {
            "input": "1011001011",
            "output": "715"
        },
        {
            "input": "1010100110110",
            "output": "5430"
        },
        {
            "input": "1001000111100",
            "output": "4668"
        },
        {
            "input": "1000100010011",
            "output": "4371"
        },
        {
            "input": "1111000001000",
            "output": "7688"
        },
        {
            "input": "1010100000001",
            "output": "5377"
        },
        {
            "input": "1101101111010",
            "output": "7034"
        },
        {
            "input": "11001111110",
            "output": "1662"
        },
        {
            "input": "1110010010101",
            "output": "7317"
        },
        {
            "input": "110000110010",
            "output": "3122"
        },
        {
            "input": "110000101",
            "output": "389"
        },
        {
            "input": "100001000110",
            "output": "2118"
        },
        {
            "input": "10010011111011",
            "output": "9467"
        },
        {
            "input": "10001001100",
            "output": "1100"
        },
        {
            "input": "1000000010",
            "output": "514"
        },
        {
            "input": "11010001111",
            "output": "1679"
        },
        {
            "input": "1110111110101",
            "output": "7669"
        },
        {
            "input": "111001101110",
            "output": "3694"
        },
        {
            "input": "1111101001110",
            "output": "8014"
        },
        {
            "input": "111001110",
            "output": "462"
        },
        {
            "input": "1100001010111",
            "output": "6231"
        },
        {
            "input": "1010111110101",
            "output": "5621"
        },
        {
            "input": "10100011111",
            "output": "1311"
        },
        {
            "input": "1111101110100",
            "output": "8052"
        },
        {
            "input": "111001111",
            "output": "463"
        },
        {
            "input": "110110011",
            "output": "435"
        },
        {
            "input": "10111010011",
            "output": "1491"
        },
        {
            "input": "10110110010",
            "output": "1458"
        },
        {
            "input": "1111100100001",
            "output": "7969"
        },
        {
            "input": "111011001110",
            "output": "3790"
        },
        {
            "input": "1011011001111",
            "output": "5839"
        },
        {
            "input": "10010010111010",
            "output": "9402"
        },
        {
            "input": "10001100101101",
            "output": "9005"
        },
        {
            "input": "110000010011",
            "output": "3091"
        },
        {
            "input": "1001101100001",
            "output": "4961"
        },
        {
            "input": "1100111100101",
            "output": "6629"
        },
        {
            "input": "101111000010",
            "output": "3010"
        },
        {
            "input": "1000110110100",
            "output": "4532"
        },
        {
            "input": "10001101110100",
            "output": "9076"
        },
        {
            "input": "10000011100010",
            "output": "8418"
        },
        {
            "input": "1110111010",
            "output": "954"
        },
        {
            "input": "101011100100",
            "output": "2788"
        },
        {
            "input": "10101010011",
            "output": "1363"
        },
        {
            "input": "1111111001000",
            "output": "8136"
        },
        {
            "input": "111001110001",
            "output": "3697"
        },
        {
            "input": "110111100110",
            "output": "3558"
        },
        {
            "input": "10001011111000",
            "output": "8952"
        },
        {
            "input": "10011010101010",
            "output": "9898"
        },
        {
            "input": "10100001100",
            "output": "1292"
        },
        {
            "input": "1000000000010",
            "output": "4098"
        },
        {
            "input": "10100100010",
            "output": "1314"
        },
        {
            "input": "1110001100011",
            "output": "7267"
        },
        {
            "input": "1001101000011",
            "output": "4931"
        },
        {
            "input": "10011001010111",
            "output": "9815"
        },
        {
            "input": "1111000011111",
            "output": "7711"
        },
        {
            "input": "10011010011001",
            "output": "9881"
        },
        {
            "input": "1010100",
            "output": "84"
        },
        {
            "input": "10000011101",
            "output": "1053"
        },
        {
            "input": "1101000000110",
            "output": "6662"
        },
        {
            "input": "11000000101",
            "output": "1541"
        },
        {
            "input": "10011010011100",
            "output": "9884"
        },
        {
            "input": "1001000000001",
            "output": "4609"
        },
        {
            "input": "101001011101",
            "output": "2653"
        },
        {
            "input": "10101111111",
            "output": "1407"
        },
        {
            "input": "100001000111",
            "output": "2119"
        },
        {
            "input": "1111001011010",
            "output": "7770"
        },
        {
            "input": "1110010011",
            "output": "915"
        },
        {
            "input": "11101101011",
            "output": "1899"
        },
        {
            "input": "110001100100",
            "output": "3172"
        },
        {
            "input": "111110000001",
            "output": "3969"
        },
        {
            "input": "100000001001",
            "output": "2057"
        },
        {
            "input": "10000001010100",
            "output": "8276"
        },
        {
            "input": "111111101110",
            "output": "4078"
        },
        {
            "input": "10111010100",
            "output": "1492"
        },
        {
            "input": "1110000110010",
            "output": "7218"
        },
        {
            "input": "1111100010010",
            "output": "7954"
        },
        {
            "input": "10001001010100",
            "output": "8788"
        },
        {
            "input": "110001100000",
            "output": "3168"
        },
        {
            "input": "1110100101110",
            "output": "7470"
        },
        {
            "input": "1110000010110",
            "output": "7190"
        },
        {
            "input": "110111",
            "output": "55"
        },
        {
            "input": "10111001",
            "output": "185"
        },
        {
            "input": "100011011111",
            "output": "2271"
        },
        {
            "input": "1111100101010",
            "output": "7978"
        },
        {
            "input": "1000010011",
            "output": "531"
        },
        {
            "input": "10001001110111",
            "output": "8823"
        },
        {
            "input": "1001100110010",
            "output": "4914"
        },
        {
            "input": "100111100110",
            "output": "2534"
        },
        {
            "input": "101110011010",
            "output": "2970"
        },
        {
            "input": "101110101101",
            "output": "2989"
        },
        {
            "input": "1110011000110",
            "output": "7366"
        },
        {
            "input": "1000111010101",
            "output": "4565"
        },
        {
            "input": "1110010110010",
            "output": "7346"
        },
        {
            "input": "1101001111010",
            "output": "6778"
        },
        {
            "input": "1000110100110",
            "output": "4518"
        },
        {
            "input": "1110000000100",
            "output": "7172"
        },
        {
            "input": "1001111010000",
            "output": "5072"
        },
        {
            "input": "11101010010",
            "output": "1874"
        },
        {
            "input": "1001110010011",
            "output": "5011"
        },
        {
            "input": "1001101001100",
            "output": "4940"
        },
        {
            "input": "1110011101000",
            "output": "7400"
        },
        {
            "input": "10000100110010",
            "output": "8498"
        },
        {
            "input": "1101001000110",
            "output": "6726"
        },
        {
            "input": "10010000111100",
            "output": "9276"
        },
        {
            "input": "1111101000110",
            "output": "8006"
        },
        {
            "input": "1010011111001",
            "output": "5369"
        },
        {
            "input": "1110011001",
            "output": "921"
        },
        {
            "input": "11110101001",
            "output": "1961"
        },
        {
            "input": "10000010000111",
            "output": "8327"
        },
        {
            "input": "10011001100",
            "output": "1228"
        },
        {
            "input": "10010001",
            "output": "145"
        },
        {
            "input": "10100101001",
            "output": "1321"
        },
        {
            "input": "10011011110001",
            "output": "9969"
        },
        {
            "input": "1111011111001",
            "output": "7929"
        },
        {
            "input": "10010111110100",
            "output": "9716"
        },
        {
            "input": "1111010100110",
            "output": "7846"
        },
        {
            "input": "1000100010110",
            "output": "4374"
        },
        {
            "input": "10001111011100",
            "output": "9180"
        },
        {
            "input": "10001101000000",
            "output": "9024"
        },
        {
            "input": "10010010101010",
            "output": "9386"
        },
        {
            "input": "101100100",
            "output": "356"
        },
        {
            "input": "1010001100110",
            "output": "5222"
        },
        {
            "input": "10010101000010",
            "output": "9538"
        },
        {
            "input": "10000110011011",
            "output": "8603"
        },
        {
            "input": "100000000010",
            "output": "2050"
        },
        {
            "input": "100111100011",
            "output": "2531"
        },
        {
            "input": "10011000111100",
            "output": "9788"
        },
        {
            "input": "1000100011110",
            "output": "4382"
        },
        {
            "input": "11101001101",
            "output": "1869"
        },
        {
            "input": "1011111110101",
            "output": "6133"
        },
        {
            "input": "11100111111",
            "output": "1855"
        },
        {
            "input": "1000101110111",
            "output": "4471"
        },
        {
            "input": "1100001101100",
            "output": "6252"
        },
        {
            "input": "1000010110",
            "output": "534"
        },
        {
            "input": "1100001010101",
            "output": "6229"
        },
        {
            "input": "1101010111",
            "output": "855"
        },
        {
            "input": "10011010101101",
            "output": "9901"
        },
        {
            "input": "110110111110",
            "output": "3518"
        },
        {
            "input": "10010100010100",
            "output": "9492"
        },
        {
            "input": "11101010111",
            "output": "1879"
        },
        {
            "input": "1110111011111",
            "output": "7647"
        },
        {
            "input": "1111010010111",
            "output": "7831"
        },
        {
            "input": "1011110100000",
            "output": "6048"
        },
        {
            "input": "100000011100",
            "output": "2076"
        },
        {
            "input": "110100011",
            "output": "419"
        },
        {
            "input": "100101001010",
            "output": "2378"
        },
        {
            "input": "11001110",
            "output": "206"
        },
        {
            "input": "1011100110000",
            "output": "5936"
        },
        {
            "input": "11001101100",
            "output": "1644"
        },
        {
            "input": "100001100011",
            "output": "2147"
        },
        {
            "input": "1000011000010",
            "output": "4290"
        },
        {
            "input": "1100100011001",
            "output": "6425"
        },
        {
            "input": "1110100111111",
            "output": "7487"
        },
        {
            "input": "101101101100",
            "output": "2924"
        },
        {
            "input": "10101000000",
            "output": "1344"
        },
        {
            "input": "1111010011101",
            "output": "7837"
        },
        {
            "input": "10011001000",
            "output": "1224"
        },
        {
            "input": "10001001101011",
            "output": "8811"
        },
        {
            "input": "10011001101110",
            "output": "9838"
        },
        {
            "input": "1001111010",
            "output": "634"
        },
        {
            "input": "1001110101110",
            "output": "5038"
        },
        {
            "input": "110011010100",
            "output": "3284"
        },
        {
            "input": "10000101001101",
            "output": "8525"
        },
        {
            "input": "1011100110100",
            "output": "5940"
        },
        {
            "input": "1101101101010",
            "output": "7018"
        },
        {
            "input": "1100011011",
            "output": "795"
        },
        {
            "input": "1011110111110",
            "output": "6078"
        },
        {
            "input": "1001100101110",
            "output": "4910"
        },
        {
            "input": "100111011010",
            "output": "2522"
        },
        {
            "input": "10000110000010",
            "output": "8578"
        },
        {
            "input": "100110111",
            "output": "311"
        },
        {
            "input": "110010111111",
            "output": "3263"
        },
        {
            "input": "1101001110",
            "output": "846"
        },
        {
            "input": "110110010001",
            "output": "3473"
        },
        {
            "input": "11100010",
            "output": "226"
        },
        {
            "input": "1110110101000",
            "output": "7592"
        },
        {
            "input": "101100111101",
            "output": "2877"
        },
        {
            "input": "10001000011000",
            "output": "8728"
        },
        {
            "input": "100101011001",
            "output": "2393"
        },
        {
            "input": "1011111010101",
            "output": "6101"
        },
        {
            "input": "1110010101010",
            "output": "7338"
        },
        {
            "input": "1010100101001",
            "output": "5417"
        },
        {
            "input": "11101000111",
            "output": "1863"
        },
        {
            "input": "10000101100101",
            "output": "8549"
        },
        {
            "input": "1000111000101",
            "output": "4549"
        },
        {
            "input": "11110011111",
            "output": "1951"
        },
        {
            "input": "10001001110011",
            "output": "8819"
        },
        {
            "input": "100010000110",
            "output": "2182"
        },
        {
            "input": "110110110010",
            "output": "3506"
        },
        {
            "input": "1100111000011",
            "output": "6595"
        },
        {
            "input": "1001100001001",
            "output": "4873"
        },
        {
            "input": "111110010001",
            "output": "3985"
        },
        {
            "input": "1001110010111",
            "output": "5015"
        },
        {
            "input": "1101010000101",
            "output": "6789"
        },
        {
            "input": "1110010110101",
            "output": "7349"
        },
        {
            "input": "1001010010111",
            "output": "4759"
        },
        {
            "input": "100100111110",
            "output": "2366"
        },
        {
            "input": "1101010110000",
            "output": "6832"
        },
        {
            "input": "10010010010001",
            "output": "9361"
        },
        {
            "input": "100101110011",
            "output": "2419"
        },
        {
            "input": "1000010110000",
            "output": "4272"
        },
        {
            "input": "1101100101101",
            "output": "6957"
        },
        {
            "input": "11000110100",
            "output": "1588"
        },
        {
            "input": "1001100001011",
            "output": "4875"
        },
        {
            "input": "10010001010100",
            "output": "9300"
        },
        {
            "input": "10011010100101",
            "output": "9893"
        },
        {
            "input": "1100100110111",
            "output": "6455"
        },
        {
            "input": "10001110011",
            "output": "1139"
        },
        {
            "input": "1010010011000",
            "output": "5272"
        },
        {
            "input": "1001111101001",
            "output": "5097"
        },
        {
            "input": "10011000011010",
            "output": "9754"
        },
        {
            "input": "100111100111",
            "output": "2535"
        },
        {
            "input": "111100000",
            "output": "480"
        },
        {
            "input": "10010110010000",
            "output": "9616"
        },
        {
            "input": "110010110010",
            "output": "3250"
        },
        {
            "input": "100111101",
            "output": "317"
        },
        {
            "input": "10011000000101",
            "output": "9733"
        },
        {
            "input": "10011000110111",
            "output": "9783"
        },
        {
            "input": "1010111001100",
            "output": "5580"
        },
        {
            "input": "100000001100",
            "output": "2060"
        },
        {
            "input": "1011101001010",
            "output": "5962"
        },
        {
            "input": "1001011110",
            "output": "606"
        },
        {
            "input": "11001100110",
            "output": "1638"
        },
        {
            "input": "1100110110110",
            "output": "6582"
        },
        {
            "input": "110001011001",
            "output": "3161"
        },
        {
            "input": "11011110",
            "output": "222"
        },
        {
            "input": "101101100111",
            "output": "2919"
        },
        {
            "input": "10000001000000",
            "output": "8256"
        },
        {
            "input": "1111100100000",
            "output": "7968"
        },
        {
            "input": "111101010001",
            "output": "3921"
        },
        {
            "input": "1011000011000",
            "output": "5656"
        },
        {
            "input": "10000111011110",
            "output": "8670"
        },
        {
            "input": "100110100101",
            "output": "2469"
        },
        {
            "input": "1110010101100",
            "output": "7340"
        },
        {
            "input": "10000100001100",
            "output": "8460"
        },
        {
            "input": "10110111110",
            "output": "1470"
        },
        {
            "input": "11011000101",
            "output": "1733"
        },
        {
            "input": "1011001001110",
            "output": "5710"
        },
        {
            "input": "1001010101100",
            "output": "4780"
        },
        {
            "input": "1100100001010",
            "output": "6410"
        },
        {
            "input": "1010001110100",
            "output": "5236"
        },
        {
            "input": "111100001110",
            "output": "3854"
        },
        {
            "input": "10000101100001",
            "output": "8545"
        },
        {
            "input": "10010011001001",
            "output": "9417"
        },
        {
            "input": "1100101000110",
            "output": "6470"
        },
        {
            "input": "1111101110111",
            "output": "8055"
        },
        {
            "input": "1000100100010",
            "output": "4386"
        },
        {
            "input": "1001010101011",
            "output": "4779"
        },
        {
            "input": "1110111011011",
            "output": "7643"
        },
        {
            "input": "1001110111101",
            "output": "5053"
        },
        {
            "input": "110010101000",
            "output": "3240"
        },
        {
            "input": "1101010010011",
            "output": "6803"
        },
        {
            "input": "10000000001100",
            "output": "8204"
        },
        {
            "input": "10100100100",
            "output": "1316"
        },
        {
            "input": "101000010110",
            "output": "2582"
        },
        {
            "input": "100010000",
            "output": "272"
        },
        {
            "input": "10011001110101",
            "output": "9845"
        },
        {
            "input": "1101001110000",
            "output": "6768"
        },
        {
            "input": "111001111001",
            "output": "3705"
        },
        {
            "input": "1000010000001",
            "output": "4225"
        },
        {
            "input": "1111000110111",
            "output": "7735"
        },
        {
            "input": "11110010101",
            "output": "1941"
        },
        {
            "input": "100101101101",
            "output": "2413"
        },
        {
            "input": "1100111110101",
            "output": "6645"
        },
        {
            "input": "1001110110001",
            "output": "5041"
        },
        {
            "input": "1111100111101",
            "output": "7997"
        },
        {
            "input": "1010100111000",
            "output": "5432"
        },
        {
            "input": "1111101110010",
            "output": "8050"
        },
        {
            "input": "10011010100010",
            "output": "9890"
        },
        {
            "input": "1000100000000",
            "output": "4352"
        },
        {
            "input": "10010111110",
            "output": "1214"
        },
        {
            "input": "100101010",
            "output": "298"
        },
        {
            "input": "1001111100010",
            "output": "5090"
        },
        {
            "input": "1011001001010",
            "output": "5706"
        },
        {
            "input": "10000111000010",
            "output": "8642"
        },
        {
            "input": "1101100010101",
            "output": "6933"
        },
        {
            "input": "101010111111",
            "output": "2751"
        },
        {
            "input": "111010110110",
            "output": "3766"
        },
        {
            "input": "1011100000010",
            "output": "5890"
        },
        {
            "input": "1010100011101",
            "output": "5405"
        },
        {
            "input": "1011100111010",
            "output": "5946"
        },
        {
            "input": "110111001",
            "output": "441"
        },
        {
            "input": "1000110110000",
            "output": "4528"
        },
        {
            "input": "101011000110",
            "output": "2758"
        },
        {
            "input": "10011010011101",
            "output": "9885"
        },
        {
            "input": "1010001001000",
            "output": "5192"
        },
        {
            "input": "100110110001",
            "output": "2481"
        },
        {
            "input": "1001100100011",
            "output": "4899"
        },
        {
            "input": "110100110001",
            "output": "3377"
        },
        {
            "input": "1011101101011",
            "output": "5995"
        },
        {
            "input": "1001100010101",
            "output": "4885"
        },
        {
            "input": "111111000100",
            "output": "4036"
        },
        {
            "input": "10011001010110",
            "output": "9814"
        },
        {
            "input": "1111111100000",
            "output": "8160"
        },
        {
            "input": "10011100000000",
            "output": "9984"
        },
        {
            "input": "101110111100",
            "output": "3004"
        },
        {
            "input": "1100110101100",
            "output": "6572"
        },
        {
            "input": "1110100101000",
            "output": "7464"
        },
        {
            "input": "1100110001101",
            "output": "6541"
        },
        {
            "input": "1011101111111",
            "output": "6015"
        },
        {
            "input": "1100010001001",
            "output": "6281"
        },
        {
            "input": "1110100",
            "output": "116"
        },
        {
            "input": "1100011",
            "output": "99"
        },
        {
            "input": "1101101111011",
            "output": "7035"
        },
        {
            "input": "1001110011000",
            "output": "5016"
        },
        {
            "input": "1111001111101",
            "output": "7805"
        },
        {
            "input": "10010110001",
            "output": "1201"
        },
        {
            "input": "1000101010101",
            "output": "4437"
        },
        {
            "input": "11010101001",
            "output": "1705"
        },
        {
            "input": "1110110001000",
            "output": "7560"
        },
        {
            "input": "1010100101101",
            "output": "5421"
        },
        {
            "input": "111100000001",
            "output": "3841"
        },
        {
            "input": "1010111010001",
            "output": "5585"
        },
        {
            "input": "10101011111",
            "output": "1375"
        },
        {
            "input": "10000011110",
            "output": "1054"
        },
        {
            "input": "10011101110",
            "output": "1262"
        },
        {
            "input": "10010100110011",
            "output": "9523"
        },
        {
            "input": "1010010001111",
            "output": "5263"
        },
        {
            "input": "10101100",
            "output": "172"
        },
        {
            "input": "10000001110101",
            "output": "8309"
        },
        {
            "input": "101101010011",
            "output": "2899"
        },
        {
            "input": "110110010110",
            "output": "3478"
        },
        {
            "input": "1111100101101",
            "output": "7981"
        },
        {
            "input": "1101010101000",
            "output": "6824"
        },
        {
            "input": "1001110010010",
            "output": "5010"
        },
        {
            "input": "1000100101000",
            "output": "4392"
        },
        {
            "input": "10011000000100",
            "output": "9732"
        },
        {
            "input": "10001001101",
            "output": "1101"
        },
        {
            "input": "1100000010",
            "output": "770"
        },
        {
            "input": "1000001100101",
            "output": "4197"
        },
        {
            "input": "10010011100110",
            "output": "9446"
        },
        {
            "input": "10011001001000",
            "output": "9800"
        },
        {
            "input": "111110001111",
            "output": "3983"
        },
        {
            "input": "1001000110",
            "output": "582"
        },
        {
            "input": "1100000010010",
            "output": "6162"
        },
        {
            "input": "11100011010",
            "output": "1818"
        },
        {
            "input": "110000000101",
            "output": "3077"
        },
        {
            "input": "10001011100101",
            "output": "8933"
        },
        {
            "input": "1100110100011",
            "output": "6563"
        },
        {
            "input": "1010110010110",
            "output": "5526"
        },
        {
            "input": "10010110000110",
            "output": "9606"
        },
        {
            "input": "111110000110",
            "output": "3974"
        },
        {
            "input": "111101000110",
            "output": "3910"
        },
        {
            "input": "1011011000110",
            "output": "5830"
        },
        {
            "input": "110010111110",
            "output": "3262"
        },
        {
            "input": "1000111110100",
            "output": "4596"
        },
        {
            "input": "1100010111011",
            "output": "6331"
        },
        {
            "input": "10001100100001",
            "output": "8993"
        },
        {
            "input": "10101100011",
            "output": "1379"
        },
        {
            "input": "1001011110001",
            "output": "4849"
        },
        {
            "input": "1101101000000",
            "output": "6976"
        },
        {
            "input": "1010010101001",
            "output": "5289"
        },
        {
            "input": "1010001100001",
            "output": "5217"
        },
        {
            "input": "1011111110100",
            "output": "6132"
        },
        {
            "input": "101000111",
            "output": "327"
        },
        {
            "input": "110101001000",
            "output": "3400"
        },
        {
            "input": "1100010101111",
            "output": "6319"
        },
        {
            "input": "101000000111",
            "output": "2567"
        },
        {
            "input": "100000110010",
            "output": "2098"
        },
        {
            "input": "1101000100010",
            "output": "6690"
        },
        {
            "input": "1101111101110",
            "output": "7150"
        },
        {
            "input": "111010111010",
            "output": "3770"
        },
        {
            "input": "111110000010",
            "output": "3970"
        },
        {
            "input": "101101111110",
            "output": "2942"
        },
        {
            "input": "10000111101101",
            "output": "8685"
        },
        {
            "input": "10010010",
            "output": "146"
        },
        {
            "input": "1101101111",
            "output": "879"
        },
        {
            "input": "1100101100",
            "output": "812"
        },
        {
            "input": "110111011000",
            "output": "3544"
        },
        {
            "input": "10101101100",
            "output": "1388"
        },
        {
            "input": "1100100001",
            "output": "801"
        },
        {
            "input": "10000000100110",
            "output": "8230"
        },
        {
            "input": "11000001001",
            "output": "1545"
        },
        {
            "input": "1000001011001",
            "output": "4185"
        },
        {
            "input": "110000000100",
            "output": "3076"
        },
        {
            "input": "10000100011111",
            "output": "8479"
        },
        {
            "input": "1011111101000",
            "output": "6120"
        },
        {
            "input": "1000000100010",
            "output": "4130"
        },
        {
            "input": "1100111011111",
            "output": "6623"
        },
        {
            "input": "1000101101111",
            "output": "4463"
        },
        {
            "input": "1101001100111",
            "output": "6759"
        },
        {
            "input": "101011011",
            "output": "347"
        },
        {
            "input": "100110011001",
            "output": "2457"
        },
        {
            "input": "1010010010011",
            "output": "5267"
        },
        {
            "input": "10001100010111",
            "output": "8983"
        },
        {
            "input": "101100100110",
            "output": "2854"
        },
        {
            "input": "111011100001",
            "output": "3809"
        },
        {
            "input": "1101111111",
            "output": "895"
        },
        {
            "input": "1010011111011",
            "output": "5371"
        },
        {
            "input": "11001011110",
            "output": "1630"
        },
        {
            "input": "10000100110111",
            "output": "8503"
        },
        {
            "input": "1101000011000",
            "output": "6680"
        },
        {
            "input": "1110100110010",
            "output": "7474"
        },
        {
            "input": "101101010001",
            "output": "2897"
        },
        {
            "input": "1001011010011",
            "output": "4819"
        },
        {
            "input": "1110001011101",
            "output": "7261"
        },
        {
            "input": "1001000110001",
            "output": "4657"
        },
        {
            "input": "11010111000",
            "output": "1720"
        },
        {
            "input": "1001111100111",
            "output": "5095"
        },
        {
            "input": "111101110110",
            "output": "3958"
        },
        {
            "input": "1000010001001",
            "output": "4233"
        },
        {
            "input": "1101100110001",
            "output": "6961"
        },
        {
            "input": "1001010001100",
            "output": "4748"
        },
        {
            "input": "1011001011110",
            "output": "5726"
        },
        {
            "input": "1101001001011",
            "output": "6731"
        },
        {
            "input": "110101100110",
            "output": "3430"
        },
        {
            "input": "10001101111110",
            "output": "9086"
        },
        {
            "input": "101010010111",
            "output": "2711"
        },
        {
            "input": "1100011000101",
            "output": "6341"
        },
        {
            "input": "1111001101011",
            "output": "7787"
        },
        {
            "input": "111010101001",
            "output": "3753"
        },
        {
            "input": "10000100001010",
            "output": "8458"
        },
        {
            "input": "10010110111011",
            "output": "9659"
        },
        {
            "input": "100111110010",
            "output": "2546"
        },
        {
            "input": "10011011100010",
            "output": "9954"
        },
        {
            "input": "110010110",
            "output": "406"
        },
        {
            "input": "111010001011",
            "output": "3723"
        },
        {
            "input": "10010011101010",
            "output": "9450"
        },
        {
            "input": "10000001001100",
            "output": "8268"
        },
        {
            "input": "1000100011011",
            "output": "4379"
        },
        {
            "input": "1010011001011",
            "output": "5323"
        },
        {
            "input": "1010011001001",
            "output": "5321"
        },
        {
            "input": "1101000011100",
            "output": "6684"
        },
        {
            "input": "10001001001101",
            "output": "8781"
        },
        {
            "input": "100101000010",
            "output": "2370"
        },
        {
            "input": "111100111110",
            "output": "3902"
        },
        {
            "input": "1100000000",
            "output": "768"
        },
        {
            "input": "11001010000",
            "output": "1616"
        },
        {
            "input": "1110111101010",
            "output": "7658"
        },
        {
            "input": "1011110011101",
            "output": "6045"
        },
        {
            "input": "10001001000",
            "output": "1096"
        },
        {
            "input": "110111100101",
            "output": "3557"
        },
        {
            "input": "1101110100010",
            "output": "7074"
        },
        {
            "input": "10010001001110",
            "output": "9294"
        },
        {
            "input": "10010001110000",
            "output": "9328"
        },
        {
            "input": "1110110011100",
            "output": "7580"
        },
        {
            "input": "101011111000",
            "output": "2808"
        },
        {
            "input": "10000101010011",
            "output": "8531"
        },
        {
            "input": "111001110100",
            "output": "3700"
        },
        {
            "input": "101110011011",
            "output": "2971"
        },
        {
            "input": "1101110001110",
            "output": "7054"
        },
        {
            "input": "1101010101111",
            "output": "6831"
        },
        {
            "input": "10001100001000",
            "output": "8968"
        },
        {
            "input": "11001000111",
            "output": "1607"
        },
        {
            "input": "11001000001",
            "output": "1601"
        },
        {
            "input": "1000000101010",
            "output": "4138"
        },
        {
            "input": "10000001101110",
            "output": "8302"
        },
        {
            "input": "1101100010111",
            "output": "6935"
        },
        {
            "input": "1111000110110",
            "output": "7734"
        },
        {
            "input": "111100101011",
            "output": "3883"
        },
        {
            "input": "101111110001",
            "output": "3057"
        },
        {
            "input": "10010110011100",
            "output": "9628"
        },
        {
            "input": "10011001101010",
            "output": "9834"
        },
        {
            "input": "111011011000",
            "output": "3800"
        },
        {
            "input": "1001100101100",
            "output": "4908"
        },
        {
            "input": "1111010010001",
            "output": "7825"
        },
        {
            "input": "111100110",
            "output": "486"
        },
        {
            "input": "1000010011110",
            "output": "4254"
        },
        {
            "input": "1100110001010",
            "output": "6538"
        },
        {
            "input": "1110001010",
            "output": "906"
        },
        {
            "input": "100110010",
            "output": "306"
        },
        {
            "input": "1010111100110",
            "output": "5606"
        },
        {
            "input": "1110101101011",
            "output": "7531"
        },
        {
            "input": "1101010111101",
            "output": "6845"
        },
        {
            "input": "1101110010001",
            "output": "7057"
        },
        {
            "input": "11111101001",
            "output": "2025"
        },
        {
            "input": "10001011010010",
            "output": "8914"
        },
        {
            "input": "110101011000",
            "output": "3416"
        },
        {
            "input": "1010101110000",
            "output": "5488"
        }
    ]
}