{
    "id": "coin_change",
    "title": "Coin Change",
    "description": "The Coin Change problem is a classic algorithmic challenge. You are provided with an integer array `coins` representing coins of different denominations and an integer `amount` representing a total amount of money. Your goal is to determine the fewest number of coins that you need to make up that exact amount. If that amount of money cannot be made up by any combination of the coins, you should return -1. You may assume that you have an infinite number of each kind of coin.",
    "input_format": "First line: coins array. Second line: amount.",
    "output_format": "Output a single integer representing the minimum number of coins required to make up the amount, or -1 if it is not possible.",
    "constraints": {
        "coins.length": "1 <= coins.length <= 12",
        "amount": "0 <= amount <= 10^4"
    },
    "judge_mode": "FIRST_FAIL",
    "time_limit": 1,
    "sample_test_cases": [
        {
            "input": "1 2 5\n11",
            "output": "3"
        },
        {
            "input": "2\n3",
            "output": "-1"
        }
    ],
    "hidden_test_cases": [
        {
            "input": "10 15\n46",
            "output": "-1"
        },
        {
            "input": "1 5 7 12\n11",
            "output": "3"
        },
        {
            "input": "2\n47",
            "output": "-1"
        },
        {
            "input": "1 5 8 20\n30",
            "output": "3"
        },
        {
            "input": "11\n76",
            "output": "-1"
        },
        {
            "input": "19\n76",
            "output": "4"
        },
        {
            "input": "7 12 14 19\n78",
            "output": "5"
        },
        {
            "input": "7\n43",
            "output": "-1"
        },
        {
            "input": "10 12 17\n46",
            "output": "3"
        },
        {
            "input": "5 8 12\n87",
            "output": "9"
        },
        {
            "input": "1 10 19\n62",
            "output": "8"
        },
        {
            "input": "4\n20",
            "output": "5"
        },
        {
            "input": "6\n34",
            "output": "-1"
        },
        {
            "input": "11 12 14\n52",
            "output": "4"
        },
        {
            "input": "10 13\n85",
            "output": "7"
        },
        {
            "input": "1 2 18 19\n20",
            "output": "2"
        },
        {
            "input": "14\n64",
            "output": "-1"
        },
        {
            "input": "1 2 8 9 11\n58",
            "output": "6"
        },
        {
            "input": "2 7 20\n16",
            "output": "3"
        },
        {
            "input": "1 8 16\n38",
            "output": "8"
        },
        {
            "input": "7 19\n32",
            "output": "-1"
        },
        {
            "input": "14 17\n6",
            "output": "-1"
        },
        {
            "input": "4 10 15\n73",
            "output": "7"
        },
        {
            "input": "2 10\n76",
            "output": "10"
        },
        {
            "input": "2\n1",
            "output": "-1"
        },
        {
            "input": "9 14 17 19\n10",
            "output": "-1"
        },
        {
            "input": "11 16 17\n10",
            "output": "-1"
        },
        {
            "input": "19\n62",
            "output": "-1"
        },
        {
            "input": "2 8 11 15\n19",
            "output": "2"
        },
        {
            "input": "2 9 15 17 20\n26",
            "output": "2"
        },
        {
            "input": "10\n82",
            "output": "-1"
        },
        {
            "input": "3 5 13\n79",
            "output": "9"
        },
        {
            "input": "1 4 9 11 13\n76",
            "output": "6"
        },
        {
            "input": "18\n18",
            "output": "1"
        },
        {
            "input": "11 18\n13",
            "output": "-1"
        },
        {
            "input": "17\n84",
            "output": "-1"
        },
        {
            "input": "4 20\n38",
            "output": "-1"
        },
        {
            "input": "12 17 18\n21",
            "output": "-1"
        },
        {
            "input": "4 7\n16",
            "output": "4"
        },
        {
            "input": "2 4 5 11\n74",
            "output": "8"
        },
        {
            "input": "3\n82",
            "output": "-1"
        },
        {
            "input": "2 7\n49",
            "output": "7"
        },
        {
            "input": "3\n44",
            "output": "-1"
        },
        {
            "input": "1 4 7 15\n34",
            "output": "3"
        },
        {
            "input": "4 6 15\n27",
            "output": "3"
        },
        {
            "input": "16 19\n47",
            "output": "-1"
        },
        {
            "input": "5\n20",
            "output": "4"
        },
        {
            "input": "5 7 15\n94",
            "output": "8"
        },
        {
            "input": "3 9 10 19\n6",
            "output": "2"
        },
        {
            "input": "7\n94",
            "output": "-1"
        },
        {
            "input": "4 17\n64",
            "output": "16"
        },
        {
            "input": "5 9 19\n28",
            "output": "2"
        },
        {
            "input": "4 6 14\n68",
            "output": "6"
        },
        {
            "input": "6\n52",
            "output": "-1"
        },
        {
            "input": "4 20\n59",
            "output": "-1"
        },
        {
            "input": "11 16\n10",
            "output": "-1"
        },
        {
            "input": "2 6 14 15 20\n87",
            "output": "6"
        },
        {
            "input": "3 8 10 12 16\n46",
            "output": "4"
        },
        {
            "input": "3\n81",
            "output": "27"
        },
        {
            "input": "3 19\n99",
            "output": "17"
        },
        {
            "input": "2 9\n29",
            "output": "4"
        },
        {
            "input": "2 5 15\n16",
            "output": "5"
        },
        {
            "input": "2 3 8\n14",
            "output": "3"
        },
        {
            "input": "5 7 18\n48",
            "output": "4"
        },
        {
            "input": "3 11 17\n85",
            "output": "5"
        },
        {
            "input": "5 10 13\n77",
            "output": "7"
        },
        {
            "input": "1\n6",
            "output": "6"
        },
        {
            "input": "4 7 10 18\n41",
            "output": "5"
        },
        {
            "input": "20\n66",
            "output": "-1"
        },
        {
            "input": "10 17\n80",
            "output": "8"
        },
        {
            "input": "3 12 14 17\n92",
            "output": "6"
        },
        {
            "input": "3 8 14\n74",
            "output": "7"
        },
        {
            "input": "5 10 18\n89",
            "output": "7"
        },
        {
            "input": "6 11\n65",
            "output": "10"
        },
        {
            "input": "9 14 15 17\n60",
            "output": "4"
        },
        {
            "input": "6 18\n77",
            "output": "-1"
        },
        {
            "input": "8 13\n96",
            "output": "12"
        },
        {
            "input": "19\n8",
            "output": "-1"
        },
        {
            "input": "4\n66",
            "output": "-1"
        },
        {
            "input": "1 7 14 19\n25",
            "output": "6"
        },
        {
            "input": "3 7 10\n100",
            "output": "10"
        },
        {
            "input": "1 14 15 16 20\n5",
            "output": "5"
        },
        {
            "input": "4 10 14\n15",
            "output": "-1"
        },
        {
            "input": "3 10 12 13\n26",
            "output": "2"
        },
        {
            "input": "2 12 15 16 17\n22",
            "output": "4"
        },
        {
            "input": "4 15 17\n62",
            "output": "4"
        },
        {
            "input": "2 9 11 16 20\n17",
            "output": "4"
        },
        {
            "input": "12\n51",
            "output": "-1"
        },
        {
            "input": "13 17\n38",
            "output": "-1"
        },
        {
            "input": "8 11 16\n9",
            "output": "-1"
        },
        {
            "input": "7 8 9 14 19\n100",
            "output": "7"
        },
        {
            "input": "17\n94",
            "output": "-1"
        },
        {
            "input": "1 2 5\n22",
            "output": "5"
        },
        {
            "input": "1 17\n36",
            "output": "4"
        },
        {
            "input": "19\n55",
            "output": "-1"
        },
        {
            "input": "20\n51",
            "output": "-1"
        },
        {
            "input": "2 9 16\n82",
            "output": "6"
        },
        {
            "input": "8 13 15 17\n31",
            "output": "3"
        },
        {
            "input": "9 10 17 18\n56",
            "output": "4"
        },
        {
            "input": "4 5 10\n94",
            "output": "10"
        },
        {
            "input": "4 5 14 17\n86",
            "output": "6"
        },
        {
            "input": "5 20\n45",
            "output": "3"
        },
        {
            "input": "1\n94",
            "output": "94"
        },
        {
            "input": "12\n80",
            "output": "-1"
        },
        {
            "input": "14 18\n68",
            "output": "4"
        },
        {
            "input": "15 19\n38",
            "output": "2"
        },
        {
            "input": "15 16 18\n12",
            "output": "-1"
        },
        {
            "input": "3 4 12 16\n49",
            "output": "6"
        },
        {
            "input": "13\n33",
            "output": "-1"
        },
        {
            "input": "4 7 18\n60",
            "output": "7"
        },
        {
            "input": "2 6 13\n3",
            "output": "-1"
        },
        {
            "input": "9\n61",
            "output": "-1"
        },
        {
            "input": "7 10 18\n50",
            "output": "4"
        },
        {
            "input": "7 12\n16",
            "output": "-1"
        },
        {
            "input": "11 16 18\n34",
            "output": "2"
        },
        {
            "input": "2 6 11 18 20\n26",
            "output": "2"
        },
        {
            "input": "11 16\n56",
            "output": "-1"
        },
        {
            "input": "7\n35",
            "output": "5"
        },
        {
            "input": "2\n73",
            "output": "-1"
        },
        {
            "input": "5 14 19 20\n93",
            "output": "5"
        },
        {
            "input": "7 9 15\n7",
            "output": "1"
        },
        {
            "input": "6 12 18 20\n10",
            "output": "-1"
        },
        {
            "input": "11\n57",
            "output": "-1"
        },
        {
            "input": "12 19\n25",
            "output": "-1"
        },
        {
            "input": "7 10 17 19\n65",
            "output": "4"
        },
        {
            "input": "2\n77",
            "output": "-1"
        },
        {
            "input": "2\n54",
            "output": "27"
        },
        {
            "input": "9\n76",
            "output": "-1"
        },
        {
            "input": "3 9 10 20\n27",
            "output": "3"
        },
        {
            "input": "4 15\n60",
            "output": "4"
        },
        {
            "input": "3 4\n71",
            "output": "18"
        },
        {
            "input": "4 9\n43",
            "output": "7"
        },
        {
            "input": "9 11 15 20\n10",
            "output": "-1"
        },
        {
            "input": "19\n18",
            "output": "-1"
        },
        {
            "input": "7 18\n88",
            "output": "11"
        },
        {
            "input": "6 19 20\n81",
            "output": "7"
        },
        {
            "input": "1 4 5 13 18\n64",
            "output": "5"
        },
        {
            "input": "2 5 9\n32",
            "output": "4"
        },
        {
            "input": "6 9 16\n42",
            "output": "5"
        },
        {
            "input": "13 15 18\n52",
            "output": "4"
        },
        {
            "input": "8 14\n57",
            "output": "-1"
        },
        {
            "input": "2 19\n85",
            "output": "17"
        },
        {
            "input": "6 7 12\n54",
            "output": "5"
        },
        {
            "input": "1 6\n81",
            "output": "16"
        },
        {
            "input": "3 5 13 14 15\n85",
            "output": "6"
        },
        {
            "input": "2\n91",
            "output": "-1"
        },
        {
            "input": "3 10 15 20\n55",
            "output": "3"
        },
        {
            "input": "11\n4",
            "output": "-1"
        },
        {
            "input": "12\n48",
            "output": "4"
        },
        {
            "input": "1 4 12 15\n40",
            "output": "4"
        },
        {
            "input": "2 4 17\n62",
            "output": "9"
        },
        {
            "input": "6 12 14\n53",
            "output": "-1"
        },
        {
            "input": "7 15 20\n12",
            "output": "-1"
        },
        {
            "input": "2 11 12 17\n88",
            "output": "7"
        },
        {
            "input": "3 6 15 17\n61",
            "output": "5"
        },
        {
            "input": "2 5\n55",
            "output": "11"
        },
        {
            "input": "2 9 14\n80",
            "output": "8"
        },
        {
            "input": "6 10 13 16 17\n84",
            "output": "5"
        },
        {
            "input": "2 7 15 20\n34",
            "output": "3"
        },
        {
            "input": "20\n37",
            "output": "-1"
        },
        {
            "input": "2 13\n58",
            "output": "7"
        },
        {
            "input": "12 14 18\n75",
            "output": "-1"
        },
        {
            "input": "2 3 11 12\n39",
            "output": "4"
        },
        {
            "input": "1 13 14 17\n72",
            "output": "5"
        },
        {
            "input": "1 3 7 12 17\n41",
            "output": "3"
        },
        {
            "input": "10 16\n34",
            "output": "-1"
        },
        {
            "input": "5 6 9\n15",
            "output": "2"
        },
        {
            "input": "11\n82",
            "output": "-1"
        },
        {
            "input": "7\n91",
            "output": "13"
        },
        {
            "input": "9 20\n5",
            "output": "-1"
        },
        {
            "input": "2 16\n23",
            "output": "-1"
        },
        {
            "input": "1\n56",
            "output": "56"
        },
        {
            "input": "1 20\n70",
            "output": "13"
        },
        {
            "input": "20\n15",
            "output": "-1"
        },
        {
            "input": "3 5 17 19\n63",
            "output": "5"
        },
        {
            "input": "6 14\n89",
            "output": "-1"
        },
        {
            "input": "3 7 8 16 19\n93",
            "output": "6"
        },
        {
            "input": "3 14\n11",
            "output": "-1"
        },
        {
            "input": "3\n68",
            "output": "-1"
        },
        {
            "input": "4 17\n60",
            "output": "15"
        },
        {
            "input": "5 6 19\n49",
            "output": "4"
        },
        {
            "input": "3 6 15\n81",
            "output": "6"
        },
        {
            "input": "8 13\n50",
            "output": "5"
        },
        {
            "input": "3 4 5\n71",
            "output": "15"
        },
        {
            "input": "1 2 7 8 14\n82",
            "output": "8"
        },
        {
            "input": "1 2 11 20\n66",
            "output": "6"
        },
        {
            "input": "2 8 9\n72",
            "output": "8"
        },
        {
            "input": "8 9\n45",
            "output": "5"
        },
        {
            "input": "6 7 8\n58",
            "output": "8"
        },
        {
            "input": "2 4 15 18\n28",
            "output": "4"
        },
        {
            "input": "1 2 14 19 20\n80",
            "output": "4"
        },
        {
            "input": "4 9 12 17\n82",
            "output": "6"
        },
        {
            "input": "13 14\n41",
            "output": "3"
        },
        {
            "input": "11 15 17\n18",
            "output": "-1"
        },
        {
            "input": "1 12 14\n41",
            "output": "4"
        },
        {
            "input": "9\n86",
            "output": "-1"
        },
        {
            "input": "3 16\n2",
            "output": "-1"
        },
        {
            "input": "6 15 18\n51",
            "output": "3"
        },
        {
            "input": "6 11 16\n74",
            "output": "9"
        },
        {
            "input": "3 8 13 14 19\n92",
            "output": "6"
        },
        {
            "input": "8 18\n14",
            "output": "-1"
        },
        {
            "input": "1 4 5 6\n63",
            "output": "11"
        },
        {
            "input": "6 14\n95",
            "output": "-1"
        },
        {
            "input": "18\n56",
            "output": "-1"
        },
        {
            "input": "2 8 13 18\n84",
            "output": "7"
        },
        {
            "input": "4\n82",
            "output": "-1"
        },
        {
            "input": "13 16 20\n99",
            "output": "6"
        },
        {
            "input": "8 12\n51",
            "output": "-1"
        },
        {
            "input": "9 12 18 19\n33",
            "output": "3"
        },
        {
            "input": "7 8 16\n73",
            "output": "9"
        },
        {
            "input": "12\n54",
            "output": "-1"
        },
        {
            "input": "14 16\n68",
            "output": "-1"
        },
        {
            "input": "16 20\n6",
            "output": "-1"
        },
        {
            "input": "2 4 11 12\n84",
            "output": "7"
        },
        {
            "input": "5 6 14 18 20\n20",
            "output": "1"
        },
        {
            "input": "5 13 15 16\n62",
            "output": "4"
        },
        {
            "input": "14 18\n93",
            "output": "-1"
        },
        {
            "input": "11\n5",
            "output": "-1"
        },
        {
            "input": "2 4 12 13\n84",
            "output": "7"
        },
        {
            "input": "18\n96",
            "output": "-1"
        },
        {
            "input": "2 13 16\n76",
            "output": "6"
        },
        {
            "input": "13 14 17 19\n7",
            "output": "-1"
        },
        {
            "input": "3 8 16\n85",
            "output": "11"
        },
        {
            "input": "4 6 15\n93",
            "output": "8"
        },
        {
            "input": "20\n92",
            "output": "-1"
        },
        {
            "input": "6 16 18 19\n71",
            "output": "4"
        },
        {
            "input": "13\n20",
            "output": "-1"
        },
        {
            "input": "12 14\n7",
            "output": "-1"
        },
        {
            "input": "1 7 12 20\n18",
            "output": "6"
        },
        {
            "input": "8 9 17\n53",
            "output": "5"
        },
        {
            "input": "8 11 14 20\n98",
            "output": "7"
        },
        {
            "input": "2\n57",
            "output": "-1"
        },
        {
            "input": "9 14 17 18 20\n1",
            "output": "-1"
        },
        {
            "input": "8 17\n24",
            "output": "3"
        },
        {
            "input": "1 20\n8",
            "output": "8"
        },
        {
            "input": "1 19\n21",
            "output": "3"
        },
        {
            "input": "4 7 9\n29",
            "output": "4"
        },
        {
            "input": "1 6 10 12 17\n50",
            "output": "4"
        },
        {
            "input": "7\n50",
            "output": "-1"
        },
        {
            "input": "5 6 8 10 18\n49",
            "output": "4"
        },
        {
            "input": "7 18\n4",
            "output": "-1"
        },
        {
            "input": "10 12 18 19\n62",
            "output": "4"
        },
        {
            "input": "2 9 11\n77",
            "output": "7"
        },
        {
            "input": "6\n74",
            "output": "-1"
        },
        {
            "input": "5 6 15 18 19\n41",
            "output": "3"
        },
        {
            "input": "5 6 14 15 19\n40",
            "output": "3"
        },
        {
            "input": "19\n43",
            "output": "-1"
        },
        {
            "input": "1 4 17 20\n26",
            "output": "4"
        },
        {
            "input": "6 8 10 14 20\n2",
            "output": "-1"
        },
        {
            "input": "1 5 13 15 20\n49",
            "output": "4"
        },
        {
            "input": "3 4\n93",
            "output": "24"
        },
        {
            "input": "16\n60",
            "output": "-1"
        },
        {
            "input": "3 10 15 18\n66",
            "output": "4"
        },
        {
            "input": "2 4\n5",
            "output": "-1"
        },
        {
            "input": "6 13 19\n27",
            "output": "-1"
        },
        {
            "input": "11 13 18\n44",
            "output": "3"
        },
        {
            "input": "3 7\n42",
            "output": "6"
        },
        {
            "input": "5 14 16 19\n27",
            "output": "-1"
        },
        {
            "input": "4 15 17\n59",
            "output": "5"
        },
        {
            "input": "3 9 18\n4",
            "output": "-1"
        },
        {
            "input": "4 9 10 18\n21",
            "output": "4"
        },
        {
            "input": "1 6 13\n100",
            "output": "11"
        },
        {
            "input": "3 6\n12",
            "output": "2"
        },
        {
            "input": "17\n93",
            "output": "-1"
        },
        {
            "input": "12\n33",
            "output": "-1"
        },
        {
            "input": "3 4 9 11 14\n92",
            "output": "7"
        },
        {
            "input": "1 2 20\n14",
            "output": "7"
        },
        {
            "input": "1 14 17\n28",
            "output": "2"
        },
        {
            "input": "11\n40",
            "output": "-1"
        },
        {
            "input": "1 8 16 20\n1",
            "output": "1"
        },
        {
            "input": "10 11 17\n41",
            "output": "4"
        },
        {
            "input": "7 8 13\n75",
            "output": "7"
        },
        {
            "input": "4 11 18\n91",
            "output": "7"
        },
        {
            "input": "7 10\n74",
            "output": "8"
        },
        {
            "input": "7 8 11 15\n21",
            "output": "3"
        },
        {
            "input": "5 11 14\n26",
            "output": "4"
        },
        {
            "input": "5 10 12 14 19\n7",
            "output": "-1"
        },
        {
            "input": "5 10 15 20\n51",
            "output": "-1"
        },
        {
            "input": "5 6 7 18\n17",
            "output": "3"
        },
        {
            "input": "16 18\n99",
            "output": "-1"
        },
        {
            "input": "3 4 6 11\n72",
            "output": "7"
        },
        {
            "input": "2 14\n3",
            "output": "-1"
        },
        {
            "input": "10 14 15 19\n53",
            "output": "3"
        },
        {
            "input": "5 9 13\n76",
            "output": "8"
        },
        {
            "input": "2 3 4 9 10\n78",
            "output": "8"
        },
        {
            "input": "8\n82",
            "output": "-1"
        },
        {
            "input": "3 17\n18",
            "output": "6"
        },
        {
            "input": "5\n26",
            "output": "-1"
        },
        {
            "input": "4 9 15 16\n73",
            "output": "5"
        },
        {
            "input": "8 12\n7",
            "output": "-1"
        },
        {
            "input": "8 9 11 13\n71",
            "output": "6"
        },
        {
            "input": "3 5\n76",
            "output": "16"
        },
        {
            "input": "5 7 13\n84",
            "output": "8"
        },
        {
            "input": "4 8 10 11\n10",
            "output": "1"
        },
        {
            "input": "8 15 17\n65",
            "output": "5"
        },
        {
            "input": "2 14 18\n23",
            "output": "-1"
        },
        {
            "input": "9 13\n11",
            "output": "-1"
        },
        {
            "input": "3 6 12 16 18\n94",
            "output": "6"
        },
        {
            "input": "9 15\n12",
            "output": "-1"
        },
        {
            "input": "9 13\n79",
            "output": "7"
        },
        {
            "input": "10\n57",
            "output": "-1"
        },
        {
            "input": "2 10 16 18\n90",
            "output": "5"
        },
        {
            "input": "2 3\n29",
            "output": "10"
        },
        {
            "input": "9\n11",
            "output": "-1"
        },
        {
            "input": "8 15 16 20\n26",
            "output": "-1"
        },
        {
            "input": "2 14 20\n21",
            "output": "-1"
        },
        {
            "input": "1 14 17 18\n66",
            "output": "4"
        },
        {
            "input": "1 8 12 14 17\n16",
            "output": "2"
        },
        {
            "input": "5 10 14 15 20\n45",
            "output": "3"
        },
        {
            "input": "2 5 7 16\n92",
            "output": "7"
        },
        {
            "input": "8 16\n51",
            "output": "-1"
        },
        {
            "input": "1 12 16\n63",
            "output": "7"
        },
        {
            "input": "1 5 13 16\n46",
            "output": "4"
        },
        {
            "input": "15 16 17\n53",
            "output": "-1"
        },
        {
            "input": "6 20\n47",
            "output": "-1"
        },
        {
            "input": "5 8 17\n51",
            "output": "3"
        },
        {
            "input": "1 2 9 17\n25",
            "output": "5"
        },
        {
            "input": "2 9 11 18\n56",
            "output": "4"
        },
        {
            "input": "17\n23",
            "output": "-1"
        },
        {
            "input": "13 17\n5",
            "output": "-1"
        },
        {
            "input": "5 6\n54",
            "output": "9"
        },
        {
            "input": "12\n23",
            "output": "-1"
        },
        {
            "input": "15 19\n22",
            "output": "-1"
        },
        {
            "input": "3 4 16 19 20\n78",
            "output": "4"
        },
        {
            "input": "9\n3",
            "output": "-1"
        },
        {
            "input": "6 8\n93",
            "output": "-1"
        },
        {
            "input": "2 14 16 20\n83",
            "output": "-1"
        },
        {
            "input": "14 17\n24",
            "output": "-1"
        },
        {
            "input": "7 8 15 20\n66",
            "output": "5"
        },
        {
            "input": "6 19\n43",
            "output": "5"
        },
        {
            "input": "4 5 7 11 20\n10",
            "output": "2"
        },
        {
            "input": "1 9 20\n38",
            "output": "3"
        },
        {
            "input": "4 17 19\n14",
            "output": "-1"
        },
        {
            "input": "1 3 12 16\n87",
            "output": "7"
        },
        {
            "input": "10 12 13\n99",
            "output": "8"
        },
        {
            "input": "3 4 11 15\n85",
            "output": "7"
        },
        {
            "input": "1 3 5 10\n65",
            "output": "7"
        },
        {
            "input": "6\n49",
            "output": "-1"
        },
        {
            "input": "2 5 10 12\n86",
            "output": "8"
        },
        {
            "input": "1 4 10\n32",
            "output": "5"
        },
        {
            "input": "10\n10",
            "output": "1"
        },
        {
            "input": "7 14 18 19\n10",
            "output": "-1"
        },
        {
            "input": "8 13 14 19\n73",
            "output": "5"
        },
        {
            "input": "6 19\n48",
            "output": "8"
        },
        {
            "input": "6 10 19\n20",
            "output": "2"
        },
        {
            "input": "3 17 20\n8",
            "output": "-1"
        },
        {
            "input": "8 17 19\n88",
            "output": "6"
        },
        {
            "input": "2 10\n18",
            "output": "5"
        },
        {
            "input": "2 3 5 7 18\n21",
            "output": "2"
        },
        {
            "input": "2 7\n35",
            "output": "5"
        },
        {
            "input": "4 12\n53",
            "output": "-1"
        },
        {
            "input": "4 5 19\n82",
            "output": "8"
        },
        {
            "input": "2 8 17 20\n6",
            "output": "3"
        },
        {
            "input": "3 10 11 14 16\n68",
            "output": "5"
        },
        {
            "input": "9 13 20\n42",
            "output": "3"
        },
        {
            "input": "7\n41",
            "output": "-1"
        },
        {
            "input": "3 5 12 19\n40",
            "output": "5"
        },
        {
            "input": "4 11 15\n31",
            "output": "5"
        },
        {
            "input": "4 7 9\n75",
            "output": "9"
        },
        {
            "input": "3 19\n28",
            "output": "4"
        },
        {
            "input": "10\n33",
            "output": "-1"
        },
        {
            "input": "11\n16",
            "output": "-1"
        },
        {
            "input": "2 15 16\n54",
            "output": "6"
        },
        {
            "input": "3 4 5 14 20\n77",
            "output": "5"
        },
        {
            "input": "9 13 16 19\n67",
            "output": "4"
        },
        {
            "input": "8\n100",
            "output": "-1"
        },
        {
            "input": "4 9 12 15\n38",
            "output": "4"
        },
        {
            "input": "13\n78",
            "output": "6"
        },
        {
            "input": "14\n14",
            "output": "1"
        },
        {
            "input": "1 4 5 10 11\n81",
            "output": "8"
        },
        {
            "input": "2 10 16\n26",
            "output": "2"
        },
        {
            "input": "1 19\n32",
            "output": "14"
        },
        {
            "input": "13\n8",
            "output": "-1"
        },
        {
            "input": "3 5 8 15\n36",
            "output": "4"
        },
        {
            "input": "14\n95",
            "output": "-1"
        },
        {
            "input": "5 8 14\n86",
            "output": "7"
        },
        {
            "input": "3 5 13\n100",
            "output": "10"
        },
        {
            "input": "4 18\n13",
            "output": "-1"
        },
        {
            "input": "4 5 7 11 15\n91",
            "output": "7"
        },
        {
            "input": "4 7\n2",
            "output": "-1"
        },
        {
            "input": "8 9 17 18\n72",
            "output": "4"
        },
        {
            "input": "3 4 7 10 15\n28",
            "output": "3"
        },
        {
            "input": "2 5 9 18 20\n98",
            "output": "5"
        },
        {
            "input": "2 14 17 19\n39",
            "output": "5"
        },
        {
            "input": "2\n71",
            "output": "-1"
        },
        {
            "input": "2 10\n36",
            "output": "6"
        },
        {
            "input": "16 17\n34",
            "output": "2"
        },
        {
            "input": "4 5 7 15 16\n72",
            "output": "6"
        },
        {
            "input": "10 13\n57",
            "output": "-1"
        },
        {
            "input": "5 12 19\n14",
            "output": "-1"
        },
        {
            "input": "4 14\n72",
            "output": "8"
        },
        {
            "input": "1 2 9 11 15\n84",
            "output": "6"
        },
        {
            "input": "3 11 14 17\n25",
            "output": "2"
        },
        {
            "input": "11\n6",
            "output": "-1"
        },
        {
            "input": "2 3 10\n59",
            "output": "8"
        },
        {
            "input": "4 6 20\n75",
            "output": "-1"
        },
        {
            "input": "3 10 12 18\n55",
            "output": "5"
        },
        {
            "input": "17\n28",
            "output": "-1"
        },
        {
            "input": "5 8 12 14\n53",
            "output": "5"
        },
        {
            "input": "15\n84",
            "output": "-1"
        },
        {
            "input": "3 5 16\n20",
            "output": "4"
        },
        {
            "input": "2 3 11 17\n98",
            "output": "7"
        },
        {
            "input": "16\n14",
            "output": "-1"
        },
        {
            "input": "9 15 16\n77",
            "output": "5"
        },
        {
            "input": "9\n80",
            "output": "-1"
        },
        {
            "input": "9 14 15\n50",
            "output": "5"
        },
        {
            "input": "3 13\n20",
            "output": "-1"
        },
        {
            "input": "1 8 16 18\n40",
            "output": "3"
        },
        {
            "input": "3 8 17\n73",
            "output": "7"
        },
        {
            "input": "1 13 19\n81",
            "output": "9"
        },
        {
            "input": "6 9 10 16\n21",
            "output": "3"
        },
        {
            "input": "15\n59",
            "output": "-1"
        },
        {
            "input": "3 4\n58",
            "output": "15"
        },
        {
            "input": "10 14 15 17 18\n43",
            "output": "3"
        },
        {
            "input": "8 20\n2",
            "output": "-1"
        },
        {
            "input": "2 4 7 12 17\n37",
            "output": "4"
        },
        {
            "input": "10 15 16 17\n9",
            "output": "-1"
        },
        {
            "input": "4 6 13\n52",
            "output": "4"
        },
        {
            "input": "3 6 8 11\n23",
            "output": "3"
        },
        {
            "input": "5 11 12 15 20\n26",
            "output": "2"
        },
        {
            "input": "1 6\n46",
            "output": "11"
        },
        {
            "input": "16\n76",
            "output": "-1"
        },
        {
            "input": "5 11 14\n92",
            "output": "7"
        },
        {
            "input": "4 5 16\n80",
            "output": "5"
        },
        {
            "input": "13 18\n12",
            "output": "-1"
        },
        {
            "input": "3\n91",
            "output": "-1"
        },
        {
            "input": "8 12 18 19\n54",
            "output": "3"
        },
        {
            "input": "11 20\n12",
            "output": "-1"
        },
        {
            "input": "16\n2",
            "output": "-1"
        },
        {
            "input": "5 8 14\n57",
            "output": "6"
        },
        {
            "input": "1 3 6\n90",
            "output": "15"
        },
        {
            "input": "1 10 13\n61",
            "output": "7"
        },
        {
            "input": "18\n44",
            "output": "-1"
        },
        {
            "input": "3 19\n100",
            "output": "12"
        },
        {
            "input": "1 5 9 13\n25",
            "output": "5"
        },
        {
            "input": "2 5 8 17 18\n80",
            "output": "5"
        },
        {
            "input": "5\n68",
            "output": "-1"
        },
        {
            "input": "12\n47",
            "output": "-1"
        },
        {
            "input": "2 9 13 15\n8",
            "output": "4"
        },
        {
            "input": "9\n1",
            "output": "-1"
        },
        {
            "input": "7 9 11 12 13\n53",
            "output": "5"
        },
        {
            "input": "5 6 14 18\n98",
            "output": "7"
        },
        {
            "input": "3 9 18\n85",
            "output": "-1"
        },
        {
            "input": "4\n80",
            "output": "20"
        },
        {
            "input": "4 17\n44",
            "output": "11"
        },
        {
            "input": "1 2 14\n30",
            "output": "3"
        },
        {
            "input": "1 3 4 7\n79",
            "output": "13"
        },
        {
            "input": "1 4 6 13 16\n11",
            "output": "3"
        },
        {
            "input": "10 11 15 16 19\n47",
            "output": "3"
        },
        {
            "input": "13\n68",
            "output": "-1"
        },
        {
            "input": "19\n10",
            "output": "-1"
        },
        {
            "input": "8 12 13\n38",
            "output": "3"
        },
        {
            "input": "11 20\n70",
            "output": "-1"
        },
        {
            "input": "9 12 16\n2",
            "output": "-1"
        },
        {
            "input": "14 15 18\n36",
            "output": "2"
        },
        {
            "input": "8\n46",
            "output": "-1"
        },
        {
            "input": "4 18\n7",
            "output": "-1"
        },
        {
            "input": "1 10\n53",
            "output": "8"
        },
        {
            "input": "4 13 20\n75",
            "output": "8"
        },
        {
            "input": "7\n57",
            "output": "-1"
        },
        {
            "input": "4\n93",
            "output": "-1"
        },
        {
            "input": "6 13\n38",
            "output": "4"
        },
        {
            "input": "9 13 15 19\n1",
            "output": "-1"
        },
        {
            "input": "11\n55",
            "output": "5"
        },
        {
            "input": "8 9 10\n91",
            "output": "10"
        },
        {
            "input": "2 5 6 20\n77",
            "output": "6"
        },
        {
            "input": "5 15 19\n15",
            "output": "1"
        },
        {
            "input": "13 14 16\n13",
            "output": "1"
        },
        {
            "input": "6 10 14 16\n53",
            "output": "-1"
        },
        {
            "input": "2 4 5 6 20\n54",
            "output": "5"
        },
        {
            "input": "2 3 18 20\n96",
            "output": "5"
        },
        {
            "input": "8 19 20\n100",
            "output": "5"
        },
        {
            "input": "3 18 19\n25",
            "output": "3"
        },
        {
            "input": "3 13 17\n40",
            "output": "4"
        },
        {
            "input": "11 14 19\n29",
            "output": "-1"
        },
        {
            "input": "3 6 9 16 20\n35",
            "output": "3"
        },
        {
            "input": "1 19\n34",
            "output": "16"
        },
        {
            "input": "1 14\n75",
            "output": "10"
        },
        {
            "input": "3 5 7\n46",
            "output": "8"
        },
        {
            "input": "8 15 19\n72",
            "output": "4"
        },
        {
            "input": "9 10 17 19\n49",
            "output": "4"
        },
        {
            "input": "7 18 20\n91",
            "output": "8"
        },
        {
            "input": "4 7 8\n1",
            "output": "-1"
        },
        {
            "input": "2 16\n97",
            "output": "-1"
        },
        {
            "input": "1 13 15\n55",
            "output": "5"
        },
        {
            "input": "15\n28",
            "output": "-1"
        },
        {
            "input": "15\n88",
            "output": "-1"
        },
        {
            "input": "1\n58",
            "output": "58"
        },
        {
            "input": "2 8 11 17\n79",
            "output": "5"
        },
        {
            "input": "12 19 20\n36",
            "output": "3"
        },
        {
            "input": "4 7 14\n17",
            "output": "-1"
        },
        {
            "input": "8 15\n94",
            "output": "10"
        },
        {
            "input": "6 16\n55",
            "output": "-1"
        },
        {
            "input": "13 18 20\n58",
            "output": "3"
        },
        {
            "input": "15 17 18\n89",
            "output": "5"
        },
        {
            "input": "6 11 18\n62",
            "output": "5"
        },
        {
            "input": "2 4 16 17\n39",
            "output": "4"
        },
        {
            "input": "6 10 11 18\n13",
            "output": "-1"
        },
        {
            "input": "6 10\n12",
            "output": "2"
        },
        {
            "input": "2 13 19\n65",
            "output": "5"
        },
        {
            "input": "12 18\n13",
            "output": "-1"
        },
        {
            "input": "6 12 15 16\n79",
            "output": "5"
        },
        {
            "input": "5 8 15\n13",
            "output": "2"
        },
        {
            "input": "5 8 17 20\n73",
            "output": "5"
        },
        {
            "input": "7 12 13 18 20\n9",
            "output": "-1"
        },
        {
            "input": "8 12\n14",
            "output": "-1"
        },
        {
            "input": "1 8 19\n39",
            "output": "3"
        },
        {
            "input": "6 20\n91",
            "output": "-1"
        },
        {
            "input": "5 6 17\n19",
            "output": "-1"
        },
        {
            "input": "19 20\n52",
            "output": "-1"
        },
        {
            "input": "4 8 13 19 20\n75",
            "output": "5"
        },
        {
            "input": "3 7 11 12\n37",
            "output": "4"
        },
        {
            "input": "1 4 17 20\n13",
            "output": "4"
        },
        {
            "input": "5 19\n57",
            "output": "3"
        },
        {
            "input": "9 11 14 15 18\n79",
            "output": "5"
        },
        {
            "input": "2 7 8 11 15\n88",
            "output": "7"
        },
        {
            "input": "3 5 10 19\n64",
            "output": "6"
        },
        {
            "input": "7 9 15 18\n88",
            "output": "6"
        },
        {
            "input": "1 20\n39",
            "output": "20"
        },
        {
            "input": "10 11 19\n32",
            "output": "3"
        },
        {
            "input": "7\n100",
            "output": "-1"
        },
        {
            "input": "3 6 7 11 14\n38",
            "output": "4"
        },
        {
            "input": "9\n20",
            "output": "-1"
        },
        {
            "input": "6\n2",
            "output": "-1"
        },
        {
            "input": "1 4 7 10\n86",
            "output": "11"
        },
        {
            "input": "6 9 18\n14",
            "output": "-1"
        },
        {
            "input": "4 8 17\n78",
            "output": "8"
        },
        {
            "input": "6 9 17\n30",
            "output": "4"
        },
        {
            "input": "1 13\n98",
            "output": "14"
        },
        {
            "input": "5 12 13 15 20\n78",
            "output": "5"
        },
        {
            "input": "15\n65",
            "output": "-1"
        },
        {
            "input": "4 8 11\n27",
            "output": "3"
        },
        {
            "input": "20\n11",
            "output": "-1"
        },
        {
            "input": "1 13 15\n56",
            "output": "4"
        },
        {
            "input": "2 10\n43",
            "output": "-1"
        },
        {
            "input": "19\n21",
            "output": "-1"
        },
        {
            "input": "6 8 13 20\n61",
            "output": "4"
        },
        {
            "input": "1 2 11 18\n97",
            "output": "8"
        },
        {
            "input": "13\n25",
            "output": "-1"
        },
        {
            "input": "3 11 12 16\n89",
            "output": "7"
        },
        {
            "input": "10\n37",
            "output": "-1"
        },
        {
            "input": "1 3 5 7\n54",
            "output": "8"
        },
        {
            "input": "2 10 11\n93",
            "output": "9"
        },
        {
            "input": "2 7 18\n18",
            "output": "1"
        },
        {
            "input": "4 11 16\n96",
            "output": "6"
        },
        {
            "input": "6 10 11 12 18\n43",
            "output": "4"
        },
        {
            "input": "4 12 13 15 17\n15",
            "output": "1"
        },
        {
            "input": "4 8 12 15 16\n55",
            "output": "4"
        },
        {
            "input": "2 9 16\n66",
            "output": "5"
        },
        {
            "input": "3 7 14\n19",
            "output": "5"
        },
        {
            "input": "5\n12",
            "output": "-1"
        },
        {
            "input": "19\n45",
            "output": "-1"
        },
        {
            "input": "4 5 7 9 19\n11",
            "output": "2"
        },
        {
            "input": "14\n12",
            "output": "-1"
        },
        {
            "input": "1\n42",
            "output": "42"
        },
        {
            "input": "19\n86",
            "output": "-1"
        },
        {
            "input": "9 14 20\n19",
            "output": "-1"
        },
        {
            "input": "8 20\n57",
            "output": "-1"
        },
        {
            "input": "1 4 7 17\n79",
            "output": "6"
        },
        {
            "input": "5\n27",
            "output": "-1"
        },
        {
            "input": "4 6 16\n31",
            "output": "-1"
        },
        {
            "input": "8 13\n16",
            "output": "2"
        },
        {
            "input": "3 4 20\n15",
            "output": "4"
        },
        {
            "input": "9\n48",
            "output": "-1"
        },
        {
            "input": "1 8 13\n17",
            "output": "3"
        },
        {
            "input": "3 8 10 14 16\n40",
            "output": "3"
        },
        {
            "input": "2\n16",
            "output": "8"
        },
        {
            "input": "4 11 12 14 19\n89",
            "output": "6"
        },
        {
            "input": "2 17\n20",
            "output": "10"
        },
        {
            "input": "4 18\n91",
            "output": "-1"
        },
        {
            "input": "7\n10",
            "output": "-1"
        },
        {
            "input": "5 15\n52",
            "output": "-1"
        },
        {
            "input": "3\n35",
            "output": "-1"
        },
        {
            "input": "5 17\n51",
            "output": "3"
        },
        {
            "input": "9 14 20\n27",
            "output": "3"
        },
        {
            "input": "9\n96",
            "output": "-1"
        },
        {
            "input": "2 7 10 16 17\n1",
            "output": "-1"
        },
        {
            "input": "5 7 11\n92",
            "output": "10"
        },
        {
            "input": "9 10 11 15\n55",
            "output": "4"
        },
        {
            "input": "1 6 10 12\n83",
            "output": "8"
        },
        {
            "input": "16\n17",
            "output": "-1"
        },
        {
            "input": "12 16\n28",
            "output": "2"
        },
        {
            "input": "10 11 17\n61",
            "output": "4"
        },
        {
            "input": "9 12 14\n27",
            "output": "3"
        },
        {
            "input": "13\n37",
            "output": "-1"
        },
        {
            "input": "2 5 8 13\n80",
            "output": "7"
        },
        {
            "input": "3 17\n40",
            "output": "4"
        },
        {
            "input": "4 12 16 18 20\n2",
            "output": "-1"
        },
        {
            "input": "2 9 11 12 18\n18",
            "output": "1"
        },
        {
            "input": "9 12 16\n1",
            "output": "-1"
        },
        {
            "input": "2 5 7 16\n63",
            "output": "6"
        },
        {
            "input": "1\n41",
            "output": "41"
        },
        {
            "input": "1 8 12\n8",
            "output": "1"
        },
        {
            "input": "11 13 14\n37",
            "output": "3"
        },
        {
            "input": "17\n54",
            "output": "-1"
        },
        {
            "input": "6 11 13\n74",
            "output": "6"
        },
        {
            "input": "5\n58",
            "output": "-1"
        },
        {
            "input": "12 19\n28",
            "output": "-1"
        },
        {
            "input": "2 8 11 18\n38",
            "output": "3"
        },
        {
            "input": "8 9 10 20\n38",
            "output": "3"
        },
        {
            "input": "3 11\n10",
            "output": "-1"
        },
        {
            "input": "2 3 13 19\n84",
            "output": "6"
        },
        {
            "input": "3 5 19 20\n89",
            "output": "6"
        },
        {
            "input": "5 12 19\n75",
            "output": "8"
        },
        {
            "input": "11 16 19\n68",
            "output": "4"
        },
        {
            "input": "19\n97",
            "output": "-1"
        },
        {
            "input": "6 7\n79",
            "output": "12"
        },
        {
            "input": "5 14\n34",
            "output": "5"
        },
        {
            "input": "5 6 11 17 18\n43",
            "output": "5"
        },
        {
            "input": "1 2 20\n20",
            "output": "1"
        },
        {
            "input": "6 16\n63",
            "output": "-1"
        },
        {
            "input": "12\n70",
            "output": "-1"
        },
        {
            "input": "5 7 11\n20",
            "output": "4"
        },
        {
            "input": "7 16 20\n43",
            "output": "3"
        },
        {
            "input": "11 15 20\n79",
            "output": "6"
        },
        {
            "input": "11\n21",
            "output": "-1"
        },
        {
            "input": "9 13\n41",
            "output": "-1"
        },
        {
            "input": "4 6 7 18\n6",
            "output": "1"
        },
        {
            "input": "5\n61",
            "output": "-1"
        },
        {
            "input": "19\n98",
            "output": "-1"
        },
        {
            "input": "2 15\n76",
            "output": "12"
        },
        {
            "input": "4 15 18\n19",
            "output": "2"
        },
        {
            "input": "14 19\n51",
            "output": "-1"
        },
        {
            "input": "3\n9",
            "output": "3"
        },
        {
            "input": "7 9 15 17 18\n96",
            "output": "6"
        },
        {
            "input": "3 13 17 20\n91",
            "output": "5"
        },
        {
            "input": "1 6 18 19\n21",
            "output": "3"
        },
        {
            "input": "17 18\n44",
            "output": "-1"
        },
        {
            "input": "4 5 6 18 20\n63",
            "output": "4"
        },
        {
            "input": "3 4 5 16\n43",
            "output": "5"
        },
        {
            "input": "1 3 9 19\n30",
            "output": "4"
        },
        {
            "input": "2 3 17 18\n84",
            "output": "8"
        },
        {
            "input": "14 15\n67",
            "output": "-1"
        },
        {
            "input": "6 12 16\n24",
            "output": "2"
        },
        {
            "input": "8 14 15 18\n1",
            "output": "-1"
        },
        {
            "input": "1 8 10 18\n46",
            "output": "3"
        },
        {
            "input": "5 6 15\n52",
            "output": "6"
        },
        {
            "input": "3 5\n50",
            "output": "10"
        },
        {
            "input": "10 20\n10",
            "output": "1"
        },
        {
            "input": "3 8 19\n14",
            "output": "3"
        },
        {
            "input": "5 9 11\n49",
            "output": "5"
        },
        {
            "input": "2 10 19\n83",
            "output": "8"
        },
        {
            "input": "6\n51",
            "output": "-1"
        },
        {
            "input": "4 6 14 17\n34",
            "output": "2"
        },
        {
            "input": "3 4\n100",
            "output": "25"
        },
        {
            "input": "1 5\n64",
            "output": "16"
        },
        {
            "input": "1\n31",
            "output": "31"
        },
        {
            "input": "2 13 17\n1",
            "output": "-1"
        },
        {
            "input": "19\n35",
            "output": "-1"
        },
        {
            "input": "18\n31",
            "output": "-1"
        },
        {
            "input": "4 8 11 12 15\n1",
            "output": "-1"
        },
        {
            "input": "4 6 14 15\n79",
            "output": "6"
        },
        {
            "input": "17 18\n95",
            "output": "-1"
        },
        {
            "input": "3 5 17 20\n6",
            "output": "2"
        },
        {
            "input": "7\n40",
            "output": "-1"
        },
        {
            "input": "5 12 14\n23",
            "output": "-1"
        },
        {
            "input": "13\n83",
            "output": "-1"
        },
        {
            "input": "8 11 17\n100",
            "output": "8"
        },
        {
            "input": "1 4 18\n26",
            "output": "3"
        },
        {
            "input": "1 18\n17",
            "output": "17"
        },
        {
            "input": "19\n38",
            "output": "2"
        },
        {
            "input": "6 13 17\n57",
            "output": "4"
        },
        {
            "input": "5 10 11 15 18\n49",
            "output": "4"
        },
        {
            "input": "4\n2",
            "output": "-1"
        },
        {
            "input": "13\n17",
            "output": "-1"
        },
        {
            "input": "9 10 12\n23",
            "output": "-1"
        },
        {
            "input": "4 8 14 20\n6",
            "output": "-1"
        },
        {
            "input": "14\n8",
            "output": "-1"
        },
        {
            "input": "11\n32",
            "output": "-1"
        },
        {
            "input": "1 4 12 13\n67",
            "output": "6"
        },
        {
            "input": "1 4 11 12\n61",
            "output": "6"
        },
        {
            "input": "5 13 15\n45",
            "output": "3"
        },
        {
            "input": "4 9\n52",
            "output": "8"
        },
        {
            "input": "1 2 6 9\n59",
            "output": "8"
        },
        {
            "input": "8\n49",
            "output": "-1"
        },
        {
            "input": "7 8\n96",
            "output": "12"
        },
        {
            "input": "8 10 12\n7",
            "output": "-1"
        },
        {
            "input": "5 12 15 19\n93",
            "output": "6"
        },
        {
            "input": "14 15\n56",
            "output": "4"
        },
        {
            "input": "6 7 9 13\n64",
            "output": "6"
        },
        {
            "input": "7 8 10\n84",
            "output": "9"
        },
        {
            "input": "9 10 12\n88",
            "output": "8"
        },
        {
            "input": "2 7 18 19 20\n26",
            "output": "2"
        },
        {
            "input": "6 14\n96",
            "output": "8"
        },
        {
            "input": "10 16 17 18 20\n1",
            "output": "-1"
        },
        {
            "input": "13 15\n8",
            "output": "-1"
        },
        {
            "input": "9 17\n45",
            "output": "5"
        },
        {
            "input": "5 7 17 19\n60",
            "output": "4"
        },
        {
            "input": "5 18 20\n63",
            "output": "4"
        },
        {
            "input": "4 5\n21",
            "output": "5"
        },
        {
            "input": "12 15 18\n74",
            "output": "-1"
        },
        {
            "input": "2 11 14 16 18\n76",
            "output": "5"
        },
        {
            "input": "1 2 9 12 15\n23",
            "output": "3"
        },
        {
            "input": "2 4 5 17 18\n32",
            "output": "4"
        },
        {
            "input": "5 8 12 16\n22",
            "output": "3"
        },
        {
            "input": "14\n77",
            "output": "-1"
        },
        {
            "input": "6 12\n52",
            "output": "-1"
        },
        {
            "input": "2 7 11 12 16\n67",
            "output": "5"
        },
        {
            "input": "14 19\n54",
            "output": "-1"
        },
        {
            "input": "8\n84",
            "output": "-1"
        },
        {
            "input": "7 12 13 14 19\n83",
            "output": "5"
        },
        {
            "input": "2 11 15 16 19\n51",
            "output": "3"
        },
        {
            "input": "4 8\n24",
            "output": "3"
        },
        {
            "input": "2 5 13 18\n37",
            "output": "5"
        },
        {
            "input": "19\n56",
            "output": "-1"
        },
        {
            "input": "4 12 14\n46",
            "output": "4"
        },
        {
            "input": "19\n63",
            "output": "-1"
        },
        {
            "input": "1 4 16\n80",
            "output": "5"
        },
        {
            "input": "16 17\n87",
            "output": "-1"
        },
        {
            "input": "5 6 11\n56",
            "output": "6"
        },
        {
            "input": "1 18\n89",
            "output": "21"
        },
        {
            "input": "10\n70",
            "output": "7"
        },
        {
            "input": "7\n65",
            "output": "-1"
        },
        {
            "input": "2\n37",
            "output": "-1"
        },
        {
            "input": "7 12 14 15\n27",
            "output": "2"
        },
        {
            "input": "4 18 20\n82",
            "output": "5"
        },
        {
            "input": "9 13 16\n45",
            "output": "3"
        },
        {
            "input": "9 15 16 18\n74",
            "output": "5"
        },
        {
            "input": "12\n18",
            "output": "-1"
        },
        {
            "input": "3 10 19\n74",
            "output": "7"
        },
        {
            "input": "5 7\n43",
            "output": "7"
        },
        {
            "input": "2 3 12 19\n56",
            "output": "5"
        },
        {
            "input": "1 15 17 18\n12",
            "output": "12"
        },
        {
            "input": "10 14 15 19\n43",
            "output": "3"
        },
        {
            "input": "1 3 11 14 17\n70",
            "output": "5"
        },
        {
            "input": "1 11 12 14 16\n86",
            "output": "6"
        },
        {
            "input": "3 9\n49",
            "output": "-1"
        },
        {
            "input": "13 14 18\n51",
            "output": "-1"
        },
        {
            "input": "16 20\n24",
            "output": "-1"
        },
        {
            "input": "2 8 18\n36",
            "output": "2"
        },
        {
            "input": "7 8 9 15\n19",
            "output": "-1"
        },
        {
            "input": "4 9 11 15 19\n37",
            "output": "3"
        },
        {
            "input": "4 6 8 12 19\n83",
            "output": "6"
        },
        {
            "input": "1 6 10 20\n53",
            "output": "5"
        },
        {
            "input": "7 11\n53",
            "output": "7"
        },
        {
            "input": "1 9 10 13 14\n34",
            "output": "3"
        },
        {
            "input": "4 7 13\n36",
            "output": "6"
        },
        {
            "input": "5 6 7 20\n81",
            "output": "6"
        },
        {
            "input": "11 12\n52",
            "output": "-1"
        },
        {
            "input": "12\n99",
            "output": "-1"
        },
        {
            "input": "2 8 14\n48",
            "output": "6"
        },
        {
            "input": "2\n52",
            "output": "26"
        },
        {
            "input": "5 11\n6",
            "output": "-1"
        },
        {
            "input": "2 11 20\n53",
            "output": "4"
        },
        {
            "input": "11\n71",
            "output": "-1"
        },
        {
            "input": "3 4 11 12\n17",
            "output": "3"
        },
        {
            "input": "1 14 17 19\n23",
            "output": "5"
        },
        {
            "input": "3 4 6 15\n27",
            "output": "3"
        },
        {
            "input": "1 6 12 15 16\n3",
            "output": "3"
        },
        {
            "input": "6 7 15\n48",
            "output": "5"
        },
        {
            "input": "3 10 13 17 19\n89",
            "output": "5"
        },
        {
            "input": "15 20\n5",
            "output": "-1"
        },
        {
            "input": "6\n32",
            "output": "-1"
        },
        {
            "input": "6 11 16\n13",
            "output": "-1"
        },
        {
            "input": "1 9\n17",
            "output": "9"
        },
        {
            "input": "1 5 6 12 18\n98",
            "output": "8"
        },
        {
            "input": "1 7 16\n30",
            "output": "3"
        },
        {
            "input": "4\n54",
            "output": "-1"
        },
        {
            "input": "1\n85",
            "output": "85"
        },
        {
            "input": "4 5 8\n80",
            "output": "10"
        },
        {
            "input": "3 18 19\n80",
            "output": "6"
        },
        {
            "input": "1 2 4 5 6\n23",
            "output": "4"
        },
        {
            "input": "7 11 15\n77",
            "output": "7"
        },
        {
            "input": "4 18 19 20\n4",
            "output": "1"
        },
        {
            "input": "16\n82",
            "output": "-1"
        },
        {
            "input": "7 13 15 17\n82",
            "output": "6"
        },
        {
            "input": "3 15\n62",
            "output": "-1"
        },
        {
            "input": "11\n15",
            "output": "-1"
        },
        {
            "input": "4 5 17\n92",
            "output": "9"
        },
        {
            "input": "14\n45",
            "output": "-1"
        },
        {
            "input": "4 6 18\n23",
            "output": "-1"
        },
        {
            "input": "6 8 14 19 20\n95",
            "output": "5"
        },
        {
            "input": "10 13 14\n15",
            "output": "-1"
        },
        {
            "input": "1 7 12\n65",
            "output": "8"
        },
        {
            "input": "1 12 14 15\n38",
            "output": "3"
        },
        {
            "input": "4 10 11 12 16\n21",
            "output": "2"
        },
        {
            "input": "1 3 15 17\n95",
            "output": "7"
        },
        {
            "input": "11 20\n32",
            "output": "-1"
        },
        {
            "input": "1 6 9\n24",
            "output": "3"
        },
        {
            "input": "4 5 9 13 18\n88",
            "output": "6"
        },
        {
            "input": "5 11 15 19\n41",
            "output": "3"
        },
        {
            "input": "1 4 8 10 13\n85",
            "output": "7"
        },
        {
            "input": "5 6 11 16\n40",
            "output": "5"
        },
        {
            "input": "4 8\n92",
            "output": "12"
        },
        {
            "input": "3 11 14\n32",
            "output": "7"
        },
        {
            "input": "9 10 18\n48",
            "output": "4"
        },
        {
            "input": "5 8 18\n21",
            "output": "3"
        },
        {
            "input": "5 15\n43",
            "output": "-1"
        },
        {
            "input": "14\n87",
            "output": "-1"
        },
        {
            "input": "1 4 8 12 19\n66",
            "output": "5"
        },
        {
            "input": "3 10 13\n97",
            "output": "9"
        },
        {
            "input": "3 17 20\n14",
            "output": "-1"
        },
        {
            "input": "8 19\n56",
            "output": "7"
        },
        {
            "input": "12\n32",
            "output": "-1"
        },
        {
            "input": "4\n1",
            "output": "-1"
        },
        {
            "input": "10 15 19 20\n47",
            "output": "-1"
        },
        {
            "input": "4 14 16 20\n45",
            "output": "-1"
        },
        {
            "input": "2 16 17 18 19\n49",
            "output": "3"
        },
        {
            "input": "3 6 8\n68",
            "output": "9"
        },
        {
            "input": "1 3 8\n63",
            "output": "10"
        },
        {
            "input": "1 5\n100",
            "output": "20"
        },
        {
            "input": "2 4 8 16\n74",
            "output": "6"
        },
        {
            "input": "3 13 15\n100",
            "output": "8"
        },
        {
            "input": "10\n49",
            "output": "-1"
        },
        {
            "input": "7 10\n10",
            "output": "1"
        },
        {
            "input": "3 9 13 14\n94",
            "output": "7"
        },
        {
            "input": "11 13 16 19 20\n67",
            "output": "4"
        },
        {
            "input": "1 2 9 11\n42",
            "output": "4"
        },
        {
            "input": "1 8 10 14\n33",
            "output": "4"
        },
        {
            "input": "2 4 15 17\n92",
            "output": "6"
        },
        {
            "input": "19\n26",
            "output": "-1"
        },
        {
            "input": "8 15 19\n67",
            "output": "7"
        },
        {
            "input": "17 19\n5",
            "output": "-1"
        },
        {
            "input": "5 6 7 18\n15",
            "output": "3"
        },
        {
            "input": "14\n100",
            "output": "-1"
        },
        {
            "input": "4 6 11 16 18\n22",
            "output": "2"
        },
        {
            "input": "10 11 20\n43",
            "output": "4"
        },
        {
            "input": "1 2 8\n32",
            "output": "4"
        },
        {
            "input": "1 14 17 20\n83",
            "output": "6"
        },
        {
            "input": "5 8 16\n93",
            "output": "7"
        },
        {
            "input": "1 18\n39",
            "output": "5"
        },
        {
            "input": "5 10 15 20\n78",
            "output": "-1"
        },
        {
            "input": "12 19\n52",
            "output": "-1"
        },
        {
            "input": "3 5 6 8\n54",
            "output": "7"
        },
        {
            "input": "4 9 16\n25",
            "output": "2"
        },
        {
            "input": "18\n94",
            "output": "-1"
        },
        {
            "input": "10 16 20\n53",
            "output": "-1"
        },
        {
            "input": "3 4 8\n74",
            "output": "11"
        },
        {
            "input": "12 19\n64",
            "output": "-1"
        },
        {
            "input": "8\n28",
            "output": "-1"
        },
        {
            "input": "6 11 16\n80",
            "output": "5"
        },
        {
            "input": "4\n57",
            "output": "-1"
        },
        {
            "input": "3 11 12 19\n18",
            "output": "3"
        },
        {
            "input": "3\n36",
            "output": "12"
        },
        {
            "input": "3 4 8 11 13\n100",
            "output": "8"
        },
        {
            "input": "5 12 15 16\n44",
            "output": "3"
        },
        {
            "input": "4 6 10 11\n73",
            "output": "7"
        },
        {
            "input": "6 7 10\n36",
            "output": "4"
        },
        {
            "input": "3 5 17\n51",
            "output": "3"
        },
        {
            "input": "2 12 15\n71",
            "output": "6"
        },
        {
            "input": "17 18\n99",
            "output": "-1"
        },
        {
            "input": "1 9 20\n60",
            "output": "3"
        },
        {
            "input": "1 3 4 9\n19",
            "output": "3"
        },
        {
            "input": "2 5 17\n98",
            "output": "10"
        },
        {
            "input": "9\n22",
            "output": "-1"
        },
        {
            "input": "2 9\n93",
            "output": "15"
        },
        {
            "input": "2 9 11\n52",
            "output": "8"
        },
        {
            "input": "14 18\n27",
            "output": "-1"
        },
        {
            "input": "3 9 11 18 19\n39",
            "output": "3"
        },
        {
            "input": "2 4 12 20\n46",
            "output": "4"
        },
        {
            "input": "5 12 17\n15",
            "output": "3"
        },
        {
            "input": "8 12\n76",
            "output": "7"
        },
        {
            "input": "6\n7",
            "output": "-1"
        },
        {
            "input": "14 20\n100",
            "output": "5"
        },
        {
            "input": "4 5 8 16\n31",
            "output": "4"
        },
        {
            "input": "2 6 9 12\n15",
            "output": "2"
        },
        {
            "input": "7 9 20\n2",
            "output": "-1"
        },
        {
            "input": "7 9 19\n15",
            "output": "-1"
        },
        {
            "input": "7 20\n15",
            "output": "-1"
        },
        {
            "input": "5\n22",
            "output": "-1"
        },
        {
            "input": "2 5\n34",
            "output": "8"
        },
        {
            "input": "1 5 16 18\n46",
            "output": "4"
        },
        {
            "input": "3 10 14\n13",
            "output": "2"
        },
        {
            "input": "4 14 17 20\n11",
            "output": "-1"
        },
        {
            "input": "14 19\n90",
            "output": "5"
        },
        {
            "input": "19\n81",
            "output": "-1"
        },
        {
            "input": "4 9 10 14\n67",
            "output": "6"
        },
        {
            "input": "3 11 19\n95",
            "output": "5"
        },
        {
            "input": "7 9 19\n10",
            "output": "-1"
        },
        {
            "input": "1 9 10 15 16\n9",
            "output": "1"
        },
        {
            "input": "9\n35",
            "output": "-1"
        },
        {
            "input": "5 10 12\n35",
            "output": "4"
        },
        {
            "input": "1 12\n50",
            "output": "6"
        },
        {
            "input": "1 8 15 20\n84",
            "output": "6"
        },
        {
            "input": "7 19 20\n73",
            "output": "5"
        },
        {
            "input": "12\n6",
            "output": "-1"
        },
        {
            "input": "9 12 16\n4",
            "output": "-1"
        },
        {
            "input": "8 11 17\n54",
            "output": "6"
        },
        {
            "input": "6 8 10 12\n24",
            "output": "2"
        },
        {
            "input": "3\n47",
            "output": "-1"
        },
        {
            "input": "1 8 17\n93",
            "output": "6"
        },
        {
            "input": "13 14 18\n3",
            "output": "-1"
        },
        {
            "input": "6 7\n9",
            "output": "-1"
        },
        {
            "input": "2 5 12 17\n21",
            "output": "3"
        },
        {
            "input": "14\n21",
            "output": "-1"
        },
        {
            "input": "2 18\n16",
            "output": "8"
        },
        {
            "input": "7 14 17\n62",
            "output": "4"
        },
        {
            "input": "10 18 19\n96",
            "output": "6"
        },
        {
            "input": "13 16 17\n40",
            "output": "-1"
        },
        {
            "input": "4 6\n4",
            "output": "1"
        },
        {
            "input": "1 7 12 14 18\n11",
            "output": "5"
        },
        {
            "input": "9 15 17 20\n26",
            "output": "2"
        },
        {
            "input": "4 12 19\n99",
            "output": "6"
        },
        {
            "input": "6 8 9 10 13\n11",
            "output": "-1"
        },
        {
            "input": "10 13 15 20\n97",
            "output": "7"
        },
        {
            "input": "3 5 6 11 14\n67",
            "output": "5"
        },
        {
            "input": "7 10 14 17 19\n46",
            "output": "3"
        },
        {
            "input": "4 5\n75",
            "output": "15"
        },
        {
            "input": "2 4 5 7 12\n23",
            "output": "3"
        },
        {
            "input": "3 11 16 17 19\n5",
            "output": "-1"
        },
        {
            "input": "3 8\n30",
            "output": "5"
        },
        {
            "input": "3 10 13 15 17\n11",
            "output": "-1"
        },
        {
            "input": "6 11 12 15 16\n7",
            "output": "-1"
        },
        {
            "input": "1 13 14 20\n83",
            "output": "6"
        },
        {
            "input": "18\n46",
            "output": "-1"
        },
        {
            "input": "5\n1",
            "output": "-1"
        },
        {
            "input": "4 11\n99",
            "output": "9"
        },
        {
            "input": "14 15\n20",
            "output": "-1"
        },
        {
            "input": "4 15\n71",
            "output": "15"
        },
        {
            "input": "7 10 14 20\n28",
            "output": "2"
        },
        {
            "input": "6 8 15 18\n6",
            "output": "1"
        },
        {
            "input": "1 10 16 18\n96",
            "output": "6"
        },
        {
            "input": "12\n49",
            "output": "-1"
        },
        {
            "input": "1 11 16\n29",
            "output": "4"
        },
        {
            "input": "2 13 18\n76",
            "output": "6"
        },
        {
            "input": "7 12 17\n24",
            "output": "2"
        },
        {
            "input": "2 13\n65",
            "output": "5"
        },
        {
            "input": "4 11 13 14 19\n83",
            "output": "5"
        },
        {
            "input": "2 7\n81",
            "output": "13"
        },
        {
            "input": "10 13 20\n36",
            "output": "3"
        },
        {
            "input": "4 11 15 18\n76",
            "output": "5"
        },
        {
            "input": "10\n88",
            "output": "-1"
        },
        {
            "input": "3\n5",
            "output": "-1"
        },
        {
            "input": "3 5 15 16 18\n18",
            "output": "1"
        },
        {
            "input": "2\n6",
            "output": "3"
        },
        {
            "input": "4 14 15 19\n24",
            "output": "6"
        },
        {
            "input": "10\n96",
            "output": "-1"
        },
        {
            "input": "18\n90",
            "output": "5"
        },
        {
            "input": "4 8 14\n4",
            "output": "1"
        },
        {
            "input": "1 7 10 15 20\n79",
            "output": "6"
        },
        {
            "input": "2 8\n77",
            "output": "-1"
        },
        {
            "input": "2 11 13\n51",
            "output": "9"
        },
        {
            "input": "5\n36",
            "output": "-1"
        },
        {
            "input": "9 13 14 15\n7",
            "output": "-1"
        },
        {
            "input": "13 20\n13",
            "output": "1"
        },
        {
            "input": "1 12\n47",
            "output": "14"
        },
        {
            "input": "8 20\n99",
            "output": "-1"
        },
        {
            "input": "1 4 15 19\n9",
            "output": "3"
        },
        {
            "input": "5\n78",
            "output": "-1"
        },
        {
            "input": "8\n47",
            "output": "-1"
        },
        {
            "input": "3 9 16\n85",
            "output": "7"
        },
        {
            "input": "3 13 18\n34",
            "output": "3"
        },
        {
            "input": "14\n50",
            "output": "-1"
        },
        {
            "input": "7 16\n35",
            "output": "5"
        },
        {
            "input": "2 6\n92",
            "output": "16"
        },
        {
            "input": "13 17\n35",
            "output": "-1"
        },
        {
            "input": "7 9 12\n71",
            "output": "7"
        },
        {
            "input": "4 7 9 14 15\n41",
            "output": "4"
        },
        {
            "input": "9\n27",
            "output": "3"
        },
        {
            "input": "15\n55",
            "output": "-1"
        },
        {
            "input": "10\n52",
            "output": "-1"
        },
        {
            "input": "2 8 11 15 18\n35",
            "output": "3"
        },
        {
            "input": "5 12 13 18\n89",
            "output": "6"
        },
        {
            "input": "2 3\n23",
            "output": "8"
        },
        {
            "input": "2 7\n82",
            "output": "16"
        },
        {
            "input": "7 15 17\n76",
            "output": "6"
        },
        {
            "input": "11\n61",
            "output": "-1"
        },
        {
            "input": "8 9 16 18\n42",
            "output": "3"
        },
        {
            "input": "6 9 14 18\n40",
            "output": "4"
        },
        {
            "input": "4 9 14 20\n45",
            "output": "5"
        },
        {
            "input": "9 13\n54",
            "output": "6"
        },
        {
            "input": "2 3 9 20\n61",
            "output": "5"
        },
        {
            "input": "2 12 16\n27",
            "output": "-1"
        },
        {
            "input": "4 18\n27",
            "output": "-1"
        },
        {
            "input": "3 13\n60",
            "output": "10"
        },
        {
            "input": "20\n84",
            "output": "-1"
        },
        {
            "input": "9 12 13 14\n66",
            "output": "5"
        },
        {
            "input": "10 12 18 20\n24",
            "output": "2"
        },
        {
            "input": "17\n80",
            "output": "-1"
        },
        {
            "input": "4 16 17 20\n95",
            "output": "6"
        },
        {
            "input": "1 3 8 11 14\n1",
            "output": "1"
        },
        {
            "input": "3 4 6 13 16\n8",
            "output": "2"
        },
        {
            "input": "1 8 15 16\n32",
            "output": "2"
        },
        {
            "input": "2 8 9 13 14\n37",
            "output": "3"
        },
        {
            "input": "2 8\n99",
            "output": "-1"
        },
        {
            "input": "6 7 11 16\n19",
            "output": "3"
        },
        {
            "input": "9 11\n71",
            "output": "7"
        },
        {
            "input": "2 11 13\n40",
            "output": "9"
        },
        {
            "input": "1 6 7 12 14\n38",
            "output": "3"
        },
        {
            "input": "2 3 12 19\n78",
            "output": "5"
        },
        {
            "input": "6 10 11 14\n81",
            "output": "6"
        },
        {
            "input": "10 13 15 18 20\n72",
            "output": "4"
        },
        {
            "input": "2 4 5 17\n76",
            "output": "6"
        },
        {
            "input": "6\n57",
            "output": "-1"
        },
        {
            "input": "4 11 16 19\n96",
            "output": "6"
        },
        {
            "input": "19 20\n30",
            "output": "-1"
        },
        {
            "input": "2 3 4\n72",
            "output": "18"
        },
        {
            "input": "1 5 6 18\n16",
            "output": "3"
        },
        {
            "input": "1 6 11 15 18\n59",
            "output": "4"
        },
        {
            "input": "2 5\n41",
            "output": "10"
        },
        {
            "input": "1 5 10\n70",
            "output": "7"
        },
        {
            "input": "3\n24",
            "output": "8"
        },
        {
            "input": "6 10 11 12\n41",
            "output": "4"
        },
        {
            "input": "1 6 17 19\n75",
            "output": "5"
        },
        {
            "input": "13\n51",
            "output": "-1"
        },
        {
            "input": "10 14 18\n4",
            "output": "-1"
        },
        {
            "input": "1 17\n96",
            "output": "16"
        },
        {
            "input": "5 7 11\n14",
            "output": "2"
        },
        {
            "input": "5 13 18\n95",
            "output": "6"
        },
        {
            "input": "6 10 17\n27",
            "output": "2"
        }
    ]
}