{
    "id": "container_with_most_water",
    "title": "Container With Most Water",
    "description": "Given n non-negative integers a1, a2, ..., an, where each represents a point at coordinate (i, ai). n vertical lines are drawn such that the two endpoints of the line i is at (i, ai) and (i, 0). Find two lines, which, together with the x-axis forms a container, such that the container contains the most water.",
    "input_format": "Space-separated integers representing the heights.",
    "output_format": "An integer representing the maximum volume of water.",
    "constraints": {
        "size": "2 <= n <= 10^5"
    },
    "judge_mode": "FIRST_FAIL",
    "time_limit": 1,
    "sample_test_cases": [
        {
            "input": "1 8 6 2 5 4 8 3 7",
            "output": "49"
        }
    ],
    "hidden_test_cases": [
        {
            "input": "6 15 2 8 6 4 5",
            "output": "30"
        },
        {
            "input": "10 12 11 4 6 12",
            "output": "50"
        },
        {
            "input": "3 15 9 9 6 7 3 7 1 6 2 1 11 7 12",
            "output": "156"
        },
        {
            "input": "10 8 11 10 9 8 4 9",
            "output": "63"
        },
        {
            "input": "10 15 3 13 4 8 3 5 3 9 8 13 8 10 9",
            "output": "130"
        },
        {
            "input": "14 13 11 5 15 2 12 9",
            "output": "72"
        },
        {
            "input": "2 7 8 9",
            "output": "14"
        },
        {
            "input": "15 4 4 14 14 5 15",
            "output": "90"
        },
        {
            "input": "3 2 6 4 14 5 8 5 15 9 5 7 14 4",
            "output": "112"
        },
        {
            "input": "1 9 1",
            "output": "2"
        },
        {
            "input": "5 2 9 1 2 10 10 9",
            "output": "45"
        },
        {
            "input": "10 15 14 13 10 1",
            "output": "40"
        },
        {
            "input": "11 5 5 1 9 9 8 7 2",
            "output": "49"
        },
        {
            "input": "4 11 15 13 10 11 6",
            "output": "44"
        },
        {
            "input": "10 2 2 2 7 2 2 12",
            "output": "70"
        },
        {
            "input": "1 6",
            "output": "1"
        },
        {
            "input": "10 7 6 6 5 7 1",
            "output": "35"
        },
        {
            "input": "3 13 9 7 6 12 10 11 5 1",
            "output": "66"
        },
        {
            "input": "4 2 3 11 6 15",
            "output": "22"
        },
        {
            "input": "13 3 7 15 15 6 8 5 4 3 10 5 10",
            "output": "120"
        },
        {
            "input": "7 7 15 9",
            "output": "21"
        },
        {
            "input": "15 9 13 3 11 14 13 4 5 2 10 3 2 2",
            "output": "100"
        },
        {
            "input": "14 11 14 6 14 10 1 4 14 1 3 8 10 12",
            "output": "156"
        },
        {
            "input": "10 11",
            "output": "10"
        },
        {
            "input": "12 11 5 1 10 8 1 6 13 6 12 12 5 7",
            "output": "132"
        },
        {
            "input": "4 2 2",
            "output": "4"
        },
        {
            "input": "5 7 11 6 14 8 15 1 6 11 6 8 9",
            "output": "90"
        },
        {
            "input": "1 14 12 4 10 3 6",
            "output": "30"
        },
        {
            "input": "5 9 1",
            "output": "5"
        },
        {
            "input": "13 14 2",
            "output": "13"
        },
        {
            "input": "14 8 1 14 6 9 10 15 14 15 14 15 6",
            "output": "154"
        },
        {
            "input": "12 2 8 4 15 1 10 8 6 1 10 7",
            "output": "100"
        },
        {
            "input": "11 10 9 3 14",
            "output": "44"
        },
        {
            "input": "12 13 6 14 11 14 11",
            "output": "66"
        },
        {
            "input": "15 3 6 4 2 11 7 2",
            "output": "55"
        },
        {
            "input": "5 6 4 15 5 11",
            "output": "25"
        },
        {
            "input": "1 7 1 3 15 13 6 3 15 3 15",
            "output": "90"
        },
        {
            "input": "5 3 14 4 1 6 11 7 6 6 13 5",
            "output": "104"
        },
        {
            "input": "1 9 8 1 2 15 6 12 5 10 2 6",
            "output": "72"
        },
        {
            "input": "10 15 14 3 5 3",
            "output": "20"
        },
        {
            "input": "14 3 11 13 6 3 6 4 5 6",
            "output": "54"
        },
        {
            "input": "7 13 3 2 13 15 13 3 15 5",
            "output": "91"
        },
        {
            "input": "15 14 7 4 13 12 10 8 11 14 3 4 13 3",
            "output": "156"
        },
        {
            "input": "8 14 6",
            "output": "12"
        },
        {
            "input": "8 12 3",
            "output": "8"
        },
        {
            "input": "4 13 10 10 1 14 8 13 11",
            "output": "78"
        },
        {
            "input": "5 7 14 11",
            "output": "15"
        },
        {
            "input": "6 1 5 2 4 15 13 9 6",
            "output": "48"
        },
        {
            "input": "12 6 2 12 6 9 7 14 4 15 1 10 6 1",
            "output": "110"
        },
        {
            "input": "12 1 10 5 9 9 1 2 1 8",
            "output": "72"
        },
        {
            "input": "9 9 1 4",
            "output": "12"
        },
        {
            "input": "1 9 13 6 5",
            "output": "15"
        },
        {
            "input": "14 11 1 9 15 1 15 3 4 3 14 11 15 2 8",
            "output": "168"
        },
        {
            "input": "1 5 5 10 7 5",
            "output": "20"
        },
        {
            "input": "10 15 5 12 13 2 5 9 8 7 8",
            "output": "80"
        },
        {
            "input": "7 10 15 12 4 1 6 13",
            "output": "65"
        },
        {
            "input": "14 5 6 4",
            "output": "12"
        },
        {
            "input": "8 9 5 14 2 4 13 9 12 2 10 15 8 13",
            "output": "130"
        },
        {
            "input": "5 9 13 3 2 9 14",
            "output": "52"
        },
        {
            "input": "6 7 8 7 12 11 4 13 4 6 12 11 2",
            "output": "77"
        },
        {
            "input": "6 9 13 9 3 2 12 6 8 8 5 2 10 12 1",
            "output": "132"
        },
        {
            "input": "9 4 7",
            "output": "14"
        },
        {
            "input": "1 4 5 14 6 5 4",
            "output": "20"
        },
        {
            "input": "11 6 2 10 11",
            "output": "44"
        },
        {
            "input": "15 4 1 3 9 10 2 11",
            "output": "77"
        },
        {
            "input": "2 6 8 3 2",
            "output": "8"
        },
        {
            "input": "15 2 1 7 13 5 4 12 4 8",
            "output": "84"
        },
        {
            "input": "4 11 5 6 10 10 9 5 3 12 7",
            "output": "88"
        },
        {
            "input": "10 13 8 9 14 3 13 10 9 6 13 3 7 12 14",
            "output": "169"
        },
        {
            "input": "4 5 10 15 1 7 2 2 10 1 10 9 14",
            "output": "126"
        },
        {
            "input": "4 7 5 6 5 12 2 9 12 12",
            "output": "56"
        },
        {
            "input": "14 2 5 5 14 9 14 6 4 12 8",
            "output": "108"
        },
        {
            "input": "15 8 10 7 3",
            "output": "21"
        },
        {
            "input": "3 14 15 3 2 7 8 10 14 8",
            "output": "98"
        },
        {
            "input": "6 3",
            "output": "3"
        },
        {
            "input": "7 11 9 7 12 11 9 2 1 9 3 2 6 5",
            "output": "72"
        },
        {
            "input": "13 12 5 12 12 14 7 12 15 4 1 9",
            "output": "104"
        },
        {
            "input": "9 6 2 14 4 11 7 10 12 3 5 13 10 6",
            "output": "108"
        },
        {
            "input": "15 4 7",
            "output": "14"
        },
        {
            "input": "15 14 4 15 15 11 10 15 2 7 1 10 9 4",
            "output": "110"
        },
        {
            "input": "2 15 11 14 15",
            "output": "45"
        },
        {
            "input": "11 1 7 12",
            "output": "33"
        },
        {
            "input": "1 6 15 14 10",
            "output": "20"
        },
        {
            "input": "12 8 11 7 8 15 2 3 11 4 2 11 15 5",
            "output": "144"
        },
        {
            "input": "3 1 4 14 8 4 2 11 12 14 8 8 13",
            "output": "117"
        },
        {
            "input": "6 6 11 12 5 2 2 1 2 12 2",
            "output": "77"
        },
        {
            "input": "3 13 6 3 2 12 4 9 15",
            "output": "91"
        },
        {
            "input": "14 15 10 3 11 11 2 11 13 3 7 14 11 3",
            "output": "154"
        },
        {
            "input": "12 12 13 10 10 15 6 10 6 4 15",
            "output": "120"
        },
        {
            "input": "9 6 10 4 1",
            "output": "18"
        },
        {
            "input": "3 12 5 8 5 11 9 11",
            "output": "66"
        },
        {
            "input": "8 6 7 4 6 8",
            "output": "40"
        },
        {
            "input": "4 9 12 15 10 8 12 14",
            "output": "60"
        },
        {
            "input": "11 11 3 14 3 8 4",
            "output": "40"
        },
        {
            "input": "7 8 15 2",
            "output": "14"
        },
        {
            "input": "6 15 7 5 14 7 1 10 10 1 4",
            "output": "70"
        },
        {
            "input": "12 10 9 6 8 4 9 5 10",
            "output": "80"
        },
        {
            "input": "7 2 9 8 5 12 5 12 5 8 12",
            "output": "72"
        },
        {
            "input": "13 10 5 14 9 12 2 5 11 13 3 10 15",
            "output": "156"
        },
        {
            "input": "2 15 12 13 9",
            "output": "27"
        },
        {
            "input": "1 7 14 3 6",
            "output": "18"
        },
        {
            "input": "14 7 11 7 2 8 14 11 8 5 5 4 15",
            "output": "168"
        },
        {
            "input": "2 6 9 13 12 7 8 13 13 5 8 13 13",
            "output": "117"
        },
        {
            "input": "7 12 6 3 1 14",
            "output": "48"
        },
        {
            "input": "3 6 7 8 9 10 8 3",
            "output": "30"
        },
        {
            "input": "15 8 11",
            "output": "22"
        },
        {
            "input": "7 1 4 9 11 12 7 3",
            "output": "42"
        },
        {
            "input": "3 2 2 2 13 13 4 11 10 5 7 12 5",
            "output": "84"
        },
        {
            "input": "15 15 10 9 3",
            "output": "27"
        },
        {
            "input": "10 3 6 6 7 3 6 14 14 8 11 8",
            "output": "100"
        },
        {
            "input": "3 5 15 15 4 9 2 6 1 11 8",
            "output": "77"
        },
        {
            "input": "4 12 5 3 8 12 4 2 6 7 3 10 3",
            "output": "100"
        },
        {
            "input": "3 6 13 7 14 11 11 13 4 8 8 2",
            "output": "65"
        },
        {
            "input": "10 4 11 5 11 8 7 13 7 2 3 2 14 13",
            "output": "130"
        },
        {
            "input": "4 10 2 11 4 6 4 7 2",
            "output": "42"
        },
        {
            "input": "8 4 3 1 15 3 3 8 13 13 15 2",
            "output": "90"
        },
        {
            "input": "15 9 11 13 7 4 3 8 10 15 8 11",
            "output": "135"
        },
        {
            "input": "6 6 15 5 3 2 3 12 4 9 12 12 12 14",
            "output": "154"
        },
        {
            "input": "2 6 10 7 3 10 6 5 9 15 4 2 11 11 8",
            "output": "110"
        },
        {
            "input": "3 2 6 2",
            "output": "6"
        },
        {
            "input": "1 6 2",
            "output": "2"
        },
        {
            "input": "3 5 4 12 5 4 3 1 9 5 9 13 9",
            "output": "96"
        },
        {
            "input": "3 15 13 13",
            "output": "26"
        },
        {
            "input": "15 11 10 8",
            "output": "24"
        },
        {
            "input": "11 5",
            "output": "5"
        },
        {
            "input": "11 13 10 7 5",
            "output": "21"
        },
        {
            "input": "3 9 11 3 9 14 8 3 10 2 4 10",
            "output": "90"
        },
        {
            "input": "8 10 12 6 1 10 10 15 13 4 3 2 13 3 7",
            "output": "120"
        },
        {
            "input": "11 8 8 4 15 12 3 15 2 10 11 6 12 15 5",
            "output": "143"
        },
        {
            "input": "13 2 12 3 12 13 5",
            "output": "65"
        },
        {
            "input": "12 4 9 8 9 15 14 14 12 13 1 11 10 10",
            "output": "130"
        },
        {
            "input": "5 3 6 11 7 11 4 6 11",
            "output": "55"
        },
        {
            "input": "5 12 6 1 5 5 4 6 14 15 14",
            "output": "108"
        },
        {
            "input": "11 3 3 10 15",
            "output": "44"
        },
        {
            "input": "11 12 10 10 6 7 9 7 1 7 4 2 14 3",
            "output": "132"
        },
        {
            "input": "14 6 1 5 11 11 3 7 7 3",
            "output": "56"
        },
        {
            "input": "15 3 10 13 6 12 2",
            "output": "60"
        },
        {
            "input": "14 2 3 1 5 7 15",
            "output": "84"
        },
        {
            "input": "5 10 4 4 11 10 12 14 8 1 12 5",
            "output": "90"
        },
        {
            "input": "6 2 7 10 3 5 3 1 1 14 14 6 7 1 9",
            "output": "99"
        },
        {
            "input": "6 10 6 4 1 7 8 3 9 8 3 1",
            "output": "64"
        },
        {
            "input": "2 15 10 5 15 11 5 3 7 1 2 14 8 8 5",
            "output": "140"
        },
        {
            "input": "3 8 7 14 9 3 13 14 2",
            "output": "56"
        },
        {
            "input": "5 6 6 14 15 5 8 1 5 1 15 2",
            "output": "98"
        },
        {
            "input": "5 13 8 1 10 12 8 11 9 9 14",
            "output": "117"
        },
        {
            "input": "15 3 13 2 11 10 1 5",
            "output": "50"
        },
        {
            "input": "15 15 9 3 10 1 1 5 6 13 2 8 15 3",
            "output": "180"
        },
        {
            "input": "3 3 1 6 2 2",
            "output": "10"
        },
        {
            "input": "13 5 12 13 8 2 13 12 5 5 7",
            "output": "84"
        },
        {
            "input": "7 1 9 2 12 5 10 8 2 11 8",
            "output": "70"
        },
        {
            "input": "6 2",
            "output": "2"
        },
        {
            "input": "3 8 3 10 6 6 3 15 6 10 9 12 1",
            "output": "80"
        },
        {
            "input": "11 4",
            "output": "4"
        },
        {
            "input": "7 3 2 10 11 7 12 10 12 9",
            "output": "63"
        },
        {
            "input": "3 6 10",
            "output": "6"
        },
        {
            "input": "5 14 15",
            "output": "14"
        },
        {
            "input": "8 2 12 13 9 14 6 9 8 15 12 10 7",
            "output": "96"
        },
        {
            "input": "10 3 13 3 4 8 15",
            "output": "60"
        },
        {
            "input": "5 10 14 13 1 1 11 5 9 1 1 7 14",
            "output": "140"
        },
        {
            "input": "14 4 4 13 3 11",
            "output": "55"
        },
        {
            "input": "8 5",
            "output": "5"
        },
        {
            "input": "6 5 10 2 7 1 12 1 2 15 13 1",
            "output": "80"
        },
        {
            "input": "8 1 7",
            "output": "14"
        },
        {
            "input": "14 3 6 13 11 13 2 5",
            "output": "65"
        },
        {
            "input": "7 15 5 8 8 2 8 11 2 9 9 2 6",
            "output": "81"
        },
        {
            "input": "1 12 2 6 4 9 1 1 3 14 15 15 8",
            "output": "120"
        },
        {
            "input": "9 12 6 13 12 12 3 6 9 7 8",
            "output": "80"
        },
        {
            "input": "4 4 5 10 7 9",
            "output": "20"
        },
        {
            "input": "3 6 2 12 11 15 3 5 12 1 13 4 14 10",
            "output": "108"
        },
        {
            "input": "12 13 7 14 3 7 10 14",
            "output": "84"
        },
        {
            "input": "1 12 4 8 5 15 2 14 12 2 7 7 12 2",
            "output": "132"
        },
        {
            "input": "5 7 2 14 2 4",
            "output": "20"
        },
        {
            "input": "8 8 9",
            "output": "16"
        },
        {
            "input": "1 12 11 6 13 13",
            "output": "48"
        },
        {
            "input": "4 3 12 13 3 15 5",
            "output": "36"
        },
        {
            "input": "6 4 8 3 10 13",
            "output": "30"
        },
        {
            "input": "3 10 7 8 6 10 10 5 9 15 4 4 8 5",
            "output": "88"
        },
        {
            "input": "6 3 8 6 6 2",
            "output": "24"
        },
        {
            "input": "13 6 4 5 13 5 12 6 4 15 1 10 9 15 5",
            "output": "169"
        },
        {
            "input": "5 10 6 9 1",
            "output": "18"
        },
        {
            "input": "10 14",
            "output": "10"
        },
        {
            "input": "5 1 9 10 12 3 1 3 13",
            "output": "54"
        },
        {
            "input": "11 4 4 15 13 14 3 10 10 1 13 1 3 5",
            "output": "110"
        },
        {
            "input": "12 7 4 1 2 10 4 8 10 15 5 13 3 7",
            "output": "132"
        },
        {
            "input": "15 9",
            "output": "9"
        },
        {
            "input": "12 10",
            "output": "10"
        },
        {
            "input": "15 1 15",
            "output": "30"
        },
        {
            "input": "15 11 9 9",
            "output": "27"
        },
        {
            "input": "10 15 7 15",
            "output": "30"
        },
        {
            "input": "10 5 5 1 5 12 3 7 13 4 2 13 10 1 13",
            "output": "140"
        },
        {
            "input": "2 14 9 9 3 3 6 8 6 10",
            "output": "80"
        },
        {
            "input": "10 5 11 13 13 14 10 7 12 15 10 11",
            "output": "110"
        },
        {
            "input": "1 13 13 15 7 13 15 10 11 4",
            "output": "77"
        },
        {
            "input": "9 12 5 10",
            "output": "27"
        },
        {
            "input": "15 8 5 10 9 8 9 15 7 10 6 11 11 2 9",
            "output": "132"
        },
        {
            "input": "14 3 5 7 4 15 15 15 3 15",
            "output": "126"
        },
        {
            "input": "15 6 10 11 12 6 10 11 7",
            "output": "77"
        },
        {
            "input": "3 12",
            "output": "3"
        },
        {
            "input": "9 10 9 3 6 8 2 15 13 12 4 4 4",
            "output": "81"
        },
        {
            "input": "14 3 3 8 11 5 6",
            "output": "44"
        },
        {
            "input": "5 2 12 13 3 11 15 3 10 2 7 8",
            "output": "72"
        },
        {
            "input": "15 13 9",
            "output": "18"
        },
        {
            "input": "11 14 8 10 5 3",
            "output": "30"
        },
        {
            "input": "3 4 9 5 13 13 14 3 3",
            "output": "36"
        },
        {
            "input": "3 2 7 10 11 2",
            "output": "14"
        },
        {
            "input": "1 14 10 12 8 3 7 3 2 7 1",
            "output": "56"
        },
        {
            "input": "1 12 15 12 2 12 2 15 9 14 7",
            "output": "98"
        },
        {
            "input": "4 10 12 11 2 3 15 2 6",
            "output": "50"
        },
        {
            "input": "11 8 5 6 1 4 4 9 12 14",
            "output": "99"
        },
        {
            "input": "10 13 10 7 8 13 15",
            "output": "65"
        },
        {
            "input": "9 13 13 1 10 5 10 6 13 1 3 15 3 13 11",
            "output": "156"
        },
        {
            "input": "12 10 2 14 15 13 2 10 10 8 7 7 10 14",
            "output": "156"
        },
        {
            "input": "2 13 13",
            "output": "13"
        },
        {
            "input": "15 10 14 12 13 7 3 10 8 6 2 13",
            "output": "143"
        },
        {
            "input": "15 13 1 11",
            "output": "33"
        },
        {
            "input": "1 6 5 1 11 5 14 1 8 8 14",
            "output": "66"
        },
        {
            "input": "3 8 14",
            "output": "8"
        },
        {
            "input": "4 6 1 15 8 5 15 7 15",
            "output": "75"
        },
        {
            "input": "15 7 4 5 10 11",
            "output": "55"
        },
        {
            "input": "6 1 8 15 14 7 2 14 11 4 13 2 7 7 10",
            "output": "110"
        },
        {
            "input": "1 11",
            "output": "1"
        },
        {
            "input": "12 1 13",
            "output": "24"
        },
        {
            "input": "7 14 15",
            "output": "14"
        },
        {
            "input": "6 1 12 1 7 2",
            "output": "24"
        },
        {
            "input": "6 7 14 11 10 6",
            "output": "30"
        },
        {
            "input": "7 4 1 3 14 5 13 9 5",
            "output": "49"
        },
        {
            "input": "5 3 1 14 2 5 11 7 3",
            "output": "35"
        },
        {
            "input": "10 2 5 12 13 11 13 11 15",
            "output": "80"
        },
        {
            "input": "10 3 15 10 8 12 2 11 6 4 8 15 2 11",
            "output": "135"
        },
        {
            "input": "12 3 6 5 3 1 11 9 15 5 4 12 7 8",
            "output": "132"
        },
        {
            "input": "2 4 1 2 9",
            "output": "12"
        },
        {
            "input": "14 8",
            "output": "8"
        },
        {
            "input": "1 15 12 10 13 9 5 9 3 6 11 8",
            "output": "99"
        },
        {
            "input": "14 5 15 12 12 13",
            "output": "65"
        },
        {
            "input": "5 2 5 9 2 10 13 6 10 10",
            "output": "54"
        },
        {
            "input": "9 9 13 14 9",
            "output": "36"
        },
        {
            "input": "13 14 10 15 2 7 7 4 9 10 3 11 15",
            "output": "156"
        },
        {
            "input": "4 4",
            "output": "4"
        },
        {
            "input": "2 5 5 11 5 5 10 4 13 8",
            "output": "55"
        },
        {
            "input": "8 4 3 9 14 14 7 1 13 5 3 2 13 11 5",
            "output": "104"
        },
        {
            "input": "7 13 10 10",
            "output": "21"
        },
        {
            "input": "11 8 13 4 8 11 10 4 6 3 13 8 3 11 13",
            "output": "156"
        },
        {
            "input": "8 10 13 14 14 3 5",
            "output": "32"
        },
        {
            "input": "2 11 10 1 3 9 12 10",
            "output": "60"
        },
        {
            "input": "6 4 10 1 10 8",
            "output": "30"
        },
        {
            "input": "7 14",
            "output": "7"
        },
        {
            "input": "2 8 9 14 15",
            "output": "24"
        },
        {
            "input": "12 15 6 11 9 1 7 13 3 5 15 14 13 13 5",
            "output": "156"
        },
        {
            "input": "2 6 9 13 10 14",
            "output": "27"
        },
        {
            "input": "5 13",
            "output": "5"
        },
        {
            "input": "8 8 6 5 4 12 4 2 10 2 2 12 13 12 3",
            "output": "104"
        },
        {
            "input": "3 9 11 3 1 13 10 10 12 10 1 6 5 2",
            "output": "72"
        },
        {
            "input": "3 9 7 6 14 3 3 2",
            "output": "27"
        },
        {
            "input": "3 9 2 8 13 8 6",
            "output": "32"
        },
        {
            "input": "6 13 6 12 15 8 9 8 2 3 7 8",
            "output": "80"
        },
        {
            "input": "13 13 3 4 2 6 9 9 12 8",
            "output": "96"
        },
        {
            "input": "14 7 8 4",
            "output": "16"
        },
        {
            "input": "12 10 13",
            "output": "24"
        },
        {
            "input": "11 5 4 5 6 14 13 9 3",
            "output": "66"
        },
        {
            "input": "11 12 10 1 5 8 15 15 3 7 3 5 6 5 4",
            "output": "77"
        },
        {
            "input": "12 7 2 10 6 7 4 2",
            "output": "35"
        },
        {
            "input": "1 2 5 14 11 13 9 15 15 12 11 9 9 4",
            "output": "81"
        },
        {
            "input": "2 6 13",
            "output": "6"
        },
        {
            "input": "11 11 8 7 10 9 5 14",
            "output": "77"
        },
        {
            "input": "5 10 15 8 8 7 5 13 2 14 7 8 4 7",
            "output": "98"
        },
        {
            "input": "1 9 7 11 14 7 8 6 5 8 12 10",
            "output": "90"
        },
        {
            "input": "14 3",
            "output": "3"
        },
        {
            "input": "4 14 6 10 1 7",
            "output": "28"
        },
        {
            "input": "7 15",
            "output": "7"
        },
        {
            "input": "11 1",
            "output": "1"
        },
        {
            "input": "4 1 4 8 11 10 12 12 8 2",
            "output": "40"
        },
        {
            "input": "6 5 2 15 14 9",
            "output": "30"
        },
        {
            "input": "15 7 5 9 8 8",
            "output": "40"
        },
        {
            "input": "3 12 11 10 13 9 9 12 8",
            "output": "72"
        },
        {
            "input": "12 7 3",
            "output": "7"
        },
        {
            "input": "7 3 12 9 11 14 10 8 3 5 9 9 7 6 13",
            "output": "144"
        },
        {
            "input": "15 14 1 1 7 3 11 2",
            "output": "66"
        },
        {
            "input": "5 2 1 7 7 8",
            "output": "25"
        },
        {
            "input": "14 8 2 8 6 14 14 4 6 5 13",
            "output": "130"
        },
        {
            "input": "13 8 2",
            "output": "8"
        },
        {
            "input": "7 12 9 5 1 4 13 13",
            "output": "72"
        },
        {
            "input": "3 2",
            "output": "2"
        },
        {
            "input": "12 12",
            "output": "12"
        },
        {
            "input": "15 13 6 1 15 9 6 9 11 3 7 15 5 8 3",
            "output": "165"
        },
        {
            "input": "10 5",
            "output": "5"
        },
        {
            "input": "6 7",
            "output": "6"
        },
        {
            "input": "12 14 8 6 13 6 14 10 2 14 5 4 12 5",
            "output": "144"
        },
        {
            "input": "9 10",
            "output": "9"
        },
        {
            "input": "7 14 10 3 1 3 1 4 4 9 12 9 1 15 5",
            "output": "168"
        },
        {
            "input": "3 5 13 7 11 8 4 1 12 3",
            "output": "72"
        },
        {
            "input": "8 9 15 15 1 3 2 12 9 5 11 7 15",
            "output": "150"
        },
        {
            "input": "6 15 14 5 6",
            "output": "24"
        },
        {
            "input": "10 14 11 6 5 1 12 1",
            "output": "60"
        },
        {
            "input": "1 13 2 6 12 1 5 1 9 3 6 12 12 14",
            "output": "156"
        },
        {
            "input": "4 5 3 2 14 14 2 9 12 4 1 9 13 12",
            "output": "108"
        },
        {
            "input": "8 4 2 3",
            "output": "9"
        },
        {
            "input": "1 15 2 4 15 9 11",
            "output": "55"
        },
        {
            "input": "13 3 12 5 8 2 2 4 13 15",
            "output": "117"
        },
        {
            "input": "8 14 1 14 5 10 14 4 3",
            "output": "70"
        },
        {
            "input": "3 4 1 1 6 7 11 14 6 11 4 4 13",
            "output": "66"
        },
        {
            "input": "15 1 14 10 15 1 3 5 2 14 4 2",
            "output": "126"
        },
        {
            "input": "9 14 10 10 13",
            "output": "39"
        },
        {
            "input": "9 6 4 8 9 9 3",
            "output": "45"
        },
        {
            "input": "5 12 9 8",
            "output": "16"
        },
        {
            "input": "13 4 15 6 11 8 15 14 10 11 14 13",
            "output": "143"
        },
        {
            "input": "8 6 7 14 13 10 10 10 4",
            "output": "56"
        },
        {
            "input": "8 15 1 5 1 13 3 4 9 12 14 4 14",
            "output": "154"
        },
        {
            "input": "11 7 12 3 15 4 7 2",
            "output": "44"
        },
        {
            "input": "13 5 15 13 5 2 8 12 15 12 8 15 12 3 9",
            "output": "144"
        },
        {
            "input": "9 1 2",
            "output": "4"
        },
        {
            "input": "15 4 2 6 13 13 2 3 13 4",
            "output": "104"
        },
        {
            "input": "15 14 2 4 7 11 2 4 9 6 2 7 9",
            "output": "108"
        },
        {
            "input": "2 6",
            "output": "2"
        },
        {
            "input": "11 9 6 2 6 1 9 2",
            "output": "54"
        },
        {
            "input": "9 14 14 6",
            "output": "18"
        },
        {
            "input": "14 5 7 1 1 3 2 12 7 8",
            "output": "84"
        },
        {
            "input": "3 12 7 3 15 14 6 7 7 15 9",
            "output": "96"
        },
        {
            "input": "13 6 10 10 9 12",
            "output": "60"
        },
        {
            "input": "8 13",
            "output": "8"
        },
        {
            "input": "12 10 10 15 5 6 12 4 13 11 15",
            "output": "120"
        },
        {
            "input": "5 14 3 4 3 15 2 5 10 2 6",
            "output": "70"
        },
        {
            "input": "14 8 5 6 6 10 11 13 2 13 10",
            "output": "117"
        },
        {
            "input": "9 13 1 1 12 9",
            "output": "45"
        },
        {
            "input": "7 13 14 3 15 12 8",
            "output": "48"
        },
        {
            "input": "6 15",
            "output": "6"
        },
        {
            "input": "1 13",
            "output": "1"
        },
        {
            "input": "11 10 13 2 8 3 5 13 11 5 1 8 15 1 7",
            "output": "132"
        },
        {
            "input": "12 3 6 15 14",
            "output": "48"
        },
        {
            "input": "2 11 10 11 1 10 12 5 3 11 9 13",
            "output": "110"
        },
        {
            "input": "12 11 14 2 14 7 7 15 15 4 3",
            "output": "96"
        },
        {
            "input": "11 2 7 3 2 15 15 6",
            "output": "66"
        },
        {
            "input": "12 5 3",
            "output": "6"
        },
        {
            "input": "9 5",
            "output": "5"
        },
        {
            "input": "12 6 10 8 13 2 6 6 13 5 1 11 9 13",
            "output": "156"
        },
        {
            "input": "8 6 3 8 15",
            "output": "32"
        },
        {
            "input": "6 6 6 4 8 7",
            "output": "30"
        },
        {
            "input": "4 14 13 8 4 3 2",
            "output": "16"
        },
        {
            "input": "12 11 15 1 6 4 8 6 10 2 9 8 2 3 4",
            "output": "90"
        },
        {
            "input": "6 5 5 6 9 2 12 15 8 13",
            "output": "54"
        },
        {
            "input": "15 13 1 4 13 2",
            "output": "52"
        },
        {
            "input": "9 4 8 2",
            "output": "16"
        },
        {
            "input": "11 5 15",
            "output": "22"
        },
        {
            "input": "14 1 12 12 9 11 2 15 6",
            "output": "98"
        },
        {
            "input": "8 5 5 10 7 7 2 1 1 3 9",
            "output": "80"
        },
        {
            "input": "3 3 11 11 5 11 6 6 4 10 1",
            "output": "70"
        },
        {
            "input": "10 14 7 11 9 7",
            "output": "36"
        },
        {
            "input": "6 13 3 15",
            "output": "26"
        },
        {
            "input": "8 10 8 11 5 3 6",
            "output": "36"
        },
        {
            "input": "11 6 14 15 10 7 13",
            "output": "66"
        },
        {
            "input": "6 8 6",
            "output": "12"
        },
        {
            "input": "13 12 7 6 15 7 5 9 10 5",
            "output": "80"
        },
        {
            "input": "15 14 3 14 8 13",
            "output": "65"
        },
        {
            "input": "7 6 15 15 13 9 6 8 2 2 2 1 3",
            "output": "49"
        },
        {
            "input": "6 12 14 2 5 1 13 12 9 4 2 1 4",
            "output": "72"
        },
        {
            "input": "14 5 14",
            "output": "28"
        },
        {
            "input": "5 15",
            "output": "5"
        },
        {
            "input": "4 11 7 9 9 14 11",
            "output": "55"
        },
        {
            "input": "11 5 8 14 10 1",
            "output": "40"
        },
        {
            "input": "9 15 15 10 5 12",
            "output": "48"
        },
        {
            "input": "3 15 11 8 7",
            "output": "21"
        },
        {
            "input": "9 7 9 13 1 14 10 12 5 5 14 1",
            "output": "91"
        },
        {
            "input": "6 4 6 4 4 7 14 5 3 6 14 10 8",
            "output": "72"
        },
        {
            "input": "15 11 7 13 10 13 8 9 3 1 5 12 10 12",
            "output": "156"
        },
        {
            "input": "3 13 7 8 9 3 12 6 2 13 13 3",
            "output": "117"
        },
        {
            "input": "15 15 11 9 3 5 2 6 10",
            "output": "80"
        },
        {
            "input": "1 15 10",
            "output": "10"
        },
        {
            "input": "12 12 4 8 1 14 11 12 14 1 1 10 4 6",
            "output": "110"
        },
        {
            "input": "11 11 10 13 2 5 7 3 14 1 4 9 5",
            "output": "99"
        },
        {
            "input": "12 14 15",
            "output": "24"
        },
        {
            "input": "4 13 4 11 7 2 3 2 10 13 15 3 5 14",
            "output": "156"
        },
        {
            "input": "2 1",
            "output": "1"
        },
        {
            "input": "9 14 3 1 13 12 8 7 3 5 11 11 7 13 10",
            "output": "156"
        },
        {
            "input": "9 13",
            "output": "9"
        },
        {
            "input": "9 11 3 12 6 3 11 12 2 5 10 5 13 7 5",
            "output": "121"
        },
        {
            "input": "1 8 10 10 5 12 6 9",
            "output": "48"
        },
        {
            "input": "12 2 5 9 12 9 12 11 15 2 14 15 8 5",
            "output": "132"
        },
        {
            "input": "13 12 5 9 10 7",
            "output": "40"
        },
        {
            "input": "12 8",
            "output": "8"
        },
        {
            "input": "4 3 8",
            "output": "8"
        },
        {
            "input": "10 5 13 2 12 7 10 9 10 4 11 6 6 13 8",
            "output": "143"
        },
        {
            "input": "15 8 1 12 3 2 11 6 15 10 4",
            "output": "120"
        },
        {
            "input": "5 14 11 8 7 4 12",
            "output": "60"
        },
        {
            "input": "14 7 2 7 4 8 6 8 7 5 5 2 11",
            "output": "132"
        },
        {
            "input": "10 14 7 3 2",
            "output": "14"
        },
        {
            "input": "8 1 9 11 5 3 13 15 12 7",
            "output": "64"
        },
        {
            "input": "8 11 1 11 1 2 12 7 15",
            "output": "77"
        },
        {
            "input": "7 14 4 8 10 3 1 15 6 5 15 9 6 5",
            "output": "126"
        },
        {
            "input": "12 4 12 4 14 7 14 11",
            "output": "77"
        },
        {
            "input": "6 1 8",
            "output": "12"
        },
        {
            "input": "7 7 14 11 6 7 3 14 12",
            "output": "72"
        },
        {
            "input": "1 6 10 15 11 7 14 7 10 14 4 5 15 5",
            "output": "135"
        },
        {
            "input": "13 13 14 8 10 2",
            "output": "40"
        },
        {
            "input": "1 1 4 12 7",
            "output": "8"
        },
        {
            "input": "3 7 1 9 14 1 2 4 5",
            "output": "35"
        },
        {
            "input": "13 4 12 4 15",
            "output": "52"
        },
        {
            "input": "9 2 11 13 2 11 12 1 9 9 4 11 14 1 6",
            "output": "117"
        },
        {
            "input": "9 10 2 10 4 4 12 6",
            "output": "54"
        },
        {
            "input": "14 9 12 10 9 1 5 13 11 3 11 2 2",
            "output": "110"
        },
        {
            "input": "8 1 2",
            "output": "4"
        },
        {
            "input": "3 11 12 11 8 2 1",
            "output": "24"
        },
        {
            "input": "3 1 2 10 11 4 4 2",
            "output": "18"
        },
        {
            "input": "2 3 6 15 12 8 2 6 7 10 10 5 1 14 15",
            "output": "165"
        },
        {
            "input": "8 6 9 14 4 2",
            "output": "24"
        },
        {
            "input": "12 1 9 8 8 15 7 3 3 13",
            "output": "108"
        },
        {
            "input": "8 12 12 12 9 12 2 9",
            "output": "56"
        },
        {
            "input": "2 9 12 2 14 12 1 13 3 4 3 14 2 2",
            "output": "108"
        },
        {
            "input": "13 11 4 11 5 8 7 2 2 15 8 6 15 9",
            "output": "156"
        },
        {
            "input": "7 12 5 11 15 11 2 1 3 9",
            "output": "72"
        },
        {
            "input": "2 4 14 5 14 3 5 9 11 15",
            "output": "98"
        },
        {
            "input": "12 15 8 4 6 1 10 6 14 6 12 13 10 1 12",
            "output": "168"
        },
        {
            "input": "2 15 14 11 4 13 4 2 8 5 4 14 15 4 5",
            "output": "165"
        },
        {
            "input": "11 14 2 13 15 3 5 8",
            "output": "56"
        },
        {
            "input": "4 1 15 8 2 14 11 5 5 3 14 4 4 11",
            "output": "121"
        },
        {
            "input": "10 15",
            "output": "10"
        },
        {
            "input": "2 14 3 9 3 6 2 14 10 15 4 9 8 3",
            "output": "112"
        },
        {
            "input": "14 8 4 13 8 11",
            "output": "55"
        },
        {
            "input": "6 2 2 3 10 11 11 8 15 9 12 5",
            "output": "60"
        },
        {
            "input": "6 14 11 5 12 5 2 14 14 13 7 7 6",
            "output": "104"
        },
        {
            "input": "5 6 2 8 9 1",
            "output": "20"
        },
        {
            "input": "1 11 11 7 12 6 8",
            "output": "40"
        },
        {
            "input": "13 10 3",
            "output": "10"
        },
        {
            "input": "9 11 15 6 12 2 15 6 10",
            "output": "72"
        },
        {
            "input": "14 10 4 9",
            "output": "27"
        },
        {
            "input": "1 4 5 4 7 13 12 3 13",
            "output": "39"
        },
        {
            "input": "15 11 9 14 11 1 5 6 3 9",
            "output": "81"
        },
        {
            "input": "14 4 10 14 15 6 11",
            "output": "66"
        },
        {
            "input": "12 13 1 14 5 4 4 1 4 7 11 3 10",
            "output": "120"
        },
        {
            "input": "15 3 10 7 6 2",
            "output": "24"
        },
        {
            "input": "9 1 1 9 2 2 5 11 8 8 3",
            "output": "72"
        },
        {
            "input": "13 2 4 3 12 15 1 3 9 5 7",
            "output": "72"
        },
        {
            "input": "1 5 5 13 14 9 15",
            "output": "39"
        },
        {
            "input": "9 8 9 3 15 7 9 15 6 15 11 6 1 10 2",
            "output": "117"
        },
        {
            "input": "13 3 11 3 12 13 8 4 5 15",
            "output": "117"
        },
        {
            "input": "14 11 4 2 3 11 3 5 12",
            "output": "96"
        },
        {
            "input": "11 13 4 13 9 14 5",
            "output": "55"
        },
        {
            "input": "7 6 2 13 12 9 5 11 14 8 8",
            "output": "70"
        },
        {
            "input": "2 14 4 10 5 1 6 5",
            "output": "30"
        },
        {
            "input": "10 1 3 7 12 13 13 14",
            "output": "70"
        },
        {
            "input": "10 9 8 7 9 8 10",
            "output": "60"
        },
        {
            "input": "11 13 4 12 15 10 14 13 1 9 14 10 3 14 13",
            "output": "169"
        },
        {
            "input": "1 6 1 3 11 6 3 3 14 9 2",
            "output": "48"
        },
        {
            "input": "12 2 14 13 12 5 13 11 2 15 12",
            "output": "120"
        },
        {
            "input": "4 14 13 8 10 13 9 7 4 9 14 1 8 3 15",
            "output": "182"
        },
        {
            "input": "11 7 11 8 1 4 1 5 1 14 7",
            "output": "99"
        },
        {
            "input": "10 4 13 8 2 7 14 15 8 9 15 9 6 5 10",
            "output": "140"
        },
        {
            "input": "4 13 15 10 13 9 1 5 11 15 1 2 15",
            "output": "150"
        },
        {
            "input": "2 9 14 5 1 10 13 11 5 3 13 10 2",
            "output": "104"
        },
        {
            "input": "6 14 4 2",
            "output": "8"
        },
        {
            "input": "7 1 14 3 1 9 8 6 10 5",
            "output": "60"
        },
        {
            "input": "2 4 12",
            "output": "4"
        },
        {
            "input": "14 11 3 1 2 5 7 7 5 7 5",
            "output": "63"
        },
        {
            "input": "10 9 7 10 10 15 7",
            "output": "50"
        },
        {
            "input": "14 6 9 6",
            "output": "18"
        },
        {
            "input": "15 5 11 3 13 11",
            "output": "55"
        },
        {
            "input": "3 3 8 5 4 4 11 2",
            "output": "32"
        },
        {
            "input": "5 4 7 2 4 4 4 9 9 9 9 13 8 10 13",
            "output": "84"
        },
        {
            "input": "7 12 8 12 11 5 6 5 9 11",
            "output": "88"
        },
        {
            "input": "4 15 1 7 9 14 3 13 3 4 7 2",
            "output": "78"
        },
        {
            "input": "2 2",
            "output": "2"
        },
        {
            "input": "3 4 4 13",
            "output": "9"
        },
        {
            "input": "12 5 7 2",
            "output": "14"
        },
        {
            "input": "10 7 3",
            "output": "7"
        },
        {
            "input": "15 4 10 15 7 14",
            "output": "70"
        },
        {
            "input": "3 13 8",
            "output": "8"
        },
        {
            "input": "5 5 1 1 14 5",
            "output": "25"
        },
        {
            "input": "12 2 15 5 2",
            "output": "24"
        },
        {
            "input": "14 3 12 2 4 9 7 6 8 12 8 12 12 12 3",
            "output": "156"
        },
        {
            "input": "12 9 13 9",
            "output": "27"
        },
        {
            "input": "6 3 1 5 6 15 5 14 7 14 7",
            "output": "60"
        },
        {
            "input": "3 4 3 15 14 12 5 2 12 9 15 9",
            "output": "105"
        },
        {
            "input": "8 7 15 6 11 8 4 12 14 7 7 13 5",
            "output": "117"
        },
        {
            "input": "2 12",
            "output": "2"
        },
        {
            "input": "3 7 1 1",
            "output": "3"
        },
        {
            "input": "2 7 1 14 6 12 4 15 12 15 7 9 8 10 2",
            "output": "100"
        },
        {
            "input": "6 1 15 2",
            "output": "12"
        },
        {
            "input": "14 11 12 11 10 2 11 9 9 11 3 1",
            "output": "99"
        },
        {
            "input": "7 1",
            "output": "1"
        },
        {
            "input": "3 13 7 12 11 11 4",
            "output": "44"
        },
        {
            "input": "2 15 15 6 1",
            "output": "15"
        },
        {
            "input": "3 7 11",
            "output": "7"
        },
        {
            "input": "8 6 2 12 9 13 9",
            "output": "48"
        },
        {
            "input": "6 11 15 9 12 5 1 4 13 7",
            "output": "78"
        },
        {
            "input": "8 14 9 1 2 11 13 3 9",
            "output": "65"
        },
        {
            "input": "15 2 2 6 11 6 9 4 13 1",
            "output": "104"
        },
        {
            "input": "7 3",
            "output": "3"
        },
        {
            "input": "4 12",
            "output": "4"
        },
        {
            "input": "2 15 14 6",
            "output": "14"
        },
        {
            "input": "2 3 12 14 9 3 7 12 13 13",
            "output": "84"
        },
        {
            "input": "15 14 1 10 3 6 6 2 12 6 13 11",
            "output": "130"
        },
        {
            "input": "10 2 4 14 15 5 11 8 8 15 10 3 8 15 5",
            "output": "140"
        },
        {
            "input": "12 7 5 2 9 11 7 14",
            "output": "84"
        },
        {
            "input": "13 9 12 10 14 6",
            "output": "52"
        },
        {
            "input": "2 1 12 5 5 7 2 2 3 3",
            "output": "21"
        },
        {
            "input": "15 1 8 11 11 9 12 14 1 8 7 12 5",
            "output": "132"
        },
        {
            "input": "8 3",
            "output": "3"
        },
        {
            "input": "2 9 2 10 14 14 13 10 1 8 1 13 4 10",
            "output": "108"
        },
        {
            "input": "8 13 4 7 14 1 3 14",
            "output": "78"
        },
        {
            "input": "12 7",
            "output": "7"
        },
        {
            "input": "6 7 14 1 11 11 6 3 5",
            "output": "40"
        },
        {
            "input": "2 2 14 3 11 4 14 13 2 3 5 15 8",
            "output": "126"
        }
    ]
}