{
    "id": "count_consonants",
    "title": "Count Consonants",
    "description": "Count the number of consonants in a given lowercase string.",
    "input_format": "A single string of lowercase English letters.",
    "output_format": "An integer representing the count of consonants.",
    "constraints": {
        "string length": "1 <= length <= 100"
    },
    "judge_mode": "FIRST_FAIL",
    "time_limit": 1,
    "sample_test_cases": [
        {
            "input": "hello",
            "output": "3"
        },
        {
            "input": "aeiou",
            "output": "0"
        }
    ],
    "hidden_test_cases": [
        {
            "input": "uayluoacohhikhfanu",
            "output": "9"
        },
        {
            "input": "pktsuqttsqhc",
            "output": "11"
        },
        {
            "input": "nnegmzbbut",
            "output": "8"
        },
        {
            "input": "bzbrt",
            "output": "5"
        },
        {
            "input": "otqzvqrxklhpytqjtehs",
            "output": "18"
        },
        {
            "input": "qucnukzgi",
            "output": "6"
        },
        {
            "input": "shwdmcwyjzc",
            "output": "11"
        },
        {
            "input": "fupxgtul",
            "output": "6"
        },
        {
            "input": "zcmpucemgamfhqebbg",
            "output": "14"
        },
        {
            "input": "qtfseopez",
            "output": "6"
        },
        {
            "input": "jvhunttyzis",
            "output": "9"
        },
        {
            "input": "psryldnczogargssuwul",
            "output": "16"
        },
        {
            "input": "fjfukaj",
            "output": "5"
        },
        {
            "input": "gfnqtdahndu",
            "output": "9"
        },
        {
            "input": "dzjwvsvadonf",
            "output": "10"
        },
        {
            "input": "yqstpsimdiijjqxkemka",
            "output": "15"
        },
        {
            "input": "mckqnechr",
            "output": "8"
        },
        {
            "input": "uqjwbitez",
            "output": "6"
        },
        {
            "input": "pqrjwqsi",
            "output": "7"
        },
        {
            "input": "vaidtrvnmoil",
            "output": "8"
        },
        {
            "input": "mldgpi",
            "output": "5"
        },
        {
            "input": "oljflcvtfymoqiievwh",
            "output": "14"
        },
        {
            "input": "zqqrevn",
            "output": "6"
        },
        {
            "input": "xmqspucolp",
            "output": "8"
        },
        {
            "input": "rqwdjgyybvj",
            "output": "11"
        },
        {
            "input": "zajljxeicwq",
            "output": "8"
        },
        {
            "input": "ckklfqhuoyudkinqvhpy",
            "output": "16"
        },
        {
            "input": "rdovglqypgnccbxod",
            "output": "15"
        },
        {
            "input": "lqvxauog",
            "output": "5"
        },
        {
            "input": "ssguiqwavfqkwbokzul",
            "output": "14"
        },
        {
            "input": "cytxvn",
            "output": "6"
        },
        {
            "input": "qnjpkkmpowaxhxcflcie",
            "output": "16"
        },
        {
            "input": "gtgpwnhwwhxuco",
            "output": "12"
        },
        {
            "input": "cznefkhquteb",
            "output": "9"
        },
        {
            "input": "wozuopqpidpukmf",
            "output": "10"
        },
        {
            "input": "ugsfxed",
            "output": "5"
        },
        {
            "input": "rudxsdkykshaafmin",
            "output": "13"
        },
        {
            "input": "ptwqj",
            "output": "5"
        },
        {
            "input": "zltvnjycrjeitx",
            "output": "12"
        },
        {
            "input": "qcjffs",
            "output": "6"
        },
        {
            "input": "jxahfcelgvhnbphyty",
            "output": "16"
        },
        {
            "input": "ntzmlfmzygn",
            "output": "11"
        },
        {
            "input": "syafz",
            "output": "4"
        },
        {
            "input": "xzhdfpwfyizjzc",
            "output": "13"
        },
        {
            "input": "tmosmvhdibznu",
            "output": "10"
        },
        {
            "input": "fsdsnewayaxvrv",
            "output": "11"
        },
        {
            "input": "mzxkysvexrtao",
            "output": "10"
        },
        {
            "input": "outbjsfwqnewn",
            "output": "10"
        },
        {
            "input": "oadxdzti",
            "output": "5"
        },
        {
            "input": "nxdcaasbriahhyvzzg",
            "output": "14"
        },
        {
            "input": "wzbeyukqv",
            "output": "7"
        },
        {
            "input": "duffajivvhkfbpm",
            "output": "12"
        },
        {
            "input": "lkzdiopyanaw",
            "output": "8"
        },
        {
            "input": "etfoi",
            "output": "2"
        },
        {
            "input": "tprhpiqrgbnjqywgthkd",
            "output": "19"
        },
        {
            "input": "hloxtedhek",
            "output": "7"
        },
        {
            "input": "gyccp",
            "output": "5"
        },
        {
            "input": "gewzqyipvfhiknhyxm",
            "output": "15"
        },
        {
            "input": "zxjqrayiikikxwyd",
            "output": "12"
        },
        {
            "input": "fgbhbx",
            "output": "6"
        },
        {
            "input": "ozjhxksiqffgrwza",
            "output": "13"
        },
        {
            "input": "ukxfuowrrbnwqc",
            "output": "11"
        },
        {
            "input": "aicsdot",
            "output": "4"
        },
        {
            "input": "alxhcgmj",
            "output": "7"
        },
        {
            "input": "ksvcnq",
            "output": "6"
        },
        {
            "input": "izaidnsptzoe",
            "output": "7"
        },
        {
            "input": "sycyuwfedqoviefdzldl",
            "output": "15"
        },
        {
            "input": "pzfxszraxpzejekkvq",
            "output": "15"
        },
        {
            "input": "xdkplqhupvcu",
            "output": "10"
        },
        {
            "input": "wsmyxwipzlptjhte",
            "output": "14"
        },
        {
            "input": "nsljrqmst",
            "output": "9"
        },
        {
            "input": "hzvtbvq",
            "output": "7"
        },
        {
            "input": "mwklepbtgnyxz",
            "output": "12"
        },
        {
            "input": "kiffdskwtcewgoplpz",
            "output": "15"
        },
        {
            "input": "gwhibfn",
            "output": "6"
        },
        {
            "input": "dzszhw",
            "output": "6"
        },
        {
            "input": "lprottcem",
            "output": "7"
        },
        {
            "input": "rmyimfrihwaqbto",
            "output": "11"
        },
        {
            "input": "dbsmrxuk",
            "output": "7"
        },
        {
            "input": "vugxijhh",
            "output": "6"
        },
        {
            "input": "fqheqrxbqgefsqye",
            "output": "13"
        },
        {
            "input": "fnqjvwnluiln",
            "output": "10"
        },
        {
            "input": "orijdwqqjxvfqcc",
            "output": "13"
        },
        {
            "input": "vpuvxlkrphdnvg",
            "output": "13"
        },
        {
            "input": "fmhueidkamzp",
            "output": "8"
        },
        {
            "input": "xnwtkvybqzw",
            "output": "11"
        },
        {
            "input": "zeaftf",
            "output": "4"
        },
        {
            "input": "xeako",
            "output": "2"
        },
        {
            "input": "cccialdfhulvhrpj",
            "output": "13"
        },
        {
            "input": "sfefgwca",
            "output": "6"
        },
        {
            "input": "jtubapqdgat",
            "output": "8"
        },
        {
            "input": "tvtlw",
            "output": "5"
        },
        {
            "input": "zwxtywmiyz",
            "output": "9"
        },
        {
            "input": "itbbu",
            "output": "3"
        },
        {
            "input": "uaaggfsu",
            "output": "4"
        },
        {
            "input": "ixxgbl",
            "output": "5"
        },
        {
            "input": "kdmaisid",
            "output": "5"
        },
        {
            "input": "uaesaupgjaqh",
            "output": "6"
        },
        {
            "input": "kttea",
            "output": "3"
        },
        {
            "input": "dwfizjqsr",
            "output": "8"
        },
        {
            "input": "itucweopq",
            "output": "5"
        },
        {
            "input": "scrsnaywqvoue",
            "output": "9"
        },
        {
            "input": "jdgctlzcfuomfmi",
            "output": "12"
        },
        {
            "input": "hzhjeejgaj",
            "output": "7"
        },
        {
            "input": "mpjwwnvvjjbisgcyc",
            "output": "16"
        },
        {
            "input": "rpntmtjxkjjgxwhe",
            "output": "15"
        },
        {
            "input": "eddez",
            "output": "3"
        },
        {
            "input": "qtduxtnahvyhciuedf",
            "output": "13"
        },
        {
            "input": "pdfhjpanrwsyyk",
            "output": "13"
        },
        {
            "input": "xmowinmokumvqoz",
            "output": "10"
        },
        {
            "input": "sizncgzovkgorbba",
            "output": "12"
        },
        {
            "input": "bcbnsa",
            "output": "5"
        },
        {
            "input": "cyljlunytmrwr",
            "output": "12"
        },
        {
            "input": "azrdpggjbpxzfs",
            "output": "13"
        },
        {
            "input": "zvfsoqunocjv",
            "output": "9"
        },
        {
            "input": "csjyeiwkryrxs",
            "output": "11"
        },
        {
            "input": "ulotdjiguq",
            "output": "6"
        },
        {
            "input": "agayec",
            "output": "3"
        },
        {
            "input": "bxaec",
            "output": "3"
        },
        {
            "input": "yuknaprfssnixxb",
            "output": "12"
        },
        {
            "input": "wemvlnq",
            "output": "6"
        },
        {
            "input": "nootnkik",
            "output": "5"
        },
        {
            "input": "xtrgwseafqhpffw",
            "output": "13"
        },
        {
            "input": "jsyufydavrijqls",
            "output": "12"
        },
        {
            "input": "ezhxnifnnpkxwlcf",
            "output": "14"
        },
        {
            "input": "nhcnzvigscwyjmfyall",
            "output": "17"
        },
        {
            "input": "fychz",
            "output": "5"
        },
        {
            "input": "sadokoshzilotjtod",
            "output": "11"
        },
        {
            "input": "iwiwgfggt",
            "output": "7"
        },
        {
            "input": "ncprtwngsezety",
            "output": "12"
        },
        {
            "input": "pfazeueiw",
            "output": "4"
        },
        {
            "input": "emfny",
            "output": "4"
        },
        {
            "input": "efxfultcnw",
            "output": "8"
        },
        {
            "input": "icgiybfsflszffr",
            "output": "13"
        },
        {
            "input": "rzlhgfdhzw",
            "output": "10"
        },
        {
            "input": "guzfnpurekjitath",
            "output": "11"
        },
        {
            "input": "trtvkommzacbs",
            "output": "11"
        },
        {
            "input": "dldbpwdudsnwlnwtns",
            "output": "17"
        },
        {
            "input": "pettssed",
            "output": "6"
        },
        {
            "input": "ptvjhyoeycmyp",
            "output": "11"
        },
        {
            "input": "atwvubbuwyiaiucof",
            "output": "9"
        },
        {
            "input": "papjtuthzpdck",
            "output": "11"
        },
        {
            "input": "chrqxzsvngkus",
            "output": "12"
        },
        {
            "input": "zqgbmqeuhf",
            "output": "8"
        },
        {
            "input": "odstfqfvbfqmuemrq",
            "output": "14"
        },
        {
            "input": "auugxnejw",
            "output": "5"
        },
        {
            "input": "cbqyzkdczqrjappoa",
            "output": "14"
        },
        {
            "input": "mkxjmgfulnxil",
            "output": "11"
        },
        {
            "input": "jsacvyqrq",
            "output": "8"
        },
        {
            "input": "rjbjj",
            "output": "5"
        },
        {
            "input": "cnvncswecskdi",
            "output": "11"
        },
        {
            "input": "vrojsmzjg",
            "output": "8"
        },
        {
            "input": "jvoeuu",
            "output": "2"
        },
        {
            "input": "gfpflgablzhvbjiohndd",
            "output": "17"
        },
        {
            "input": "iboew",
            "output": "2"
        },
        {
            "input": "qnvlcniqmpwl",
            "output": "11"
        },
        {
            "input": "jytbdtdhf",
            "output": "9"
        },
        {
            "input": "tplmx",
            "output": "5"
        },
        {
            "input": "dcqvrhtvkfew",
            "output": "11"
        },
        {
            "input": "rngwljfqdvykn",
            "output": "13"
        },
        {
            "input": "nonddresanarf",
            "output": "9"
        },
        {
            "input": "shraxsmiqf",
            "output": "8"
        },
        {
            "input": "rcpeci",
            "output": "4"
        },
        {
            "input": "fvfrrpavfvvxfjrk",
            "output": "15"
        },
        {
            "input": "kgnnltenod",
            "output": "8"
        },
        {
            "input": "lcicettimdmiekcwqbox",
            "output": "14"
        },
        {
            "input": "yxodcctfphlwqdy",
            "output": "14"
        },
        {
            "input": "hlokkssjhv",
            "output": "9"
        },
        {
            "input": "dljoyy",
            "output": "5"
        },
        {
            "input": "duooiuazfjq",
            "output": "5"
        },
        {
            "input": "gvaitejryrphabihmpm",
            "output": "14"
        },
        {
            "input": "mzngjaph",
            "output": "7"
        },
        {
            "input": "nmwmcig",
            "output": "6"
        },
        {
            "input": "gzzznuee",
            "output": "5"
        },
        {
            "input": "abdimqayy",
            "output": "6"
        },
        {
            "input": "bajjyojtwlmvt",
            "output": "11"
        },
        {
            "input": "elgmhif",
            "output": "5"
        },
        {
            "input": "okvhtsyljwbhtc",
            "output": "13"
        },
        {
            "input": "ihahzuffmjpkxgrqk",
            "output": "14"
        },
        {
            "input": "lbldvkpmaqjsabhd",
            "output": "14"
        },
        {
            "input": "ogorflvezbgpxmiyw",
            "output": "13"
        },
        {
            "input": "judtfetxch",
            "output": "8"
        },
        {
            "input": "shcaphj",
            "output": "6"
        },
        {
            "input": "urkeqduk",
            "output": "5"
        },
        {
            "input": "uthmaddjvrwdrtpngczq",
            "output": "18"
        },
        {
            "input": "kyrjuegtrdedtyeq",
            "output": "12"
        },
        {
            "input": "scewzn",
            "output": "5"
        },
        {
            "input": "wzavdbkhszjyhqsreyv",
            "output": "17"
        },
        {
            "input": "deryrdbx",
            "output": "7"
        },
        {
            "input": "hfvoetddmc",
            "output": "8"
        },
        {
            "input": "laotovh",
            "output": "4"
        },
        {
            "input": "allxhskalbz",
            "output": "9"
        },
        {
            "input": "wmkwkzvdiij",
            "output": "9"
        },
        {
            "input": "mnnewwkkhuofivwzpcac",
            "output": "15"
        },
        {
            "input": "yynlvikkj",
            "output": "8"
        },
        {
            "input": "hkldynzq",
            "output": "8"
        },
        {
            "input": "bpmdasnt",
            "output": "7"
        },
        {
            "input": "kevjwonsaye",
            "output": "7"
        },
        {
            "input": "iuzrznotsuuf",
            "output": "7"
        },
        {
            "input": "shlskxwvpmzusfmqia",
            "output": "15"
        },
        {
            "input": "grncqbivpgxnadf",
            "output": "13"
        },
        {
            "input": "cigqtcknvrgntabpqcbf",
            "output": "18"
        },
        {
            "input": "qxmbcoydhvjmhqc",
            "output": "14"
        },
        {
            "input": "zrdwttpmupfrr",
            "output": "12"
        },
        {
            "input": "fedlyjql",
            "output": "7"
        },
        {
            "input": "drfwfwbvh",
            "output": "9"
        },
        {
            "input": "urisydmqvccuxn",
            "output": "11"
        },
        {
            "input": "tkvxngoqs",
            "output": "8"
        },
        {
            "input": "hmnzok",
            "output": "5"
        },
        {
            "input": "pztcfjhhkbyeqeu",
            "output": "12"
        },
        {
            "input": "mzwqyjhplhvlrxg",
            "output": "15"
        },
        {
            "input": "mzcfuqteyboxjbhekevz",
            "output": "15"
        },
        {
            "input": "pvwbmphrcnvyvf",
            "output": "14"
        },
        {
            "input": "yerolbagun",
            "output": "6"
        },
        {
            "input": "ilqwizelj",
            "output": "6"
        },
        {
            "input": "issgizsfxgottbcfy",
            "output": "14"
        },
        {
            "input": "zkmhokluwegxzgbavr",
            "output": "14"
        },
        {
            "input": "qanycdqsosrdc",
            "output": "11"
        },
        {
            "input": "zegulqlgeoetgvldmxv",
            "output": "14"
        },
        {
            "input": "yqjmmpjglnihfitpfdnw",
            "output": "18"
        },
        {
            "input": "wedial",
            "output": "3"
        },
        {
            "input": "gfemoyhcd",
            "output": "7"
        },
        {
            "input": "svaszclvtifjqn",
            "output": "12"
        },
        {
            "input": "glcgknvcyddmqmlkrq",
            "output": "18"
        },
        {
            "input": "xnrmpxpo",
            "output": "7"
        },
        {
            "input": "dwemayvfylzvnugsj",
            "output": "14"
        },
        {
            "input": "bnbdxbjwnyidflpyxajc",
            "output": "18"
        },
        {
            "input": "oobrofndivzsuvclg",
            "output": "12"
        },
        {
            "input": "madkewwl",
            "output": "6"
        },
        {
            "input": "hpiieepajilty",
            "output": "7"
        },
        {
            "input": "ktnscohlgwqr",
            "output": "11"
        },
        {
            "input": "owbgotbpggxqzq",
            "output": "12"
        },
        {
            "input": "cwlhyrq",
            "output": "7"
        },
        {
            "input": "zlcspcrjgra",
            "output": "10"
        },
        {
            "input": "flnbkaxubdvmsodbti",
            "output": "14"
        },
        {
            "input": "luwpbogmmmjwrzl",
            "output": "13"
        },
        {
            "input": "fiqbfy",
            "output": "5"
        },
        {
            "input": "sahpcssxkluwuldlj",
            "output": "14"
        },
        {
            "input": "iujmnrvsziancipn",
            "output": "11"
        },
        {
            "input": "rwvraldbott",
            "output": "9"
        },
        {
            "input": "avhsfezzwfkdpk",
            "output": "12"
        },
        {
            "input": "lrncwzqggbsyhagi",
            "output": "14"
        },
        {
            "input": "vkkpfgudyhah",
            "output": "10"
        },
        {
            "input": "mtikga",
            "output": "4"
        },
        {
            "input": "nyxunvczeaufbajmtxt",
            "output": "14"
        },
        {
            "input": "bvvxegcdmrejvrhcwpjc",
            "output": "18"
        },
        {
            "input": "qbwcpse",
            "output": "6"
        },
        {
            "input": "wlxdwceaqcididscdg",
            "output": "14"
        },
        {
            "input": "ilsfnpbfupzrtqjvigd",
            "output": "16"
        },
        {
            "input": "ehimdheguu",
            "output": "5"
        },
        {
            "input": "hkfuotzaskvqadnjd",
            "output": "13"
        },
        {
            "input": "rrpsvlgncnztik",
            "output": "13"
        },
        {
            "input": "wbcmtzlwajkonksc",
            "output": "14"
        },
        {
            "input": "ejvtmlqabxeyzhp",
            "output": "12"
        },
        {
            "input": "arhaqzskm",
            "output": "7"
        },
        {
            "input": "lczcois",
            "output": "5"
        },
        {
            "input": "peykn",
            "output": "4"
        },
        {
            "input": "pqyaakdoczdn",
            "output": "9"
        },
        {
            "input": "tjbhaiuolextf",
            "output": "8"
        },
        {
            "input": "gruxxkrqrvtv",
            "output": "11"
        },
        {
            "input": "mxyevcdjbuzlxthjyx",
            "output": "16"
        },
        {
            "input": "dbozemrvd",
            "output": "7"
        },
        {
            "input": "rliagdknn",
            "output": "7"
        },
        {
            "input": "pxlmbbkwqe",
            "output": "9"
        },
        {
            "input": "digommeuvpnvn",
            "output": "9"
        },
        {
            "input": "rqgpkpxbdzxcxee",
            "output": "13"
        },
        {
            "input": "juecclgmrfj",
            "output": "9"
        },
        {
            "input": "obashgkhekgnhgjlla",
            "output": "14"
        },
        {
            "input": "ftkbmymcrhocgylrhl",
            "output": "17"
        },
        {
            "input": "opwrbhhz",
            "output": "7"
        },
        {
            "input": "coofelaxpfsparznrl",
            "output": "13"
        },
        {
            "input": "lvapdkflccwtjumwlkk",
            "output": "17"
        },
        {
            "input": "mbkshrpqqxkkmzziihj",
            "output": "17"
        },
        {
            "input": "xgtrd",
            "output": "5"
        },
        {
            "input": "losjbowsmqgfoue",
            "output": "10"
        },
        {
            "input": "qscjmbhkv",
            "output": "9"
        },
        {
            "input": "tvpdeqbgqycmns",
            "output": "13"
        },
        {
            "input": "wmgxxobjllddfcttc",
            "output": "16"
        },
        {
            "input": "phveujjodrlavg",
            "output": "10"
        },
        {
            "input": "bsynljzxvljjyr",
            "output": "14"
        },
        {
            "input": "wjrwqycfpwtmkzihpylw",
            "output": "19"
        },
        {
            "input": "zwfaxkmztwcsokpwjo",
            "output": "15"
        },
        {
            "input": "bnjgsnrwsrjxrkvygix",
            "output": "18"
        },
        {
            "input": "lseixhiadosl",
            "output": "7"
        },
        {
            "input": "imucxo",
            "output": "3"
        },
        {
            "input": "mstzezpdtqhxhwem",
            "output": "14"
        },
        {
            "input": "yuyzmddgzenkehqwljc",
            "output": "16"
        },
        {
            "input": "djoxmmjpkkma",
            "output": "10"
        },
        {
            "input": "zcpylqasbw",
            "output": "9"
        },
        {
            "input": "dmdikluzaylcp",
            "output": "10"
        },
        {
            "input": "ploazfw",
            "output": "5"
        },
        {
            "input": "evjnctcstivw",
            "output": "10"
        },
        {
            "input": "dkcqo",
            "output": "4"
        },
        {
            "input": "upaipib",
            "output": "3"
        },
        {
            "input": "dizntnbkkrwoc",
            "output": "11"
        },
        {
            "input": "xgtsatqcbovchgb",
            "output": "13"
        },
        {
            "input": "tuclkvyp",
            "output": "7"
        },
        {
            "input": "edjbnovoimdhtksz",
            "output": "12"
        },
        {
            "input": "yyqixfasvnvtfpgyez",
            "output": "15"
        },
        {
            "input": "zknepi",
            "output": "4"
        },
        {
            "input": "qnenebuwuay",
            "output": "6"
        },
        {
            "input": "ssizmdqcqdnatrd",
            "output": "13"
        },
        {
            "input": "lwfnftls",
            "output": "8"
        },
        {
            "input": "amuswngejpremsncgj",
            "output": "14"
        },
        {
            "input": "pzvqkbemzuo",
            "output": "8"
        },
        {
            "input": "nsgid",
            "output": "4"
        },
        {
            "input": "mkrqabkxyjobazfiuzd",
            "output": "14"
        },
        {
            "input": "ebzqscta",
            "output": "6"
        },
        {
            "input": "sqlzjvmlakyru",
            "output": "11"
        },
        {
            "input": "ltuxcgn",
            "output": "6"
        },
        {
            "input": "vbzem",
            "output": "4"
        },
        {
            "input": "uthiisvbjnvm",
            "output": "9"
        },
        {
            "input": "mjbim",
            "output": "4"
        },
        {
            "input": "rebmwbkvpd",
            "output": "9"
        },
        {
            "input": "kjocdojwpjjf",
            "output": "10"
        },
        {
            "input": "zdjghmhhipxtofaiuagr",
            "output": "14"
        },
        {
            "input": "eobljosyopoordpps",
            "output": "11"
        },
        {
            "input": "qnmbnxlt",
            "output": "8"
        },
        {
            "input": "nhwyqdhldcopaozp",
            "output": "13"
        },
        {
            "input": "zpcudyknerv",
            "output": "9"
        },
        {
            "input": "pqufdipzurshtm",
            "output": "11"
        },
        {
            "input": "dwdoioiulj",
            "output": "5"
        },
        {
            "input": "klwqsdisfdxmlh",
            "output": "13"
        },
        {
            "input": "noshvgbgwawwkgf",
            "output": "13"
        },
        {
            "input": "bxutzolzcvcpme",
            "output": "11"
        },
        {
            "input": "kyhayw",
            "output": "5"
        },
        {
            "input": "qdkrddi",
            "output": "6"
        },
        {
            "input": "xxsrqi",
            "output": "5"
        },
        {
            "input": "rrkswowrbl",
            "output": "9"
        },
        {
            "input": "vtinhk",
            "output": "5"
        },
        {
            "input": "qeouwfuaynndev",
            "output": "8"
        },
        {
            "input": "rjgxjwetb",
            "output": "8"
        },
        {
            "input": "boqzmzxdeq",
            "output": "8"
        },
        {
            "input": "ienyomitgoehc",
            "output": "7"
        },
        {
            "input": "amnoonrsnycdh",
            "output": "10"
        },
        {
            "input": "rjgvhcxjkiga",
            "output": "10"
        },
        {
            "input": "mzwyfhucevsjl",
            "output": "11"
        },
        {
            "input": "hvbfnihxc",
            "output": "8"
        },
        {
            "input": "igtat",
            "output": "3"
        },
        {
            "input": "qtrkjvpm",
            "output": "8"
        },
        {
            "input": "snvpzky",
            "output": "7"
        },
        {
            "input": "pncgzf",
            "output": "6"
        },
        {
            "input": "wcqken",
            "output": "5"
        },
        {
            "input": "kvpiqedquf",
            "output": "7"
        },
        {
            "input": "daqmht",
            "output": "5"
        },
        {
            "input": "lyvauaouesqau",
            "output": "5"
        },
        {
            "input": "ssnmwskiwvbxxhr",
            "output": "14"
        },
        {
            "input": "zczklvak",
            "output": "7"
        },
        {
            "input": "wfcfiev",
            "output": "5"
        },
        {
            "input": "azfwldvbqj",
            "output": "9"
        },
        {
            "input": "qjnxvmjqfpsehkebapvz",
            "output": "17"
        },
        {
            "input": "ghpyeefdgmae",
            "output": "8"
        },
        {
            "input": "lbgmuyiatw",
            "output": "7"
        },
        {
            "input": "fviumx",
            "output": "4"
        },
        {
            "input": "ihjtzgqryvpt",
            "output": "11"
        },
        {
            "input": "kdvllix",
            "output": "6"
        },
        {
            "input": "jpsrhctcmksone",
            "output": "12"
        },
        {
            "input": "seapeiueneeonhouartl",
            "output": "8"
        },
        {
            "input": "iyjwqcrfanopvebyj",
            "output": "13"
        },
        {
            "input": "yonnoeooepnrcwndfdhm",
            "output": "14"
        },
        {
            "input": "heqfrariq",
            "output": "6"
        },
        {
            "input": "bryvqhynguyg",
            "output": "11"
        },
        {
            "input": "jdnypwknmrqmaewgjg",
            "output": "16"
        },
        {
            "input": "fbxjjyhuiuuovcjsmtgn",
            "output": "15"
        },
        {
            "input": "yrsivuvbfjoctqv",
            "output": "12"
        },
        {
            "input": "csgiyru",
            "output": "5"
        },
        {
            "input": "qixgrwtjvgrston",
            "output": "13"
        },
        {
            "input": "bujnecwfjhdnqa",
            "output": "11"
        },
        {
            "input": "fummybgmk",
            "output": "8"
        },
        {
            "input": "qilacfwjoz",
            "output": "7"
        },
        {
            "input": "vrdjympsgbfwynoqo",
            "output": "15"
        },
        {
            "input": "wqnrnhpzzxnnn",
            "output": "13"
        },
        {
            "input": "zhlpcxdmkzjapo",
            "output": "12"
        },
        {
            "input": "dmenomoto",
            "output": "5"
        },
        {
            "input": "hyanrpqhxxbxb",
            "output": "12"
        },
        {
            "input": "elbbhqefkfqpbhwrkoma",
            "output": "16"
        },
        {
            "input": "yzyljwhxjmqxekoe",
            "output": "13"
        },
        {
            "input": "tiatirfoy",
            "output": "5"
        },
        {
            "input": "aafelgxwbkjbuilahg",
            "output": "12"
        },
        {
            "input": "kfjwyoyrvklzece",
            "output": "12"
        },
        {
            "input": "thnbhxyfbdkirtxqbmjt",
            "output": "19"
        },
        {
            "input": "wmcnqpmudct",
            "output": "10"
        },
        {
            "input": "ovxfcphlf",
            "output": "8"
        },
        {
            "input": "wvpcymlbmrna",
            "output": "11"
        },
        {
            "input": "gjahjqjubmzsy",
            "output": "11"
        },
        {
            "input": "bchqwepkyudfmemhth",
            "output": "15"
        },
        {
            "input": "ntfbmooagtyvubyvi",
            "output": "12"
        },
        {
            "input": "qsobwmdlqpxvmtl",
            "output": "14"
        },
        {
            "input": "skuxhklcmilfaqu",
            "output": "11"
        },
        {
            "input": "gzfruflqlf",
            "output": "9"
        },
        {
            "input": "obzeedtxhff",
            "output": "8"
        },
        {
            "input": "wixsmfxze",
            "output": "7"
        },
        {
            "input": "zcwclsoyjhfknf",
            "output": "13"
        },
        {
            "input": "dhxgqxcwkyiysjlfih",
            "output": "16"
        },
        {
            "input": "klwsvssyadwmwiv",
            "output": "13"
        },
        {
            "input": "wgxsgawsjmhjsjwbm",
            "output": "16"
        },
        {
            "input": "snrkjaucfdlj",
            "output": "10"
        },
        {
            "input": "scvjziffkcp",
            "output": "10"
        },
        {
            "input": "ckuqfqbnjwlsqrrz",
            "output": "15"
        },
        {
            "input": "lasyofw",
            "output": "5"
        },
        {
            "input": "nwedjfcbcswtqvgcjte",
            "output": "17"
        },
        {
            "input": "mxeghflbpdimjmp",
            "output": "13"
        },
        {
            "input": "ebseu",
            "output": "2"
        },
        {
            "input": "ukmvgmcqvih",
            "output": "9"
        },
        {
            "input": "ljmox",
            "output": "4"
        },
        {
            "input": "sshrelf",
            "output": "6"
        },
        {
            "input": "blpcbegsrudqhwif",
            "output": "13"
        },
        {
            "input": "baysu",
            "output": "3"
        },
        {
            "input": "beohotg",
            "output": "4"
        },
        {
            "input": "wmynojtrakrtmn",
            "output": "12"
        },
        {
            "input": "wpyqeavpiicphhwtagpg",
            "output": "15"
        },
        {
            "input": "mtiecbhqgqadxndwejy",
            "output": "15"
        },
        {
            "input": "mswoxftcaogkjgdykt",
            "output": "15"
        },
        {
            "input": "oirgp",
            "output": "3"
        },
        {
            "input": "lkdpxzrf",
            "output": "8"
        },
        {
            "input": "nccma",
            "output": "4"
        },
        {
            "input": "jnyeioeva",
            "output": "4"
        },
        {
            "input": "wvrmcfjgx",
            "output": "9"
        },
        {
            "input": "yjugcnbnspux",
            "output": "10"
        },
        {
            "input": "ykebyaodoomjmzy",
            "output": "10"
        },
        {
            "input": "mqbczcrcbx",
            "output": "10"
        },
        {
            "input": "tfahwbofdc",
            "output": "8"
        },
        {
            "input": "wlenjusumuwryyqagd",
            "output": "13"
        },
        {
            "input": "curtentgzsakxxtm",
            "output": "13"
        },
        {
            "input": "eqobxzlhirrtexej",
            "output": "11"
        },
        {
            "input": "slzlgmtcdsfpmyzml",
            "output": "17"
        },
        {
            "input": "fsvudpmdpdiqsoivzo",
            "output": "13"
        },
        {
            "input": "ylgsmp",
            "output": "6"
        },
        {
            "input": "nugpskzfzgazheuy",
            "output": "12"
        },
        {
            "input": "cchmpqtqpr",
            "output": "10"
        },
        {
            "input": "lcymuuuzry",
            "output": "7"
        },
        {
            "input": "vkhhnntlbhopcyrbbf",
            "output": "17"
        },
        {
            "input": "qswtul",
            "output": "5"
        },
        {
            "input": "oxzxjowtnbjqfozvik",
            "output": "14"
        },
        {
            "input": "coawuxhflolykf",
            "output": "10"
        },
        {
            "input": "ptwfghyiublar",
            "output": "10"
        },
        {
            "input": "zriddvdlpour",
            "output": "9"
        },
        {
            "input": "nrhjmkyqycqbz",
            "output": "13"
        },
        {
            "input": "rlgdmpeufga",
            "output": "8"
        },
        {
            "input": "zcysuj",
            "output": "5"
        },
        {
            "input": "ucllmbxjj",
            "output": "8"
        },
        {
            "input": "fjdqdz",
            "output": "6"
        },
        {
            "input": "xinig",
            "output": "3"
        },
        {
            "input": "hnfuqeeezr",
            "output": "6"
        },
        {
            "input": "llqfbtchoubcf",
            "output": "11"
        },
        {
            "input": "jebfcq",
            "output": "5"
        },
        {
            "input": "itactls",
            "output": "5"
        },
        {
            "input": "baybgjgxat",
            "output": "8"
        },
        {
            "input": "djkmepfxbf",
            "output": "9"
        },
        {
            "input": "emwfhxqxmjlfsguwvpm",
            "output": "17"
        },
        {
            "input": "ksyqd",
            "output": "5"
        },
        {
            "input": "moovrtoloealxwke",
            "output": "9"
        },
        {
            "input": "shpxnptkxsqmgo",
            "output": "13"
        },
        {
            "input": "zututkoxnmgensfyxi",
            "output": "13"
        },
        {
            "input": "pauxqtnlrxdqmsktvne",
            "output": "16"
        },
        {
            "input": "xlrrggqvddu",
            "output": "10"
        },
        {
            "input": "sclkgrzybwhm",
            "output": "12"
        },
        {
            "input": "mnrbtaekwjyv",
            "output": "10"
        },
        {
            "input": "cjjfnsthhqklcp",
            "output": "14"
        },
        {
            "input": "idzrrcwacvabjntiezo",
            "output": "13"
        },
        {
            "input": "orgrmjijxfi",
            "output": "8"
        },
        {
            "input": "xxvet",
            "output": "4"
        },
        {
            "input": "zampbwizhgjzolgiqgnk",
            "output": "16"
        },
        {
            "input": "felcrbdcmi",
            "output": "8"
        },
        {
            "input": "noqhbczdxiowedjjwz",
            "output": "14"
        },
        {
            "input": "eurukc",
            "output": "3"
        },
        {
            "input": "slgdkpilhdxchyfk",
            "output": "15"
        },
        {
            "input": "cxclld",
            "output": "6"
        },
        {
            "input": "yfgygpxcytpkotmj",
            "output": "15"
        },
        {
            "input": "jfztfbhont",
            "output": "9"
        },
        {
            "input": "xhoiozmr",
            "output": "5"
        },
        {
            "input": "qvoswrtxvntwrpluz",
            "output": "15"
        },
        {
            "input": "gcgfmxwhsxeokwcem",
            "output": "14"
        },
        {
            "input": "ojwyqkvhqhljmbzfqxlr",
            "output": "19"
        },
        {
            "input": "gakoipewttgqo",
            "output": "8"
        },
        {
            "input": "hbywwutwpmrllw",
            "output": "13"
        },
        {
            "input": "dnrjenmmmhaivohkmkg",
            "output": "15"
        },
        {
            "input": "xtrlfmdorqvqczdwijl",
            "output": "17"
        },
        {
            "input": "iayzx",
            "output": "3"
        },
        {
            "input": "rpzrgmxr",
            "output": "8"
        },
        {
            "input": "yfweslsbwfo",
            "output": "9"
        },
        {
            "input": "axxvuhlia",
            "output": "5"
        },
        {
            "input": "tnwface",
            "output": "5"
        },
        {
            "input": "yihbfdnwpexidhp",
            "output": "12"
        },
        {
            "input": "setrsnpildaaywhy",
            "output": "12"
        },
        {
            "input": "qiagujslmhswkxvjmej",
            "output": "15"
        },
        {
            "input": "jclurcssl",
            "output": "8"
        },
        {
            "input": "tgdflclmv",
            "output": "9"
        },
        {
            "input": "jzoreydyl",
            "output": "7"
        },
        {
            "input": "dqlroicnltwp",
            "output": "10"
        },
        {
            "input": "wsprqvprmelxi",
            "output": "11"
        },
        {
            "input": "bxqblddabrdmyfce",
            "output": "14"
        },
        {
            "input": "auuwkykllxrjhodllie",
            "output": "13"
        },
        {
            "input": "wezvvmpj",
            "output": "7"
        },
        {
            "input": "xhbhnzkent",
            "output": "9"
        },
        {
            "input": "cejbljvin",
            "output": "7"
        },
        {
            "input": "snptwz",
            "output": "6"
        },
        {
            "input": "yldkygcjkieezevqcx",
            "output": "14"
        },
        {
            "input": "ljngyppxvswmhqiy",
            "output": "15"
        },
        {
            "input": "ecniraztls",
            "output": "7"
        }
    ]
}