{
    "id": "count_set_bits",
    "title": "Count Set Bits",
    "description": "Count the number of set bits (1s) in the binary representation of a given integer N.",
    "input_format": "A single integer N.",
    "output_format": "An integer representing the number of set bits.",
    "constraints": {
        "N": "0 <= N <= 10^9"
    },
    "judge_mode": "FIRST_FAIL",
    "time_limit": 1,
    "sample_test_cases": [
        {
            "input": "7",
            "output": "3"
        },
        {
            "input": "16",
            "output": "1"
        }
    ],
    "hidden_test_cases": [
        {
            "input": "2641",
            "output": "5"
        },
        {
            "input": "1512",
            "output": "6"
        },
        {
            "input": "5231",
            "output": "8"
        },
        {
            "input": "531",
            "output": "4"
        },
        {
            "input": "5979",
            "output": "9"
        },
        {
            "input": "2099",
            "output": "5"
        },
        {
            "input": "5430",
            "output": "7"
        },
        {
            "input": "9525",
            "output": "7"
        },
        {
            "input": "133",
            "output": "3"
        },
        {
            "input": "7160",
            "output": "9"
        },
        {
            "input": "7220",
            "output": "6"
        },
        {
            "input": "4899",
            "output": "6"
        },
        {
            "input": "3611",
            "output": "7"
        },
        {
            "input": "6724",
            "output": "5"
        },
        {
            "input": "1667",
            "output": "5"
        },
        {
            "input": "5129",
            "output": "4"
        },
        {
            "input": "2038",
            "output": "9"
        },
        {
            "input": "5018",
            "output": "7"
        },
        {
            "input": "4199",
            "output": "6"
        },
        {
            "input": "6298",
            "output": "6"
        },
        {
            "input": "7734",
            "output": "8"
        },
        {
            "input": "2479",
            "output": "8"
        },
        {
            "input": "8500",
            "output": "5"
        },
        {
            "input": "3015",
            "output": "8"
        },
        {
            "input": "29",
            "output": "4"
        },
        {
            "input": "9576",
            "output": "6"
        },
        {
            "input": "5596",
            "output": "8"
        },
        {
            "input": "9537",
            "output": "5"
        },
        {
            "input": "789",
            "output": "5"
        },
        {
            "input": "7132",
            "output": "9"
        },
        {
            "input": "7565",
            "output": "8"
        },
        {
            "input": "6019",
            "output": "7"
        },
        {
            "input": "8290",
            "output": "4"
        },
        {
            "input": "1079",
            "output": "6"
        },
        {
            "input": "2477",
            "output": "7"
        },
        {
            "input": "4708",
            "output": "5"
        },
        {
            "input": "1821",
            "output": "7"
        },
        {
            "input": "889",
            "output": "7"
        },
        {
            "input": "651",
            "output": "5"
        },
        {
            "input": "5834",
            "output": "7"
        },
        {
            "input": "1037",
            "output": "4"
        },
        {
            "input": "4295",
            "output": "6"
        },
        {
            "input": "2062",
            "output": "4"
        },
        {
            "input": "5696",
            "output": "4"
        },
        {
            "input": "2847",
            "output": "8"
        },
        {
            "input": "8463",
            "output": "6"
        },
        {
            "input": "6385",
            "output": "7"
        },
        {
            "input": "6140",
            "output": "10"
        },
        {
            "input": "4752",
            "output": "4"
        },
        {
            "input": "1780",
            "output": "7"
        },
        {
            "input": "4662",
            "output": "6"
        },
        {
            "input": "5059",
            "output": "7"
        },
        {
            "input": "2387",
            "output": "6"
        },
        {
            "input": "1506",
            "output": "6"
        },
        {
            "input": "495",
            "output": "8"
        },
        {
            "input": "5815",
            "output": "9"
        },
        {
            "input": "562",
            "output": "4"
        },
        {
            "input": "4822",
            "output": "7"
        },
        {
            "input": "4322",
            "output": "5"
        },
        {
            "input": "3941",
            "output": "8"
        },
        {
            "input": "7730",
            "output": "7"
        },
        {
            "input": "7821",
            "output": "8"
        },
        {
            "input": "2887",
            "output": "7"
        },
        {
            "input": "8050",
            "output": "9"
        },
        {
            "input": "2447",
            "output": "7"
        },
        {
            "input": "2992",
            "output": "6"
        },
        {
            "input": "284",
            "output": "4"
        },
        {
            "input": "2543",
            "output": "9"
        },
        {
            "input": "3947",
            "output": "9"
        },
        {
            "input": "9687",
            "output": "9"
        },
        {
            "input": "3816",
            "output": "7"
        },
        {
            "input": "942",
            "output": "7"
        },
        {
            "input": "3080",
            "output": "3"
        },
        {
            "input": "1880",
            "output": "6"
        },
        {
            "input": "6974",
            "output": "9"
        },
        {
            "input": "2946",
            "output": "5"
        },
        {
            "input": "8769",
            "output": "4"
        },
        {
            "input": "8761",
            "output": "6"
        },
        {
            "input": "8220",
            "output": "4"
        },
        {
            "input": "8259",
            "output": "4"
        },
        {
            "input": "7550",
            "output": "10"
        },
        {
            "input": "5111",
            "output": "10"
        },
        {
            "input": "2554",
            "output": "8"
        },
        {
            "input": "3195",
            "output": "8"
        },
        {
            "input": "9846",
            "output": "8"
        },
        {
            "input": "3892",
            "output": "7"
        },
        {
            "input": "8292",
            "output": "4"
        },
        {
            "input": "9756",
            "output": "6"
        },
        {
            "input": "1256",
            "output": "5"
        },
        {
            "input": "4631",
            "output": "6"
        },
        {
            "input": "7708",
            "output": "7"
        },
        {
            "input": "4813",
            "output": "7"
        },
        {
            "input": "2587",
            "output": "6"
        },
        {
            "input": "3401",
            "output": "6"
        },
        {
            "input": "4782",
            "output": "7"
        },
        {
            "input": "781",
            "output": "5"
        },
        {
            "input": "7929",
            "output": "10"
        },
        {
            "input": "7131",
            "output": "10"
        },
        {
            "input": "4641",
            "output": "4"
        },
        {
            "input": "4321",
            "output": "5"
        },
        {
            "input": "8815",
            "output": "8"
        },
        {
            "input": "7682",
            "output": "5"
        },
        {
            "input": "7949",
            "output": "8"
        },
        {
            "input": "7549",
            "output": "10"
        },
        {
            "input": "2591",
            "output": "7"
        },
        {
            "input": "2274",
            "output": "5"
        },
        {
            "input": "5982",
            "output": "9"
        },
        {
            "input": "8538",
            "output": "6"
        },
        {
            "input": "1260",
            "output": "6"
        },
        {
            "input": "8013",
            "output": "9"
        },
        {
            "input": "3522",
            "output": "6"
        },
        {
            "input": "9961",
            "output": "8"
        },
        {
            "input": "884",
            "output": "6"
        },
        {
            "input": "9355",
            "output": "6"
        },
        {
            "input": "4803",
            "output": "6"
        },
        {
            "input": "401",
            "output": "4"
        },
        {
            "input": "1471",
            "output": "9"
        },
        {
            "input": "9740",
            "output": "5"
        },
        {
            "input": "8899",
            "output": "6"
        },
        {
            "input": "8639",
            "output": "9"
        },
        {
            "input": "7988",
            "output": "8"
        },
        {
            "input": "7277",
            "output": "8"
        },
        {
            "input": "1550",
            "output": "5"
        },
        {
            "input": "1837",
            "output": "7"
        },
        {
            "input": "838",
            "output": "5"
        },
        {
            "input": "9175",
            "output": "9"
        },
        {
            "input": "9596",
            "output": "8"
        },
        {
            "input": "3533",
            "output": "8"
        },
        {
            "input": "8522",
            "output": "5"
        },
        {
            "input": "5806",
            "output": "8"
        },
        {
            "input": "780",
            "output": "4"
        },
        {
            "input": "3627",
            "output": "7"
        },
        {
            "input": "6598",
            "output": "7"
        },
        {
            "input": "8721",
            "output": "4"
        },
        {
            "input": "3879",
            "output": "8"
        },
        {
            "input": "4615",
            "output": "5"
        },
        {
            "input": "3900",
            "output": "8"
        },
        {
            "input": "5891",
            "output": "6"
        },
        {
            "input": "5423",
            "output": "8"
        },
        {
            "input": "2590",
            "output": "6"
        },
        {
            "input": "4276",
            "output": "5"
        },
        {
            "input": "2895",
            "output": "8"
        },
        {
            "input": "8344",
            "output": "4"
        },
        {
            "input": "1754",
            "output": "7"
        },
        {
            "input": "8416",
            "output": "4"
        },
        {
            "input": "3535",
            "output": "9"
        },
        {
            "input": "1584",
            "output": "4"
        },
        {
            "input": "3849",
            "output": "6"
        },
        {
            "input": "7867",
            "output": "10"
        },
        {
            "input": "1160",
            "output": "3"
        },
        {
            "input": "9967",
            "output": "10"
        },
        {
            "input": "6223",
            "output": "7"
        },
        {
            "input": "4966",
            "output": "7"
        },
        {
            "input": "812",
            "output": "5"
        },
        {
            "input": "9974",
            "output": "9"
        },
        {
            "input": "3571",
            "output": "9"
        },
        {
            "input": "3098",
            "output": "5"
        },
        {
            "input": "6963",
            "output": "8"
        },
        {
            "input": "7287",
            "output": "9"
        },
        {
            "input": "23",
            "output": "4"
        },
        {
            "input": "9664",
            "output": "5"
        },
        {
            "input": "187",
            "output": "6"
        },
        {
            "input": "8788",
            "output": "5"
        },
        {
            "input": "4435",
            "output": "6"
        },
        {
            "input": "9618",
            "output": "6"
        },
        {
            "input": "8129",
            "output": "8"
        },
        {
            "input": "175",
            "output": "6"
        },
        {
            "input": "8012",
            "output": "8"
        },
        {
            "input": "6521",
            "output": "8"
        },
        {
            "input": "3347",
            "output": "6"
        },
        {
            "input": "1513",
            "output": "7"
        },
        {
            "input": "8907",
            "output": "7"
        },
        {
            "input": "3590",
            "output": "5"
        },
        {
            "input": "7317",
            "output": "7"
        },
        {
            "input": "8541",
            "output": "7"
        },
        {
            "input": "3919",
            "output": "9"
        },
        {
            "input": "8042",
            "output": "9"
        },
        {
            "input": "8039",
            "output": "10"
        },
        {
            "input": "5785",
            "output": "7"
        },
        {
            "input": "1478",
            "output": "6"
        },
        {
            "input": "4459",
            "output": "7"
        },
        {
            "input": "2007",
            "output": "9"
        },
        {
            "input": "8724",
            "output": "4"
        },
        {
            "input": "6626",
            "output": "7"
        },
        {
            "input": "3492",
            "output": "6"
        },
        {
            "input": "9455",
            "output": "9"
        },
        {
            "input": "2295",
            "output": "8"
        },
        {
            "input": "6124",
            "output": "9"
        },
        {
            "input": "2349",
            "output": "6"
        },
        {
            "input": "644",
            "output": "3"
        },
        {
            "input": "9288",
            "output": "4"
        },
        {
            "input": "8740",
            "output": "4"
        },
        {
            "input": "8782",
            "output": "6"
        },
        {
            "input": "8449",
            "output": "3"
        },
        {
            "input": "1481",
            "output": "6"
        },
        {
            "input": "6156",
            "output": "4"
        },
        {
            "input": "5143",
            "output": "6"
        },
        {
            "input": "3297",
            "output": "6"
        },
        {
            "input": "7976",
            "output": "7"
        },
        {
            "input": "669",
            "output": "6"
        },
        {
            "input": "8559",
            "output": "8"
        },
        {
            "input": "8380",
            "output": "6"
        },
        {
            "input": "1809",
            "output": "5"
        },
        {
            "input": "6181",
            "output": "5"
        },
        {
            "input": "5402",
            "output": "6"
        },
        {
            "input": "7322",
            "output": "7"
        },
        {
            "input": "1030",
            "output": "3"
        },
        {
            "input": "1090",
            "output": "3"
        },
        {
            "input": "3587",
            "output": "5"
        },
        {
            "input": "9336",
            "output": "6"
        },
        {
            "input": "3472",
            "output": "5"
        },
        {
            "input": "8302",
            "output": "6"
        },
        {
            "input": "4498",
            "output": "5"
        },
        {
            "input": "5660",
            "output": "6"
        },
        {
            "input": "1492",
            "output": "6"
        },
        {
            "input": "8300",
            "output": "5"
        },
        {
            "input": "8699",
            "output": "9"
        },
        {
            "input": "6903",
            "output": "10"
        },
        {
            "input": "7520",
            "output": "6"
        },
        {
            "input": "6539",
            "output": "7"
        },
        {
            "input": "3563",
            "output": "9"
        },
        {
            "input": "40",
            "output": "2"
        },
        {
            "input": "3012",
            "output": "6"
        },
        {
            "input": "7056",
            "output": "6"
        },
        {
            "input": "9349",
            "output": "5"
        },
        {
            "input": "5849",
            "output": "8"
        },
        {
            "input": "1399",
            "output": "8"
        },
        {
            "input": "2822",
            "output": "5"
        },
        {
            "input": "7838",
            "output": "9"
        },
        {
            "input": "249",
            "output": "6"
        },
        {
            "input": "6424",
            "output": "5"
        },
        {
            "input": "2187",
            "output": "5"
        },
        {
            "input": "9434",
            "output": "7"
        },
        {
            "input": "9054",
            "output": "8"
        },
        {
            "input": "4416",
            "output": "3"
        },
        {
            "input": "6355",
            "output": "7"
        },
        {
            "input": "614",
            "output": "5"
        },
        {
            "input": "3939",
            "output": "8"
        },
        {
            "input": "9938",
            "output": "7"
        },
        {
            "input": "561",
            "output": "4"
        },
        {
            "input": "3968",
            "output": "5"
        },
        {
            "input": "9783",
            "output": "8"
        },
        {
            "input": "7341",
            "output": "8"
        },
        {
            "input": "4235",
            "output": "5"
        },
        {
            "input": "6904",
            "output": "8"
        },
        {
            "input": "7257",
            "output": "7"
        },
        {
            "input": "4351",
            "output": "9"
        },
        {
            "input": "235",
            "output": "6"
        },
        {
            "input": "8399",
            "output": "7"
        },
        {
            "input": "5491",
            "output": "8"
        },
        {
            "input": "475",
            "output": "7"
        },
        {
            "input": "4768",
            "output": "4"
        },
        {
            "input": "6822",
            "output": "7"
        },
        {
            "input": "5788",
            "output": "7"
        },
        {
            "input": "3948",
            "output": "8"
        },
        {
            "input": "3363",
            "output": "6"
        },
        {
            "input": "6431",
            "output": "8"
        },
        {
            "input": "4262",
            "output": "5"
        },
        {
            "input": "9049",
            "output": "7"
        },
        {
            "input": "9092",
            "output": "5"
        },
        {
            "input": "1560",
            "output": "4"
        },
        {
            "input": "2375",
            "output": "6"
        },
        {
            "input": "6562",
            "output": "6"
        },
        {
            "input": "3725",
            "output": "7"
        },
        {
            "input": "9989",
            "output": "6"
        },
        {
            "input": "8635",
            "output": "8"
        },
        {
            "input": "4962",
            "output": "6"
        },
        {
            "input": "3455",
            "output": "10"
        },
        {
            "input": "6178",
            "output": "4"
        },
        {
            "input": "9088",
            "output": "4"
        },
        {
            "input": "4855",
            "output": "9"
        },
        {
            "input": "6981",
            "output": "7"
        },
        {
            "input": "5981",
            "output": "9"
        },
        {
            "input": "2390",
            "output": "6"
        },
        {
            "input": "715",
            "output": "6"
        },
        {
            "input": "7301",
            "output": "6"
        },
        {
            "input": "7892",
            "output": "8"
        },
        {
            "input": "9833",
            "output": "7"
        },
        {
            "input": "4331",
            "output": "7"
        },
        {
            "input": "630",
            "output": "6"
        },
        {
            "input": "9241",
            "output": "5"
        },
        {
            "input": "1305",
            "output": "5"
        },
        {
            "input": "9009",
            "output": "6"
        },
        {
            "input": "9672",
            "output": "6"
        },
        {
            "input": "7065",
            "output": "8"
        },
        {
            "input": "3963",
            "output": "10"
        },
        {
            "input": "4807",
            "output": "7"
        },
        {
            "input": "2422",
            "output": "7"
        },
        {
            "input": "3528",
            "output": "6"
        },
        {
            "input": "1386",
            "output": "6"
        },
        {
            "input": "6034",
            "output": "7"
        },
        {
            "input": "7186",
            "output": "5"
        },
        {
            "input": "9898",
            "output": "7"
        },
        {
            "input": "5590",
            "output": "8"
        },
        {
            "input": "4791",
            "output": "8"
        },
        {
            "input": "8333",
            "output": "5"
        },
        {
            "input": "1788",
            "output": "8"
        },
        {
            "input": "8574",
            "output": "8"
        },
        {
            "input": "7141",
            "output": "9"
        },
        {
            "input": "9807",
            "output": "8"
        },
        {
            "input": "2347",
            "output": "6"
        },
        {
            "input": "7294",
            "output": "9"
        },
        {
            "input": "1277",
            "output": "8"
        },
        {
            "input": "879",
            "output": "8"
        },
        {
            "input": "4394",
            "output": "5"
        },
        {
            "input": "799",
            "output": "7"
        },
        {
            "input": "8103",
            "output": "10"
        },
        {
            "input": "863",
            "output": "8"
        },
        {
            "input": "8266",
            "output": "4"
        },
        {
            "input": "9338",
            "output": "7"
        },
        {
            "input": "4356",
            "output": "3"
        },
        {
            "input": "5880",
            "output": "8"
        },
        {
            "input": "7249",
            "output": "6"
        },
        {
            "input": "7620",
            "output": "7"
        },
        {
            "input": "7139",
            "output": "9"
        },
        {
            "input": "8074",
            "output": "8"
        },
        {
            "input": "8423",
            "output": "7"
        },
        {
            "input": "9267",
            "output": "6"
        },
        {
            "input": "6660",
            "output": "4"
        },
        {
            "input": "8513",
            "output": "4"
        },
        {
            "input": "1072",
            "output": "3"
        },
        {
            "input": "4649",
            "output": "5"
        },
        {
            "input": "777",
            "output": "4"
        },
        {
            "input": "5673",
            "output": "6"
        },
        {
            "input": "7067",
            "output": "9"
        },
        {
            "input": "2959",
            "output": "8"
        },
        {
            "input": "4525",
            "output": "7"
        },
        {
            "input": "7487",
            "output": "10"
        },
        {
            "input": "6143",
            "output": "12"
        },
        {
            "input": "9952",
            "output": "6"
        },
        {
            "input": "4716",
            "output": "6"
        },
        {
            "input": "1794",
            "output": "4"
        },
        {
            "input": "7537",
            "output": "8"
        },
        {
            "input": "3814",
            "output": "8"
        },
        {
            "input": "9188",
            "output": "7"
        },
        {
            "input": "1993",
            "output": "7"
        },
        {
            "input": "3333",
            "output": "5"
        },
        {
            "input": "7316",
            "output": "6"
        },
        {
            "input": "223",
            "output": "7"
        },
        {
            "input": "4548",
            "output": "5"
        },
        {
            "input": "330",
            "output": "4"
        },
        {
            "input": "2183",
            "output": "5"
        },
        {
            "input": "5793",
            "output": "6"
        },
        {
            "input": "4185",
            "output": "5"
        },
        {
            "input": "5525",
            "output": "7"
        },
        {
            "input": "5877",
            "output": "9"
        },
        {
            "input": "9492",
            "output": "5"
        },
        {
            "input": "697",
            "output": "6"
        },
        {
            "input": "5741",
            "output": "8"
        },
        {
            "input": "1925",
            "output": "6"
        },
        {
            "input": "3002",
            "output": "8"
        },
        {
            "input": "1904",
            "output": "6"
        },
        {
            "input": "5535",
            "output": "9"
        },
        {
            "input": "4265",
            "output": "5"
        },
        {
            "input": "6231",
            "output": "7"
        },
        {
            "input": "627",
            "output": "6"
        },
        {
            "input": "2815",
            "output": "10"
        },
        {
            "input": "368",
            "output": "4"
        },
        {
            "input": "9440",
            "output": "5"
        },
        {
            "input": "5215",
            "output": "8"
        },
        {
            "input": "9227",
            "output": "5"
        },
        {
            "input": "8370",
            "output": "5"
        },
        {
            "input": "5352",
            "output": "6"
        },
        {
            "input": "4182",
            "output": "5"
        },
        {
            "input": "8154",
            "output": "10"
        },
        {
            "input": "159",
            "output": "6"
        },
        {
            "input": "6654",
            "output": "10"
        },
        {
            "input": "9594",
            "output": "8"
        },
        {
            "input": "8355",
            "output": "5"
        },
        {
            "input": "8527",
            "output": "7"
        },
        {
            "input": "7828",
            "output": "7"
        },
        {
            "input": "2145",
            "output": "4"
        },
        {
            "input": "931",
            "output": "6"
        },
        {
            "input": "9819",
            "output": "8"
        },
        {
            "input": "1201",
            "output": "5"
        },
        {
            "input": "6368",
            "output": "5"
        },
        {
            "input": "5629",
            "output": "10"
        },
        {
            "input": "5900",
            "output": "6"
        },
        {
            "input": "9263",
            "output": "7"
        },
        {
            "input": "3137",
            "output": "4"
        },
        {
            "input": "4186",
            "output": "5"
        },
        {
            "input": "6219",
            "output": "6"
        },
        {
            "input": "1898",
            "output": "7"
        },
        {
            "input": "9271",
            "output": "7"
        },
        {
            "input": "3733",
            "output": "7"
        },
        {
            "input": "9056",
            "output": "5"
        },
        {
            "input": "6203",
            "output": "7"
        },
        {
            "input": "4477",
            "output": "8"
        },
        {
            "input": "9744",
            "output": "4"
        },
        {
            "input": "731",
            "output": "7"
        },
        {
            "input": "6569",
            "output": "7"
        },
        {
            "input": "8055",
            "output": "11"
        },
        {
            "input": "620",
            "output": "5"
        },
        {
            "input": "1447",
            "output": "7"
        },
        {
            "input": "8147",
            "output": "10"
        },
        {
            "input": "845",
            "output": "6"
        },
        {
            "input": "8868",
            "output": "5"
        },
        {
            "input": "9829",
            "output": "7"
        },
        {
            "input": "8622",
            "output": "7"
        },
        {
            "input": "4913",
            "output": "6"
        },
        {
            "input": "5713",
            "output": "6"
        },
        {
            "input": "2207",
            "output": "7"
        },
        {
            "input": "5992",
            "output": "7"
        },
        {
            "input": "2475",
            "output": "7"
        },
        {
            "input": "5003",
            "output": "7"
        },
        {
            "input": "6901",
            "output": "9"
        },
        {
            "input": "2525",
            "output": "8"
        },
        {
            "input": "7657",
            "output": "9"
        },
        {
            "input": "7573",
            "output": "8"
        },
        {
            "input": "5271",
            "output": "7"
        },
        {
            "input": "2740",
            "output": "6"
        },
        {
            "input": "8038",
            "output": "9"
        },
        {
            "input": "4046",
            "output": "9"
        },
        {
            "input": "8528",
            "output": "4"
        },
        {
            "input": "212",
            "output": "4"
        },
        {
            "input": "8665",
            "output": "7"
        },
        {
            "input": "618",
            "output": "5"
        },
        {
            "input": "8814",
            "output": "7"
        },
        {
            "input": "1742",
            "output": "7"
        },
        {
            "input": "6782",
            "output": "9"
        },
        {
            "input": "8077",
            "output": "9"
        },
        {
            "input": "3452",
            "output": "8"
        },
        {
            "input": "1844",
            "output": "6"
        },
        {
            "input": "625",
            "output": "5"
        },
        {
            "input": "7901",
            "output": "10"
        },
        {
            "input": "4479",
            "output": "9"
        },
        {
            "input": "241",
            "output": "5"
        },
        {
            "input": "1066",
            "output": "4"
        },
        {
            "input": "5317",
            "output": "6"
        },
        {
            "input": "7364",
            "output": "6"
        },
        {
            "input": "1604",
            "output": "4"
        },
        {
            "input": "3792",
            "output": "6"
        },
        {
            "input": "1394",
            "output": "6"
        },
        {
            "input": "9874",
            "output": "6"
        },
        {
            "input": "8576",
            "output": "3"
        },
        {
            "input": "9683",
            "output": "8"
        },
        {
            "input": "1767",
            "output": "8"
        },
        {
            "input": "7123",
            "output": "9"
        },
        {
            "input": "7811",
            "output": "7"
        },
        {
            "input": "8898",
            "output": "5"
        },
        {
            "input": "2213",
            "output": "5"
        },
        {
            "input": "7302",
            "output": "6"
        },
        {
            "input": "7392",
            "output": "6"
        },
        {
            "input": "539",
            "output": "5"
        },
        {
            "input": "2373",
            "output": "5"
        },
        {
            "input": "4221",
            "output": "7"
        },
        {
            "input": "9069",
            "output": "8"
        },
        {
            "input": "7812",
            "output": "6"
        },
        {
            "input": "2526",
            "output": "8"
        },
        {
            "input": "1612",
            "output": "5"
        },
        {
            "input": "1655",
            "output": "8"
        },
        {
            "input": "314",
            "output": "5"
        },
        {
            "input": "3318",
            "output": "8"
        },
        {
            "input": "1077",
            "output": "5"
        },
        {
            "input": "7497",
            "output": "7"
        },
        {
            "input": "3474",
            "output": "6"
        },
        {
            "input": "705",
            "output": "4"
        },
        {
            "input": "8126",
            "output": "11"
        },
        {
            "input": "2873",
            "output": "7"
        },
        {
            "input": "4373",
            "output": "5"
        },
        {
            "input": "2879",
            "output": "9"
        },
        {
            "input": "7452",
            "output": "7"
        },
        {
            "input": "3156",
            "output": "5"
        },
        {
            "input": "1868",
            "output": "6"
        },
        {
            "input": "287",
            "output": "6"
        },
        {
            "input": "1444",
            "output": "5"
        },
        {
            "input": "312",
            "output": "4"
        },
        {
            "input": "9050",
            "output": "7"
        },
        {
            "input": "671",
            "output": "7"
        },
        {
            "input": "7061",
            "output": "8"
        },
        {
            "input": "9535",
            "output": "9"
        },
        {
            "input": "2838",
            "output": "6"
        },
        {
            "input": "1498",
            "output": "7"
        },
        {
            "input": "5409",
            "output": "5"
        },
        {
            "input": "4889",
            "output": "6"
        },
        {
            "input": "7029",
            "output": "9"
        },
        {
            "input": "3518",
            "output": "9"
        },
        {
            "input": "3290",
            "output": "7"
        },
        {
            "input": "8218",
            "output": "4"
        },
        {
            "input": "7954",
            "output": "7"
        },
        {
            "input": "8620",
            "output": "6"
        },
        {
            "input": "37",
            "output": "3"
        },
        {
            "input": "506",
            "output": "7"
        },
        {
            "input": "6969",
            "output": "8"
        },
        {
            "input": "7184",
            "output": "4"
        },
        {
            "input": "7224",
            "output": "6"
        },
        {
            "input": "5995",
            "output": "9"
        },
        {
            "input": "5",
            "output": "2"
        },
        {
            "input": "3493",
            "output": "7"
        },
        {
            "input": "7196",
            "output": "6"
        },
        {
            "input": "4778",
            "output": "6"
        },
        {
            "input": "9839",
            "output": "9"
        },
        {
            "input": "6837",
            "output": "8"
        },
        {
            "input": "2630",
            "output": "5"
        },
        {
            "input": "2260",
            "output": "5"
        },
        {
            "input": "2030",
            "output": "9"
        },
        {
            "input": "9400",
            "output": "6"
        },
        {
            "input": "9445",
            "output": "7"
        },
        {
            "input": "7925",
            "output": "10"
        },
        {
            "input": "7825",
            "output": "7"
        }
    ]
}