{
    "id": "count_vowels",
    "title": "Count Vowels",
    "description": "Vowels are the letters 'a', 'e', 'i', 'o', and 'u'. In this problem, you are provided with a string `S` which may contain both uppercase and lowercase English letters. Your task is to iterate through the string and count the total number of vowels present. Remember that the check should be case-insensitive, meaning 'A' and 'a' both count as vowels.",
    "input_format": "A single string S.",
    "output_format": "Output a single integer representing the total count of vowels found in the input string `S`.",
    "constraints": {
        "length of S": "1 <= length <= 1000"
    },
    "judge_mode": "FIRST_FAIL",
    "time_limit": 1,
    "sample_test_cases": [
        {
            "input": "Hello World",
            "output": "3"
        },
        {
            "input": "Programming",
            "output": "3"
        }
    ],
    "hidden_test_cases": [
        {
            "input": "GNQcnsLCyQ",
            "output": "0"
        },
        {
            "input": "fGjXTffwusZmrVdUwxIm",
            "output": "3"
        },
        {
            "input": "qXIyFZnQnbWEHHFNaNLxOHtmldexNdb",
            "output": "5"
        },
        {
            "input": "fVZDVKfFpUrhQfEsPRuDjNIQmjLKqCIEsDtRPIsrVaZqaMB",
            "output": "9"
        },
        {
            "input": "rNKvGhsILiTARWpcUABoFKRznptYvMrfSEzfjCSSBqtFLlMs",
            "output": "7"
        },
        {
            "input": "kgHXZVyNIpgZrRDZzMxUWxIkehtzWXwllNMdZWKvLjc",
            "output": "4"
        },
        {
            "input": "uWnJQZGnFbaSNbaZfXRlqCZudYvzO",
            "output": "5"
        },
        {
            "input": "npCHCPjFYpVtTeWhwJzyglhWNPty",
            "output": "1"
        },
        {
            "input": "PslocueuaK",
            "output": "5"
        },
        {
            "input": "MvmsAQAizwdHrEofnYfoUAgHIvH",
            "output": "9"
        },
        {
            "input": "QVYkozFLkEbrdeTaqOoZ",
            "output": "6"
        },
        {
            "input": "TkcQeZKRBtNMxTKFTiXQIKuBoDUdsGuLw",
            "output": "7"
        },
        {
            "input": "yLOgGutTGRbsgceOmXcqBDQGL",
            "output": "4"
        },
        {
            "input": "stcxZBLLhMLAgcrAtdBCshLanhpFJ",
            "output": "3"
        },
        {
            "input": "okxKNEYXqhsxuAUitzbWcpFyuRNgNjYqEPdwAj",
            "output": "9"
        },
        {
            "input": "PwZAhSQiXYTmHCy",
            "output": "2"
        },
        {
            "input": "MlhzvSkDZmFuIkjjHDEJg",
            "output": "3"
        },
        {
            "input": "hIXgyprxTflKGdyyEVizCCpDBYsrGNqCsARcZeeXqmmr",
            "output": "6"
        },
        {
            "input": "WslIuyZmYZRapgDUrriPRVvwZH",
            "output": "5"
        },
        {
            "input": "EiAEvOZPoAhTfXMuUOBUtFXiWSTrCaZIPBXbPz",
            "output": "14"
        },
        {
            "input": "iNKDNuuvdwWxXzSQCiRnQtxmlcPHvlWhd",
            "output": "4"
        },
        {
            "input": "ooWaymSkRrhM",
            "output": "3"
        },
        {
            "input": "jjXdVwDxpKGnSUHcijslHdRZfaIrCadzDPkyHmae",
            "output": "7"
        },
        {
            "input": "ohNhMnxsCaJQHacrQOtrefJPuheUOLhQbtYsWIySVwbhmBSEQ",
            "output": "11"
        },
        {
            "input": "pLsRCDXbvilffYprlfYPobWJikGUJwlnJpAL",
            "output": "5"
        },
        {
            "input": "qbsEWEHWijqoDOXrclcnhNT",
            "output": "5"
        },
        {
            "input": "sConvtCdnVMhJyHvoYhHvAGOTEIoUbAlIvfRklKqqSskLFTA",
            "output": "11"
        },
        {
            "input": "CdjQOzIaldoluLCuAJkUxVxNilVaPNJzVGw",
            "output": "10"
        },
        {
            "input": "yjQQuguOjLyRJYvSQDpslovLBBAZTKYJTkOLNhlJyV",
            "output": "6"
        },
        {
            "input": "TDthioBDObHJnEViImeDBzqLQHIYsoJvCNYVBxVyWxI",
            "output": "10"
        },
        {
            "input": "GXzbbJOzDmvxzzurEKAFPSOQVexqpyoduGHxfXQSFQSSpmyGLO",
            "output": "9"
        },
        {
            "input": "mzCddkqTdUwLJEDpjvynooKIMsrnXZFFdv",
            "output": "5"
        },
        {
            "input": "uATAkgTzWaH",
            "output": "4"
        },
        {
            "input": "JNfYluRWNHNQTCvCBsszfGmlyRMOSJWs",
            "output": "2"
        },
        {
            "input": "BGMMTlkjJrJwQQvfuCGBMpRlYMUDdeuHgvMCUanffvll",
            "output": "6"
        },
        {
            "input": "hpAFjxFSSEOAhhbJbLyfqGvdou",
            "output": "6"
        },
        {
            "input": "imDNhvJFAKONrxFKaggAuaJzdlKUvzhooegOS",
            "output": "12"
        },
        {
            "input": "IvPwWfOWOQgXl",
            "output": "3"
        },
        {
            "input": "MfLtCmoYsCEhzDlAkNYsduvQIVvDkTznvnRAOwRv",
            "output": "7"
        },
        {
            "input": "mARmpJFHZypziwXzziIayZDsaJd",
            "output": "6"
        },
        {
            "input": "YzVRfQoDsCeFUgqJcQqTXkCzwNHq",
            "output": "3"
        },
        {
            "input": "QZPZZHQoApuewnCIEzRMBmjEoIBnvUjPUqjpp",
            "output": "11"
        },
        {
            "input": "hAuwTrpRIZdHDaPGP",
            "output": "4"
        },
        {
            "input": "WggZTWQMqQcaHbCxdwgz",
            "output": "1"
        },
        {
            "input": "RulNeLMlFlBwLeFcD",
            "output": "3"
        },
        {
            "input": "AITIBMpnpLuYelbzlPypMgSHqNC",
            "output": "5"
        },
        {
            "input": "lEriDMGNzencWiITKvOHGSSLlVjpDeAKNiKQvb",
            "output": "9"
        },
        {
            "input": "MYgKvbVElDNpKmwueHndmBsbwgfwNggCINRUljuuI",
            "output": "8"
        },
        {
            "input": "HPCURgAaZwMLoyhflq",
            "output": "4"
        },
        {
            "input": "RUgIanvJiXwRMUP",
            "output": "5"
        },
        {
            "input": "czvOrkyrtKTUgHSwmbvYM",
            "output": "2"
        },
        {
            "input": "LnebOVUwpgWrZlqvfIXQZzfdEFCAYShgxqWJCza",
            "output": "7"
        },
        {
            "input": "PHieUiOXcMdwFGnYXmTqQ",
            "output": "5"
        },
        {
            "input": "UQWDCaZvoHoMulxpxzxGomqiIAExPyNbkYojNibvDHYAE",
            "output": "14"
        },
        {
            "input": "qedrcHZelXZ",
            "output": "2"
        },
        {
            "input": "TggeCWUEyMvzMEQaQNAIxwsUNPqmLxRvDDRFQkTfTi",
            "output": "9"
        },
        {
            "input": "iIApvsmEgTtUjoZqEEJ",
            "output": "8"
        },
        {
            "input": "xYrkfZFqaYFakEcaympqwwX",
            "output": "4"
        },
        {
            "input": "DyUWamGfXdoWLvIYzrPeuQzWUXvQBxMMqYRmEhuWjexVHcVr",
            "output": "10"
        },
        {
            "input": "SDyyqNEsZUEuPEmaqSDXqaEHfXMlHQpZsC",
            "output": "8"
        },
        {
            "input": "NaSyYXLuTpzHZfxZATJSEHAJynFoJWaAwBWNIgAeArsJ",
            "output": "12"
        },
        {
            "input": "BHQcMPrSkNrBowbymbGGguiYKdzyqacVmmNZdfJKRcCMKPn",
            "output": "4"
        },
        {
            "input": "uWKqkkdEFfTspQXDffVAPCzsywvdScKABvMEsH",
            "output": "5"
        },
        {
            "input": "LIpcSvHxtLt",
            "output": "1"
        },
        {
            "input": "nfbDGxMDGdzBPOZAzSWmpuAvSwSEakDLTzhakfDPot",
            "output": "8"
        },
        {
            "input": "NzdBFSSmCLXOUGNPcbmCvTXqrAnchRMePYIE",
            "output": "6"
        },
        {
            "input": "vCfJJzMaRCKCJU",
            "output": "2"
        },
        {
            "input": "cBHqUoxzqpYzWwWCeoYyWrsDhuZhiesPGTPAHmhQj",
            "output": "8"
        },
        {
            "input": "MykHuzaMFEjhI",
            "output": "4"
        },
        {
            "input": "bzxiCKHsrWoTzVBTJxMPbLvFbfUJpVRf",
            "output": "3"
        },
        {
            "input": "efDjrhErtHoamWfADXLWuRxQc",
            "output": "6"
        },
        {
            "input": "NjxPLyEGpMmNcYKDNytg",
            "output": "1"
        },
        {
            "input": "eJeVbHfIREIExHuIWmxqvrJuOqFfUsObztNz",
            "output": "12"
        },
        {
            "input": "mSkTkxTgylbGAZqquDBMUqgkInWebmXNhjwHbTClkLg",
            "output": "5"
        },
        {
            "input": "fpQvttdBvofMlXYCa",
            "output": "2"
        },
        {
            "input": "QPwseYlxtQuYzKOZHbOIMUbLLVklerigfKpHyeRjvtnD",
            "output": "9"
        },
        {
            "input": "cuXoqATsWsALYzVGtlzqYTalKQgf",
            "output": "5"
        },
        {
            "input": "NSHhWucEVpZzBDRqxgJRPXOwxQkOiYOfunFlNyPF",
            "output": "7"
        },
        {
            "input": "NYtOjuFnOzZtqHSumrjooafvlPpRcxXtSDgXbGieVIpaGP",
            "output": "11"
        },
        {
            "input": "VOwcGgkWumkvEOlFaYOGQKhsGGuXIb",
            "output": "8"
        },
        {
            "input": "hBvvzJhRYBdSpiESByWSMSXgJGKZNxNpuzFsthXuNNnaPzUl",
            "output": "6"
        },
        {
            "input": "kcQLIUwVhomfgDlTkEvIpUycapZLtToZnJA",
            "output": "9"
        },
        {
            "input": "xWLJUDxAMPTLVJpIyjwLpvrOG",
            "output": "4"
        },
        {
            "input": "yHHKjuBiyoyzzDkSLxfLClErVcsJCyoxTIOPw",
            "output": "7"
        },
        {
            "input": "WBitoEwZAksbzzQpKHKONtsYVtgkYuRNOPXOhClzVydMPbhCVl",
            "output": "8"
        },
        {
            "input": "uCkLNXlJVfMPwPihYLqxnSgWJc",
            "output": "2"
        },
        {
            "input": "MmbknOdmbzXOkZbNZszEFMGkJmkhGVUWqaHnGaKtOnTgDEjYe",
            "output": "9"
        },
        {
            "input": "XBNKIzNoLTldASCabwOrrjkuEmfdxoFcxmCVuvSjGKohz",
            "output": "10"
        },
        {
            "input": "CRgTeWRpiOMONWiKqi",
            "output": "6"
        },
        {
            "input": "dGjoXWOVPEeOZsbjsIasWCgzDiIEVoSccSHNof",
            "output": "12"
        },
        {
            "input": "emtLWJpnshALYBSMshjOMtQemRrEoHznTdIskbjGZ",
            "output": "7"
        },
        {
            "input": "vRKNyHgAabpDCwMzRhpzgBpapMObKYsjhyKrrayWbTtxBrto",
            "output": "6"
        },
        {
            "input": "joVnwBOiutKHerjZiQQUiCbZCvxFXxo",
            "output": "9"
        },
        {
            "input": "rAxnZHGycjiDhWkhiKkhvimYgsmscMvmOJZxS",
            "output": "5"
        },
        {
            "input": "ttUocPQScBeDDxgLUfToSBCKyxDlpsUXNvfSZKPSD",
            "output": "6"
        },
        {
            "input": "sYIBwkbqENPXvyjkcYamhkhH",
            "output": "3"
        },
        {
            "input": "nvBbAxGheUXmSPVyPPJlm",
            "output": "3"
        },
        {
            "input": "BrYTYizDDwfJyPZBzSVN",
            "output": "1"
        },
        {
            "input": "ELOLiijLmoOVABpLRrMc",
            "output": "7"
        },
        {
            "input": "QTJUWjbHeDyPzdZNoPSkHnDwAJscn",
            "output": "4"
        },
        {
            "input": "cUCwFeEUTdaUzcVLfmjylf",
            "output": "6"
        },
        {
            "input": "RnxRhPhbBKKpPxmVMALnIwkRRhfTZgJXl",
            "output": "2"
        },
        {
            "input": "MVmigXzvEQGvWpevLsplpIFgAmhfrEGgoF",
            "output": "7"
        },
        {
            "input": "LfbwywnSjjBVdPHyRvBqY",
            "output": "0"
        },
        {
            "input": "tXKFGIPOTPoygYuClfMymsDGTthLOYDWISfTP",
            "output": "6"
        },
        {
            "input": "xhaegmcwxcGIfBHSCdvctXpGzaPJGqBxvQ",
            "output": "4"
        },
        {
            "input": "OpmKOeaPJZEdaBMc",
            "output": "6"
        },
        {
            "input": "COwpeHEUaMFUHltJWfodUapjflqsmpOqzaDWKzDpZBqYKmnF",
            "output": "11"
        },
        {
            "input": "KKubwDMpnoUqDCVhnbjYDenDXVhr",
            "output": "4"
        },
        {
            "input": "RKKxEDevbBCWwyKaZYz",
            "output": "3"
        },
        {
            "input": "BexNZCoSpVIEQRkxqMjrapBOLW",
            "output": "6"
        },
        {
            "input": "YRBoXFhadrPOugnVuwVCbDxQC",
            "output": "5"
        },
        {
            "input": "xcVShnlPANMBmSQwUqkSLEyQShvqPdtBAmKP",
            "output": "4"
        },
        {
            "input": "SpDmbePXYxtUGNGTlhGnPwSBipWsMaBoYPEiOWYBuG",
            "output": "9"
        },
        {
            "input": "VoBwByxGNbOdGqPPXKvdbLYbvLV",
            "output": "2"
        },
        {
            "input": "aQhXNWdDDwmkMBVIfR",
            "output": "2"
        },
        {
            "input": "uUuGLeQdPqIenCXdorbfTDNwnRPXEbsOsTOhwbTc",
            "output": "10"
        },
        {
            "input": "ZXRlYFQFVcqvgdVbYEpMmTiASgJ",
            "output": "3"
        },
        {
            "input": "wozpvsRBBWxrSpLCNmmpLiYbVQhVdeQaAePiLmrjONMtb",
            "output": "8"
        },
        {
            "input": "zoBArDbgqknpWlFQToRDasRuXBDPZzdihMNGR",
            "output": "6"
        },
        {
            "input": "ybbaytajOsM",
            "output": "3"
        },
        {
            "input": "OYpAHxUDfPqwBAdxHwZNRWlqehtIERZqboxgBXg",
            "output": "8"
        },
        {
            "input": "rkIvWWPPxiUqlsqgEgsWeVtjdosAq",
            "output": "7"
        },
        {
            "input": "iGEFbOqEwGpUQxqftGvZMrAFg",
            "output": "6"
        },
        {
            "input": "rFVRIdJfWNjoeBmZVQDHmfwoVkEEBgCxSOVVJvKpTSxkzxzP",
            "output": "7"
        },
        {
            "input": "JaMUmmHAowFEZpED",
            "output": "6"
        },
        {
            "input": "eLvMVgoLxuwkyUfTYtwlNfROLTdUcAqGcHrP",
            "output": "7"
        },
        {
            "input": "nzFhUkzJXgSZDgxVmQga",
            "output": "2"
        },
        {
            "input": "RybeMnJUjfFRLHbzemRQwA",
            "output": "4"
        },
        {
            "input": "NLSYfPMjwRUFDJXLCCUbafSDxJi",
            "output": "4"
        },
        {
            "input": "bpKozjSpjZcjCqSxTTaBsRGPfiKsUmFh",
            "output": "4"
        },
        {
            "input": "YadXYLYtCkeEUsyUTbcAn",
            "output": "6"
        },
        {
            "input": "iLOKbyXugWCLtCuIeXrROUBcBYOrZqYqmdMcdZrEyliBUq",
            "output": "12"
        },
        {
            "input": "IAwEgSeIPkDOYDvcbeWnIfv",
            "output": "8"
        },
        {
            "input": "dsPTIsTcRebNfAHPNWswncRYWR",
            "output": "3"
        },
        {
            "input": "MImclYqZJZsKTxOeOvGweUWffEfkVVuMn",
            "output": "8"
        },
        {
            "input": "gJojYUOfCGiJgkdpOfGcpgQYDZKqnmuNEeq",
            "output": "8"
        },
        {
            "input": "lQuJsYZetDaIfsLDGjoxAFQcrWtwWrEoxhMgUzYtZI",
            "output": "10"
        },
        {
            "input": "uqsEKSGyPncRDVSljYCgNoDVwERMcSrRbUdpOBtEala",
            "output": "9"
        },
        {
            "input": "SJbzlceCXuJxxjRIeqosbtdkwVPVsCghaOehNujixPmGhorqfs",
            "output": "11"
        },
        {
            "input": "kuUxGcEzrXgbaBIptESXbPHvCnOCSCsrgIOifpOrgCGH",
            "output": "11"
        },
        {
            "input": "idZCudtigt",
            "output": "3"
        },
        {
            "input": "THntaSQAYEWS",
            "output": "3"
        },
        {
            "input": "ZkrtsqNwTOXYmyEnkstERONZlfpcJQC",
            "output": "4"
        },
        {
            "input": "ZWyhJkVuprJFjZmSMFCOsjQMSJVRmt",
            "output": "2"
        },
        {
            "input": "gZlFknYlISnj",
            "output": "1"
        },
        {
            "input": "xImfaZEpFmXPPRtWgoKYNIPCtoYVFOQJmGMKKvhvMGwqA",
            "output": "8"
        },
        {
            "input": "fDKJLqwplDrHRtPnnxQGzpmCttcXEERmexZFGl",
            "output": "3"
        },
        {
            "input": "kwzPVVrVsoGwAqCFGMSjJycwhzfCTbCHvtXftPNWQRTpLXJ",
            "output": "2"
        },
        {
            "input": "zxeefbIrQUfrLOdCplkLAlrHjI",
            "output": "7"
        },
        {
            "input": "DdiNLVuVxBuuuuJomZwqtOlcYVuSdTq",
            "output": "9"
        },
        {
            "input": "ZTUjxahUIJLedarTsEUZsnktCXrujFyUiuA",
            "output": "13"
        },
        {
            "input": "BFBXnPsQuYrUFbb",
            "output": "2"
        },
        {
            "input": "LsUgYLmdxwt",
            "output": "1"
        },
        {
            "input": "gkoxxNIjoTecizcAxJjJsPApDMBmm",
            "output": "7"
        },
        {
            "input": "gGRjEYDViekqPeoBiZdfgYrIfgjZJPqpDITzLYBXEMNCnuNG",
            "output": "10"
        },
        {
            "input": "IzZMsIBxruYeFPeZtUYZMiZiokfXCVIHxDZGLriSxTQDNiRw",
            "output": "12"
        },
        {
            "input": "EZYJfrkIokmHGhlQuJimfFWqAeT",
            "output": "7"
        },
        {
            "input": "RXyZcSHKcBOjWSaWruOuRikfszV",
            "output": "6"
        },
        {
            "input": "tgaHmjiDmzKUQKSzuRCaBFSkatxNdFfHtvVsA",
            "output": "7"
        },
        {
            "input": "kAWetOkVaiIhUmODxyeiuotIgkBayOJJVVxUIJ",
            "output": "17"
        },
        {
            "input": "yuoORXplymGVdLEljMQun",
            "output": "5"
        },
        {
            "input": "ZGwCetbCGgwFj",
            "output": "1"
        },
        {
            "input": "BjhdpzDcFGlehzXsVJStBXlfymZNMxcakOFlQvq",
            "output": "3"
        },
        {
            "input": "mkzsEQutsfrvjnLSfjmtpcqXcGHvytVGRGnnbGtddhyS",
            "output": "2"
        },
        {
            "input": "puTaoVFhpGailrHGaljszAGxJWuAfmolftTxBnTy",
            "output": "10"
        },
        {
            "input": "uINeHHQAomRLHNEZkDFmhtAVNhcvqk",
            "output": "7"
        },
        {
            "input": "bnnKnHRhegHzCwLrAlkZTYdipBHvH",
            "output": "3"
        },
        {
            "input": "gvwmOqFGxlxSUBQO",
            "output": "3"
        },
        {
            "input": "AZSFSTbLjyYFJuWbgrH",
            "output": "2"
        },
        {
            "input": "sArMgKbhcfzVWNe",
            "output": "2"
        },
        {
            "input": "sUdmycbqlgiEzxE",
            "output": "4"
        },
        {
            "input": "NytCxNuCUCFJdIfRqqqAwUYmPjW",
            "output": "5"
        },
        {
            "input": "TVtdSYxgHcekahlpMwBRVlYbACBeDIG",
            "output": "5"
        },
        {
            "input": "tuLIGNvuuUSGpXvVQmBLUifUaVTntgRVdRLyzivF",
            "output": "10"
        },
        {
            "input": "qTtyWdvinxntEbIaOACWXdVypeDHKcPcjoSCTHFCXcXEGIlt",
            "output": "10"
        },
        {
            "input": "ollgryCEKAjTWinKydzwPgSIlHLHcKEI",
            "output": "7"
        },
        {
            "input": "WhMQdWPnglLNVmoScuLEsBUMLlkaWBknZSw",
            "output": "5"
        },
        {
            "input": "ypNXtHpLIXbZHduBZ",
            "output": "2"
        },
        {
            "input": "ANGBHXfWslDMsMchBNTkWLQfoncWuOE",
            "output": "5"
        },
        {
            "input": "uGLyilVtvIaToAjMv",
            "output": "6"
        },
        {
            "input": "FTUSEoEveTrwThQUhTib",
            "output": "7"
        },
        {
            "input": "qdhWjsKcWTwGmZRHmlcJdvigbBVA",
            "output": "2"
        },
        {
            "input": "TSkDApurddJQhujnthhSgXlATNOhyHSasgCQvTtHnkUGlGRDZ",
            "output": "7"
        },
        {
            "input": "TaiMIrsApAebHFj",
            "output": "6"
        },
        {
            "input": "YbZeaMRFpsvcj",
            "output": "2"
        },
        {
            "input": "yEAafJlGWLEyV",
            "output": "4"
        },
        {
            "input": "fStqPSPfZAHbjLYXvifkCkEdTlMXlkxgQoWXHLahiThfTLw",
            "output": "6"
        },
        {
            "input": "gOqJMbzcmpxKIjXEamlphEhQgYPxndM",
            "output": "5"
        },
        {
            "input": "cvPVNvziLGpSZAvqbzJpISyCuacfQA",
            "output": "6"
        },
        {
            "input": "ZTfhVqgnLNFuL",
            "output": "1"
        },
        {
            "input": "RexSgfnslqplZHBCxxUVFrjyQhfNWxNJ",
            "output": "2"
        },
        {
            "input": "fFzkTYRHpl",
            "output": "0"
        },
        {
            "input": "CLSOraQtDqdVqGiZ",
            "output": "3"
        },
        {
            "input": "PPcDWtwWJGUMYIZTZrKeVQMIVlhIfZmW",
            "output": "5"
        },
        {
            "input": "xqDaBqcaUMnXDH",
            "output": "3"
        },
        {
            "input": "WPoCNZRwah",
            "output": "2"
        },
        {
            "input": "aUlMzElBajtEDEsGGYcoGvCv",
            "output": "7"
        },
        {
            "input": "NGPWMmCxfFHZJLcjKXwJEnttwTWeapfhesugp",
            "output": "5"
        },
        {
            "input": "RUWgWJVlQKda",
            "output": "2"
        },
        {
            "input": "WdYAxVhLKVBgKVgNAQzRYJkDz",
            "output": "2"
        },
        {
            "input": "BXRSenDegfVsFt",
            "output": "2"
        },
        {
            "input": "PRGomntBthSunukOGuBGTdpli",
            "output": "6"
        },
        {
            "input": "rksiKiQKvdZBiThXhwQBzak",
            "output": "4"
        },
        {
            "input": "nNSYzyoEJJ",
            "output": "2"
        },
        {
            "input": "HHRPSyWSoXoNDVWNbTb",
            "output": "2"
        },
        {
            "input": "rMEkwwzKGpZIiulJIxfaApuJH",
            "output": "8"
        },
        {
            "input": "ivgCpgEfKciwF",
            "output": "3"
        },
        {
            "input": "DRaCytxyIEOHpmyUgAeOOvHNnGoxaWtufGum",
            "output": "13"
        },
        {
            "input": "azeHbfeKXAybBbtEoztSwoHsANMxCVtDUKaRHfMTMZG",
            "output": "10"
        },
        {
            "input": "xBhEVJiBaPZmBtOqzPpFpZPsXIZWHFSnK",
            "output": "5"
        },
        {
            "input": "WFXNEKnsviDIOSrYpqDYKhoEQvUaYtzReqRaAdqJSDGoXc",
            "output": "12"
        },
        {
            "input": "qHquixqIjFSvjpzQGQDejqPodwgFGPoWTGXiXqbXhZNpG",
            "output": "7"
        },
        {
            "input": "OPMmqOJEszhRFkjVDRcaMCaIKHIjbzageKfZKX",
            "output": "9"
        },
        {
            "input": "bqFxSSSfEkwyEmVcRUHOyFcqMwtHOCoNxkQh",
            "output": "6"
        },
        {
            "input": "YfQymHrlpHprdVOuxCuNwwRL",
            "output": "3"
        },
        {
            "input": "swOBxwOUbBKrwSKDyYPEw",
            "output": "4"
        },
        {
            "input": "vKblpNqqHszbqlkvbcLoyXPHXjFFJzhmSOV",
            "output": "2"
        },
        {
            "input": "KXjhVjrKVYCYkwuMhwfTCBLcHHgejzltCxpViK",
            "output": "3"
        },
        {
            "input": "NoWKVxShdv",
            "output": "1"
        },
        {
            "input": "QTjqClJEkssQhheXVmrGOIPaWBQGKuYxdJWzFWZIptP",
            "output": "7"
        },
        {
            "input": "GYFpeFNULWUWmUEyT",
            "output": "5"
        },
        {
            "input": "AoHcsJoAcHIOAIYCOfRKDNMnvzzwHOWIVQX",
            "output": "11"
        },
        {
            "input": "WvqCiCBrZblYpwqyTJLEGVmffssEIlNkuHKZeohIhUwuhzlUAU",
            "output": "13"
        },
        {
            "input": "IhImUPAoXIHuHY",
            "output": "7"
        },
        {
            "input": "FCASxPlWKaKOSnvXoGLOGfLQuYCvhizRkRfhKRdcZ",
            "output": "7"
        },
        {
            "input": "tPHlKpAnwLwaIhvQjwrfGfzQkQmmAUTVUhZrKDyegoeTaKM",
            "output": "10"
        },
        {
            "input": "MzYFshGLyiBDaNljrlvWOyxGqCnHeYJUiA",
            "output": "7"
        },
        {
            "input": "kIwkAlFnzuJknXefeNfRFIHeosEMLWKLEeV",
            "output": "11"
        },
        {
            "input": "oRcabpGEkeiJkzdAJPIGsLhizTaeyQmJQZLDpDeMXuxUTHpoe",
            "output": "15"
        },
        {
            "input": "lzCmqqscLujzzjxyDmRflUCMVnbRRTgyZaSIQn",
            "output": "4"
        },
        {
            "input": "HHUOnBFgSYMnIKNGbLNnhZHWvvtbSeAKlRYXyY",
            "output": "5"
        },
        {
            "input": "MOZicVJVhEhPvQQhwJLDKbHouWYwYrOpIqwXkXGLiI",
            "output": "9"
        },
        {
            "input": "CiCPleqUDMxllXGFTHhKRzVGhTeXSapCdrBGHOhVsOdTznvC",
            "output": "7"
        },
        {
            "input": "MauqmYHQqvQasQGxcMqAsmsXqzIMfgCwhHjlwOWrsauL",
            "output": "8"
        },
        {
            "input": "JyPtFcLoFlqzEiqcAEnWQowgxjy",
            "output": "6"
        },
        {
            "input": "aZHnItymLmIpYNeEKRunjEG",
            "output": "7"
        },
        {
            "input": "uqKWbavEpriZbCbgfNtwQQAlxSrUPQgsxoxCOnbdNefmjbPTV",
            "output": "9"
        },
        {
            "input": "QlnhsDahsyGQTnbhIqzu",
            "output": "3"
        },
        {
            "input": "qFOvynUTwcYQIFQTxyPGcffyIRLDiTDuTGxuX",
            "output": "7"
        },
        {
            "input": "HksCpTZWpmSIciHKolsROVtXNFudzeXLrH",
            "output": "6"
        },
        {
            "input": "pRGbbUDQXWMfWjTwFWonCdLFVpFePDSULpdJJUjgdnowDtgX",
            "output": "6"
        },
        {
            "input": "rwDKbrOunkYbSbvtsZxLaHgojDDIEQUItIo",
            "output": "10"
        },
        {
            "input": "lvzPFpepCtpqUIEcFrkWirZMBvGFbKRVIkwFHDbUTKJpvhlkt",
            "output": "7"
        },
        {
            "input": "IHOYXJsHNOUcIr",
            "output": "5"
        },
        {
            "input": "xgaHJLrpGD",
            "output": "1"
        },
        {
            "input": "NkONSVNZAFmIyniaPBTmRglpxcakIFszxWyrtLN",
            "output": "7"
        },
        {
            "input": "JiTIZeyDWltGQFaZDgoChhKXq",
            "output": "5"
        },
        {
            "input": "mzPfpPpkMiCGcmCngAYkyhjeKwzKysyefGmrDgAoh",
            "output": "6"
        },
        {
            "input": "TUJRllpqpviFmauSLQeDmYgu",
            "output": "6"
        },
        {
            "input": "kWvYZRxOinnJZHvCzTZBzyj",
            "output": "2"
        },
        {
            "input": "dPFmXVJhGmNeOibOc",
            "output": "4"
        },
        {
            "input": "ubCjZXfzpDbUGKTzOXS",
            "output": "3"
        },
        {
            "input": "hdmUsNbpXxtOpXB",
            "output": "2"
        },
        {
            "input": "OXKzBRFmhhTKfiVGCeyfhCCBdJ",
            "output": "3"
        },
        {
            "input": "paQNWcHyHXlIhKUGRQetGVBnCPxoZVTgiIblmEkBmQjsqUwn",
            "output": "9"
        },
        {
            "input": "SQMFJofcqdIjMlXOUOVOplKXxBPyZW",
            "output": "6"
        },
        {
            "input": "sOodCAgDbtwpOLL",
            "output": "4"
        },
        {
            "input": "FhNZCYIzvAFeHIKalbbHrdbDxHdSQBrq",
            "output": "5"
        },
        {
            "input": "DvciwOltsemHMLcRcNIWNZbJXviXIWBhmiuEc",
            "output": "9"
        },
        {
            "input": "iHaxvNuMWVgxgXzNeWpJvsFwBKXkAKFNAtAHVKuBvcPWRU",
            "output": "9"
        },
        {
            "input": "BeBWENQwyCZYlnaDCgtCCyIYzSVuVQY",
            "output": "5"
        },
        {
            "input": "uGZghSwpsXgueCDpgbzqehiettKVWPbCRNTGcrkIVPeqqN",
            "output": "8"
        },
        {
            "input": "iMjIOoFICBjxUqQRKFcOCr",
            "output": "7"
        },
        {
            "input": "MEwQBeLjZdnflVxSYno",
            "output": "3"
        },
        {
            "input": "giVAqeumewvTeyPhuMRZHxbowkaUFxBhfDclSEsvRntLvqWwN",
            "output": "11"
        },
        {
            "input": "SlXCymTYprpZDrmfPtlz",
            "output": "0"
        },
        {
            "input": "LJwPSlrcUWXVYPjgXbtTfFyUDAUsAaWWhTXoqxQC",
            "output": "7"
        },
        {
            "input": "AKxwiUXdQbtrXtAndshiNalbrTBbfNYOMc",
            "output": "7"
        },
        {
            "input": "umYXEDGAnkhSKzCcoJFAxbePk",
            "output": "6"
        },
        {
            "input": "tWvUJfohmsCdwj",
            "output": "2"
        },
        {
            "input": "OHFSbpyhLUzvNjWTTegWBBKAS",
            "output": "4"
        },
        {
            "input": "KcUbXGcsSPQHByhdvXKKlsntvZYEcQujjH",
            "output": "3"
        },
        {
            "input": "gCLkkQgIRHzmdrQmDIz",
            "output": "2"
        },
        {
            "input": "iTvQfLuyAyTlYrtsouBaFUpFCmjoqPAr",
            "output": "9"
        },
        {
            "input": "HNGZKTvFmLjGKL",
            "output": "0"
        },
        {
            "input": "fMOdPNIMYhHoPyGfjLwzA",
            "output": "4"
        },
        {
            "input": "lpWqqCcGTkRZiX",
            "output": "1"
        },
        {
            "input": "fgnEGagkEFDXPktkxTZsmQoQkAh",
            "output": "5"
        },
        {
            "input": "SyZUhwziOSrELkEpCjsTCSSQFQUcsVncWjEg",
            "output": "7"
        },
        {
            "input": "rfJqrergTSTtNxIWIgkNDvUUgAqxeUkglbukcDo",
            "output": "10"
        },
        {
            "input": "OICsslGLZaIZkxPSqxKsaJoK",
            "output": "6"
        },
        {
            "input": "IiwUnLwwHSOzTnal",
            "output": "5"
        },
        {
            "input": "rAAOtzFPkXWaEQihFUFELAVQahbhMFnbNZXUn",
            "output": "11"
        },
        {
            "input": "bCHObXZBplNdGhxhkNDcyabCtDxGCaCJz",
            "output": "3"
        },
        {
            "input": "IBFBwcIzirJBCIyQYnZSIti",
            "output": "6"
        },
        {
            "input": "ZqCaekMjhFgmiR",
            "output": "3"
        },
        {
            "input": "OepVafFraEQqDJOMRBhFdQOqNgFbNZnPyqDkdNw",
            "output": "7"
        },
        {
            "input": "dSKvUjWgfAvFRKcImizZ",
            "output": "4"
        },
        {
            "input": "AnvBsEhNPLmwaviPxApydOFBCmunfXKh",
            "output": "7"
        },
        {
            "input": "tOOfOAYjDLxEIdUAPMcOiiSwSNZDpwqqXlgTFaxFQIpLrAx",
            "output": "14"
        },
        {
            "input": "AACrpMpbebRNiIhEJrTqfAQEKYi",
            "output": "9"
        },
        {
            "input": "BRtOEJRbxHxt",
            "output": "2"
        },
        {
            "input": "VRHGtIeRszHsLWoMIh",
            "output": "4"
        },
        {
            "input": "cAistEVSlEeqpxXr",
            "output": "5"
        },
        {
            "input": "oshRTUkxYktuvoPRmuHvYqFmrLXplrraJf",
            "output": "6"
        },
        {
            "input": "ueQiLxuuuJjHsJwCcKKzhiFACmSriLOgvLJlRhXed",
            "output": "11"
        },
        {
            "input": "BFoKtDLNoYDZMBHGpRuI",
            "output": "4"
        },
        {
            "input": "VVrOyWPkqykidiPYZogSGP",
            "output": "4"
        },
        {
            "input": "MCrGJSNEChibJdYIVH",
            "output": "3"
        },
        {
            "input": "SYMibfWSxUXTwNkjQNoKCoNiaywhFXIQsrZjMBtvmK",
            "output": "7"
        },
        {
            "input": "pSDBRkvwKVEASjIDlF",
            "output": "3"
        },
        {
            "input": "KLNEUEeGqAVTJUQijprSqtMgrkPirRxDAwie",
            "output": "11"
        },
        {
            "input": "AhbLCUvHjXvmwjbNalxMPFZXUisejczmlH",
            "output": "6"
        },
        {
            "input": "aYsiNydrvfUnvTtapwiuotrHYGmQWTVlODDyb",
            "output": "8"
        },
        {
            "input": "ompriTusQvcMsknKJDlvDBrTbDAPTCDaDWBhcDaOFIP",
            "output": "8"
        },
        {
            "input": "WWuJmuEuSVVbWMXoJToFTZtbhUmimYWzAofnCwUxrSAL",
            "output": "12"
        },
        {
            "input": "GZWFtqWAHpvekmuPFJPuHHbkxRPsWLrWHPSyyIWBcToOhQG",
            "output": "7"
        },
        {
            "input": "rubmhlFTdxYklIvYqgVUCLB",
            "output": "3"
        },
        {
            "input": "ASelapQEOzeZgEnAYlaCHamJaKJXlbHzfwHANaUO",
            "output": "15"
        },
        {
            "input": "BhIvAThsAudtpiZnFpZHJfllAFQYWXqemvfKGRinhXzbVCZry",
            "output": "8"
        },
        {
            "input": "ObnnjHpTVwYQsYcRQhtRHJhzmZfOkoVdmfOWOZvpM",
            "output": "5"
        },
        {
            "input": "kvpyihtXUYyIBMVqZ",
            "output": "3"
        },
        {
            "input": "grmTwTHFTsmltMTeDBJMpbp",
            "output": "1"
        },
        {
            "input": "HVAEcPKnzpLL",
            "output": "2"
        },
        {
            "input": "EQEBoEXdgDJxdYtVpWAgjLTJuyPGSWSAKakVjCHHMBB",
            "output": "8"
        },
        {
            "input": "GMNQKibxpbEHlfwSAWGRPpLLMcqCBWBjdlLxrJgQwZrBaMTn",
            "output": "4"
        },
        {
            "input": "yzZxxZTDiMHKmbBPewkZIwSwrSpVpxwdpZMPT",
            "output": "3"
        },
        {
            "input": "TZMtVxcbiDgtKUxfQmyjVPQ",
            "output": "2"
        },
        {
            "input": "XTQeClVmnNDHJXZxTFAjXrZbZ",
            "output": "2"
        },
        {
            "input": "VWIztWILDaSccnxaBVyFcuPxExOPquFBOSyLdhXpfRvTtlT",
            "output": "9"
        },
        {
            "input": "LaFkJWIktQDOxzrDpWkTeGGiLh",
            "output": "5"
        },
        {
            "input": "dFuvBqECOPyJHvhAe",
            "output": "5"
        },
        {
            "input": "CSbsfFzIxleNsQWzmLfXcaWchqtBLluewbVxmJirfI",
            "output": "7"
        },
        {
            "input": "IwSiNjLELSjstNll",
            "output": "3"
        },
        {
            "input": "uoKHqWtAGwhiqNJHHNamBQMhhpVeUspTqbc",
            "output": "7"
        },
        {
            "input": "AkMyaQjtDEvFHrJxOeQRfQtIwFVTaOsJTenUDrTNEWKELkaJ",
            "output": "13"
        },
        {
            "input": "AKTQIDWHoollIEZFGLtxuXxmU",
            "output": "8"
        },
        {
            "input": "aQvZJLZrnulttlkcikpwgtvTTqdyswZcsGNzHbWarmMWURikbw",
            "output": "6"
        },
        {
            "input": "RRSRfBSrdYYAlXSnQNSnEAdzLANRHA",
            "output": "5"
        },
        {
            "input": "APkxvARfwPGZiCaUGyLpWPbpXRpEWLwvjhBfItxfVr",
            "output": "7"
        },
        {
            "input": "hKMfvQExOevn",
            "output": "3"
        },
        {
            "input": "zLUMNryqcR",
            "output": "1"
        },
        {
            "input": "jqeLjjtcuV",
            "output": "2"
        },
        {
            "input": "mocgETcGsYVdk",
            "output": "2"
        },
        {
            "input": "nDuIpROqAjwHMXJAUsozuwUEFdFhej",
            "output": "11"
        },
        {
            "input": "PdLpSlJAPUhZqf",
            "output": "2"
        },
        {
            "input": "bwazKbfgdqpSLCukckvCGtUgmEbcoFwCHagNAVNjVvjmww",
            "output": "7"
        },
        {
            "input": "pGKIuDFBkStxy",
            "output": "2"
        },
        {
            "input": "qVcgWmzmSd",
            "output": "0"
        },
        {
            "input": "EDNXokrzeYtfrxhMCyyiCHvSU",
            "output": "5"
        },
        {
            "input": "OHdLUXZVoqhIowWwAxEpCZYuPqbTQvD",
            "output": "8"
        },
        {
            "input": "yqFsWDTAtlRrUFTulA",
            "output": "4"
        },
        {
            "input": "qMJYqOqIHnXRXJlCu",
            "output": "3"
        },
        {
            "input": "ExpZyQliFJwQoYzvIwyAeLPyccsZBIdzCKMHAnWY",
            "output": "8"
        },
        {
            "input": "awZzohRjWuwIaUrjyKmDGLwUGcIXCGAmEI",
            "output": "11"
        },
        {
            "input": "DWqQtDwPOxOjJwfKQBXUPHtgTFIOdNjVFPewDi",
            "output": "7"
        },
        {
            "input": "IfKbxVDnwTFYhtnohFMo",
            "output": "3"
        },
        {
            "input": "EJVXswgRgInwfImwgJmCpqGbDYJjyiqubKzwqZpjHU",
            "output": "6"
        },
        {
            "input": "dFjwcJCLYtCGvMNnwmysTqoRNKS",
            "output": "1"
        },
        {
            "input": "KaqteNDlSiwGNmHxpKqVrUMIkbailSxLwJFMQewS",
            "output": "8"
        },
        {
            "input": "lMrPMfRPIPOyfuaPrQsykIzhEryTghHLuQcdeKKHgSdQ",
            "output": "8"
        },
        {
            "input": "lVGGArdcSWLtookOVOClkcGjLdrPMRgodPOdqkxDrPlWd",
            "output": "7"
        },
        {
            "input": "BMhrnGUiGWOmaRNSVbvHQTWZspjCBDARcijEz",
            "output": "7"
        },
        {
            "input": "xVkLBeMamVrCanKYFtBCHXDsQlNTOsZypJv",
            "output": "4"
        },
        {
            "input": "mNYYRvmAAxH",
            "output": "2"
        },
        {
            "input": "vJHRYlkVzHutkuSOdeMAEs",
            "output": "6"
        },
        {
            "input": "TRunsRabUtqwXHWJDhxNKruODuOiBMPRngXRFkpcGsnOrtcsZ",
            "output": "9"
        },
        {
            "input": "uBwUFbxkKheG",
            "output": "3"
        },
        {
            "input": "gcEIHrowbUndCRWUCyqVRIOxXmCaOZqhJtawvKtNRtm",
            "output": "10"
        },
        {
            "input": "cDsoZJmgZB",
            "output": "1"
        },
        {
            "input": "TDADoKEPyyTdknHR",
            "output": "3"
        },
        {
            "input": "TghJfFmbgzziZG",
            "output": "1"
        },
        {
            "input": "wHtrHDmsTXuxlVuYmq",
            "output": "2"
        },
        {
            "input": "bUvquRkKDs",
            "output": "2"
        },
        {
            "input": "hldqTYSIEtTNLqbzl",
            "output": "2"
        },
        {
            "input": "piIsFMqZCAvJOlziljeMZRUqpKipyhUombWVbOPW",
            "output": "11"
        },
        {
            "input": "fTJJYbNLiYJkQRaFegzhgVN",
            "output": "3"
        },
        {
            "input": "rKXNPqZqhdQvMIbpPjQxmMxOKOxRWnd",
            "output": "3"
        },
        {
            "input": "wIuucLEMewqKgsuNOsScxUzXvePPJGXUgp",
            "output": "10"
        },
        {
            "input": "iTGhnndxJTffQc",
            "output": "1"
        },
        {
            "input": "GwqIyXovtSMNpDtvUwrEUq",
            "output": "5"
        },
        {
            "input": "ayxImmlxadfDpUbeGBtFFYWJHSqaBLRHyOUDvY",
            "output": "8"
        },
        {
            "input": "VUzuszIAMwObMC",
            "output": "5"
        },
        {
            "input": "MggNcPVwTgUeHTuCdMjTqAjDkuTO",
            "output": "6"
        },
        {
            "input": "AZTggCoeJNeOex",
            "output": "6"
        },
        {
            "input": "CYpoTNZULlvFyNxbOANNIoKtF",
            "output": "6"
        },
        {
            "input": "spWgweFZAvasszrkPqsUGJnkcfDgJmEkfyYIspa",
            "output": "7"
        },
        {
            "input": "jgvuwmefIVToEAWoXSYpGRSLIyAWQyExLt",
            "output": "10"
        },
        {
            "input": "WHywEbKLiXJDlqjLaDKwNlbjSYhLaYdSaFUciNeCKxUBmOZD",
            "output": "10"
        },
        {
            "input": "qFwlPKRcPTTSWfpxolVQwXktHJhEz",
            "output": "2"
        },
        {
            "input": "XCnhRFiIRsFOtlvNeSRXWGNgvMYlRshnpByDIVZ",
            "output": "5"
        },
        {
            "input": "WBxvuXFhkznfygcsDtCkVdMzpdGjqHnLGOZHesxwcbXyPXtO",
            "output": "4"
        },
        {
            "input": "MnkAhNQdZFpGptAGhmEjyAeltUEzCTnilApsSwmYjLgWuXI",
            "output": "11"
        },
        {
            "input": "QLRQDQvQfIotlLx",
            "output": "2"
        },
        {
            "input": "VAbnjRwtBCgdRDHuMfhm",
            "output": "2"
        },
        {
            "input": "dkKDEVKUoAXZmRf",
            "output": "4"
        },
        {
            "input": "MrVfNDXxnkctSoTpZEnioTRKIVjkKIlvtoDotjGmH",
            "output": "8"
        },
        {
            "input": "hLhbaVxwaxnlcrwNJttxKKtcmtddfxVrmbpUr",
            "output": "3"
        },
        {
            "input": "nWimLVeqwsjXbyLxcSoDekewrTRq",
            "output": "5"
        },
        {
            "input": "ezZxdzEuUSKGXFPitDNAlXKUtvFGAqtwFpnrQPHXiIBqwyFLkM",
            "output": "10"
        },
        {
            "input": "BhRPZxyoygbKcjgmzGcsZxlhmVxOUVYqsUH",
            "output": "4"
        },
        {
            "input": "biYLANipWXNrbw",
            "output": "3"
        },
        {
            "input": "IIqnJzwjFdPFJqVpbu",
            "output": "3"
        },
        {
            "input": "XBJSwsZDGNSsWTLqkfqbtPWtEQxzu",
            "output": "2"
        },
        {
            "input": "plgzCKygHBlhZgTjKkXUbtdwZkEwUdESvHJjOGaemi",
            "output": "8"
        },
        {
            "input": "qyugnwsLVevgsCMjlFFXuQiO",
            "output": "5"
        },
        {
            "input": "SNNRfckVYOXgGlFyn",
            "output": "1"
        },
        {
            "input": "lGcufMgvQNsIscSaCBnhoyZaEGXJDKDAcF",
            "output": "7"
        },
        {
            "input": "GlgSyYkSigul",
            "output": "2"
        },
        {
            "input": "mGgbwQHjRivEjcxhyyvsaHOAoWGWGSpOaF",
            "output": "8"
        },
        {
            "input": "WUbKiKMVTbfMtZjExTZXYKSajjyLdHNmtptRvBWpfobNZKRZfc",
            "output": "5"
        },
        {
            "input": "DXGqPLggCErfTIcDeZrxPVV",
            "output": "3"
        },
        {
            "input": "AKbmIkhsTouNOzGQPcBcKEkwYBQSD",
            "output": "6"
        },
        {
            "input": "ApfZIcGEbaYKxwrKrwjBYKXV",
            "output": "4"
        },
        {
            "input": "DRpkDynZVvCIClCWDyvFhWuNMEQ",
            "output": "3"
        },
        {
            "input": "SgrMGecbbSsekYsUTEGjPUhHsUrzBMsOaYsXNs",
            "output": "8"
        },
        {
            "input": "yGzGuwSnULa",
            "output": "3"
        },
        {
            "input": "WRnZukCtHbinCSZtAypQYwq",
            "output": "3"
        },
        {
            "input": "dDZjaBbAynBcIDwPlFlEuNRVYtvQPFKQaenQjqMFbFzcUzKh",
            "output": "8"
        },
        {
            "input": "aHqLDlCPbkeNWUXWrdJIUCIIrPHtvSKjJVN",
            "output": "7"
        },
        {
            "input": "FRFAERiMvi",
            "output": "4"
        },
        {
            "input": "pRKXVqPQbdZd",
            "output": "0"
        },
        {
            "input": "nDxwQlgpIrNGoZMwDqeGvmsGZNFCMXoZF",
            "output": "4"
        },
        {
            "input": "TsBzsakIvzAktzfcUAEBiHvyXrDxwwcGmabPxkS",
            "output": "8"
        },
        {
            "input": "mUpEQERwxVinFhliatjDoIqjJUwGWj",
            "output": "9"
        },
        {
            "input": "zrbWXkEVASYamaL",
            "output": "4"
        },
        {
            "input": "ryaNfJAJlHUVFbGOgFEITWOjUxrBlJHnIyt",
            "output": "9"
        },
        {
            "input": "BVciuNeiqaxaIaWJYSIDgCiyaogEddcHjEwDpzYZ",
            "output": "14"
        },
        {
            "input": "QPhPFVebbzNBksOmUfdzaaRldriEDfjns",
            "output": "7"
        },
        {
            "input": "KeYAlvZimdOeLEuOIqNogMPFMTRsXXcwkgYFVannFQQAe",
            "output": "13"
        },
        {
            "input": "HEzCVROvbbCJjjDXpvbSREbrKBLjsHgRponuGuYPgESFjuRrpI",
            "output": "9"
        },
        {
            "input": "KyMPrrETHZdFIwUdoUOnzUEDMlECOXmhEjSajrFqgSuzzZ",
            "output": "13"
        },
        {
            "input": "uAooBJRENeyzurWqCcLarbaMSSTtIYQ",
            "output": "10"
        },
        {
            "input": "RwBWIxYRgQUtwIQvUCqOpGGidHK",
            "output": "6"
        },
        {
            "input": "tSqaPXXZvnjBDFIvIb",
            "output": "3"
        },
        {
            "input": "mipjKMNNeDyDRHuQpPLtsghuGOOs",
            "output": "6"
        },
        {
            "input": "noORUZpWrnLOuHUVAVUeqYWmMgVE",
            "output": "10"
        },
        {
            "input": "MCAmrcqUuwJBKlHZi",
            "output": "4"
        },
        {
            "input": "vcvTziEWbHbdGfwvHfoSDjizNKbBehtZrQGpULTyzr",
            "output": "6"
        },
        {
            "input": "EhHlnkPsTQUxqBHfPS",
            "output": "2"
        },
        {
            "input": "gojFqhKvTSRgWOWqiFtPtiAFkzjSIAGVFpRTQfzRoHhoIv",
            "output": "10"
        },
        {
            "input": "dELEFvrcaRdnbirpqjmvvcEEIUDkuWH",
            "output": "9"
        },
        {
            "input": "TrKdmccLeUJCBNbk",
            "output": "2"
        },
        {
            "input": "UPwOUESDTCtCYISd",
            "output": "5"
        },
        {
            "input": "ZpziEFxuYhBMBCCJDHqmtHGhk",
            "output": "3"
        },
        {
            "input": "GxeXChfMLntQRemK",
            "output": "2"
        },
        {
            "input": "XLkdRUGIWUnnEHHQU",
            "output": "5"
        },
        {
            "input": "CUlHggYNDvZtasuSAaezgpskyETpnokCFfexmHycxuBx",
            "output": "10"
        },
        {
            "input": "SfeXESgvOXDqSJVVoqcfWyjTHETdqXLNxxQOK",
            "output": "6"
        },
        {
            "input": "hMSRGVEJLLBBZycMEWmeddYbhRPLnPxZPhUiizLhGJleANFbQm",
            "output": "8"
        },
        {
            "input": "mxeLJEGsoQgjeWXcUYxFuuhQDbg",
            "output": "7"
        },
        {
            "input": "tRxYzLGxQLMWfa",
            "output": "1"
        },
        {
            "input": "KcAYDVFGaBSyFskoCfHLendgzrFTAhLTqvPGrtrxKfCTHRz",
            "output": "5"
        },
        {
            "input": "nWRwnZAyZPpPoWaVfTTmqkbzQSoYbevJYmBUDLAtRXdHxvzHG",
            "output": "7"
        },
        {
            "input": "wmAIxTLFgmXvJLXdbWLRyKXItjSxqNFjFo",
            "output": "4"
        },
        {
            "input": "vrwpjwJuoviwkftNunvqlDLQkK",
            "output": "4"
        },
        {
            "input": "bYchPVzPARmOjkJoHhqeqLVSghJesmaude",
            "output": "8"
        },
        {
            "input": "mwUCkOfxFBHWzcuZdDxvVybYmeDRoNbsAbjUUDqUJAMvanpRI",
            "output": "12"
        },
        {
            "input": "lKCqPLOOmtkWHdWEBcvvInyJrnhCdmBtjL",
            "output": "4"
        },
        {
            "input": "ZZGzqguEwbqAhwrcfgnlMmPqQXioJkIKzb",
            "output": "6"
        },
        {
            "input": "ArXnRYlgRjYPKaLQnCNJhYqorVLzMBhMyhD",
            "output": "3"
        },
        {
            "input": "TbUtuRJsDzAJbrrfQEnsZerHDkdjdNuxuDrFGqKQBcTUKSU",
            "output": "9"
        },
        {
            "input": "myTBQROxhoVxcJAs",
            "output": "3"
        },
        {
            "input": "QJOySKcIGYCwSoHSbpNCEsqqZ",
            "output": "4"
        },
        {
            "input": "aMBiSiTctfgTpOcuMmVMQXV",
            "output": "5"
        },
        {
            "input": "hKqnFQodiNYJBCvSnYOhhyPCXRVhoVnmDceuLMsTMllrfMkdAm",
            "output": "7"
        },
        {
            "input": "mMMCJFXnhOpuhrbXvaVNMNnUPkXBdewGDlhwfrerKvLHxWoYM",
            "output": "7"
        },
        {
            "input": "mBtFkamYpVrIL",
            "output": "2"
        },
        {
            "input": "hisfSomYYGiIcCRCTGgamhgDMq",
            "output": "5"
        },
        {
            "input": "wtFsLEYlqvMHZBPihDqCALdBwd",
            "output": "3"
        },
        {
            "input": "cbEsXZNxwdSbZiGPevczvMwSMmuVuGGKNSnsUwlyptam",
            "output": "7"
        },
        {
            "input": "bowsaUEAWGoqliavdSzSUohwAHfnAMdkXxdysim",
            "output": "13"
        },
        {
            "input": "lzPXFPHtcqWnD",
            "output": "0"
        },
        {
            "input": "iOMpwCTUWULrNDVJlJDWlQhIHuSdDUNoVNxudOpKeqFp",
            "output": "11"
        },
        {
            "input": "sZZtKZvGSXmEmV",
            "output": "1"
        },
        {
            "input": "FOLoGwBJxduJJRzbqvoXCBwYuAGoOpIugzGkNYcEgAL",
            "output": "12"
        },
        {
            "input": "cNKiRABefUrVkCFlkevizGMgOrBwaGrWxEpoaQvFZGXGHzmA",
            "output": "12"
        },
        {
            "input": "LwgRxJUZnjookBdLdFtCkfSoVfvqfrgEFmIiBQLNk",
            "output": "7"
        },
        {
            "input": "VXWCiYZewtIoCxnfwRoKfUwP",
            "output": "6"
        },
        {
            "input": "gDOyoXLGsxEdNERdHrJlBwljTAZ",
            "output": "5"
        },
        {
            "input": "kRgThaKYSLNyYxeKUNKotwEVRKwfgthqYxvoAlKjlWOsgK",
            "output": "8"
        },
        {
            "input": "davGEtGMJArhtFtckoQsHQgymoSvbqsQgHDM",
            "output": "5"
        },
        {
            "input": "ofUNOImGyliUaZB",
            "output": "7"
        },
        {
            "input": "gnYDGzMqFRtpKUvcRJsdlqlhoQBcQ",
            "output": "2"
        },
        {
            "input": "xeDFuMVOVXfiKngF",
            "output": "4"
        },
        {
            "input": "HzFQXqbkGrJfnHRcLFeR",
            "output": "1"
        },
        {
            "input": "uvGrsLxHGnxGQoSrUexvOKZW",
            "output": "5"
        },
        {
            "input": "gKuRTSCMQBlLwcJAYqMPXPVLGNohOyYpbMAOPEjoPz",
            "output": "8"
        },
        {
            "input": "ZMjbWEHwiOTGTbfnuhYSIcYQQTvnvuFfMiuFXdP",
            "output": "8"
        },
        {
            "input": "LaTjjwBHtRjxPrAPZ",
            "output": "2"
        },
        {
            "input": "OAhPrISAuZlRwxPLhuTHVM",
            "output": "6"
        },
        {
            "input": "XLomlSZyoBzZs",
            "output": "2"
        },
        {
            "input": "mqWZTHSJLhF",
            "output": "0"
        },
        {
            "input": "qHVAjGGNgGVZJmpObWxGVzoIxBTxtEOkcEURMDrECPwTOhBS",
            "output": "10"
        },
        {
            "input": "YdxnHkAzwTeiW",
            "output": "3"
        },
        {
            "input": "LTFBqkfYdnKwKAdCeRSF",
            "output": "2"
        },
        {
            "input": "viabgLWqClswFYtpBNMonvTfvrKpwO",
            "output": "4"
        },
        {
            "input": "IwgmBqocuVwlpMjIL",
            "output": "4"
        },
        {
            "input": "dFUpONgrduarSZpTjANsUxMXCGCiSOoUTXkR",
            "output": "10"
        },
        {
            "input": "YEKJHFCZaAURTxOcSYieCZaHGueFyDEdyBqXFRDLUKJZSKqq",
            "output": "12"
        },
        {
            "input": "HmdkZZKDcfrBsEau",
            "output": "3"
        },
        {
            "input": "tSmjkZivUqWKEJkjWseUeBoolohJrGdZJqoTgzVHMUsg",
            "output": "11"
        },
        {
            "input": "MnBUHvNJuVZejXoIeazRqHvwvWximsOPw",
            "output": "9"
        },
        {
            "input": "KxjtLJBVyranoomntxNqlSUJtKyxyWPElHHFdJfFgxKGaCa",
            "output": "7"
        },
        {
            "input": "SHfxQvfVRnJLahhzmeeYlEpqktQAlrH",
            "output": "5"
        },
        {
            "input": "vXSPPjWFOBsBHmuPouWbpPVPOPqvayqVLkKcGqIVwTkuynL",
            "output": "8"
        },
        {
            "input": "WJWrMoZUMbKufuFMoiDvpfMdwcTZaHgVLFpKuktJlTqnpz",
            "output": "8"
        },
        {
            "input": "EMSoFSiLcWTn",
            "output": "3"
        },
        {
            "input": "McmIBACrcnLkMPucrYAUsDlDMJaMufNwNal",
            "output": "8"
        }
    ]
}