{
    "id": "decimal_to_binary",
    "title": "Decimal to Binary",
    "description": "A decimal number is a base-10 number, while a binary number is a base-2 number consisting only of the digits 0 and 1. In this problem, you are given a non-negative integer `N`. Your task is to convert this decimal number into its binary string representation. For example, the decimal number 5 is represented as '101' in binary.",
    "input_format": "A single integer N.",
    "output_format": "Output a single string representing the binary equivalent of the given decimal integer `N`.",
    "constraints": {
        "N": "0 <= N <= 10^9"
    },
    "judge_mode": "FIRST_FAIL",
    "time_limit": 1,
    "sample_test_cases": [
        {
            "input": "5",
            "output": "101"
        },
        {
            "input": "15",
            "output": "1111"
        }
    ],
    "hidden_test_cases": [
        {
            "input": "9112",
            "output": "10001110011000"
        },
        {
            "input": "1386",
            "output": "10101101010"
        },
        {
            "input": "8460",
            "output": "10000100001100"
        },
        {
            "input": "7615",
            "output": "1110110111111"
        },
        {
            "input": "1092",
            "output": "10001000100"
        },
        {
            "input": "2114",
            "output": "100001000010"
        },
        {
            "input": "9905",
            "output": "10011010110001"
        },
        {
            "input": "1548",
            "output": "11000001100"
        },
        {
            "input": "5211",
            "output": "1010001011011"
        },
        {
            "input": "45",
            "output": "101101"
        },
        {
            "input": "9605",
            "output": "10010110000101"
        },
        {
            "input": "9842",
            "output": "10011001110010"
        },
        {
            "input": "1247",
            "output": "10011011111"
        },
        {
            "input": "5038",
            "output": "1001110101110"
        },
        {
            "input": "499",
            "output": "111110011"
        },
        {
            "input": "6495",
            "output": "1100101011111"
        },
        {
            "input": "3425",
            "output": "110101100001"
        },
        {
            "input": "3130",
            "output": "110000111010"
        },
        {
            "input": "7631",
            "output": "1110111001111"
        },
        {
            "input": "4213",
            "output": "1000001110101"
        },
        {
            "input": "9950",
            "output": "10011011011110"
        },
        {
            "input": "1941",
            "output": "11110010101"
        },
        {
            "input": "5717",
            "output": "1011001010101"
        },
        {
            "input": "4958",
            "output": "1001101011110"
        },
        {
            "input": "8920",
            "output": "10001011011000"
        },
        {
            "input": "7419",
            "output": "1110011111011"
        },
        {
            "input": "1501",
            "output": "10111011101"
        },
        {
            "input": "6500",
            "output": "1100101100100"
        },
        {
            "input": "8707",
            "output": "10001000000011"
        },
        {
            "input": "1488",
            "output": "10111010000"
        },
        {
            "input": "8533",
            "output": "10000101010101"
        },
        {
            "input": "81",
            "output": "1010001"
        },
        {
            "input": "8267",
            "output": "10000001001011"
        },
        {
            "input": "3005",
            "output": "101110111101"
        },
        {
            "input": "6660",
            "output": "1101000000100"
        },
        {
            "input": "4968",
            "output": "1001101101000"
        },
        {
            "input": "7905",
            "output": "1111011100001"
        },
        {
            "input": "1492",
            "output": "10111010100"
        },
        {
            "input": "2541",
            "output": "100111101101"
        },
        {
            "input": "1962",
            "output": "11110101010"
        },
        {
            "input": "6302",
            "output": "1100010011110"
        },
        {
            "input": "7238",
            "output": "1110001000110"
        },
        {
            "input": "4783",
            "output": "1001010101111"
        },
        {
            "input": "9319",
            "output": "10010001100111"
        },
        {
            "input": "682",
            "output": "1010101010"
        },
        {
            "input": "8477",
            "output": "10000100011101"
        },
        {
            "input": "7420",
            "output": "1110011111100"
        },
        {
            "input": "3625",
            "output": "111000101001"
        },
        {
            "input": "9631",
            "output": "10010110011111"
        },
        {
            "input": "8578",
            "output": "10000110000010"
        },
        {
            "input": "6028",
            "output": "1011110001100"
        },
        {
            "input": "8950",
            "output": "10001011110110"
        },
        {
            "input": "8159",
            "output": "1111111011111"
        },
        {
            "input": "6162",
            "output": "1100000010010"
        },
        {
            "input": "3917",
            "output": "111101001101"
        },
        {
            "input": "7686",
            "output": "1111000000110"
        },
        {
            "input": "1029",
            "output": "10000000101"
        },
        {
            "input": "9047",
            "output": "10001101010111"
        },
        {
            "input": "8008",
            "output": "1111101001000"
        },
        {
            "input": "6018",
            "output": "1011110000010"
        },
        {
            "input": "7637",
            "output": "1110111010101"
        },
        {
            "input": "9535",
            "output": "10010100111111"
        },
        {
            "input": "3530",
            "output": "110111001010"
        },
        {
            "input": "6109",
            "output": "1011111011101"
        },
        {
            "input": "3637",
            "output": "111000110101"
        },
        {
            "input": "1177",
            "output": "10010011001"
        },
        {
            "input": "2193",
            "output": "100010010001"
        },
        {
            "input": "4277",
            "output": "1000010110101"
        },
        {
            "input": "3237",
            "output": "110010100101"
        },
        {
            "input": "3238",
            "output": "110010100110"
        },
        {
            "input": "6682",
            "output": "1101000011010"
        },
        {
            "input": "8300",
            "output": "10000001101100"
        },
        {
            "input": "4604",
            "output": "1000111111100"
        },
        {
            "input": "9417",
            "output": "10010011001001"
        },
        {
            "input": "7871",
            "output": "1111010111111"
        },
        {
            "input": "4663",
            "output": "1001000110111"
        },
        {
            "input": "4774",
            "output": "1001010100110"
        },
        {
            "input": "6705",
            "output": "1101000110001"
        },
        {
            "input": "1773",
            "output": "11011101101"
        },
        {
            "input": "6548",
            "output": "1100110010100"
        },
        {
            "input": "4940",
            "output": "1001101001100"
        },
        {
            "input": "5277",
            "output": "1010010011101"
        },
        {
            "input": "1713",
            "output": "11010110001"
        },
        {
            "input": "7562",
            "output": "1110110001010"
        },
        {
            "input": "4895",
            "output": "1001100011111"
        },
        {
            "input": "1574",
            "output": "11000100110"
        },
        {
            "input": "716",
            "output": "1011001100"
        },
        {
            "input": "6694",
            "output": "1101000100110"
        },
        {
            "input": "6742",
            "output": "1101001010110"
        },
        {
            "input": "3480",
            "output": "110110011000"
        },
        {
            "input": "6585",
            "output": "1100110111001"
        },
        {
            "input": "2529",
            "output": "100111100001"
        },
        {
            "input": "4212",
            "output": "1000001110100"
        },
        {
            "input": "8181",
            "output": "1111111110101"
        },
        {
            "input": "7852",
            "output": "1111010101100"
        },
        {
            "input": "4147",
            "output": "1000000110011"
        },
        {
            "input": "4583",
            "output": "1000111100111"
        },
        {
            "input": "6209",
            "output": "1100001000001"
        },
        {
            "input": "4938",
            "output": "1001101001010"
        },
        {
            "input": "8731",
            "output": "10001000011011"
        },
        {
            "input": "5698",
            "output": "1011001000010"
        },
        {
            "input": "2863",
            "output": "101100101111"
        },
        {
            "input": "6874",
            "output": "1101011011010"
        },
        {
            "input": "3775",
            "output": "111010111111"
        },
        {
            "input": "8510",
            "output": "10000100111110"
        },
        {
            "input": "5087",
            "output": "1001111011111"
        },
        {
            "input": "3055",
            "output": "101111101111"
        },
        {
            "input": "6492",
            "output": "1100101011100"
        },
        {
            "input": "1126",
            "output": "10001100110"
        },
        {
            "input": "8370",
            "output": "10000010110010"
        },
        {
            "input": "7159",
            "output": "1101111110111"
        },
        {
            "input": "5553",
            "output": "1010110110001"
        },
        {
            "input": "4541",
            "output": "1000110111101"
        },
        {
            "input": "1937",
            "output": "11110010001"
        },
        {
            "input": "2374",
            "output": "100101000110"
        },
        {
            "input": "2594",
            "output": "101000100010"
        },
        {
            "input": "1540",
            "output": "11000000100"
        },
        {
            "input": "8856",
            "output": "10001010011000"
        },
        {
            "input": "149",
            "output": "10010101"
        },
        {
            "input": "395",
            "output": "110001011"
        },
        {
            "input": "1567",
            "output": "11000011111"
        },
        {
            "input": "9828",
            "output": "10011001100100"
        },
        {
            "input": "1771",
            "output": "11011101011"
        },
        {
            "input": "2742",
            "output": "101010110110"
        },
        {
            "input": "2931",
            "output": "101101110011"
        },
        {
            "input": "8852",
            "output": "10001010010100"
        },
        {
            "input": "8574",
            "output": "10000101111110"
        },
        {
            "input": "6317",
            "output": "1100010101101"
        },
        {
            "input": "2215",
            "output": "100010100111"
        },
        {
            "input": "7834",
            "output": "1111010011010"
        },
        {
            "input": "2832",
            "output": "101100010000"
        },
        {
            "input": "5605",
            "output": "1010111100101"
        },
        {
            "input": "3306",
            "output": "110011101010"
        },
        {
            "input": "6256",
            "output": "1100001110000"
        },
        {
            "input": "3057",
            "output": "101111110001"
        },
        {
            "input": "5686",
            "output": "1011000110110"
        },
        {
            "input": "6927",
            "output": "1101100001111"
        },
        {
            "input": "2158",
            "output": "100001101110"
        },
        {
            "input": "1060",
            "output": "10000100100"
        },
        {
            "input": "8629",
            "output": "10000110110101"
        },
        {
            "input": "8342",
            "output": "10000010010110"
        },
        {
            "input": "8273",
            "output": "10000001010001"
        },
        {
            "input": "9077",
            "output": "10001101110101"
        },
        {
            "input": "8372",
            "output": "10000010110100"
        },
        {
            "input": "3473",
            "output": "110110010001"
        },
        {
            "input": "262",
            "output": "100000110"
        },
        {
            "input": "991",
            "output": "1111011111"
        },
        {
            "input": "9300",
            "output": "10010001010100"
        },
        {
            "input": "2242",
            "output": "100011000010"
        },
        {
            "input": "98",
            "output": "1100010"
        },
        {
            "input": "5405",
            "output": "1010100011101"
        },
        {
            "input": "1469",
            "output": "10110111101"
        },
        {
            "input": "4777",
            "output": "1001010101001"
        },
        {
            "input": "1576",
            "output": "11000101000"
        },
        {
            "input": "8823",
            "output": "10001001110111"
        },
        {
            "input": "4332",
            "output": "1000011101100"
        },
        {
            "input": "7979",
            "output": "1111100101011"
        },
        {
            "input": "2841",
            "output": "101100011001"
        },
        {
            "input": "8716",
            "output": "10001000001100"
        },
        {
            "input": "2655",
            "output": "101001011111"
        },
        {
            "input": "3297",
            "output": "110011100001"
        },
        {
            "input": "4178",
            "output": "1000001010010"
        },
        {
            "input": "7445",
            "output": "1110100010101"
        },
        {
            "input": "9844",
            "output": "10011001110100"
        },
        {
            "input": "6923",
            "output": "1101100001011"
        },
        {
            "input": "3906",
            "output": "111101000010"
        },
        {
            "input": "9935",
            "output": "10011011001111"
        },
        {
            "input": "788",
            "output": "1100010100"
        },
        {
            "input": "3233",
            "output": "110010100001"
        },
        {
            "input": "141",
            "output": "10001101"
        },
        {
            "input": "9200",
            "output": "10001111110000"
        },
        {
            "input": "6824",
            "output": "1101010101000"
        },
        {
            "input": "4999",
            "output": "1001110000111"
        },
        {
            "input": "256",
            "output": "100000000"
        },
        {
            "input": "8493",
            "output": "10000100101101"
        },
        {
            "input": "738",
            "output": "1011100010"
        },
        {
            "input": "6752",
            "output": "1101001100000"
        },
        {
            "input": "8291",
            "output": "10000001100011"
        },
        {
            "input": "8317",
            "output": "10000001111101"
        },
        {
            "input": "7440",
            "output": "1110100010000"
        },
        {
            "input": "8890",
            "output": "10001010111010"
        },
        {
            "input": "4412",
            "output": "1000100111100"
        },
        {
            "input": "9246",
            "output": "10010000011110"
        },
        {
            "input": "7405",
            "output": "1110011101101"
        },
        {
            "input": "4353",
            "output": "1000100000001"
        },
        {
            "input": "1542",
            "output": "11000000110"
        },
        {
            "input": "784",
            "output": "1100010000"
        },
        {
            "input": "6070",
            "output": "1011110110110"
        },
        {
            "input": "4712",
            "output": "1001001101000"
        },
        {
            "input": "3016",
            "output": "101111001000"
        },
        {
            "input": "5855",
            "output": "1011011011111"
        },
        {
            "input": "5093",
            "output": "1001111100101"
        },
        {
            "input": "168",
            "output": "10101000"
        },
        {
            "input": "1020",
            "output": "1111111100"
        },
        {
            "input": "6425",
            "output": "1100100011001"
        },
        {
            "input": "3743",
            "output": "111010011111"
        },
        {
            "input": "3854",
            "output": "111100001110"
        },
        {
            "input": "2469",
            "output": "100110100101"
        },
        {
            "input": "4211",
            "output": "1000001110011"
        },
        {
            "input": "9559",
            "output": "10010101010111"
        },
        {
            "input": "8972",
            "output": "10001100001100"
        },
        {
            "input": "2782",
            "output": "101011011110"
        },
        {
            "input": "2925",
            "output": "101101101101"
        },
        {
            "input": "8940",
            "output": "10001011101100"
        },
        {
            "input": "7104",
            "output": "1101111000000"
        },
        {
            "input": "2143",
            "output": "100001011111"
        },
        {
            "input": "578",
            "output": "1001000010"
        },
        {
            "input": "6389",
            "output": "1100011110101"
        },
        {
            "input": "1677",
            "output": "11010001101"
        },
        {
            "input": "6979",
            "output": "1101101000011"
        },
        {
            "input": "1390",
            "output": "10101101110"
        },
        {
            "input": "1803",
            "output": "11100001011"
        },
        {
            "input": "7789",
            "output": "1111001101101"
        },
        {
            "input": "6203",
            "output": "1100000111011"
        },
        {
            "input": "5528",
            "output": "1010110011000"
        },
        {
            "input": "7067",
            "output": "1101110011011"
        },
        {
            "input": "2309",
            "output": "100100000101"
        },
        {
            "input": "3701",
            "output": "111001110101"
        },
        {
            "input": "4314",
            "output": "1000011011010"
        },
        {
            "input": "8528",
            "output": "10000101010000"
        },
        {
            "input": "5409",
            "output": "1010100100001"
        },
        {
            "input": "7060",
            "output": "1101110010100"
        },
        {
            "input": "6360",
            "output": "1100011011000"
        },
        {
            "input": "7997",
            "output": "1111100111101"
        },
        {
            "input": "5770",
            "output": "1011010001010"
        },
        {
            "input": "4205",
            "output": "1000001101101"
        },
        {
            "input": "2011",
            "output": "11111011011"
        },
        {
            "input": "2845",
            "output": "101100011101"
        },
        {
            "input": "1802",
            "output": "11100001010"
        },
        {
            "input": "9247",
            "output": "10010000011111"
        },
        {
            "input": "1009",
            "output": "1111110001"
        },
        {
            "input": "7031",
            "output": "1101101110111"
        },
        {
            "input": "3689",
            "output": "111001101001"
        },
        {
            "input": "1557",
            "output": "11000010101"
        },
        {
            "input": "9079",
            "output": "10001101110111"
        },
        {
            "input": "4858",
            "output": "1001011111010"
        },
        {
            "input": "9416",
            "output": "10010011001000"
        },
        {
            "input": "537",
            "output": "1000011001"
        },
        {
            "input": "7444",
            "output": "1110100010100"
        },
        {
            "input": "9076",
            "output": "10001101110100"
        },
        {
            "input": "1432",
            "output": "10110011000"
        },
        {
            "input": "5191",
            "output": "1010001000111"
        },
        {
            "input": "3886",
            "output": "111100101110"
        },
        {
            "input": "6998",
            "output": "1101101010110"
        },
        {
            "input": "7630",
            "output": "1110111001110"
        },
        {
            "input": "4388",
            "output": "1000100100100"
        },
        {
            "input": "7572",
            "output": "1110110010100"
        },
        {
            "input": "5977",
            "output": "1011101011001"
        },
        {
            "input": "5116",
            "output": "1001111111100"
        },
        {
            "input": "6952",
            "output": "1101100101000"
        },
        {
            "input": "442",
            "output": "110111010"
        },
        {
            "input": "4706",
            "output": "1001001100010"
        },
        {
            "input": "9556",
            "output": "10010101010100"
        },
        {
            "input": "9729",
            "output": "10011000000001"
        },
        {
            "input": "9982",
            "output": "10011011111110"
        },
        {
            "input": "9453",
            "output": "10010011101101"
        },
        {
            "input": "8258",
            "output": "10000001000010"
        },
        {
            "input": "1742",
            "output": "11011001110"
        },
        {
            "input": "4058",
            "output": "111111011010"
        },
        {
            "input": "490",
            "output": "111101010"
        },
        {
            "input": "7127",
            "output": "1101111010111"
        },
        {
            "input": "1663",
            "output": "11001111111"
        },
        {
            "input": "5598",
            "output": "1010111011110"
        },
        {
            "input": "988",
            "output": "1111011100"
        },
        {
            "input": "3470",
            "output": "110110001110"
        },
        {
            "input": "2320",
            "output": "100100010000"
        },
        {
            "input": "9235",
            "output": "10010000010011"
        },
        {
            "input": "9194",
            "output": "10001111101010"
        },
        {
            "input": "729",
            "output": "1011011001"
        },
        {
            "input": "5659",
            "output": "1011000011011"
        },
        {
            "input": "116",
            "output": "1110100"
        },
        {
            "input": "4962",
            "output": "1001101100010"
        },
        {
            "input": "6785",
            "output": "1101010000001"
        },
        {
            "input": "1272",
            "output": "10011111000"
        },
        {
            "input": "2972",
            "output": "101110011100"
        },
        {
            "input": "3411",
            "output": "110101010011"
        },
        {
            "input": "4495",
            "output": "1000110001111"
        },
        {
            "input": "8379",
            "output": "10000010111011"
        },
        {
            "input": "3040",
            "output": "101111100000"
        },
        {
            "input": "6335",
            "output": "1100010111111"
        },
        {
            "input": "6271",
            "output": "1100001111111"
        },
        {
            "input": "2631",
            "output": "101001000111"
        },
        {
            "input": "498",
            "output": "111110010"
        },
        {
            "input": "7412",
            "output": "1110011110100"
        },
        {
            "input": "4068",
            "output": "111111100100"
        },
        {
            "input": "5321",
            "output": "1010011001001"
        },
        {
            "input": "1240",
            "output": "10011011000"
        },
        {
            "input": "60",
            "output": "111100"
        },
        {
            "input": "3085",
            "output": "110000001101"
        },
        {
            "input": "8782",
            "output": "10001001001110"
        },
        {
            "input": "8463",
            "output": "10000100001111"
        },
        {
            "input": "1225",
            "output": "10011001001"
        },
        {
            "input": "9274",
            "output": "10010000111010"
        },
        {
            "input": "3965",
            "output": "111101111101"
        },
        {
            "input": "8836",
            "output": "10001010000100"
        },
        {
            "input": "1988",
            "output": "11111000100"
        },
        {
            "input": "1820",
            "output": "11100011100"
        },
        {
            "input": "2218",
            "output": "100010101010"
        },
        {
            "input": "6465",
            "output": "1100101000001"
        },
        {
            "input": "4537",
            "output": "1000110111001"
        },
        {
            "input": "535",
            "output": "1000010111"
        },
        {
            "input": "8505",
            "output": "10000100111001"
        },
        {
            "input": "2838",
            "output": "101100010110"
        },
        {
            "input": "7894",
            "output": "1111011010110"
        },
        {
            "input": "2375",
            "output": "100101000111"
        },
        {
            "input": "3308",
            "output": "110011101100"
        },
        {
            "input": "4967",
            "output": "1001101100111"
        },
        {
            "input": "2816",
            "output": "101100000000"
        },
        {
            "input": "9621",
            "output": "10010110010101"
        },
        {
            "input": "9379",
            "output": "10010010100011"
        },
        {
            "input": "5571",
            "output": "1010111000011"
        },
        {
            "input": "5149",
            "output": "1010000011101"
        },
        {
            "input": "2432",
            "output": "100110000000"
        },
        {
            "input": "8613",
            "output": "10000110100101"
        },
        {
            "input": "1202",
            "output": "10010110010"
        },
        {
            "input": "5464",
            "output": "1010101011000"
        },
        {
            "input": "1440",
            "output": "10110100000"
        },
        {
            "input": "163",
            "output": "10100011"
        },
        {
            "input": "8447",
            "output": "10000011111111"
        },
        {
            "input": "7943",
            "output": "1111100000111"
        },
        {
            "input": "2784",
            "output": "101011100000"
        },
        {
            "input": "4984",
            "output": "1001101111000"
        },
        {
            "input": "2040",
            "output": "11111111000"
        },
        {
            "input": "5600",
            "output": "1010111100000"
        },
        {
            "input": "9628",
            "output": "10010110011100"
        },
        {
            "input": "7050",
            "output": "1101110001010"
        },
        {
            "input": "3756",
            "output": "111010101100"
        },
        {
            "input": "1601",
            "output": "11001000001"
        },
        {
            "input": "9121",
            "output": "10001110100001"
        },
        {
            "input": "2019",
            "output": "11111100011"
        },
        {
            "input": "688",
            "output": "1010110000"
        },
        {
            "input": "3052",
            "output": "101111101100"
        },
        {
            "input": "3825",
            "output": "111011110001"
        },
        {
            "input": "3020",
            "output": "101111001100"
        },
        {
            "input": "6870",
            "output": "1101011010110"
        },
        {
            "input": "885",
            "output": "1101110101"
        },
        {
            "input": "3398",
            "output": "110101000110"
        },
        {
            "input": "2419",
            "output": "100101110011"
        },
        {
            "input": "4419",
            "output": "1000101000011"
        },
        {
            "input": "4190",
            "output": "1000001011110"
        },
        {
            "input": "5334",
            "output": "1010011010110"
        },
        {
            "input": "7956",
            "output": "1111100010100"
        },
        {
            "input": "3884",
            "output": "111100101100"
        },
        {
            "input": "8732",
            "output": "10001000011100"
        },
        {
            "input": "1636",
            "output": "11001100100"
        },
        {
            "input": "5109",
            "output": "1001111110101"
        },
        {
            "input": "5367",
            "output": "1010011110111"
        },
        {
            "input": "554",
            "output": "1000101010"
        },
        {
            "input": "1539",
            "output": "11000000011"
        },
        {
            "input": "1255",
            "output": "10011100111"
        },
        {
            "input": "5543",
            "output": "1010110100111"
        },
        {
            "input": "154",
            "output": "10011010"
        },
        {
            "input": "9248",
            "output": "10010000100000"
        },
        {
            "input": "9042",
            "output": "10001101010010"
        },
        {
            "input": "1535",
            "output": "10111111111"
        },
        {
            "input": "2795",
            "output": "101011101011"
        },
        {
            "input": "7785",
            "output": "1111001101001"
        },
        {
            "input": "3468",
            "output": "110110001100"
        },
        {
            "input": "4037",
            "output": "111111000101"
        },
        {
            "input": "6931",
            "output": "1101100010011"
        },
        {
            "input": "6059",
            "output": "1011110101011"
        },
        {
            "input": "3227",
            "output": "110010011011"
        },
        {
            "input": "6930",
            "output": "1101100010010"
        },
        {
            "input": "4245",
            "output": "1000010010101"
        },
        {
            "input": "8994",
            "output": "10001100100010"
        },
        {
            "input": "8637",
            "output": "10000110111101"
        },
        {
            "input": "3232",
            "output": "110010100000"
        },
        {
            "input": "8311",
            "output": "10000001110111"
        },
        {
            "input": "6843",
            "output": "1101010111011"
        },
        {
            "input": "6641",
            "output": "1100111110001"
        },
        {
            "input": "6155",
            "output": "1100000001011"
        },
        {
            "input": "6090",
            "output": "1011111001010"
        },
        {
            "input": "6417",
            "output": "1100100010001"
        },
        {
            "input": "1507",
            "output": "10111100011"
        },
        {
            "input": "9790",
            "output": "10011000111110"
        },
        {
            "input": "162",
            "output": "10100010"
        },
        {
            "input": "3861",
            "output": "111100010101"
        },
        {
            "input": "2252",
            "output": "100011001100"
        },
        {
            "input": "86",
            "output": "1010110"
        },
        {
            "input": "8683",
            "output": "10000111101011"
        },
        {
            "input": "3738",
            "output": "111010011010"
        },
        {
            "input": "1056",
            "output": "10000100000"
        },
        {
            "input": "5368",
            "output": "1010011111000"
        },
        {
            "input": "9760",
            "output": "10011000100000"
        },
        {
            "input": "5485",
            "output": "1010101101101"
        },
        {
            "input": "1629",
            "output": "11001011101"
        },
        {
            "input": "5920",
            "output": "1011100100000"
        },
        {
            "input": "8891",
            "output": "10001010111011"
        },
        {
            "input": "5542",
            "output": "1010110100110"
        },
        {
            "input": "949",
            "output": "1110110101"
        },
        {
            "input": "5949",
            "output": "1011100111101"
        },
        {
            "input": "8838",
            "output": "10001010000110"
        },
        {
            "input": "6668",
            "output": "1101000001100"
        },
        {
            "input": "2303",
            "output": "100011111111"
        },
        {
            "input": "8939",
            "output": "10001011101011"
        },
        {
            "input": "6184",
            "output": "1100000101000"
        },
        {
            "input": "6350",
            "output": "1100011001110"
        },
        {
            "input": "1787",
            "output": "11011111011"
        },
        {
            "input": "8962",
            "output": "10001100000010"
        },
        {
            "input": "2397",
            "output": "100101011101"
        },
        {
            "input": "9640",
            "output": "10010110101000"
        },
        {
            "input": "1706",
            "output": "11010101010"
        },
        {
            "input": "4356",
            "output": "1000100000100"
        },
        {
            "input": "9695",
            "output": "10010111011111"
        },
        {
            "input": "3516",
            "output": "110110111100"
        },
        {
            "input": "3557",
            "output": "110111100101"
        },
        {
            "input": "5607",
            "output": "1010111100111"
        },
        {
            "input": "8860",
            "output": "10001010011100"
        },
        {
            "input": "5420",
            "output": "1010100101100"
        },
        {
            "input": "2047",
            "output": "11111111111"
        },
        {
            "input": "4066",
            "output": "111111100010"
        },
        {
            "input": "9141",
            "output": "10001110110101"
        },
        {
            "input": "99",
            "output": "1100011"
        },
        {
            "input": "9325",
            "output": "10010001101101"
        },
        {
            "input": "6414",
            "output": "1100100001110"
        },
        {
            "input": "2522",
            "output": "100111011010"
        },
        {
            "input": "3378",
            "output": "110100110010"
        },
        {
            "input": "7126",
            "output": "1101111010110"
        },
        {
            "input": "1478",
            "output": "10111000110"
        },
        {
            "input": "9825",
            "output": "10011001100001"
        },
        {
            "input": "9577",
            "output": "10010101101001"
        },
        {
            "input": "5487",
            "output": "1010101101111"
        },
        {
            "input": "5266",
            "output": "1010010010010"
        },
        {
            "input": "7919",
            "output": "1111011101111"
        },
        {
            "input": "5069",
            "output": "1001111001101"
        },
        {
            "input": "7207",
            "output": "1110000100111"
        },
        {
            "input": "1214",
            "output": "10010111110"
        },
        {
            "input": "8162",
            "output": "1111111100010"
        },
        {
            "input": "5018",
            "output": "1001110011010"
        },
        {
            "input": "1565",
            "output": "11000011101"
        },
        {
            "input": "6734",
            "output": "1101001001110"
        },
        {
            "input": "1658",
            "output": "11001111010"
        },
        {
            "input": "9523",
            "output": "10010100110011"
        },
        {
            "input": "2183",
            "output": "100010000111"
        },
        {
            "input": "3594",
            "output": "111000001010"
        },
        {
            "input": "6118",
            "output": "1011111100110"
        },
        {
            "input": "211",
            "output": "11010011"
        },
        {
            "input": "299",
            "output": "100101011"
        },
        {
            "input": "8908",
            "output": "10001011001100"
        },
        {
            "input": "1949",
            "output": "11110011101"
        },
        {
            "input": "3910",
            "output": "111101000110"
        },
        {
            "input": "4525",
            "output": "1000110101101"
        },
        {
            "input": "5710",
            "output": "1011001001110"
        },
        {
            "input": "3003",
            "output": "101110111011"
        },
        {
            "input": "3410",
            "output": "110101010010"
        },
        {
            "input": "2689",
            "output": "101010000001"
        },
        {
            "input": "4844",
            "output": "1001011101100"
        },
        {
            "input": "1140",
            "output": "10001110100"
        },
        {
            "input": "855",
            "output": "1101010111"
        },
        {
            "input": "5759",
            "output": "1011001111111"
        },
        {
            "input": "3353",
            "output": "110100011001"
        },
        {
            "input": "1477",
            "output": "10111000101"
        },
        {
            "input": "357",
            "output": "101100101"
        },
        {
            "input": "8325",
            "output": "10000010000101"
        },
        {
            "input": "7097",
            "output": "1101110111001"
        },
        {
            "input": "7352",
            "output": "1110010111000"
        },
        {
            "input": "9996",
            "output": "10011100001100"
        },
        {
            "input": "9936",
            "output": "10011011010000"
        },
        {
            "input": "9698",
            "output": "10010111100010"
        },
        {
            "input": "2947",
            "output": "101110000011"
        },
        {
            "input": "5591",
            "output": "1010111010111"
        },
        {
            "input": "8833",
            "output": "10001010000001"
        },
        {
            "input": "9539",
            "output": "10010101000011"
        },
        {
            "input": "3677",
            "output": "111001011101"
        },
        {
            "input": "2045",
            "output": "11111111101"
        },
        {
            "input": "8229",
            "output": "10000000100101"
        },
        {
            "input": "6287",
            "output": "1100010001111"
        },
        {
            "input": "5580",
            "output": "1010111001100"
        },
        {
            "input": "278",
            "output": "100010110"
        },
        {
            "input": "9945",
            "output": "10011011011001"
        },
        {
            "input": "1873",
            "output": "11101010001"
        },
        {
            "input": "5572",
            "output": "1010111000100"
        },
        {
            "input": "5640",
            "output": "1011000001000"
        },
        {
            "input": "1509",
            "output": "10111100101"
        },
        {
            "input": "6091",
            "output": "1011111001011"
        },
        {
            "input": "8332",
            "output": "10000010001100"
        },
        {
            "input": "520",
            "output": "1000001000"
        },
        {
            "input": "9968",
            "output": "10011011110000"
        },
        {
            "input": "8073",
            "output": "1111110001001"
        },
        {
            "input": "4229",
            "output": "1000010000101"
        },
        {
            "input": "482",
            "output": "111100010"
        },
        {
            "input": "1265",
            "output": "10011110001"
        },
        {
            "input": "2967",
            "output": "101110010111"
        },
        {
            "input": "8593",
            "output": "10000110010001"
        },
        {
            "input": "2901",
            "output": "101101010101"
        },
        {
            "input": "4689",
            "output": "1001001010001"
        },
        {
            "input": "6039",
            "output": "1011110010111"
        },
        {
            "input": "2723",
            "output": "101010100011"
        },
        {
            "input": "1999",
            "output": "11111001111"
        },
        {
            "input": "4263",
            "output": "1000010100111"
        },
        {
            "input": "7524",
            "output": "1110101100100"
        },
        {
            "input": "2881",
            "output": "101101000001"
        },
        {
            "input": "9073",
            "output": "10001101110001"
        },
        {
            "input": "4108",
            "output": "1000000001100"
        },
        {
            "input": "6842",
            "output": "1101010111010"
        },
        {
            "input": "3109",
            "output": "110000100101"
        },
        {
            "input": "2596",
            "output": "101000100100"
        },
        {
            "input": "8584",
            "output": "10000110001000"
        },
        {
            "input": "9183",
            "output": "10001111011111"
        },
        {
            "input": "8437",
            "output": "10000011110101"
        }
    ]
}