{
    "id": "edit_distance",
    "title": "Edit Distance",
    "description": "Given two strings word1 and word2, return the minimum number of operations required to convert word1 to word2. You have the following three operations permitted on a word: Insert a character, Delete a character, Replace a character.",
    "input_format": "Two lines, each containing a string.",
    "output_format": "The minimum number of operations.",
    "constraints": {
        "length": "0 <= length <= 100"
    },
    "judge_mode": "FIRST_FAIL",
    "time_limit": 1,
    "sample_test_cases": [
        {
            "input": "horse\nros",
            "output": "3"
        },
        {
            "input": "intention\nexecution",
            "output": "5"
        }
    ],
    "hidden_test_cases": [
        {
            "input": "aacaacb\ncbcbbbb",
            "output": "5"
        },
        {
            "input": "cacaca\nbbcbcab",
            "output": "4"
        },
        {
            "input": "cbccb\nbabc",
            "output": "4"
        },
        {
            "input": "ccbb\nacbbcc",
            "output": "3"
        },
        {
            "input": "cbacbca\naccaaaab",
            "output": "6"
        },
        {
            "input": "cbc\ncacb",
            "output": "2"
        },
        {
            "input": "cbcaaabb\nabab",
            "output": "5"
        },
        {
            "input": "cbac\ncba",
            "output": "1"
        },
        {
            "input": "aba\ncabbbb",
            "output": "4"
        },
        {
            "input": "cbbbcacc\ncbbbcccb",
            "output": "2"
        },
        {
            "input": "bcbbaac\nbacbabb",
            "output": "4"
        },
        {
            "input": "bac\nacbbcbb",
            "output": "5"
        },
        {
            "input": "bacccccb\ncababcc",
            "output": "5"
        },
        {
            "input": "abb\nbcbbbb",
            "output": "4"
        },
        {
            "input": "bcc\ncbcbbaac",
            "output": "5"
        },
        {
            "input": "aaabc\ncba",
            "output": "4"
        },
        {
            "input": "bcbaaaa\nbaca",
            "output": "4"
        },
        {
            "input": "aaaaa\nacccc",
            "output": "4"
        },
        {
            "input": "cbaab\ncbbaca",
            "output": "3"
        },
        {
            "input": "bbccbab\nbcc",
            "output": "4"
        },
        {
            "input": "caba\nccccccc",
            "output": "6"
        },
        {
            "input": "aaacbb\nbbaaba",
            "output": "4"
        },
        {
            "input": "abc\ncbca",
            "output": "2"
        },
        {
            "input": "bbbcaa\naccbbbb",
            "output": "6"
        },
        {
            "input": "ccbbca\nbabcba",
            "output": "4"
        },
        {
            "input": "cbc\ncaaabac",
            "output": "4"
        },
        {
            "input": "aaabbc\nbcbaabb",
            "output": "4"
        },
        {
            "input": "abcabba\nbcc",
            "output": "5"
        },
        {
            "input": "ababc\nbcbb",
            "output": "3"
        },
        {
            "input": "bbccacab\nbababcbb",
            "output": "5"
        },
        {
            "input": "aacc\ncab",
            "output": "3"
        },
        {
            "input": "acbbc\nbbcb",
            "output": "3"
        },
        {
            "input": "cababb\nccbbba",
            "output": "3"
        },
        {
            "input": "bcab\ncbbbaccb",
            "output": "5"
        },
        {
            "input": "abacbbac\ncabaabab",
            "output": "4"
        },
        {
            "input": "ccba\ncbbbccb",
            "output": "5"
        },
        {
            "input": "cac\nbba",
            "output": "3"
        },
        {
            "input": "bacacc\nbbbc",
            "output": "4"
        },
        {
            "input": "bcaa\nbcabbac",
            "output": "3"
        },
        {
            "input": "cabc\nccccbbca",
            "output": "5"
        },
        {
            "input": "acbacbb\nabcacac",
            "output": "4"
        },
        {
            "input": "bbaccaaa\nbbaa",
            "output": "4"
        },
        {
            "input": "bccaccab\nbacbc",
            "output": "5"
        },
        {
            "input": "cbcba\ncbcbbcca",
            "output": "3"
        },
        {
            "input": "bcbbbcb\nbbcbbca",
            "output": "3"
        },
        {
            "input": "ccbcab\ncacb",
            "output": "3"
        },
        {
            "input": "cab\ncbbbcaa",
            "output": "5"
        },
        {
            "input": "ababccaa\nccacca",
            "output": "4"
        },
        {
            "input": "cccabbb\nccbbc",
            "output": "3"
        },
        {
            "input": "babaaabb\nbca",
            "output": "6"
        },
        {
            "input": "abcbc\nbcbcb",
            "output": "2"
        },
        {
            "input": "acacbb\nacac",
            "output": "2"
        },
        {
            "input": "cbbcca\nacacbba",
            "output": "5"
        },
        {
            "input": "aaabacbc\nccbaac",
            "output": "5"
        },
        {
            "input": "acbbabca\nbaa",
            "output": "5"
        },
        {
            "input": "abcab\ncac",
            "output": "3"
        },
        {
            "input": "cba\nbbca",
            "output": "2"
        },
        {
            "input": "bbbcaa\ncbbbba",
            "output": "3"
        },
        {
            "input": "aacb\ncbabb",
            "output": "3"
        },
        {
            "input": "cbabbbc\naaca",
            "output": "6"
        },
        {
            "input": "cba\nbbbcba",
            "output": "3"
        },
        {
            "input": "accacc\ncba",
            "output": "4"
        },
        {
            "input": "aabccab\nbbabca",
            "output": "4"
        },
        {
            "input": "ccabba\nccaacbc",
            "output": "3"
        },
        {
            "input": "abacaca\nbccc",
            "output": "4"
        },
        {
            "input": "bbc\nabbaaa",
            "output": "4"
        },
        {
            "input": "ccaaaacc\nccbacb",
            "output": "4"
        },
        {
            "input": "aaca\ncaababa",
            "output": "4"
        },
        {
            "input": "abb\nacabbbba",
            "output": "5"
        },
        {
            "input": "ccbbb\nccbcbcc",
            "output": "3"
        },
        {
            "input": "aaaaa\nbcbaac",
            "output": "4"
        },
        {
            "input": "cac\nbbac",
            "output": "2"
        },
        {
            "input": "aaba\nbab",
            "output": "2"
        },
        {
            "input": "accc\ncaa",
            "output": "3"
        },
        {
            "input": "ccaaa\ncbbcbab",
            "output": "4"
        },
        {
            "input": "aacaba\nacbabbbb",
            "output": "5"
        },
        {
            "input": "bacabaa\ncacb",
            "output": "4"
        },
        {
            "input": "bbb\ncbacc",
            "output": "4"
        },
        {
            "input": "baab\nabbbc",
            "output": "4"
        },
        {
            "input": "bbbacc\nbaba",
            "output": "3"
        },
        {
            "input": "baaa\nbba",
            "output": "2"
        },
        {
            "input": "aabbcbcc\nbabac",
            "output": "5"
        },
        {
            "input": "ccabb\nacbbaca",
            "output": "5"
        },
        {
            "input": "cac\naab",
            "output": "2"
        },
        {
            "input": "abccacb\nbaabba",
            "output": "5"
        },
        {
            "input": "bbc\ncaaaa",
            "output": "5"
        },
        {
            "input": "baacab\naaababa",
            "output": "3"
        },
        {
            "input": "cbccabcb\ncccbc",
            "output": "3"
        },
        {
            "input": "aabcac\ncba",
            "output": "4"
        },
        {
            "input": "bacccc\ncac",
            "output": "4"
        },
        {
            "input": "ccbbbcc\nababacbc",
            "output": "5"
        },
        {
            "input": "bcccbba\nbabbaaba",
            "output": "5"
        },
        {
            "input": "cbabc\ncbbccaaa",
            "output": "5"
        },
        {
            "input": "caabaaba\nbbaabbab",
            "output": "4"
        },
        {
            "input": "bcbaab\naabacca",
            "output": "5"
        },
        {
            "input": "accaabca\nccccbc",
            "output": "4"
        },
        {
            "input": "baac\nabcbb",
            "output": "4"
        },
        {
            "input": "abbcbc\nbaacaabb",
            "output": "6"
        },
        {
            "input": "baacacca\naaababc",
            "output": "4"
        },
        {
            "input": "acaa\nbaccbbba",
            "output": "5"
        },
        {
            "input": "cbbacaa\nbbb",
            "output": "5"
        },
        {
            "input": "cab\naaacca",
            "output": "5"
        },
        {
            "input": "cabbcab\nbab",
            "output": "4"
        },
        {
            "input": "bbbc\ncbc",
            "output": "2"
        },
        {
            "input": "abb\nccbb",
            "output": "2"
        },
        {
            "input": "aacb\nccacaaab",
            "output": "5"
        },
        {
            "input": "cccbbbba\nbccca",
            "output": "5"
        },
        {
            "input": "ccaacbc\nccaab",
            "output": "2"
        },
        {
            "input": "aaacccbb\nbacaa",
            "output": "6"
        },
        {
            "input": "bcbc\nbccaacb",
            "output": "4"
        },
        {
            "input": "bcbcab\nabbcbc",
            "output": "4"
        },
        {
            "input": "acaaccc\naccccc",
            "output": "2"
        },
        {
            "input": "ababac\ncbbabab",
            "output": "3"
        },
        {
            "input": "bac\naaa",
            "output": "2"
        },
        {
            "input": "bcacca\nccbcc",
            "output": "3"
        },
        {
            "input": "ccbcacc\nbabcba",
            "output": "5"
        },
        {
            "input": "acacc\ncbabaa",
            "output": "5"
        },
        {
            "input": "accbaa\ncbcaabbb",
            "output": "6"
        },
        {
            "input": "cacab\nacb",
            "output": "2"
        },
        {
            "input": "aacba\nbbaaac",
            "output": "5"
        },
        {
            "input": "bbacbc\ncbaa",
            "output": "4"
        },
        {
            "input": "abcab\nabcba",
            "output": "2"
        },
        {
            "input": "caccbaa\naccbbba",
            "output": "3"
        },
        {
            "input": "baabccc\naaab",
            "output": "4"
        },
        {
            "input": "acccacb\ncab",
            "output": "4"
        },
        {
            "input": "bbbacc\nacbaccb",
            "output": "3"
        },
        {
            "input": "bbbccbb\naabbba",
            "output": "5"
        },
        {
            "input": "acaaaaa\naabcc",
            "output": "5"
        },
        {
            "input": "acacccb\ncbaccbab",
            "output": "4"
        },
        {
            "input": "abcccaab\nbbbbabb",
            "output": "5"
        },
        {
            "input": "bccabcb\nacccab",
            "output": "4"
        },
        {
            "input": "babbaaaa\nbbaa",
            "output": "4"
        },
        {
            "input": "bbaaa\nbcbaacc",
            "output": "3"
        },
        {
            "input": "cbccca\ncacaa",
            "output": "3"
        },
        {
            "input": "bbaaccb\nacbbc",
            "output": "5"
        },
        {
            "input": "acbac\nbcc",
            "output": "3"
        },
        {
            "input": "bba\nabcacabc",
            "output": "6"
        },
        {
            "input": "acaaabbc\nacba",
            "output": "5"
        },
        {
            "input": "abab\ncbb",
            "output": "2"
        },
        {
            "input": "acaa\nbaccbacc",
            "output": "5"
        },
        {
            "input": "acccbaa\nacbca",
            "output": "3"
        },
        {
            "input": "acbb\nccac",
            "output": "3"
        },
        {
            "input": "cacacb\nbcbcbca",
            "output": "4"
        },
        {
            "input": "cbcc\nbcaaaa",
            "output": "5"
        },
        {
            "input": "acbbb\nbcbaccbc",
            "output": "5"
        },
        {
            "input": "accba\nacabbcbb",
            "output": "4"
        },
        {
            "input": "caca\nbaaccab",
            "output": "4"
        },
        {
            "input": "ccbcbba\nbacabba",
            "output": "4"
        },
        {
            "input": "bccbc\nbba",
            "output": "3"
        },
        {
            "input": "bcc\ncbccabac",
            "output": "5"
        },
        {
            "input": "acb\nccaab",
            "output": "3"
        },
        {
            "input": "ababb\ncbaccac",
            "output": "5"
        },
        {
            "input": "bab\ncbb",
            "output": "2"
        },
        {
            "input": "bcbbb\nbaacaba",
            "output": "4"
        },
        {
            "input": "cbab\nbcab",
            "output": "2"
        },
        {
            "input": "aabaa\ncccc",
            "output": "5"
        },
        {
            "input": "cca\ncabcb",
            "output": "3"
        },
        {
            "input": "abcbccc\nabacbaa",
            "output": "4"
        },
        {
            "input": "ccabca\nbaacccc",
            "output": "5"
        },
        {
            "input": "bcaaabac\nbbacbb",
            "output": "5"
        },
        {
            "input": "bcccabab\nacac",
            "output": "6"
        },
        {
            "input": "cba\nccaaab",
            "output": "4"
        },
        {
            "input": "acaacba\ncacbcc",
            "output": "4"
        },
        {
            "input": "babcaa\nccb",
            "output": "5"
        },
        {
            "input": "bbb\nbba",
            "output": "1"
        },
        {
            "input": "bcca\ncbc",
            "output": "3"
        },
        {
            "input": "cabcacb\ncbbbcaab",
            "output": "3"
        },
        {
            "input": "baccbb\naacbabab",
            "output": "4"
        },
        {
            "input": "bcaac\ncbabcb",
            "output": "4"
        },
        {
            "input": "cbaaacab\nbbbbba",
            "output": "6"
        },
        {
            "input": "ccba\ncbbc",
            "output": "2"
        },
        {
            "input": "abaa\ncaccbca",
            "output": "4"
        },
        {
            "input": "babba\ncbca",
            "output": "3"
        },
        {
            "input": "ccab\nabccbacc",
            "output": "5"
        },
        {
            "input": "cab\naab",
            "output": "1"
        },
        {
            "input": "cbc\nababcaa",
            "output": "5"
        },
        {
            "input": "babbbaba\nbac",
            "output": "6"
        },
        {
            "input": "bab\naabaab",
            "output": "3"
        },
        {
            "input": "aaacbabc\ncbcca",
            "output": "6"
        },
        {
            "input": "accaaa\nbabbcbc",
            "output": "6"
        },
        {
            "input": "bcbcaca\naccbcacc",
            "output": "3"
        },
        {
            "input": "aacbcbca\nbcc",
            "output": "5"
        },
        {
            "input": "cbaababc\nbaabbabb",
            "output": "3"
        },
        {
            "input": "ccbbccbb\nacaccca",
            "output": "5"
        },
        {
            "input": "bcaac\naaa",
            "output": "3"
        },
        {
            "input": "cacbacc\nbaaacc",
            "output": "3"
        },
        {
            "input": "bccba\nacca",
            "output": "2"
        },
        {
            "input": "bcb\nbccbcbaa",
            "output": "5"
        },
        {
            "input": "baccc\nabaca",
            "output": "3"
        },
        {
            "input": "bbca\nacabacbc",
            "output": "6"
        },
        {
            "input": "cbcaaba\nbbabbbaa",
            "output": "5"
        },
        {
            "input": "abbbbcc\nbbaaa",
            "output": "5"
        },
        {
            "input": "accbaaba\nacccbca",
            "output": "4"
        },
        {
            "input": "cbaccc\nbbcc",
            "output": "3"
        },
        {
            "input": "caaabbaa\nbcccbacb",
            "output": "7"
        },
        {
            "input": "bbccccc\nbacaca",
            "output": "4"
        },
        {
            "input": "cacaba\naaa",
            "output": "3"
        },
        {
            "input": "cba\ncbacaa",
            "output": "3"
        },
        {
            "input": "bcacc\nbbb",
            "output": "4"
        },
        {
            "input": "bbbb\nbaba",
            "output": "2"
        },
        {
            "input": "babc\nbcaabaa",
            "output": "4"
        },
        {
            "input": "cbc\ncaabaaaa",
            "output": "6"
        },
        {
            "input": "bbcccbaa\nbcaaaacb",
            "output": "6"
        },
        {
            "input": "bbac\nacbbaab",
            "output": "4"
        },
        {
            "input": "bbacbaa\nccccccbc",
            "output": "7"
        },
        {
            "input": "bbbb\naaabbc",
            "output": "4"
        },
        {
            "input": "bbac\ncbbbbbcc",
            "output": "5"
        },
        {
            "input": "bcccc\ncbbacba",
            "output": "5"
        },
        {
            "input": "ccbc\naaaca",
            "output": "4"
        },
        {
            "input": "cbcacba\nccacacab",
            "output": "4"
        },
        {
            "input": "abbacaca\nbbbaacaa",
            "output": "3"
        },
        {
            "input": "ccab\ncbbb",
            "output": "2"
        },
        {
            "input": "acbacbab\naccbcbcb",
            "output": "3"
        },
        {
            "input": "ccba\nabcb",
            "output": "3"
        },
        {
            "input": "cbacccbc\naac",
            "output": "6"
        },
        {
            "input": "ccbbbbb\nbcaba",
            "output": "5"
        },
        {
            "input": "cacb\naccc",
            "output": "3"
        },
        {
            "input": "abca\ncab",
            "output": "3"
        },
        {
            "input": "aab\nacbaa",
            "output": "3"
        },
        {
            "input": "bccaacbb\nabbaa",
            "output": "6"
        },
        {
            "input": "bbbaa\nacbca",
            "output": "3"
        },
        {
            "input": "cbcbbb\nbba",
            "output": "4"
        },
        {
            "input": "cbb\nccbc",
            "output": "2"
        },
        {
            "input": "bcabaa\nbaaab",
            "output": "3"
        },
        {
            "input": "cabab\nbba",
            "output": "3"
        },
        {
            "input": "aacaaba\ncac",
            "output": "5"
        },
        {
            "input": "bcc\naaab",
            "output": "4"
        },
        {
            "input": "bbbabbc\nbbbbab",
            "output": "3"
        },
        {
            "input": "abbccc\ncaaabaa",
            "output": "6"
        },
        {
            "input": "babacc\nbbb",
            "output": "4"
        },
        {
            "input": "acba\ncbaac",
            "output": "3"
        },
        {
            "input": "abbcbcb\naaccca",
            "output": "4"
        },
        {
            "input": "aaabcbaa\nabbcca",
            "output": "4"
        },
        {
            "input": "ccbabacb\ncccca",
            "output": "5"
        },
        {
            "input": "abccbcc\nbcbabbb",
            "output": "5"
        },
        {
            "input": "abbb\ncccbc",
            "output": "4"
        },
        {
            "input": "acacc\nacbcc",
            "output": "1"
        },
        {
            "input": "aacbcabb\ncbabccca",
            "output": "6"
        },
        {
            "input": "bccbbab\ncabb",
            "output": "4"
        },
        {
            "input": "aba\nccbaabca",
            "output": "5"
        },
        {
            "input": "acb\ncaa",
            "output": "3"
        },
        {
            "input": "baba\ncccccabb",
            "output": "6"
        },
        {
            "input": "abccaba\nbba",
            "output": "4"
        },
        {
            "input": "bcabccca\nccaab",
            "output": "6"
        },
        {
            "input": "bcab\nbbba",
            "output": "3"
        },
        {
            "input": "accb\nbcccc",
            "output": "3"
        },
        {
            "input": "cabccab\nbca",
            "output": "4"
        },
        {
            "input": "aaaacbac\ncccaa",
            "output": "6"
        },
        {
            "input": "cbb\ncccca",
            "output": "4"
        },
        {
            "input": "babc\nbbac",
            "output": "2"
        },
        {
            "input": "bcacbcca\nbacacc",
            "output": "3"
        },
        {
            "input": "acacbbcc\ncbccaaba",
            "output": "7"
        },
        {
            "input": "bbcaba\ncaacb",
            "output": "5"
        },
        {
            "input": "bbbccb\ncbbba",
            "output": "4"
        },
        {
            "input": "cbacbccc\ncacaaca",
            "output": "4"
        },
        {
            "input": "baca\nbaaba",
            "output": "2"
        },
        {
            "input": "abaabcab\ncbaaacb",
            "output": "3"
        },
        {
            "input": "cbaabbc\ncacb",
            "output": "4"
        },
        {
            "input": "ababcba\naaccbb",
            "output": "3"
        },
        {
            "input": "ccbcbb\nbaaacbbc",
            "output": "5"
        },
        {
            "input": "bcaccac\ncccbbc",
            "output": "4"
        },
        {
            "input": "aababbab\nbacbaccc",
            "output": "6"
        },
        {
            "input": "aaccab\ncacbbb",
            "output": "3"
        },
        {
            "input": "bab\ncbccc",
            "output": "4"
        },
        {
            "input": "bbbcab\nabcc",
            "output": "4"
        },
        {
            "input": "cbcaccbb\nbabcccc",
            "output": "5"
        },
        {
            "input": "bbbcabc\ncbbbb",
            "output": "4"
        },
        {
            "input": "bcbcba\ncba",
            "output": "3"
        },
        {
            "input": "bcabbcac\nbac",
            "output": "5"
        },
        {
            "input": "cacac\nacaaabc",
            "output": "3"
        },
        {
            "input": "abca\nbabcbcba",
            "output": "4"
        },
        {
            "input": "bcbaa\nabcbb",
            "output": "3"
        },
        {
            "input": "abcabcc\ncbaba",
            "output": "4"
        },
        {
            "input": "babcaac\nccbaa",
            "output": "4"
        },
        {
            "input": "aab\nbaaa",
            "output": "2"
        },
        {
            "input": "aaa\nbaba",
            "output": "2"
        },
        {
            "input": "bcaaa\naabc",
            "output": "4"
        },
        {
            "input": "cbcccbc\nbbaabbb",
            "output": "5"
        },
        {
            "input": "cabcacc\ncacca",
            "output": "3"
        },
        {
            "input": "caa\nccaaaaaa",
            "output": "5"
        },
        {
            "input": "cba\nabacc",
            "output": "3"
        },
        {
            "input": "bcacabca\nbacba",
            "output": "3"
        },
        {
            "input": "caac\nccbbac",
            "output": "3"
        },
        {
            "input": "caacc\nbccbcba",
            "output": "5"
        },
        {
            "input": "ccb\nccaabb",
            "output": "3"
        },
        {
            "input": "accabac\ncbabbaa",
            "output": "4"
        },
        {
            "input": "bbcacbb\naaabc",
            "output": "5"
        },
        {
            "input": "bcbc\nbcccbc",
            "output": "2"
        },
        {
            "input": "aaccbcaa\nccaab",
            "output": "5"
        },
        {
            "input": "bbaa\nacc",
            "output": "4"
        },
        {
            "input": "abb\nccabaa",
            "output": "4"
        },
        {
            "input": "acaaabba\ncabcc",
            "output": "5"
        },
        {
            "input": "ccbbc\nbbbcccb",
            "output": "5"
        },
        {
            "input": "ccbbabca\nccb",
            "output": "5"
        },
        {
            "input": "caabcbc\nbac",
            "output": "5"
        },
        {
            "input": "acaa\ncbcccbac",
            "output": "6"
        },
        {
            "input": "bbbb\nabaccaab",
            "output": "6"
        },
        {
            "input": "acb\nbbbb",
            "output": "3"
        },
        {
            "input": "babac\nbbccba",
            "output": "4"
        },
        {
            "input": "ccaaccbc\naccac",
            "output": "4"
        },
        {
            "input": "aca\nccccbab",
            "output": "5"
        },
        {
            "input": "bacbcaba\ncaaaa",
            "output": "5"
        },
        {
            "input": "cbbcab\ncbaaacb",
            "output": "3"
        },
        {
            "input": "bcccbb\nccbaba",
            "output": "4"
        },
        {
            "input": "bacb\ncaac",
            "output": "3"
        },
        {
            "input": "abbbaac\nccaa",
            "output": "5"
        },
        {
            "input": "ccabacb\nbabbbc",
            "output": "5"
        },
        {
            "input": "aab\naccccb",
            "output": "4"
        },
        {
            "input": "babca\nacb",
            "output": "3"
        },
        {
            "input": "cbcccb\naaccba",
            "output": "4"
        },
        {
            "input": "ccac\naac",
            "output": "2"
        },
        {
            "input": "baa\nbababb",
            "output": "3"
        },
        {
            "input": "cbab\ncca",
            "output": "2"
        },
        {
            "input": "aaa\ncabbcab",
            "output": "5"
        },
        {
            "input": "bbb\ncacaac",
            "output": "6"
        },
        {
            "input": "aaac\nccabb",
            "output": "4"
        },
        {
            "input": "bcbbb\nacc",
            "output": "4"
        },
        {
            "input": "bcaccca\naaaacaca",
            "output": "4"
        },
        {
            "input": "aabacca\ncaabaa",
            "output": "3"
        },
        {
            "input": "acc\ncacab",
            "output": "3"
        },
        {
            "input": "cbccacc\nabbacaa",
            "output": "5"
        },
        {
            "input": "acbc\nbacbbbac",
            "output": "4"
        },
        {
            "input": "bcccbc\nacac",
            "output": "4"
        },
        {
            "input": "cbbbcbbb\nbcbaca",
            "output": "6"
        },
        {
            "input": "cab\nbbbc",
            "output": "3"
        },
        {
            "input": "cbabcacb\naacbabaa",
            "output": "5"
        },
        {
            "input": "aacabbcc\nbbbcbccc",
            "output": "5"
        },
        {
            "input": "baacbbb\nbacbb",
            "output": "2"
        },
        {
            "input": "accbca\naacc",
            "output": "3"
        },
        {
            "input": "cbbaacb\nacccc",
            "output": "6"
        },
        {
            "input": "baacba\nccbb",
            "output": "4"
        },
        {
            "input": "accc\ncbb",
            "output": "3"
        },
        {
            "input": "cbbc\nabac",
            "output": "2"
        },
        {
            "input": "ccabacbb\ncab",
            "output": "5"
        },
        {
            "input": "cac\nabbcb",
            "output": "4"
        },
        {
            "input": "bbacccca\naaaaaaa",
            "output": "6"
        },
        {
            "input": "bacabab\nbcbcacbc",
            "output": "5"
        },
        {
            "input": "acbbcbaa\nabcbcb",
            "output": "4"
        },
        {
            "input": "aaabbab\nabacabb",
            "output": "4"
        },
        {
            "input": "ccabbbb\nbcbacacb",
            "output": "5"
        },
        {
            "input": "bbcbbab\naab",
            "output": "5"
        },
        {
            "input": "baaccac\naacbaaca",
            "output": "4"
        },
        {
            "input": "ccbbbb\naccabbab",
            "output": "3"
        },
        {
            "input": "babcbcac\nbaccab",
            "output": "3"
        },
        {
            "input": "acba\nabba",
            "output": "1"
        },
        {
            "input": "baaaba\ncbbcaa",
            "output": "4"
        },
        {
            "input": "ccacb\naabbca",
            "output": "5"
        },
        {
            "input": "acccbaa\nacabaca",
            "output": "3"
        },
        {
            "input": "ccba\nacac",
            "output": "3"
        },
        {
            "input": "cccaba\naaccab",
            "output": "3"
        },
        {
            "input": "aac\nbaaba",
            "output": "3"
        },
        {
            "input": "bcabccaa\nabacbb",
            "output": "5"
        },
        {
            "input": "cbcaacab\ncabc",
            "output": "5"
        },
        {
            "input": "bcbbbacc\nbacaabb",
            "output": "6"
        },
        {
            "input": "aabcaba\nacbbbaa",
            "output": "4"
        },
        {
            "input": "ccaac\ncac",
            "output": "2"
        },
        {
            "input": "aac\nbbccccca",
            "output": "7"
        },
        {
            "input": "bcca\nbcb",
            "output": "2"
        },
        {
            "input": "acbab\nbcaaac",
            "output": "4"
        },
        {
            "input": "aac\nacba",
            "output": "3"
        },
        {
            "input": "bbbbabab\nbcb",
            "output": "6"
        },
        {
            "input": "ccca\nacb",
            "output": "3"
        },
        {
            "input": "bbacc\ncbcbbaba",
            "output": "5"
        },
        {
            "input": "aacbbcc\ncbbbb",
            "output": "4"
        },
        {
            "input": "bcbacc\ncacbbbc",
            "output": "4"
        },
        {
            "input": "cbccc\ncbcaa",
            "output": "2"
        },
        {
            "input": "bbcc\ncbab",
            "output": "3"
        },
        {
            "input": "aba\nbab",
            "output": "2"
        },
        {
            "input": "cbcbaab\nabbacaba",
            "output": "4"
        },
        {
            "input": "abcbacc\ncaabc",
            "output": "4"
        },
        {
            "input": "bccacb\nabbbaa",
            "output": "5"
        },
        {
            "input": "bbb\nccb",
            "output": "2"
        },
        {
            "input": "ccca\nccccb",
            "output": "2"
        },
        {
            "input": "bbcbb\nbabb",
            "output": "2"
        },
        {
            "input": "bcaba\nccababa",
            "output": "3"
        },
        {
            "input": "abbca\nbcccbb",
            "output": "5"
        },
        {
            "input": "bbac\naaac",
            "output": "2"
        },
        {
            "input": "cbcbaa\ncab",
            "output": "4"
        },
        {
            "input": "bacabcaa\ncccabb",
            "output": "5"
        },
        {
            "input": "ccaa\nabbbabb",
            "output": "6"
        },
        {
            "input": "cacbcbab\ncabc",
            "output": "4"
        },
        {
            "input": "bcccaac\nacbaa",
            "output": "4"
        },
        {
            "input": "bccacc\ncacacbaa",
            "output": "5"
        },
        {
            "input": "accbcccb\nccabbacb",
            "output": "4"
        },
        {
            "input": "bccc\naba",
            "output": "4"
        },
        {
            "input": "ccc\nbabbbbcb",
            "output": "7"
        },
        {
            "input": "cccc\ncbba",
            "output": "3"
        },
        {
            "input": "abaabcca\naaaa",
            "output": "4"
        },
        {
            "input": "abaacaba\nbbbbc",
            "output": "6"
        },
        {
            "input": "cba\nbccacc",
            "output": "4"
        },
        {
            "input": "aac\nbbcbb",
            "output": "4"
        },
        {
            "input": "abaacb\ncbbbc",
            "output": "4"
        },
        {
            "input": "aaacc\ncba",
            "output": "4"
        },
        {
            "input": "abaac\ncbabac",
            "output": "2"
        },
        {
            "input": "bcbaabb\ncabbccba",
            "output": "6"
        },
        {
            "input": "aacc\nbbabbbcb",
            "output": "6"
        },
        {
            "input": "abb\nccb",
            "output": "2"
        },
        {
            "input": "bbccbab\nabccabb",
            "output": "3"
        },
        {
            "input": "acca\nbccccbb",
            "output": "5"
        },
        {
            "input": "aca\ncacc",
            "output": "2"
        },
        {
            "input": "cba\ncaccccb",
            "output": "6"
        },
        {
            "input": "bcbbc\nabbb",
            "output": "3"
        },
        {
            "input": "cba\nacbbab",
            "output": "3"
        },
        {
            "input": "abcbabbb\nbaabaa",
            "output": "5"
        },
        {
            "input": "bbcbbb\nccba",
            "output": "4"
        },
        {
            "input": "abab\nacaccbc",
            "output": "4"
        },
        {
            "input": "bccaaa\nbcbbac",
            "output": "3"
        },
        {
            "input": "aacacb\ncacbca",
            "output": "3"
        },
        {
            "input": "baaa\nbabacb",
            "output": "3"
        },
        {
            "input": "cca\ncbbbcaa",
            "output": "4"
        },
        {
            "input": "ccccaa\nababcacc",
            "output": "6"
        },
        {
            "input": "cacc\nccaabca",
            "output": "4"
        },
        {
            "input": "baaa\nacba",
            "output": "3"
        },
        {
            "input": "cac\nbbabbcc",
            "output": "5"
        },
        {
            "input": "cbbc\nbcc",
            "output": "2"
        },
        {
            "input": "aababaca\naabc",
            "output": "4"
        },
        {
            "input": "bcaabcb\naacbbcb",
            "output": "4"
        },
        {
            "input": "babca\ncccbaba",
            "output": "4"
        },
        {
            "input": "acaacbcb\nbbc",
            "output": "6"
        },
        {
            "input": "aaabcaa\nbaabccc",
            "output": "3"
        },
        {
            "input": "bcbababa\nbccba",
            "output": "4"
        },
        {
            "input": "cbabbbcc\ncaab",
            "output": "5"
        },
        {
            "input": "cbacc\nbca",
            "output": "3"
        },
        {
            "input": "acabcccc\ncba",
            "output": "6"
        },
        {
            "input": "bbacbba\nbbccaccc",
            "output": "5"
        },
        {
            "input": "abba\ncab",
            "output": "3"
        },
        {
            "input": "accca\naca",
            "output": "2"
        },
        {
            "input": "bbaaabca\nbaaac",
            "output": "3"
        },
        {
            "input": "cca\nacabc",
            "output": "3"
        },
        {
            "input": "acccb\nbbbaac",
            "output": "6"
        },
        {
            "input": "cacb\nacab",
            "output": "2"
        },
        {
            "input": "aacbaa\ncccaa",
            "output": "3"
        },
        {
            "input": "cbcbba\ncabab",
            "output": "4"
        },
        {
            "input": "abcac\nabac",
            "output": "1"
        },
        {
            "input": "aaa\naababc",
            "output": "3"
        },
        {
            "input": "baccab\nbcccaa",
            "output": "2"
        },
        {
            "input": "bcacbaac\nbacc",
            "output": "4"
        },
        {
            "input": "bbcaaaac\nabcbab",
            "output": "5"
        },
        {
            "input": "accb\nbbacbb",
            "output": "3"
        },
        {
            "input": "cbabbcb\nbaaca",
            "output": "4"
        },
        {
            "input": "baaca\ncaaaaaaa",
            "output": "5"
        },
        {
            "input": "babbc\nabb",
            "output": "2"
        },
        {
            "input": "aca\ncbcc",
            "output": "3"
        },
        {
            "input": "baaacc\nacbaabb",
            "output": "5"
        },
        {
            "input": "cbbccca\nbbcabab",
            "output": "4"
        },
        {
            "input": "aacaa\naba",
            "output": "3"
        },
        {
            "input": "abbbc\ncbbbaabb",
            "output": "5"
        },
        {
            "input": "aaaaaa\nbacbcac",
            "output": "5"
        },
        {
            "input": "aabbbb\nbacabbaa",
            "output": "4"
        },
        {
            "input": "cacc\naac",
            "output": "2"
        },
        {
            "input": "ccabc\naabbaaaa",
            "output": "7"
        },
        {
            "input": "babcb\nbbcac",
            "output": "3"
        },
        {
            "input": "acb\nbcabac",
            "output": "4"
        },
        {
            "input": "aacbc\ncccbabbc",
            "output": "5"
        },
        {
            "input": "bcbb\ncabccc",
            "output": "4"
        },
        {
            "input": "bcbcbbaa\nbcb",
            "output": "5"
        },
        {
            "input": "bbc\nbaacb",
            "output": "3"
        },
        {
            "input": "babb\nabaab",
            "output": "2"
        },
        {
            "input": "abbaaa\naaaccc",
            "output": "5"
        },
        {
            "input": "caabc\nababa",
            "output": "3"
        },
        {
            "input": "baabac\nbaacc",
            "output": "2"
        },
        {
            "input": "bbbaaabc\nbab",
            "output": "5"
        },
        {
            "input": "aaa\naccccbac",
            "output": "6"
        },
        {
            "input": "acbcbb\nbcbbc",
            "output": "3"
        },
        {
            "input": "babbc\ncbaca",
            "output": "4"
        },
        {
            "input": "bcbcbb\ncbbb",
            "output": "2"
        },
        {
            "input": "bacabba\naccbbcb",
            "output": "4"
        },
        {
            "input": "abc\ncabc",
            "output": "1"
        },
        {
            "input": "aca\naacca",
            "output": "2"
        },
        {
            "input": "babbcbcb\ncacab",
            "output": "5"
        },
        {
            "input": "abaaac\nccaa",
            "output": "4"
        },
        {
            "input": "babbcba\nbcac",
            "output": "5"
        },
        {
            "input": "acca\naacacccb",
            "output": "5"
        },
        {
            "input": "accbaaca\nabc",
            "output": "5"
        },
        {
            "input": "baccccb\ncab",
            "output": "5"
        },
        {
            "input": "bbc\ncbaabb",
            "output": "4"
        },
        {
            "input": "abaca\ncab",
            "output": "4"
        },
        {
            "input": "acac\nbcc",
            "output": "2"
        },
        {
            "input": "bbb\nbbbacbb",
            "output": "4"
        },
        {
            "input": "cabbcbac\nbbcc",
            "output": "4"
        },
        {
            "input": "cab\ncccbac",
            "output": "4"
        },
        {
            "input": "acccabab\nccaccaa",
            "output": "4"
        },
        {
            "input": "cbbabb\nbba",
            "output": "3"
        },
        {
            "input": "cabacca\nbccababb",
            "output": "5"
        },
        {
            "input": "abab\nbcaab",
            "output": "3"
        },
        {
            "input": "aababac\nbbccb",
            "output": "5"
        },
        {
            "input": "baabbc\nccbccb",
            "output": "5"
        },
        {
            "input": "cbbcabbb\nbabcbab",
            "output": "4"
        },
        {
            "input": "abbcbbc\nacaabcca",
            "output": "5"
        },
        {
            "input": "ccbacbc\ncccca",
            "output": "4"
        },
        {
            "input": "cabbbb\ncab",
            "output": "3"
        },
        {
            "input": "bbac\nacbac",
            "output": "2"
        },
        {
            "input": "bbaccc\nbaccaba",
            "output": "4"
        },
        {
            "input": "abbaba\ncaa",
            "output": "4"
        },
        {
            "input": "acaccaa\ncbaabbbb",
            "output": "7"
        },
        {
            "input": "cbbcbbcb\naaa",
            "output": "8"
        },
        {
            "input": "aac\ncaabb",
            "output": "3"
        },
        {
            "input": "acababac\nbcacac",
            "output": "4"
        },
        {
            "input": "ccccb\nbccabacc",
            "output": "5"
        },
        {
            "input": "cbccabb\nbcbc",
            "output": "4"
        },
        {
            "input": "ccbabbb\nccacba",
            "output": "3"
        },
        {
            "input": "bbc\naca",
            "output": "3"
        },
        {
            "input": "aacaa\naaaaa",
            "output": "1"
        },
        {
            "input": "acab\naacbaa",
            "output": "3"
        },
        {
            "input": "babaabaa\nacabbccb",
            "output": "6"
        },
        {
            "input": "bbccab\ncbbcbcc",
            "output": "4"
        },
        {
            "input": "aab\ncbcbcaa",
            "output": "6"
        },
        {
            "input": "cabb\ncbac",
            "output": "3"
        },
        {
            "input": "cbbb\nabaccc",
            "output": "5"
        },
        {
            "input": "cacabcc\ncccba",
            "output": "4"
        },
        {
            "input": "babcbbba\nccbc",
            "output": "6"
        },
        {
            "input": "aacc\ncabcacc",
            "output": "3"
        },
        {
            "input": "baaaacc\nbcaabcc",
            "output": "2"
        },
        {
            "input": "cabcbcc\ncbcca",
            "output": "3"
        },
        {
            "input": "caabc\naacaca",
            "output": "4"
        },
        {
            "input": "bcccbbc\ncbccca",
            "output": "4"
        },
        {
            "input": "bacbcbaa\nbbab",
            "output": "5"
        },
        {
            "input": "cac\nbabb",
            "output": "3"
        },
        {
            "input": "cbaaaaab\ncac",
            "output": "6"
        },
        {
            "input": "caaaa\nbbb",
            "output": "5"
        },
        {
            "input": "cabc\nccccbc",
            "output": "3"
        },
        {
            "input": "ccccbbba\nabcabb",
            "output": "5"
        },
        {
            "input": "cacbb\nbca",
            "output": "4"
        },
        {
            "input": "abaaccaa\nacccc",
            "output": "5"
        },
        {
            "input": "babbcbbb\nbcaca",
            "output": "6"
        },
        {
            "input": "abc\nbbcccbb",
            "output": "5"
        },
        {
            "input": "caccaccc\ncab",
            "output": "6"
        },
        {
            "input": "aabcca\nbcbacbcc",
            "output": "5"
        },
        {
            "input": "aab\nbaab",
            "output": "1"
        },
        {
            "input": "cabbaaa\nccaac",
            "output": "4"
        },
        {
            "input": "aabacac\nccbc",
            "output": "5"
        },
        {
            "input": "bbacab\nbcc",
            "output": "4"
        },
        {
            "input": "bca\nbbcacbb",
            "output": "4"
        },
        {
            "input": "abb\nacab",
            "output": "2"
        },
        {
            "input": "babcaa\ncab",
            "output": "4"
        },
        {
            "input": "abacba\ncbaca",
            "output": "2"
        },
        {
            "input": "cbbcaac\ncbabcbb",
            "output": "4"
        },
        {
            "input": "caac\ncbba",
            "output": "3"
        },
        {
            "input": "bbcbabb\ncbb",
            "output": "4"
        },
        {
            "input": "aabaaa\nbcbb",
            "output": "5"
        },
        {
            "input": "bbacc\ncbc",
            "output": "3"
        },
        {
            "input": "aaacc\nbaabbb",
            "output": "4"
        },
        {
            "input": "babaab\nbaccbb",
            "output": "3"
        },
        {
            "input": "babcabc\naccba",
            "output": "4"
        },
        {
            "input": "babaca\nacbbbb",
            "output": "5"
        },
        {
            "input": "bccbcac\ncbaabbc",
            "output": "5"
        },
        {
            "input": "bbbb\naab",
            "output": "3"
        },
        {
            "input": "bacbbcac\nababb",
            "output": "5"
        },
        {
            "input": "aabab\nbacaba",
            "output": "3"
        },
        {
            "input": "abaaccaa\nccba",
            "output": "5"
        },
        {
            "input": "bbba\ncbbca",
            "output": "2"
        },
        {
            "input": "bccaaba\nbcc",
            "output": "4"
        },
        {
            "input": "bbb\nabaccab",
            "output": "5"
        },
        {
            "input": "cacac\naaaccb",
            "output": "4"
        },
        {
            "input": "caacbab\nccc",
            "output": "5"
        },
        {
            "input": "babcc\naacac",
            "output": "3"
        },
        {
            "input": "bccba\nbabaabab",
            "output": "5"
        },
        {
            "input": "cca\nacc",
            "output": "2"
        },
        {
            "input": "cbacb\nbccacaac",
            "output": "5"
        },
        {
            "input": "cccbba\nbbbbb",
            "output": "4"
        },
        {
            "input": "cbb\nbcbbacc",
            "output": "4"
        },
        {
            "input": "bccccbb\ncbbb",
            "output": "4"
        },
        {
            "input": "cccc\nbcabbca",
            "output": "5"
        },
        {
            "input": "baaabca\nabbcaab",
            "output": "5"
        },
        {
            "input": "babcab\nccac",
            "output": "4"
        },
        {
            "input": "abbccbaa\nbccbb",
            "output": "4"
        },
        {
            "input": "acbb\naaabacc",
            "output": "5"
        },
        {
            "input": "cbcbaa\ncabbcaca",
            "output": "4"
        },
        {
            "input": "babab\nbbcb",
            "output": "2"
        },
        {
            "input": "aabccbac\ncaabab",
            "output": "5"
        },
        {
            "input": "cbcacca\ncca",
            "output": "4"
        },
        {
            "input": "bccca\nbbbcacab",
            "output": "4"
        },
        {
            "input": "aaacb\naccbbc",
            "output": "4"
        },
        {
            "input": "aaa\ncbbbc",
            "output": "5"
        },
        {
            "input": "bacbacac\nbbbc",
            "output": "5"
        },
        {
            "input": "bacccbcc\nacaacb",
            "output": "5"
        },
        {
            "input": "ccbaba\nababb",
            "output": "3"
        },
        {
            "input": "bccc\nbbabba",
            "output": "5"
        },
        {
            "input": "aacb\nbba",
            "output": "4"
        },
        {
            "input": "abacc\naaabcabc",
            "output": "4"
        },
        {
            "input": "abc\naaaacbb",
            "output": "5"
        },
        {
            "input": "bcba\nbccbcabb",
            "output": "4"
        },
        {
            "input": "cbb\nbcb",
            "output": "2"
        },
        {
            "input": "acb\nbbcacb",
            "output": "3"
        },
        {
            "input": "acccca\nbcbabca",
            "output": "4"
        },
        {
            "input": "bccccabc\nacb",
            "output": "6"
        },
        {
            "input": "bacabba\nbab",
            "output": "4"
        },
        {
            "input": "accaab\nccc",
            "output": "4"
        },
        {
            "input": "cbba\nbcbacaaa",
            "output": "5"
        },
        {
            "input": "cbb\nccacaca",
            "output": "6"
        },
        {
            "input": "acacbb\ncabba",
            "output": "3"
        },
        {
            "input": "cbaacbaa\nacccba",
            "output": "5"
        },
        {
            "input": "cbcccab\ncbbcaab",
            "output": "2"
        },
        {
            "input": "accccb\ncabb",
            "output": "4"
        },
        {
            "input": "aaabc\nacaac",
            "output": "2"
        },
        {
            "input": "ababacbb\nbbbaaba",
            "output": "4"
        },
        {
            "input": "cbc\nbacc",
            "output": "3"
        },
        {
            "input": "acbc\nbbbccab",
            "output": "5"
        },
        {
            "input": "bbb\nabccaccc",
            "output": "7"
        },
        {
            "input": "bcb\nbbba",
            "output": "2"
        },
        {
            "input": "cca\ncbbaab",
            "output": "4"
        },
        {
            "input": "abaaab\ncbcba",
            "output": "4"
        },
        {
            "input": "acaccc\ncbacc",
            "output": "3"
        },
        {
            "input": "ccaaabb\nabcabcbc",
            "output": "5"
        },
        {
            "input": "bacc\nbcacc",
            "output": "1"
        },
        {
            "input": "aaa\nabcccbca",
            "output": "6"
        },
        {
            "input": "ccaabb\nbcccba",
            "output": "4"
        },
        {
            "input": "caa\nacaa",
            "output": "1"
        },
        {
            "input": "bccbb\naab",
            "output": "4"
        },
        {
            "input": "cacabc\nbbbcb",
            "output": "5"
        },
        {
            "input": "ccaac\ncacbba",
            "output": "4"
        },
        {
            "input": "cbbab\nacacbacc",
            "output": "5"
        },
        {
            "input": "acccbca\ncbcbb",
            "output": "4"
        },
        {
            "input": "bbccccaa\naaab",
            "output": "7"
        },
        {
            "input": "aab\nbcbbbbc",
            "output": "6"
        },
        {
            "input": "aaabba\ncba",
            "output": "4"
        },
        {
            "input": "abcababb\ncab",
            "output": "5"
        },
        {
            "input": "cac\nabbcab",
            "output": "4"
        },
        {
            "input": "bbb\nabaabbbc",
            "output": "5"
        },
        {
            "input": "bcb\nabacbbb",
            "output": "4"
        },
        {
            "input": "aabc\ncaaccb",
            "output": "3"
        },
        {
            "input": "acacbb\ncbbbaccc",
            "output": "6"
        },
        {
            "input": "abacb\nbaabbcbc",
            "output": "4"
        },
        {
            "input": "aaabbab\nbabbcacb",
            "output": "4"
        },
        {
            "input": "accbccc\naaa",
            "output": "6"
        },
        {
            "input": "bcbbca\nccba",
            "output": "3"
        },
        {
            "input": "cac\nbcaccabc",
            "output": "5"
        },
        {
            "input": "baa\naaaaba",
            "output": "4"
        },
        {
            "input": "cbabb\nccc",
            "output": "4"
        },
        {
            "input": "acabaaca\nabbba",
            "output": "5"
        },
        {
            "input": "abaab\nbbbbc",
            "output": "4"
        },
        {
            "input": "accaa\nccaccabb",
            "output": "4"
        },
        {
            "input": "aabbca\nbbbcbaaa",
            "output": "5"
        },
        {
            "input": "bababcaa\naaa",
            "output": "5"
        },
        {
            "input": "cabbb\nbbaac",
            "output": "5"
        },
        {
            "input": "cca\nbaacabbb",
            "output": "6"
        },
        {
            "input": "baacab\naaac",
            "output": "3"
        },
        {
            "input": "cbbabccb\nbaabcca",
            "output": "3"
        },
        {
            "input": "bbbccbcb\naaccaaba",
            "output": "6"
        },
        {
            "input": "accccc\nabacaba",
            "output": "5"
        },
        {
            "input": "aacbacbb\nccccaaab",
            "output": "5"
        },
        {
            "input": "ccb\nabc",
            "output": "3"
        },
        {
            "input": "bacbaaaa\nbccacaa",
            "output": "3"
        },
        {
            "input": "abac\naaabbaa",
            "output": "4"
        },
        {
            "input": "caccc\nccaa",
            "output": "3"
        },
        {
            "input": "bbac\nbbc",
            "output": "1"
        },
        {
            "input": "cabb\nbabbaac",
            "output": "4"
        },
        {
            "input": "aacaccac\nccbabc",
            "output": "5"
        },
        {
            "input": "abcb\naaa",
            "output": "3"
        },
        {
            "input": "cac\ncaa",
            "output": "1"
        },
        {
            "input": "ccaabab\nbbcbbaa",
            "output": "5"
        },
        {
            "input": "aac\nacbaca",
            "output": "3"
        },
        {
            "input": "ccb\nbaabcac",
            "output": "6"
        },
        {
            "input": "bbbccc\nacbcccca",
            "output": "4"
        },
        {
            "input": "cacbca\nbbbaa",
            "output": "4"
        },
        {
            "input": "caabcbb\nabbcbc",
            "output": "3"
        },
        {
            "input": "cbcbcbba\ncacbcccc",
            "output": "4"
        },
        {
            "input": "bbc\ncbb",
            "output": "2"
        },
        {
            "input": "accbcc\naac",
            "output": "4"
        },
        {
            "input": "abababa\nbcc",
            "output": "6"
        },
        {
            "input": "bccacab\nabcc",
            "output": "5"
        },
        {
            "input": "ccb\ncabbc",
            "output": "3"
        },
        {
            "input": "bbbabb\nacbabbc",
            "output": "3"
        },
        {
            "input": "bac\ncccb",
            "output": "3"
        },
        {
            "input": "aac\naaaaaa",
            "output": "4"
        },
        {
            "input": "abaaba\nacbababb",
            "output": "3"
        },
        {
            "input": "abacacb\nbbcbac",
            "output": "4"
        },
        {
            "input": "bcab\nbcbbcbc",
            "output": "4"
        },
        {
            "input": "accbc\nbaa",
            "output": "5"
        },
        {
            "input": "bba\nccbacaaa",
            "output": "6"
        },
        {
            "input": "bbcbbbb\ncbcb",
            "output": "4"
        },
        {
            "input": "bcb\ncacbaca",
            "output": "5"
        },
        {
            "input": "ccbcbca\nbbbbbab",
            "output": "5"
        },
        {
            "input": "bbabbca\nabaa",
            "output": "4"
        },
        {
            "input": "ccabcc\nbaaab",
            "output": "5"
        },
        {
            "input": "cbbacbc\nabacbccc",
            "output": "4"
        },
        {
            "input": "bcba\nababacb",
            "output": "4"
        },
        {
            "input": "aaac\nabc",
            "output": "2"
        },
        {
            "input": "bbbbac\nbbabcbcb",
            "output": "4"
        },
        {
            "input": "bbbb\nbaaacbbb",
            "output": "4"
        },
        {
            "input": "cba\ncccc",
            "output": "3"
        },
        {
            "input": "baaccb\naab",
            "output": "3"
        },
        {
            "input": "aac\nacb",
            "output": "2"
        },
        {
            "input": "ccbbc\ncabc",
            "output": "2"
        },
        {
            "input": "bbbcbaba\nbcaa",
            "output": "4"
        },
        {
            "input": "ccabccb\nccccaaa",
            "output": "5"
        },
        {
            "input": "bbc\ncbbbcbc",
            "output": "4"
        },
        {
            "input": "caacbcc\nbaca",
            "output": "5"
        },
        {
            "input": "baacbacc\nabbbaacb",
            "output": "5"
        },
        {
            "input": "babc\ncac",
            "output": "2"
        },
        {
            "input": "acbab\nccba",
            "output": "2"
        },
        {
            "input": "cacab\ncaabca",
            "output": "3"
        },
        {
            "input": "accbcca\nabbcc",
            "output": "3"
        },
        {
            "input": "aacacc\ncaac",
            "output": "3"
        },
        {
            "input": "acbcba\nabbac",
            "output": "3"
        },
        {
            "input": "caacbcba\nccbcaaca",
            "output": "5"
        },
        {
            "input": "ccaacab\nabc",
            "output": "5"
        },
        {
            "input": "aaaa\nccbabb",
            "output": "5"
        },
        {
            "input": "acb\nacca",
            "output": "2"
        },
        {
            "input": "accb\nccbba",
            "output": "3"
        },
        {
            "input": "bcbcc\nacbac",
            "output": "2"
        },
        {
            "input": "bcccacb\nccabccba",
            "output": "5"
        },
        {
            "input": "aca\nbccbbcc",
            "output": "6"
        },
        {
            "input": "bcabcbbc\ncabcbcb",
            "output": "3"
        },
        {
            "input": "bcacaacc\naacca",
            "output": "5"
        },
        {
            "input": "cacbcc\nbbcbaa",
            "output": "4"
        },
        {
            "input": "ccccc\naaaabc",
            "output": "5"
        },
        {
            "input": "acb\nccbcabbb",
            "output": "6"
        },
        {
            "input": "bcbca\nbccbb",
            "output": "3"
        },
        {
            "input": "acc\nabbb",
            "output": "3"
        },
        {
            "input": "caacc\ncacabc",
            "output": "2"
        },
        {
            "input": "cccaabab\nbababbbc",
            "output": "6"
        },
        {
            "input": "acaa\nbabbbcab",
            "output": "5"
        },
        {
            "input": "baccca\nbba",
            "output": "4"
        },
        {
            "input": "bbacabb\nbba",
            "output": "4"
        },
        {
            "input": "bcbb\nacabbb",
            "output": "3"
        },
        {
            "input": "bcb\nccbc",
            "output": "2"
        },
        {
            "input": "aabc\ncbc",
            "output": "2"
        },
        {
            "input": "acccabca\ncccc",
            "output": "4"
        },
        {
            "input": "aca\nccbbb",
            "output": "4"
        },
        {
            "input": "cbcbaba\naccabc",
            "output": "4"
        },
        {
            "input": "caaaabc\nabbc",
            "output": "4"
        },
        {
            "input": "abcaaaa\naccccccb",
            "output": "6"
        },
        {
            "input": "cbcb\ncccabb",
            "output": "3"
        },
        {
            "input": "abaabcbb\nbab",
            "output": "5"
        },
        {
            "input": "aaacbb\nacabc",
            "output": "3"
        },
        {
            "input": "caacacc\nbaca",
            "output": "4"
        },
        {
            "input": "cab\nacabaa",
            "output": "3"
        },
        {
            "input": "bbcb\nabcbbab",
            "output": "4"
        },
        {
            "input": "cbcc\nacbbacca",
            "output": "4"
        },
        {
            "input": "baaa\naccba",
            "output": "4"
        },
        {
            "input": "babbcbb\ncbcccab",
            "output": "5"
        },
        {
            "input": "bccc\naac",
            "output": "3"
        },
        {
            "input": "caaaaa\naaabbb",
            "output": "4"
        },
        {
            "input": "ccacbb\nbcccbaa",
            "output": "4"
        },
        {
            "input": "bcac\ncbbb",
            "output": "4"
        },
        {
            "input": "cccca\nacbbb",
            "output": "4"
        },
        {
            "input": "bcbca\nbbaca",
            "output": "2"
        },
        {
            "input": "accbbcba\ncbaac",
            "output": "6"
        },
        {
            "input": "caac\ncbbba",
            "output": "4"
        },
        {
            "input": "baaac\nacabb",
            "output": "4"
        },
        {
            "input": "cbcaaa\naacbb",
            "output": "5"
        },
        {
            "input": "bab\nbab",
            "output": "0"
        },
        {
            "input": "cba\nbccbcb",
            "output": "4"
        },
        {
            "input": "acbba\nbccacc",
            "output": "5"
        },
        {
            "input": "aacc\ncabbaa",
            "output": "5"
        },
        {
            "input": "acac\nacbb",
            "output": "2"
        },
        {
            "input": "cabb\ncabbccaa",
            "output": "4"
        },
        {
            "input": "ccbcab\nccbaa",
            "output": "2"
        },
        {
            "input": "cbccb\naccbbabb",
            "output": "5"
        },
        {
            "input": "caaabbb\nabc",
            "output": "5"
        },
        {
            "input": "cbbcc\nabbccc",
            "output": "2"
        },
        {
            "input": "bcacaa\naccccca",
            "output": "4"
        },
        {
            "input": "aac\naabbc",
            "output": "2"
        },
        {
            "input": "bcbab\nbaa",
            "output": "3"
        },
        {
            "input": "aac\ncac",
            "output": "1"
        },
        {
            "input": "aaba\nccbcaaca",
            "output": "5"
        },
        {
            "input": "acccac\nbcca",
            "output": "3"
        },
        {
            "input": "aaaaaaaa\ncbbcabb",
            "output": "7"
        },
        {
            "input": "bba\naccbaa",
            "output": "4"
        },
        {
            "input": "cbb\naabac",
            "output": "4"
        },
        {
            "input": "cbbcaba\nacbcca",
            "output": "4"
        },
        {
            "input": "babbacca\nabbaa",
            "output": "3"
        },
        {
            "input": "ccbaa\ncbabcc",
            "output": "4"
        },
        {
            "input": "ccccabba\nbbabcbbc",
            "output": "6"
        },
        {
            "input": "abcab\ncabc",
            "output": "3"
        },
        {
            "input": "bcacaaab\nabcbcac",
            "output": "5"
        },
        {
            "input": "cbcbcbc\ncccb",
            "output": "3"
        },
        {
            "input": "bcaacc\naaccacba",
            "output": "5"
        },
        {
            "input": "cbacac\ncaccbccb",
            "output": "5"
        },
        {
            "input": "cbcaca\ncacc",
            "output": "3"
        },
        {
            "input": "abc\nababcbac",
            "output": "5"
        },
        {
            "input": "bcbbcb\naaaabbcc",
            "output": "5"
        },
        {
            "input": "cab\nbabacaa",
            "output": "5"
        },
        {
            "input": "abbabbb\ncbabcac",
            "output": "5"
        },
        {
            "input": "bbbaccca\ncbaaaa",
            "output": "5"
        },
        {
            "input": "cbaaaa\nabcba",
            "output": "4"
        },
        {
            "input": "babcba\nabb",
            "output": "3"
        },
        {
            "input": "cca\nacccbbbb",
            "output": "6"
        },
        {
            "input": "bccbaacc\nbabbca",
            "output": "5"
        },
        {
            "input": "abcc\nacca",
            "output": "2"
        },
        {
            "input": "abbbcb\ncbbb",
            "output": "3"
        },
        {
            "input": "accb\nbcabac",
            "output": "4"
        },
        {
            "input": "caa\nbbccbc",
            "output": "5"
        },
        {
            "input": "bbaa\nbbcbcccb",
            "output": "6"
        },
        {
            "input": "abbaab\nbac",
            "output": "4"
        },
        {
            "input": "bccb\ncabcbcb",
            "output": "3"
        },
        {
            "input": "ccbccbbc\naccc",
            "output": "5"
        },
        {
            "input": "ccbccab\nbcac",
            "output": "4"
        },
        {
            "input": "baaccaba\naccaa",
            "output": "3"
        },
        {
            "input": "ccbbab\naaa",
            "output": "5"
        },
        {
            "input": "bbccacbb\nbab",
            "output": "5"
        },
        {
            "input": "abc\nbab",
            "output": "2"
        },
        {
            "input": "bbbac\ncbcba",
            "output": "3"
        },
        {
            "input": "ccaacbbc\nbcacbac",
            "output": "3"
        },
        {
            "input": "acbbbcba\naaaacc",
            "output": "6"
        },
        {
            "input": "cabcbc\ncbbb",
            "output": "3"
        },
        {
            "input": "cabbcacb\naba",
            "output": "5"
        },
        {
            "input": "acacbc\nccbbbc",
            "output": "3"
        },
        {
            "input": "bccb\ncabbccbb",
            "output": "4"
        },
        {
            "input": "bcaa\ncbbbccca",
            "output": "5"
        },
        {
            "input": "bbbbba\nccac",
            "output": "6"
        },
        {
            "input": "ccccb\ncabab",
            "output": "3"
        },
        {
            "input": "babcccc\nacbca",
            "output": "4"
        },
        {
            "input": "caa\nbcbcbb",
            "output": "5"
        },
        {
            "input": "aabab\nbbbc",
            "output": "4"
        },
        {
            "input": "abcaca\ncabbb",
            "output": "5"
        },
        {
            "input": "aca\ncbbcacab",
            "output": "5"
        },
        {
            "input": "cca\nbcca",
            "output": "1"
        },
        {
            "input": "abbabc\nccbbcaa",
            "output": "5"
        },
        {
            "input": "babc\ncabcbbcc",
            "output": "5"
        },
        {
            "input": "baaaaca\ncbcacbb",
            "output": "6"
        },
        {
            "input": "aacabba\nbac",
            "output": "5"
        },
        {
            "input": "abcbbbcc\nbab",
            "output": "6"
        },
        {
            "input": "cabab\naaa",
            "output": "3"
        },
        {
            "input": "aabbc\nbaccbc",
            "output": "3"
        },
        {
            "input": "abacbb\nacc",
            "output": "4"
        },
        {
            "input": "abcbabac\ncaacacbb",
            "output": "6"
        },
        {
            "input": "caacaa\ncabcaa",
            "output": "1"
        },
        {
            "input": "cab\ncbcc",
            "output": "3"
        },
        {
            "input": "bcabbcca\ncba",
            "output": "5"
        },
        {
            "input": "cbc\nbac",
            "output": "2"
        },
        {
            "input": "bbcbbba\nccccab",
            "output": "5"
        },
        {
            "input": "cbb\naacb",
            "output": "3"
        },
        {
            "input": "bcba\nbcbabba",
            "output": "3"
        },
        {
            "input": "cabba\naba",
            "output": "2"
        },
        {
            "input": "babbabb\nbbb",
            "output": "4"
        },
        {
            "input": "bbabcb\ncaacac",
            "output": "5"
        },
        {
            "input": "caaaaab\naacacaac",
            "output": "4"
        },
        {
            "input": "accbbcb\ncaccac",
            "output": "4"
        },
        {
            "input": "acbb\ncacccab",
            "output": "4"
        },
        {
            "input": "bbb\ncbbaaba",
            "output": "4"
        },
        {
            "input": "bcb\ncacb",
            "output": "2"
        },
        {
            "input": "abab\nbbcbca",
            "output": "4"
        },
        {
            "input": "ccabbcbb\nacaaaabc",
            "output": "5"
        },
        {
            "input": "acccacb\ncacabaa",
            "output": "5"
        },
        {
            "input": "abca\ncccacaaa",
            "output": "6"
        },
        {
            "input": "cacccbac\nbaaaaca",
            "output": "6"
        },
        {
            "input": "aaaababa\naba",
            "output": "5"
        },
        {
            "input": "cbbcbbac\naccaac",
            "output": "5"
        },
        {
            "input": "aaaabcaa\naaab",
            "output": "4"
        },
        {
            "input": "aac\nbaccabba",
            "output": "6"
        },
        {
            "input": "aaabcabb\ncbabc",
            "output": "5"
        },
        {
            "input": "babb\naccb",
            "output": "3"
        },
        {
            "input": "abbaa\naaa",
            "output": "2"
        },
        {
            "input": "aac\nbbabba",
            "output": "5"
        },
        {
            "input": "aabbcb\ncabbab",
            "output": "2"
        },
        {
            "input": "baaaaca\nccbaccbc",
            "output": "6"
        },
        {
            "input": "caccbb\ncbc",
            "output": "4"
        },
        {
            "input": "bbb\nbab",
            "output": "1"
        },
        {
            "input": "accb\nabb",
            "output": "2"
        },
        {
            "input": "bcbaba\nbaca",
            "output": "3"
        },
        {
            "input": "acabcc\nbaaaaa",
            "output": "5"
        },
        {
            "input": "aaccabba\ncbb",
            "output": "5"
        },
        {
            "input": "abacbc\nacbbcaa",
            "output": "4"
        },
        {
            "input": "cbbaaaa\nccacc",
            "output": "5"
        },
        {
            "input": "cca\nbab",
            "output": "3"
        },
        {
            "input": "cccbc\nbba",
            "output": "4"
        },
        {
            "input": "baabb\nbaaca",
            "output": "2"
        },
        {
            "input": "bbbac\naabc",
            "output": "3"
        },
        {
            "input": "baba\nbcbacbab",
            "output": "4"
        },
        {
            "input": "cabbbb\ncabcabb",
            "output": "2"
        },
        {
            "input": "bbc\nbcaccca",
            "output": "5"
        },
        {
            "input": "cbbc\nccba",
            "output": "2"
        },
        {
            "input": "ababca\nbcbbac",
            "output": "4"
        },
        {
            "input": "bcc\ncacabcac",
            "output": "5"
        },
        {
            "input": "bbabcbcb\nacacbaca",
            "output": "5"
        },
        {
            "input": "babcb\ncbaabbb",
            "output": "3"
        },
        {
            "input": "ccaacccc\naaca",
            "output": "5"
        },
        {
            "input": "bbbaaaa\nbaa",
            "output": "4"
        },
        {
            "input": "cbaaa\ncbcc",
            "output": "3"
        },
        {
            "input": "acbbaa\ncca",
            "output": "4"
        },
        {
            "input": "abbbbbba\ncbba",
            "output": "5"
        },
        {
            "input": "aaabba\nbbcc",
            "output": "5"
        },
        {
            "input": "accbcba\naac",
            "output": "5"
        },
        {
            "input": "ccabcba\nabccbacc",
            "output": "5"
        },
        {
            "input": "abcbaba\nbbbccc",
            "output": "5"
        },
        {
            "input": "baabca\nbaccbbab",
            "output": "4"
        },
        {
            "input": "cbaccbc\nacaaa",
            "output": "5"
        },
        {
            "input": "cab\nacacaca",
            "output": "5"
        },
        {
            "input": "abbc\nbabacb",
            "output": "3"
        },
        {
            "input": "bacaca\naabbbcc",
            "output": "5"
        },
        {
            "input": "caca\ncaacbbaa",
            "output": "4"
        },
        {
            "input": "abbac\nbabcbcbb",
            "output": "5"
        },
        {
            "input": "abbb\nbbba",
            "output": "2"
        },
        {
            "input": "caabcaa\nbbabcba",
            "output": "3"
        },
        {
            "input": "ccc\ncbb",
            "output": "2"
        },
        {
            "input": "aabb\naacababc",
            "output": "4"
        },
        {
            "input": "bccacb\naaacbbbb",
            "output": "6"
        },
        {
            "input": "acab\nabba",
            "output": "3"
        },
        {
            "input": "ccaaaa\nacacccc",
            "output": "5"
        },
        {
            "input": "cbaabba\ncacacbc",
            "output": "4"
        },
        {
            "input": "ccbbcab\nccbcac",
            "output": "2"
        },
        {
            "input": "acaacab\naab",
            "output": "4"
        },
        {
            "input": "ccbbca\naaca",
            "output": "4"
        },
        {
            "input": "ccbbbcbb\ncaca",
            "output": "6"
        },
        {
            "input": "bcbacbb\naaabc",
            "output": "5"
        },
        {
            "input": "bcbabb\nbbaa",
            "output": "3"
        },
        {
            "input": "bcbacbc\ncaaaabb",
            "output": "5"
        },
        {
            "input": "acca\nacbbb",
            "output": "3"
        },
        {
            "input": "abbbbbcb\ncaacbaca",
            "output": "6"
        },
        {
            "input": "cbbac\nacb",
            "output": "4"
        },
        {
            "input": "abaca\nbaa",
            "output": "2"
        },
        {
            "input": "accb\nbcb",
            "output": "2"
        },
        {
            "input": "bbbbba\nbcab",
            "output": "4"
        },
        {
            "input": "abcbcb\naaacc",
            "output": "4"
        },
        {
            "input": "abab\naaacacbb",
            "output": "5"
        },
        {
            "input": "cacaa\nbbaa",
            "output": "3"
        },
        {
            "input": "cabbcaaa\nabcbbaa",
            "output": "4"
        },
        {
            "input": "cbccb\naba",
            "output": "4"
        },
        {
            "input": "bcc\nbbbca",
            "output": "3"
        },
        {
            "input": "bbc\nbaa",
            "output": "2"
        },
        {
            "input": "accbbbba\nbcaaccab",
            "output": "7"
        },
        {
            "input": "cac\naaa",
            "output": "2"
        },
        {
            "input": "caaa\nbbaa",
            "output": "2"
        },
        {
            "input": "cabcaaa\ncaccaccc",
            "output": "4"
        },
        {
            "input": "cbabbac\naacabac",
            "output": "4"
        },
        {
            "input": "bbcbabbc\naabbc",
            "output": "4"
        },
        {
            "input": "ccaba\nbcacc",
            "output": "3"
        },
        {
            "input": "bcaab\ncbcabca",
            "output": "4"
        },
        {
            "input": "aabccb\nbbab",
            "output": "4"
        },
        {
            "input": "abbacbbc\ncbabcab",
            "output": "5"
        },
        {
            "input": "cabcbbb\ncbcacaaa",
            "output": "6"
        },
        {
            "input": "cbaccca\ncbaaca",
            "output": "2"
        },
        {
            "input": "baacaa\nacaab",
            "output": "3"
        },
        {
            "input": "acbacc\nabbabca",
            "output": "3"
        },
        {
            "input": "acaaa\naabcbcc",
            "output": "5"
        },
        {
            "input": "aaca\ncbbb",
            "output": "4"
        },
        {
            "input": "ccbaacb\naccaabb",
            "output": "3"
        },
        {
            "input": "cca\naabababa",
            "output": "7"
        },
        {
            "input": "bbc\nbccbaa",
            "output": "4"
        },
        {
            "input": "acabcc\nabaa",
            "output": "4"
        },
        {
            "input": "bacacbcc\ncccacca",
            "output": "4"
        },
        {
            "input": "bbcbbab\naccaa",
            "output": "5"
        },
        {
            "input": "babaaaa\nacacc",
            "output": "5"
        },
        {
            "input": "ccbaba\nabc",
            "output": "4"
        },
        {
            "input": "bbacbcba\nbbc",
            "output": "5"
        },
        {
            "input": "cbbbbac\naccc",
            "output": "6"
        },
        {
            "input": "bcbccba\ncaccbbbc",
            "output": "5"
        },
        {
            "input": "cabb\nacaba",
            "output": "2"
        },
        {
            "input": "cbb\nabcc",
            "output": "3"
        },
        {
            "input": "bba\nbaaacb",
            "output": "4"
        },
        {
            "input": "abbb\nbbcbc",
            "output": "3"
        },
        {
            "input": "cbcca\ncac",
            "output": "3"
        },
        {
            "input": "abccbcbb\nbcbb",
            "output": "4"
        },
        {
            "input": "cbb\nbcbab",
            "output": "2"
        },
        {
            "input": "aacba\ncaca",
            "output": "2"
        },
        {
            "input": "cbbaccba\nbab",
            "output": "5"
        },
        {
            "input": "ccccb\nbccaabbc",
            "output": "5"
        },
        {
            "input": "acabcbb\ncbb",
            "output": "4"
        },
        {
            "input": "acbbbab\naabca",
            "output": "4"
        },
        {
            "input": "abbbc\nbbb",
            "output": "2"
        },
        {
            "input": "cba\naccccbba",
            "output": "5"
        },
        {
            "input": "abcb\nbbbabb",
            "output": "4"
        },
        {
            "input": "abbcbb\nabaabaca",
            "output": "5"
        },
        {
            "input": "bacaaacc\ncbcbc",
            "output": "6"
        },
        {
            "input": "aababbb\nccbbbc",
            "output": "4"
        },
        {
            "input": "aaaaabbb\nacabbc",
            "output": "4"
        },
        {
            "input": "cbbbcc\naaabcab",
            "output": "5"
        },
        {
            "input": "accbacb\nacbaa",
            "output": "3"
        },
        {
            "input": "cacbaa\nacbabba",
            "output": "3"
        },
        {
            "input": "bab\ncabbcca",
            "output": "5"
        },
        {
            "input": "ccc\nabbcc",
            "output": "3"
        },
        {
            "input": "caca\nacaa",
            "output": "2"
        },
        {
            "input": "babbba\nbbcaa",
            "output": "3"
        },
        {
            "input": "caaab\nccbac",
            "output": "3"
        },
        {
            "input": "abbc\nbcb",
            "output": "3"
        },
        {
            "input": "cacbcbcc\ncabcaccb",
            "output": "3"
        },
        {
            "input": "cbbca\nbcbb",
            "output": "3"
        },
        {
            "input": "aaabbccc\nbabaab",
            "output": "6"
        },
        {
            "input": "cccc\nbaa",
            "output": "4"
        },
        {
            "input": "abbabccb\nbcbab",
            "output": "5"
        },
        {
            "input": "bcaccb\nbbaabaa",
            "output": "5"
        },
        {
            "input": "acbcc\ncacaabc",
            "output": "4"
        },
        {
            "input": "cbcaba\ncccaac",
            "output": "3"
        },
        {
            "input": "cccb\ncababaa",
            "output": "5"
        },
        {
            "input": "cacca\naca",
            "output": "2"
        },
        {
            "input": "bcaaa\nbaabc",
            "output": "3"
        },
        {
            "input": "cbbb\nbacaacca",
            "output": "7"
        },
        {
            "input": "ccb\nbbab",
            "output": "3"
        },
        {
            "input": "cbb\naabaaccc",
            "output": "7"
        },
        {
            "input": "bbba\naccbc",
            "output": "4"
        },
        {
            "input": "ccaaaa\ncbca",
            "output": "4"
        },
        {
            "input": "bccccb\nabca",
            "output": "5"
        },
        {
            "input": "ccabaaba\nabccbca",
            "output": "5"
        },
        {
            "input": "acaaa\ncbbac",
            "output": "4"
        },
        {
            "input": "cbcaaac\nbaca",
            "output": "4"
        },
        {
            "input": "ccbabbbc\nbcac",
            "output": "5"
        },
        {
            "input": "ccbccaa\ncbac",
            "output": "4"
        },
        {
            "input": "bacbbab\ncaabcc",
            "output": "5"
        },
        {
            "input": "acabcb\nbccccc",
            "output": "4"
        },
        {
            "input": "bbbb\nbcccbb",
            "output": "3"
        },
        {
            "input": "bbcbcacb\nacb",
            "output": "5"
        },
        {
            "input": "cababc\nccccca",
            "output": "5"
        },
        {
            "input": "ccbc\nacbbc",
            "output": "2"
        },
        {
            "input": "bcaa\ncbcbacac",
            "output": "4"
        },
        {
            "input": "acaca\nbbba",
            "output": "4"
        },
        {
            "input": "abca\naccb",
            "output": "2"
        },
        {
            "input": "cbaaabbc\naaac",
            "output": "4"
        },
        {
            "input": "aacbb\nbbcccbbc",
            "output": "5"
        }
    ]
}