{
    "id": "fibonacci_sequence",
    "title": "Fibonacci Sequence",
    "description": "The Fibonacci sequence is a series of numbers in which each number (Fibonacci number) is the sum of the two preceding ones. The sequence commonly starts with 0 and 1. That is, F(0) = 0, F(1) = 1, and F(n) = F(n-1) + F(n-2) for n > 1. In this problem, you are given an integer `N`. Your task is to calculate the Nth number in the Fibonacci sequence.",
    "input_format": "A single integer N.",
    "output_format": "Output a single integer representing the Nth term of the Fibonacci sequence.",
    "constraints": {
        "N": "0 <= N <= 30"
    },
    "judge_mode": "FIRST_FAIL",
    "time_limit": 1,
    "sample_test_cases": [
        {
            "input": "2",
            "output": "1"
        },
        {
            "input": "5",
            "output": "5"
        }
    ],
    "hidden_test_cases": [
        {
            "input": "18",
            "output": "2584"
        },
        {
            "input": "21",
            "output": "10946"
        },
        {
            "input": "30",
            "output": "832040"
        },
        {
            "input": "11",
            "output": "89"
        },
        {
            "input": "25",
            "output": "75025"
        },
        {
            "input": "17",
            "output": "1597"
        },
        {
            "input": "9",
            "output": "34"
        },
        {
            "input": "10",
            "output": "55"
        },
        {
            "input": "1",
            "output": "1"
        },
        {
            "input": "27",
            "output": "196418"
        },
        {
            "input": "4",
            "output": "3"
        },
        {
            "input": "12",
            "output": "144"
        },
        {
            "input": "7",
            "output": "13"
        },
        {
            "input": "5",
            "output": "5"
        },
        {
            "input": "8",
            "output": "21"
        },
        {
            "input": "20",
            "output": "6765"
        },
        {
            "input": "23",
            "output": "28657"
        },
        {
            "input": "14",
            "output": "377"
        },
        {
            "input": "19",
            "output": "4181"
        },
        {
            "input": "16",
            "output": "987"
        },
        {
            "input": "2",
            "output": "1"
        },
        {
            "input": "3",
            "output": "2"
        },
        {
            "input": "28",
            "output": "317811"
        },
        {
            "input": "13",
            "output": "233"
        },
        {
            "input": "26",
            "output": "121393"
        },
        {
            "input": "6",
            "output": "8"
        },
        {
            "input": "22",
            "output": "17711"
        },
        {
            "input": "29",
            "output": "514229"
        },
        {
            "input": "24",
            "output": "46368"
        },
        {
            "input": "15",
            "output": "610"
        },
        {
            "input": "0",
            "output": "0"
        }
    ]
}