{
    "id": "find_the_maximum",
    "title": "Find the Maximum",
    "description": "Finding the maximum element in a collection is a fundamental operation. In this problem, you are provided with a list of integers separated by spaces. Your task is to traverse this list and identify the largest integer present among them.",
    "input_format": "A single line containing space-separated integers.",
    "output_format": "Output a single integer which is the maximum value found in the input list.",
    "constraints": {
        "Array Elements": "-1000 <= element <= 1000",
        "Array Length": "1 <= length <= 1000"
    },
    "judge_mode": "FIRST_FAIL",
    "time_limit": 1,
    "sample_test_cases": [
        {
            "input": "1 5 2 9 3",
            "output": "9"
        },
        {
            "input": "-1 -5 -2",
            "output": "-1"
        }
    ],
    "hidden_test_cases": [
        {
            "input": "-763 323 -731 -768 -771 412 363 499 731 325 -300 -482 -859 -172 -295 -253 36 -247",
            "output": "731"
        },
        {
            "input": "879 -88 -79 -513 -121 327 470 -562 -423 -442 -684 -823 246 219 177 322 -152 -645 538",
            "output": "879"
        },
        {
            "input": "910 190 480 362 374 -317 -100 -969 -637 -525 358 -40",
            "output": "910"
        },
        {
            "input": "-548 348 99 714 -344 -151 -304 320 -774 832 -31 530",
            "output": "832"
        },
        {
            "input": "-422 860 -461 -833",
            "output": "860"
        },
        {
            "input": "626 -348 815 654 919 632 -911 299 -631 90 -32 806 106 -427 -806 -286",
            "output": "919"
        },
        {
            "input": "-998 438 -848 -75 303 263 -109 233 721 64 -178 -150 450 -810 132 -343 516",
            "output": "721"
        },
        {
            "input": "44 -197",
            "output": "44"
        },
        {
            "input": "-537 -399 -149 898 233 30 346 997 750 -833 -165 918 -575 -922",
            "output": "997"
        },
        {
            "input": "389 -84 -800 951 -566 704 96 937 -611 -517 -140 -225 -480 -789 866 -915 971 -958 113",
            "output": "971"
        },
        {
            "input": "-414 -1 396 -648 751 -516 -855 -953 -207 -903 421 -415 -933 141 -659 871 405 966 -114",
            "output": "966"
        },
        {
            "input": "-393 227 -611 161 -795 -655 -358 -677 459 0 452 -487 866 -941 698 780 997 -848",
            "output": "997"
        },
        {
            "input": "-238 -843 167 410 28 -685 -52 -450 -450 -793 887 -220 -578",
            "output": "887"
        },
        {
            "input": "744 -352 -574 -492 464",
            "output": "744"
        },
        {
            "input": "-185 410",
            "output": "410"
        },
        {
            "input": "855 674 -216 -318 -737 -708 -535 -478 -826 -816 971 -542 -401 468 -299",
            "output": "971"
        },
        {
            "input": "-175 -849 -469 673 -917 936 -546 -719 -473 -869 -242 502 -283 168 -348 429 875 396 -59 927",
            "output": "936"
        },
        {
            "input": "804 -558 266 696 678 58 -470 271 -836 827 513 -701 214 928 -918 -210 508 -101",
            "output": "928"
        },
        {
            "input": "-67 415 -965 844 320 592 993 142 -585 454 270 478 -7",
            "output": "993"
        },
        {
            "input": "-617 -955",
            "output": "-617"
        },
        {
            "input": "-261 358 -606 -782 593 -71 -2 -709 246 170 565 -901 -909",
            "output": "593"
        },
        {
            "input": "-252 387",
            "output": "387"
        },
        {
            "input": "672 -667",
            "output": "672"
        },
        {
            "input": "-98 340 -33 9 94 908 229 -893",
            "output": "908"
        },
        {
            "input": "202 484 -871 -942 834 -692 -589 -795 941 -679 152 -496 151 -936 455 -340 -60 -380 -481 449",
            "output": "941"
        },
        {
            "input": "-834 -711 -600 -449 513 275 -600 175 508 -689 159 230 715 482",
            "output": "715"
        },
        {
            "input": "412 -446 -764 -827",
            "output": "412"
        },
        {
            "input": "825 18 -607 70 -792 969 -347 264 540 845 93 204 -498 102 -766 -446 487 -616",
            "output": "969"
        },
        {
            "input": "-983 -908 -802 107 -306 785 278 896 244 -363 -235",
            "output": "896"
        },
        {
            "input": "344 -924 -636 -721 -367 854 -305 107 -664 261 106 252 815",
            "output": "854"
        },
        {
            "input": "-337 -307 -62 -464 676 532 885 731 -841 127 -859 62 -845 566 -104 -620 -421 -836 477",
            "output": "885"
        },
        {
            "input": "176 208",
            "output": "208"
        },
        {
            "input": "360 790 719 664 -387 -747 481 463 -528",
            "output": "790"
        },
        {
            "input": "-77 874 80 -20 -644 714 289 311 -55 -868 -779 -696 966 584 996",
            "output": "996"
        },
        {
            "input": "-174",
            "output": "-174"
        },
        {
            "input": "-485",
            "output": "-485"
        },
        {
            "input": "305 696 -486 951 -791 193 -936 796",
            "output": "951"
        },
        {
            "input": "790 -263 -217 980 151 -984 -161 132 230 894 458 -274 -797 -359",
            "output": "980"
        },
        {
            "input": "-973 -867 512 198 -66 458 37 391 -997 -485 837 219 -602 824 919 986 489 309",
            "output": "986"
        },
        {
            "input": "-583 -955 444 396 994 887 772 523 -337 760 333 427 -128 -414 -154 -21 -781 730 696",
            "output": "994"
        },
        {
            "input": "-333 -264 744 -929 -37 844 853",
            "output": "853"
        },
        {
            "input": "839 -820 -474 -884 -554 -710 -117 -4 -900 -654 -405 120 350 -185",
            "output": "839"
        },
        {
            "input": "-255 -63 985 701 -831 -732 51 -635 -464 -352",
            "output": "985"
        },
        {
            "input": "-361 -726 722 651 -574 603 602 -325 692 -342 -706 -596 -502 600 546 -138 859 -797 -461",
            "output": "859"
        },
        {
            "input": "-265 552 16 777 931 715 -742 278 12 -95",
            "output": "931"
        },
        {
            "input": "193 262 563 587 -678 764 552 -480 -698 -84 919 842 694 -495 136",
            "output": "919"
        },
        {
            "input": "955 -67 374 -766 308 457",
            "output": "955"
        },
        {
            "input": "892",
            "output": "892"
        },
        {
            "input": "-936 668",
            "output": "668"
        },
        {
            "input": "-128 -151 212 -533 -116 -407 -502 103 454 207 767 429 260 -931 -168 -483 -875 -886",
            "output": "767"
        },
        {
            "input": "531 359 -705 -44 -836 -977 23 -652 491 885 -726 167 -460 640 -855",
            "output": "885"
        },
        {
            "input": "167 -27 270 812 742 -621 -191 -734 951 44 99 186 -593 -411 -717 304 653",
            "output": "951"
        },
        {
            "input": "995 957 -441",
            "output": "995"
        },
        {
            "input": "-416 -411 112",
            "output": "112"
        },
        {
            "input": "-755 -102 -585 -527 -28 -145 -598 678 -815 -482 112 -831 -456 774",
            "output": "774"
        },
        {
            "input": "-104 86 119 -862 -727 -351 746",
            "output": "746"
        },
        {
            "input": "-14 -39 842 45 -32 -139 -282 -992 -489 -679 111 -721 699 42 -987 346",
            "output": "842"
        },
        {
            "input": "463 -776 -616 -891 519 469 -512 371 -377 -74 -162 778 -68 -188",
            "output": "778"
        },
        {
            "input": "-871 -939 657 181 -775 -537 -667 589 152 353 -949 -628",
            "output": "657"
        },
        {
            "input": "793 718 -378 460 -238 278 839 -32 -51 33 -631 -433 -932 383 -296 -728 -380",
            "output": "839"
        },
        {
            "input": "-298",
            "output": "-298"
        },
        {
            "input": "-849 23 -331 -803 280 894 -268 -951 -567 197 -108 82 608 -286 764 -590",
            "output": "894"
        },
        {
            "input": "-219 -742 -457 -402 -347 494 -726 -742 -41 603 -917 974 259 -634 347 429 -180",
            "output": "974"
        },
        {
            "input": "-658 585 -64 -400 -368 -806 1 214 -930 -904 -605 -767 552 -842 -476 -999",
            "output": "585"
        },
        {
            "input": "986 -822 -103 -794 -572 582 -97 -900 305 -836 -829 -165 -284 511 448 -925 -568 164 990",
            "output": "990"
        },
        {
            "input": "-372 -807 -33",
            "output": "-33"
        },
        {
            "input": "188 775 6 -133 -439 64 390 834",
            "output": "834"
        },
        {
            "input": "312 -584 -747",
            "output": "312"
        },
        {
            "input": "83 -121 -376 409 580 971 489 -107 -555 -920 121 910 644",
            "output": "971"
        },
        {
            "input": "-432 -442 -58 236 757 700 -438 -102 855 -890 635 -963 -783 -662 365 551 -339 -29 -946 -821",
            "output": "855"
        },
        {
            "input": "359 -308 -491 402 -970",
            "output": "402"
        },
        {
            "input": "657 -765 43 -289 -60 -103 -293",
            "output": "657"
        },
        {
            "input": "-564 123 148 -993 -62 831 586 -421 -894 540 -120 240 -875 -618",
            "output": "831"
        },
        {
            "input": "41 182 -47 785 -829 -548 518 10 -301 -506 576 216 138 -474 -896 -949 -307",
            "output": "785"
        },
        {
            "input": "194 -414 432 133 229 -159 -624 -241 418 815",
            "output": "815"
        },
        {
            "input": "637 -648 524 843 -246 635 -117 -697 -598 727 -771 982 -401 411 -755 422 -723",
            "output": "982"
        },
        {
            "input": "431 870 -498 737 709 189 660 728 736 -767 -946 243 204 -685 -464 351 79 -597 183 -770",
            "output": "870"
        },
        {
            "input": "-303 914 883 528 -154 65 778 102 -2 668 981 667 263 864 -630 81",
            "output": "981"
        },
        {
            "input": "-156 -227 -427 668 614 -911 -483 -918 404 -133 20 689 529 -417 -720 175 232 242 667 780",
            "output": "780"
        },
        {
            "input": "-120 323 955 2 693 -733 -716 -71 612 -926 464 896 -137 -393 -753 -994 -843 -341 110 100",
            "output": "955"
        },
        {
            "input": "625 242 -686 -537 546 344 627 -579 357 -383 489 487 164",
            "output": "627"
        },
        {
            "input": "-385 -614 -83 -471 -137 -176 405 -53 687 580 -475 -300 -673",
            "output": "687"
        },
        {
            "input": "-218 512 818 762 -176 704 -391 79 745 -319 -386 -326",
            "output": "818"
        },
        {
            "input": "118 -723 504 -254 117 -75 -874 898",
            "output": "898"
        },
        {
            "input": "201 -830 -226 840 -326 -14 130 483 546",
            "output": "840"
        },
        {
            "input": "-895 -469 -208 -775 -137 -121 -261 -574 339",
            "output": "339"
        },
        {
            "input": "528 -567 -499 -420 -425 811 -51 347 611 -303 369 -457 -300",
            "output": "811"
        },
        {
            "input": "-183 -838 -584 -263 860 -801 875 -281 527",
            "output": "875"
        },
        {
            "input": "468",
            "output": "468"
        },
        {
            "input": "221 -803 30 33 292 527 442 -636 454 562 905 -957 -458 653 998 -412",
            "output": "998"
        },
        {
            "input": "771 -742 -651 735 354 991 134 -297 -620 954",
            "output": "991"
        },
        {
            "input": "39 446 -70 -644 -135",
            "output": "446"
        },
        {
            "input": "60 -429 916 -867 -931 129 -491 655 -119 -376",
            "output": "916"
        },
        {
            "input": "-316 -832 -396 -713 -880 374 75 101 213 -847 -330",
            "output": "374"
        },
        {
            "input": "-804 -90 734 667 -297 477 577 533 -886 -137 -992 -909 359 -726 -817",
            "output": "734"
        },
        {
            "input": "859 -714 -933 -616 -636 -774 -59 102",
            "output": "859"
        },
        {
            "input": "-591 135",
            "output": "135"
        },
        {
            "input": "-391 264 809",
            "output": "809"
        },
        {
            "input": "-495 886 -762 891 93 767 285 -176",
            "output": "891"
        },
        {
            "input": "306",
            "output": "306"
        },
        {
            "input": "-96 524 -718 -870 248",
            "output": "524"
        },
        {
            "input": "507 434 504 -920 -863 455 649 603 622 -587 -604 157 513 -343 459 -654 277",
            "output": "649"
        },
        {
            "input": "465",
            "output": "465"
        },
        {
            "input": "-777 262 -969 361 97 -411 -255",
            "output": "361"
        },
        {
            "input": "-752 30 787 -74 155 -311 -114 -123 510 319 23 -864 -657",
            "output": "787"
        },
        {
            "input": "753 -351 869 -338 189",
            "output": "869"
        },
        {
            "input": "-645 470 -299 469 -471 -496 -71 -618 -894 -219 402 -601 675 -350 -392 -455 545 690 347 947",
            "output": "947"
        },
        {
            "input": "520 -934 191 -394 -836 -257 -711 346 -567 676 -577 -348 973 247 -162 612",
            "output": "973"
        },
        {
            "input": "226 -798 846 172 -147 931 329 -191 -575 481 -746 -354 -742 -845 363 613",
            "output": "931"
        },
        {
            "input": "149 -175 -437 -840 452 275 626 510 -461",
            "output": "626"
        },
        {
            "input": "-683 -384 -879 -210 124",
            "output": "124"
        },
        {
            "input": "-862 -143 651 91 -400 450 -890",
            "output": "651"
        },
        {
            "input": "-283 -548 297 -719 298 -98 -958 -393 268 -47 325 627 -307 -364 821 823",
            "output": "823"
        },
        {
            "input": "-434 0 163 -696 950 382 928 -563 413 61 150 -574 -573",
            "output": "950"
        },
        {
            "input": "176 434 -184 -448",
            "output": "434"
        },
        {
            "input": "908 -626 -958 -181 117 -446 719 -306 227 2 -218",
            "output": "908"
        },
        {
            "input": "-639 -694 -49 740 -98 -639 -269 138 -626 912 -815 799 -722 -61 624",
            "output": "912"
        },
        {
            "input": "-517 58 752 151 -844 649 -923 -158 -824 -945 395 -655 18 -88 -212 -648 -794 -219 -403 -735",
            "output": "752"
        },
        {
            "input": "301 778",
            "output": "778"
        },
        {
            "input": "-357 -514 -530 -835 681",
            "output": "681"
        },
        {
            "input": "-30 961 -838 -930 -998 -18 -712 785 -675 -937 -685",
            "output": "961"
        },
        {
            "input": "129 386 861 212 271 -224 358 690 47",
            "output": "861"
        },
        {
            "input": "536 896 994 106 -863 300 -259 -511 -567 303 -490 -259 -32 945 956 -642 -849",
            "output": "994"
        },
        {
            "input": "507 -896 925 608 356 -330 -221 294 -559 68 407 -488 620 255 -966 465 -921",
            "output": "925"
        },
        {
            "input": "259 146 239 658 -200 274 -857 -156 194 -958 62 -628 877 959 -748 -60",
            "output": "959"
        },
        {
            "input": "-650 276 630 893 327 -252 478 -382 -903",
            "output": "893"
        },
        {
            "input": "-254 609 720 -300 -543 12 123 -139 919 -463",
            "output": "919"
        },
        {
            "input": "201 -388 851 -939 -753 -163 564 -866 126 417 -406 -392 -22 400 -784",
            "output": "851"
        },
        {
            "input": "-607 -252 -329 69 -974",
            "output": "69"
        },
        {
            "input": "-221 667 842 167 -441 -525 -242 240 -901",
            "output": "842"
        },
        {
            "input": "479 -19 452 97 819 -361 -660 -967 818",
            "output": "819"
        },
        {
            "input": "401 -996 -69 -93 98",
            "output": "401"
        },
        {
            "input": "888 -420 -660 96 -209 -818 -106 -157 -53 574 236 -648 -600 13 -113 -329 668 211",
            "output": "888"
        },
        {
            "input": "-103 -518 755 -846 -956 -387 555 840 -464 47 -441 763 211 67 717 -241 -522 -64 -638",
            "output": "840"
        },
        {
            "input": "-834 -843 769 688 360 112 669 -728",
            "output": "769"
        },
        {
            "input": "246 725 -233 -378 829 920 744 -333 331 -957 791 996 499 84 580 -620 -222 -952 792 -846",
            "output": "996"
        },
        {
            "input": "720 -40 302 715 -533 -702 86",
            "output": "720"
        },
        {
            "input": "452 224 587 138 704 913 -927",
            "output": "913"
        },
        {
            "input": "-132 -144 -720 -797 -497 -826 -316 843 972 917 735 80 -123 311 -483 -572",
            "output": "972"
        },
        {
            "input": "0 -803 388 -941 -785 860 313 430",
            "output": "860"
        },
        {
            "input": "-807 839 52 -461 950 -105 -246 -141 32 -564 -878 -133 -624 60 199 329",
            "output": "950"
        },
        {
            "input": "14 -459 316 756 -357 -910 -330 -18 -233 124 -13",
            "output": "756"
        },
        {
            "input": "-108 220 427 -671 -998 -132 685 -305 922 83 -122",
            "output": "922"
        },
        {
            "input": "707 340 448 485",
            "output": "707"
        },
        {
            "input": "617 790 -20 -483 899 508 -30 63",
            "output": "899"
        },
        {
            "input": "422 319 335 -285 -144 771 330 652 189 383",
            "output": "771"
        },
        {
            "input": "754 -735 216 483 -919 -674 681 -404 -998 -609 523 104 -327 690 -867 -372",
            "output": "754"
        },
        {
            "input": "-440 -825 -422 678 219 -619 -462 290 -820 -2",
            "output": "678"
        },
        {
            "input": "608 -371 456 -769 -297 -471 582 -28 612 814 716 289 17 -478 -706 -594 -271 -250 -57 678",
            "output": "814"
        },
        {
            "input": "-670 -914 42 -228 431 299 -903 201 664 -689 -419 938 931 647 816 491 114 -164 479",
            "output": "938"
        },
        {
            "input": "940 -190 -803 -502",
            "output": "940"
        },
        {
            "input": "611 645 -45 464 836 839 896 716 988 -308 -859 427 687 -553 -675 -370 788 782 -940",
            "output": "988"
        },
        {
            "input": "-945 -323 530 -425 -37 74 -306 87 562 839 -7 69 -633 102 487 787",
            "output": "839"
        },
        {
            "input": "144 -270 -877 -852 786 -398 463 540 -945 -312 -386 -992",
            "output": "786"
        },
        {
            "input": "-171 296",
            "output": "296"
        },
        {
            "input": "65 389 124 281 -571 -128 -206 -414 -260 194 158 -875 955 325 956 689",
            "output": "956"
        },
        {
            "input": "-869 632 -462 -292 451 -311 -69 586",
            "output": "632"
        },
        {
            "input": "-94 -737 -733 125 -365 -644 -833 590 277 88",
            "output": "590"
        },
        {
            "input": "383 -866 -182 -377 -321 -435 -633 -392 -911 378 -464 -761 -967 571 -122 807",
            "output": "807"
        },
        {
            "input": "-703 348",
            "output": "348"
        },
        {
            "input": "184 422 735 -791 -889 675 -899 -778 -365 174 642 -258 243 -668 515",
            "output": "735"
        },
        {
            "input": "-844 -454 -662 -101 -423 438 -517 509 607 -937",
            "output": "607"
        },
        {
            "input": "889",
            "output": "889"
        },
        {
            "input": "-479 871 -135 172 -785 815 -823 51 -822 806 314 92 -301",
            "output": "871"
        },
        {
            "input": "227 -106 977 677 813 -12 -419 686 325 628 -977 447 824",
            "output": "977"
        },
        {
            "input": "-380 -701 -664 -900 24 346 -309 -18 -507 -214 914",
            "output": "914"
        },
        {
            "input": "288 -519 453 896 -161 92 1 135",
            "output": "896"
        },
        {
            "input": "52 157 -220 -217 -432 -233 -901 17 -177 18 -724 -443 -459 0 -161 487 -482 -431 630",
            "output": "630"
        },
        {
            "input": "329 -350 -97 449 -865 13 228 535 805 -939 133 272 77 747 432 -82 903 -249",
            "output": "903"
        },
        {
            "input": "-477 -427 472 -394 -719 -153 33",
            "output": "472"
        },
        {
            "input": "-369 -883 -439 -329 904 -196 510 -958 -382 -676 418 -977 156 -256 452",
            "output": "904"
        },
        {
            "input": "649 305 993 866 -388 227 -695 701 722 95 -914 -963 -971",
            "output": "993"
        },
        {
            "input": "-213 287 -922 659 443 803 -152 752",
            "output": "803"
        },
        {
            "input": "-452 -890 363 -100 547 79 851 70 -105 -11 197 -405 485 983 -313 -670 -852 767",
            "output": "983"
        },
        {
            "input": "454 75 481 -442 894 -586 -534 -960 299 -935 828 902 881 363 -690 297",
            "output": "902"
        },
        {
            "input": "821 -896 -777 593 355 183 810 -279 -939 16 412 -302 940 -469 973 -698 -349",
            "output": "973"
        },
        {
            "input": "127 723 906 59 -526",
            "output": "906"
        },
        {
            "input": "835",
            "output": "835"
        },
        {
            "input": "-371 -443 220 -350 573 -993 683 579 899 -935 288 621 23 980 -832 303 777 -279 440 -777",
            "output": "980"
        },
        {
            "input": "175 -200",
            "output": "175"
        },
        {
            "input": "-663 373 -181 -449 174 340",
            "output": "373"
        },
        {
            "input": "-987 -968 87 800 -733 168 996 -500 535 -747 595 32",
            "output": "996"
        },
        {
            "input": "337 225 -537 268 346 628 -435 54 -638 785 -179 -855 -125 -811 -705 -466 -736 -708",
            "output": "785"
        },
        {
            "input": "-899 -907 -451 -300 122 -773 -362 -793 26 285 -514 863 132 463 -209 253 82 937 -773",
            "output": "937"
        },
        {
            "input": "-175 -576 470 231 -27 782 -790 544 484",
            "output": "782"
        },
        {
            "input": "-782 355 -770 944 -44 306 -267 -200 -753 -763 -432 971 -87 313 -853 -785",
            "output": "971"
        },
        {
            "input": "216 -829 -828 -338 910 -968",
            "output": "910"
        },
        {
            "input": "944 -606 914 -268 -810 389 980 -734 -906 -310 -10 505 -993 977 -946 123",
            "output": "980"
        },
        {
            "input": "989 -234 -607 333 772 32 864 -379 -978",
            "output": "989"
        },
        {
            "input": "571 -506 -639",
            "output": "571"
        },
        {
            "input": "-826 -951 -930 -982 907",
            "output": "907"
        },
        {
            "input": "799 -998 -258 48 525 -548 -333 -22 901 -402 -504 433 316 563 -887 -737 739",
            "output": "901"
        },
        {
            "input": "403 -820 980 -203 15 172 -436 -192 -712 -551 732 -384 650 -295 -669",
            "output": "980"
        },
        {
            "input": "-853 -831 684 312 -629 -136 -971 655",
            "output": "684"
        },
        {
            "input": "180 841 -774 -499 734 28 709 -75 759 18 677 502 -981 557 258 182 316 331",
            "output": "841"
        },
        {
            "input": "443 683 -462 870 655 38 791 -922 -902 355 9 190 479 -84 321 459 409 283 -984",
            "output": "870"
        },
        {
            "input": "-592 286 436 -264 243 278 -484 938 489 798 743 -51 -327 439 -110 373",
            "output": "938"
        },
        {
            "input": "-658 -25 225 -679 494 -449 -938 232 650 -927 715 904 856 970 -744 153 -709 -436",
            "output": "970"
        },
        {
            "input": "-569 408 974 679",
            "output": "974"
        },
        {
            "input": "967 -555 -885 -36 -697 -75 -542 -954",
            "output": "967"
        },
        {
            "input": "-723 792 746 -451 387 817 -159",
            "output": "817"
        },
        {
            "input": "-855 -519 59 -436 937 183",
            "output": "937"
        },
        {
            "input": "676 -776 -816 -993",
            "output": "676"
        },
        {
            "input": "97 890 433 241 44 -325 -619 -239 -356 988 -16 679 -382 -696 39 -363 293 -9",
            "output": "988"
        },
        {
            "input": "167 -687 -785 618 136 -916 904 959",
            "output": "959"
        },
        {
            "input": "-59 119 423 597 -983",
            "output": "597"
        },
        {
            "input": "636",
            "output": "636"
        },
        {
            "input": "-707 -538 -316 946 -675 -988 380 -948 -570 812 -903",
            "output": "946"
        },
        {
            "input": "846 -103 253 352 96 53 -156 -285",
            "output": "846"
        },
        {
            "input": "975 -627 -936 -642 -772 -404 825 -833 -158 -757 221 11 456 529 -535",
            "output": "975"
        },
        {
            "input": "-109 976 -328 586 -117 -522 917 -918 -708 -102 823 327 -450 -650",
            "output": "976"
        },
        {
            "input": "196 -426 -570 520 514 195 199 -782 -311 -941 656 837 -500 588 -976 656 658 -147 210",
            "output": "837"
        },
        {
            "input": "-4 811",
            "output": "811"
        },
        {
            "input": "647 848",
            "output": "848"
        },
        {
            "input": "372 -155 100 -793 -195 -176 106 -620",
            "output": "372"
        },
        {
            "input": "-784 -583 -656 -283 532 -471 -739 -306 942 -979 -821 -295",
            "output": "942"
        },
        {
            "input": "-880 203 862",
            "output": "862"
        },
        {
            "input": "-860 35 -47 -204 -97 -544 -497 -600 -449 -7 -148 -773 762 168",
            "output": "762"
        },
        {
            "input": "95 824 919 122 -572 770 -227 349 955 -306 -21 225 649",
            "output": "955"
        },
        {
            "input": "-211 -325 937 645 714 -237 -487 57 -663 -765 856 -559 810 -256 -392",
            "output": "937"
        },
        {
            "input": "254 -455 394 974 -577",
            "output": "974"
        },
        {
            "input": "-866 594 811 -128 839 15 754 727 -631 484 394 650 -451 -967 50 -677 705 649 -645 -362",
            "output": "839"
        },
        {
            "input": "665",
            "output": "665"
        },
        {
            "input": "621 -420 288 911",
            "output": "911"
        },
        {
            "input": "407 -153 571 22 136 -893 -795 558 -883 -502 359 -177 -357 114",
            "output": "571"
        },
        {
            "input": "-345 -363 -254 -316",
            "output": "-254"
        },
        {
            "input": "171 -871 -717 -202 -766 870 676 -147 283 -220 -341 597 -607 27 -510 -815",
            "output": "870"
        },
        {
            "input": "928 93 -650 -295 -589 157 -189 -89 -87 -394 800 -102 -23 -979 -521",
            "output": "928"
        },
        {
            "input": "-541 274 -283 -266",
            "output": "274"
        },
        {
            "input": "800 -352 -946 -105 198 -99 -572 -511 -201 677 477 512 906 709 -448 589 -447 -902 653 767",
            "output": "906"
        },
        {
            "input": "-215 988 708 322 -359 776 511 -77 187 -237 -723 -728 270 222",
            "output": "988"
        },
        {
            "input": "-424 316 -639 442",
            "output": "442"
        },
        {
            "input": "618 736 757 -285 -358 -651 276 -413 -418 789 -998 -938 -576 -502 218",
            "output": "789"
        },
        {
            "input": "-879 703 523",
            "output": "703"
        },
        {
            "input": "-328 771 -44 -404 -954 745 -671 -858 835 778 -1 -162 -510 957 -592 973 945 -554 917 740",
            "output": "973"
        },
        {
            "input": "-125",
            "output": "-125"
        },
        {
            "input": "-169 -280 -180 456 -41 -981 420 -872 -77 -690 927 412 712 -684",
            "output": "927"
        },
        {
            "input": "-108 -188 792 223 255 195 523 -526 567 -942 896 141 -406 -228 897 781 -971 -513",
            "output": "897"
        },
        {
            "input": "241 57",
            "output": "241"
        },
        {
            "input": "-668 840 -201 22 -499 -215",
            "output": "840"
        },
        {
            "input": "209 233 636 -310 54 -90 787 -841 -230 -152 493 -671 232",
            "output": "787"
        },
        {
            "input": "-754 -208 732 -404 -527 -119 -651",
            "output": "732"
        },
        {
            "input": "-797 128 199 274",
            "output": "274"
        },
        {
            "input": "223 203 -756",
            "output": "223"
        },
        {
            "input": "-551 -299 -56 63 -33 906 925 -296 213 592 994",
            "output": "994"
        },
        {
            "input": "-612 -280 -322 478 -59",
            "output": "478"
        },
        {
            "input": "-657 -112 507 521",
            "output": "521"
        },
        {
            "input": "-182 65",
            "output": "65"
        },
        {
            "input": "-146 -540 956 765 868 196 953",
            "output": "956"
        },
        {
            "input": "154 -770 898 -189 555 790 508 -987 659 -497 923 -781 142 589",
            "output": "923"
        },
        {
            "input": "733 -728 -845 624 -646 -646 405 152 202 -518 998",
            "output": "998"
        },
        {
            "input": "-155 303 833 529 595 939 -780 844 45 559 -71 -620 495 613 706",
            "output": "939"
        },
        {
            "input": "-126 -600 4 380 -249 673 -444 -984 -858 -636 -525 637 788 -534 395 20 -531 789 -150",
            "output": "789"
        },
        {
            "input": "897 641 873 310 -735 476 555 118 341 -261 917 -147 -454 827 -670 -419 70",
            "output": "917"
        },
        {
            "input": "-405 345 -945",
            "output": "345"
        },
        {
            "input": "-341 207 729 655 -451 512 604 598 686 -671 887 767 312",
            "output": "887"
        },
        {
            "input": "9 -951 -772 -668 -686 740",
            "output": "740"
        },
        {
            "input": "-153 -505 894 -354 -124 502 -37 706 637 765 -932 860 -210 -84 939 -768 594 -97",
            "output": "939"
        },
        {
            "input": "-970 515 384 -441 356 -8 123 -626 514 414 -318 -330 -749 580 175 890 395 -570",
            "output": "890"
        },
        {
            "input": "641 -640 -982 -390 -618 84 772 -716 787 -968 933 201 -321 276 769 546 267 740 667",
            "output": "933"
        },
        {
            "input": "362 -516 724 195 543 262 223",
            "output": "724"
        },
        {
            "input": "345 -161 957 -735 -992 988 64 835 170 -518 290 -383 599 630 -698 -523 84 251 124 -43",
            "output": "988"
        },
        {
            "input": "772 -122 -987 760 -402 87 -713 641 -59 830",
            "output": "830"
        },
        {
            "input": "-96 -242 -22 284",
            "output": "284"
        },
        {
            "input": "283 -221 -903 -531 807 -163 -928 -72 -47 -593 482 -993 554 -331 403",
            "output": "807"
        },
        {
            "input": "-734 481 -856 166 871 466 440 222 -791 -465",
            "output": "871"
        },
        {
            "input": "-685 769 -761 -898 657",
            "output": "769"
        },
        {
            "input": "442 176 -861 -509 -146 684 712 325 -363 -416 -221 -95 -753 -646 -457 323 -784 997 493",
            "output": "997"
        },
        {
            "input": "-839",
            "output": "-839"
        },
        {
            "input": "953 -572 -813 152 2 -636 -491 291 897 -379 -805 379 515 -726 806 -837 -241 371 -710",
            "output": "953"
        },
        {
            "input": "-5 -699 -513 -330 -813 -312 -400",
            "output": "-5"
        },
        {
            "input": "134 357 976 47 -409 -146 312 -561 196",
            "output": "976"
        },
        {
            "input": "45 -145 364 306 -309 369 815 219 -149 -765 -461 -694 -416 80 862 -813 -961",
            "output": "862"
        },
        {
            "input": "-531 -782 182 -297 639 -120 783 998 324 -850 -842 890",
            "output": "998"
        },
        {
            "input": "-349 38 171 -875 294 -78 81",
            "output": "294"
        },
        {
            "input": "885 -85 177 -285 -647 -374 897 579 852 -439 670 686 -991 -792 -941 -37 562 -769",
            "output": "897"
        },
        {
            "input": "66 -707 10 56 866",
            "output": "866"
        },
        {
            "input": "762 277 -126 -462 -211 335 -427 -806 -90 -179 -279 30 -730",
            "output": "762"
        },
        {
            "input": "-547 860 -805 -411 137 338 335 -450",
            "output": "860"
        },
        {
            "input": "953 798 -865 -372 -753 -83 574 149 -301",
            "output": "953"
        },
        {
            "input": "-704 364 -807 225 957 583 537 -173 186 -456",
            "output": "957"
        },
        {
            "input": "-756 859 673 762 670 459 -587 918",
            "output": "918"
        },
        {
            "input": "-357 -460 350 -609 863 -447 -344 -342 -33 -35 -851 381 251 -539 733 582 102",
            "output": "863"
        },
        {
            "input": "-482 720 -728 -846 -492 -897",
            "output": "720"
        },
        {
            "input": "203 492 -79",
            "output": "492"
        },
        {
            "input": "-141",
            "output": "-141"
        },
        {
            "input": "371 -751 -36 -805 -599 363",
            "output": "371"
        },
        {
            "input": "398 -544 748 -966 -459 753 -795 458 51 113 -421",
            "output": "753"
        },
        {
            "input": "749 520 -542",
            "output": "749"
        },
        {
            "input": "863 -309 246 -225 214 -802 328 -370 -201 -212 -810 811 -755 -564",
            "output": "863"
        },
        {
            "input": "-148 637 -449 478 20 689 -728 -477 825",
            "output": "825"
        },
        {
            "input": "-704 -897 4",
            "output": "4"
        },
        {
            "input": "897 -839 632 289 -494 897 545 694",
            "output": "897"
        },
        {
            "input": "716 210 515 -593 -979 738 -524 553 -1000 562 706 726 -866 396 -184 932",
            "output": "932"
        },
        {
            "input": "14 -946 -296 991 -805 -506 594 195 672 -223 -638 -227 -745 749 949",
            "output": "991"
        },
        {
            "input": "410 66 -875 618 268 -779 25 -417 516",
            "output": "618"
        },
        {
            "input": "34 168 187 343 11",
            "output": "343"
        },
        {
            "input": "80 937 -850 -310 563",
            "output": "937"
        },
        {
            "input": "308 667",
            "output": "667"
        },
        {
            "input": "196",
            "output": "196"
        },
        {
            "input": "690 -929 -72 -911 -339 142",
            "output": "690"
        },
        {
            "input": "876 15 52 -509 755 756 167 823 416 -959 538 80",
            "output": "876"
        },
        {
            "input": "-768 -678 -114 148 444 -604 -630 311 -926 937 -800 626 -316 -869 325",
            "output": "937"
        },
        {
            "input": "-431 177 661 182",
            "output": "661"
        },
        {
            "input": "423 589 -890 425 232 952 -986 -381 -351 -698 -454 -142 -994 524 585",
            "output": "952"
        },
        {
            "input": "320 334 396 -80 286 -706 -365 -655 -281 -314 372 -106 -925 -319 -596",
            "output": "396"
        },
        {
            "input": "-670 885 -398",
            "output": "885"
        },
        {
            "input": "382",
            "output": "382"
        },
        {
            "input": "770 134 834 127 537 872 -145 523 648 -494 12 641 605 47 613 -980 968 853 -366",
            "output": "968"
        },
        {
            "input": "161 178 758 -692 379 -840 -915 746 -658 -5 930 -487 -288 950",
            "output": "950"
        },
        {
            "input": "-668 -967",
            "output": "-668"
        },
        {
            "input": "385 630 636 -568 599 196 -603 -643 -718 187 -365 -41 -906",
            "output": "636"
        },
        {
            "input": "-683",
            "output": "-683"
        },
        {
            "input": "-421 -814 728 -812 -603 -993 -220 -799 400 710 74 975 -202 -606",
            "output": "975"
        },
        {
            "input": "940 -500 -927 -806 -931 417 626 -871 -103 -714 -907",
            "output": "940"
        },
        {
            "input": "883 215 612 -585 739 530 -9 -81 -7 703 -131 358 -24 -672 586 -464 491 655",
            "output": "883"
        },
        {
            "input": "-657 426 -57 337 844 -212 -840 -113 -31 -907 -522 477",
            "output": "844"
        },
        {
            "input": "-975 -439 831 -143 -668 -130 316 894 -519 -114 -332",
            "output": "894"
        },
        {
            "input": "-777",
            "output": "-777"
        },
        {
            "input": "-478 116 655 105 751 -411 -345 250 95 -660 253 -545 391 121 99 -94 -554 -296 -767",
            "output": "751"
        },
        {
            "input": "87 -279 123 -106 -208 793 -667 -164 -862 452 -849 97 -706 757 -520 796 972 705 -649",
            "output": "972"
        },
        {
            "input": "-125 77 -260 675 -185 -324 -332 -352 952 242 726 -51 138 915",
            "output": "952"
        },
        {
            "input": "681 203 -300 683 -889 984 296 266",
            "output": "984"
        },
        {
            "input": "282 -347 -414 448 709 -44 -497 246 -859 -35 -626 -282",
            "output": "709"
        },
        {
            "input": "675 -699 346 -510 -109",
            "output": "675"
        },
        {
            "input": "-991 542 -481 -618 -859 -595 325 368 581 -119 98 -202 982 -666 904 416",
            "output": "982"
        },
        {
            "input": "-190 -620 -880",
            "output": "-190"
        },
        {
            "input": "248 190 835 -595 620 825 -635 298 -729",
            "output": "835"
        },
        {
            "input": "-336 -271 675 196 -794 -677 587 -197 142 949 -263 -593 -394 76 -581 235 -970",
            "output": "949"
        },
        {
            "input": "604",
            "output": "604"
        },
        {
            "input": "598 463 -175 -7 19 381",
            "output": "598"
        },
        {
            "input": "-119 758 -204 325 219 763 627 772 492 25 679 695 -5 -751 -689 946 -3 -790 970 -768",
            "output": "970"
        },
        {
            "input": "116 -879 126 -74 -662 785 169 462 -208 815 -761 -384 -295 -366 -643 -390 891 -141",
            "output": "891"
        },
        {
            "input": "-413 742 735 -181 214 -140 736 -842 908 -852",
            "output": "908"
        },
        {
            "input": "11 -535 -488 -257 -223 770 -467 723",
            "output": "770"
        },
        {
            "input": "-986",
            "output": "-986"
        },
        {
            "input": "549 -157 241 246 -350 -207 240 332 -709 -564 -704 -162 410 -122 -197",
            "output": "549"
        },
        {
            "input": "622 -852 -560 509 -232 817 9 549 462 -796 6",
            "output": "817"
        },
        {
            "input": "-378 875 743 -80 -9 979 420 689 712 -826 79 442 -997 604 150 848 942 -173 212 -114",
            "output": "979"
        },
        {
            "input": "-28 333 224 -657 861 -383 634 278 423 618 -47 -124 -972 948 488",
            "output": "948"
        },
        {
            "input": "-379 373 428 -948 442 898",
            "output": "898"
        },
        {
            "input": "-998 -509 394 357 472 658 902 613 -293 -62 419 -850 -19 -187 656 5 -322",
            "output": "902"
        },
        {
            "input": "-290 -761 -598 503",
            "output": "503"
        },
        {
            "input": "-279 -168 632 -838 -609 -614 -730 -512 385 -149 -702 720 96 985 489 -242 -469 -369",
            "output": "985"
        },
        {
            "input": "981 133 54 41 689 -905 -283 145 818 -217 88 -845 739 878 213 706",
            "output": "981"
        },
        {
            "input": "567 -692 -790 -259 606 616 408 -544",
            "output": "616"
        },
        {
            "input": "-239 263 444 -281 -700",
            "output": "444"
        },
        {
            "input": "423 -854 429 -495 323 371 -55 392",
            "output": "429"
        },
        {
            "input": "-561 -588 -345 782 329 -604 795 326",
            "output": "795"
        },
        {
            "input": "-146 -796 -863 -907 -305 -617 -355 404 240 -827 -679",
            "output": "404"
        },
        {
            "input": "882 -444 995 -549 733 -362 137 -841 -275 888 656 -45 319 -401 -154",
            "output": "995"
        },
        {
            "input": "69 846 -500 -685 -22 -725 -280 -622 846 607",
            "output": "846"
        },
        {
            "input": "-97 -809 574 800 -385 -727 -118 -698 -751 396 880 606 -436 -958 839 752",
            "output": "880"
        },
        {
            "input": "-500 -185 -479 250 -627 -885 -433 908 -157 63 -640 -192 495 -49 -275 -604 -548 -529 227",
            "output": "908"
        },
        {
            "input": "-895 851 -553 496 -429 600 989 388 -786 -729 688 92 994",
            "output": "994"
        },
        {
            "input": "815 -907 866 878 -632 981 -171 -840 201 1 267 -607 265 396",
            "output": "981"
        },
        {
            "input": "576 -769 499 -692 -46 378 -784 676 -726 24 254 523 333 -121 -729 -897 -594 299 -543",
            "output": "676"
        },
        {
            "input": "-959 -134 542 -389 489 590 942 247 215",
            "output": "942"
        },
        {
            "input": "-472 24",
            "output": "24"
        },
        {
            "input": "63 -798 296 -750 940 52 -749 -196 -809 -739 -304 330 693 -468 -727 293 676 -420",
            "output": "940"
        },
        {
            "input": "-567 -121 -868 -825 -255 162 504 293",
            "output": "504"
        },
        {
            "input": "293 -367 -478 -946 -191 263 -268 -426 462 -968 -968 -591 735 -89 -401 -198",
            "output": "735"
        },
        {
            "input": "-552 -3 639 -130 475 24 -442 -192 305 -337 131 108 190 332",
            "output": "639"
        },
        {
            "input": "-695 -69 -131 79 422 470 -649 -31 673 -638 156 -405 -631 -454",
            "output": "673"
        },
        {
            "input": "271 -209 117 31 -383 -937 930 -908 -339",
            "output": "930"
        },
        {
            "input": "569 -758 -759 320 718 776 -698 -896",
            "output": "776"
        },
        {
            "input": "-333 -913 -417 925 -681 -748 444 889 205 581 553 945 -992 610 -414 172 393 948 -975",
            "output": "948"
        },
        {
            "input": "886 37 -59 302 748 844 529",
            "output": "886"
        },
        {
            "input": "-120 -173 -14 -813 -760 -405 -353 618 -63 -352 -352 87 551 444 -538 -23 -984 765 853 466",
            "output": "853"
        },
        {
            "input": "-414 475 -753 31 -490 997 -167 812 -564 -641 320 -411 998 681 -590 443 -199 -773 -406",
            "output": "998"
        },
        {
            "input": "942 482 -504 975 995 364 170 -511 -609",
            "output": "995"
        },
        {
            "input": "-277 -259 -618 724 -998 -494 566 889",
            "output": "889"
        },
        {
            "input": "559 -417 167 -994 911 -185 -32",
            "output": "911"
        },
        {
            "input": "-20 -982 -200 -117 -152 -332",
            "output": "-20"
        },
        {
            "input": "-325",
            "output": "-325"
        },
        {
            "input": "604 891 -661 -39 -714 -482 361 48",
            "output": "891"
        },
        {
            "input": "-928 84 -591 -11 396 -327 -288 567 263 -173 738 213 -869",
            "output": "738"
        },
        {
            "input": "-825 -32 -43 -712 -898 679 -613 347 -466 234 801 -846 965 979 -577 -584 -257 -194 -414",
            "output": "979"
        },
        {
            "input": "326 175 699 -771 477 374 -642 -395",
            "output": "699"
        },
        {
            "input": "236 -256 -631 49 201 355 467 534 -163",
            "output": "534"
        },
        {
            "input": "642 -655 925 170 586 79 -767 -868 -555 -404 -358 582 877 -631",
            "output": "925"
        },
        {
            "input": "-151 690 931 119 -674 -590 471 914 605 -230 374 -398 -853 -282 939 555 831 590 -622 -313",
            "output": "939"
        },
        {
            "input": "555 510 382 165 -877 -863 -852 221 176",
            "output": "555"
        },
        {
            "input": "203 560 -757 -569 -491 491 653 558 573 -847 -454 -710 22",
            "output": "653"
        },
        {
            "input": "887 761 -32 559 559 -561 7 998 720 488 911 -668 -708 -966 -462 -583",
            "output": "998"
        },
        {
            "input": "-999 -679 -778 54 967 -728 228 -128 648 -313 -905 -247 -179 706 45 835 -593 -784 -886 882",
            "output": "967"
        },
        {
            "input": "-986 -793 -231",
            "output": "-231"
        },
        {
            "input": "466 -325 -846 666 -901 -397 -201 113 -925 -941 656 449 -303 -963 -615 858 -36",
            "output": "858"
        },
        {
            "input": "-531 -854 -979 778",
            "output": "778"
        },
        {
            "input": "-616 685 791 -518 503 666 346 -310 -538 -742 722 -590 311 562 321 -950 -804 -237 182 722",
            "output": "791"
        },
        {
            "input": "-257 164 607 -45 -903 466 749 -214 17 705 100 553 660 546 -288",
            "output": "749"
        },
        {
            "input": "-789 912 -850 -244 -293 614 -677 -64 -931 613 -253 601 852 -867 747 -328 840 39 825 -452",
            "output": "912"
        },
        {
            "input": "480 262 -558 54 -23 -112 253 -298 -39 765 907 -975 -197 -907 -884",
            "output": "907"
        },
        {
            "input": "966",
            "output": "966"
        },
        {
            "input": "-537 -633 -750 -807 -981 384 137 166 -318 141 939 754 -630 -402 -903",
            "output": "939"
        },
        {
            "input": "926 298 847 -92 -756 -750 -951 728 499 -785 39 -116",
            "output": "926"
        },
        {
            "input": "-574 -682 -226 466 -549 664 908 790 827 430 313 -557 515 -707 -952 414 -434 142",
            "output": "908"
        },
        {
            "input": "-462 -422 -440",
            "output": "-422"
        },
        {
            "input": "6 -118 837 -713 -870 -524 274 -252 -329 -183 -197 421 584",
            "output": "837"
        },
        {
            "input": "398 674 476 923 512 -648 394 307 259 728 995 155 -18",
            "output": "995"
        },
        {
            "input": "-864 855 595 -535 78 480 127",
            "output": "855"
        },
        {
            "input": "-638 696 -321 -954 -285 507 745",
            "output": "745"
        },
        {
            "input": "587 -403 -526 730 -549 726 738",
            "output": "738"
        },
        {
            "input": "-935 -371 -143 785 861 -171 266 -523 -984 -734 85",
            "output": "861"
        },
        {
            "input": "-42 718 820 179 646 912 37 893 -371 753 -808 -485 340",
            "output": "912"
        },
        {
            "input": "342 119 -467 -142 793 290 476 383",
            "output": "793"
        },
        {
            "input": "867 422 946 -53 -838 427 641 555 681 582 -609 -202 -932",
            "output": "946"
        },
        {
            "input": "458 729 591 926 171",
            "output": "926"
        },
        {
            "input": "-13 -842 -224 -623 808 697 -415 798 -760 318 -508 -341 -947 -271 997 45 414 -755 87",
            "output": "997"
        },
        {
            "input": "-388 -311 684 -696 -475 111 -860 616 371 599 614 -457 512 699 690 102 -912",
            "output": "699"
        },
        {
            "input": "-384 -214 232 677 -505 947 -766 8 672 876 926",
            "output": "947"
        },
        {
            "input": "470 37 201 260 9 809 -917 -453 594 -132 -624 259 251 -367 -147 -67 -895 -56 108",
            "output": "809"
        },
        {
            "input": "311 -376 -699 -252 870 -871 -206 731 -331 -83",
            "output": "870"
        },
        {
            "input": "-377 -741 145 -538 534 -425 -561 -601 -160 968 -25 -993 259 773 -778 -799 984 -28",
            "output": "984"
        },
        {
            "input": "-634 550 939 562 497 266 689 187 -298 -495 907 -110 -207 -132 -893 585 -941 -472 830",
            "output": "939"
        },
        {
            "input": "778 -140 -498 -306 190 -523 952 842 182 90 -420 -835",
            "output": "952"
        },
        {
            "input": "301 866 709 880 -332 779 -165 35 -359 942 -61 -532 79 -785 492 -665 -834",
            "output": "942"
        },
        {
            "input": "827 363 834 -529 758",
            "output": "834"
        },
        {
            "input": "-532 -171 -850 322 380 45 314 -847 34 673 605 401 372 -435 -563",
            "output": "673"
        },
        {
            "input": "956 -271 913 -933 -864 -39 87 73 780 -69 -535 422 -463 885 606 -347 829 353 -669",
            "output": "956"
        },
        {
            "input": "-582 554 -233 -441 76 -281 -528 418 368",
            "output": "554"
        },
        {
            "input": "502 673 -250 -817 785 -849 236 -617 911 -9 -131",
            "output": "911"
        },
        {
            "input": "17 434 899 -420",
            "output": "899"
        },
        {
            "input": "305 -559 -57 183 495 -728 487 575 640 -190 893 -845 502 -823",
            "output": "893"
        },
        {
            "input": "-106 -647 957 751 90 -286 980 5 621",
            "output": "980"
        },
        {
            "input": "-621 -858 -119 -694 706 -616 -964 -116 -366 815 -666 604",
            "output": "815"
        },
        {
            "input": "564 -984 705 325 401 -124 211 468 913 706 200 896 37 -447 -539 477 177",
            "output": "913"
        },
        {
            "input": "-163 590 29 -637 332 986 -617 173 191 -851 -388 -703 598",
            "output": "986"
        },
        {
            "input": "-709 -782 117 501 -80 134",
            "output": "501"
        },
        {
            "input": "-757 613 -996 297 357 866 -287 567 -552 537 -603 441 745 991 -903 457 386",
            "output": "991"
        },
        {
            "input": "-16 494 -132 -439 -324 720 -322 288 -917 885 251 385 97 -154 171 951 849 44 -586 64",
            "output": "951"
        },
        {
            "input": "114 -360 -653 -196 -8 40 -382 -625 -741 994",
            "output": "994"
        },
        {
            "input": "-202 683 -220 -801 374 -813 -803 -610 -50 -470 636 837 -441 632 -833 690 -43 1000 -376",
            "output": "1000"
        },
        {
            "input": "636 -441 711 -770 990 209 425 -962 202 -129 522 336 27 -356",
            "output": "990"
        },
        {
            "input": "24 378 104 697 434 -338 -23 813",
            "output": "813"
        },
        {
            "input": "-811 -142 -126 57",
            "output": "57"
        },
        {
            "input": "668 594 -969 419 141 -271 -163 -512",
            "output": "668"
        },
        {
            "input": "232 -394",
            "output": "232"
        },
        {
            "input": "882 -614 -97",
            "output": "882"
        },
        {
            "input": "-624 304 -988 -129 918 -335 -594 129 367 -93",
            "output": "918"
        },
        {
            "input": "879 -410 476 654 -636 -120 704 -180 -921 -592",
            "output": "879"
        },
        {
            "input": "242 336 399",
            "output": "399"
        },
        {
            "input": "178 -928 -204 -348 97 -330",
            "output": "178"
        },
        {
            "input": "915 -769",
            "output": "915"
        },
        {
            "input": "502 739 834 308 -124 -97 217 -483 -840 460 849 -974 615 856 -986 -335 88 -761",
            "output": "856"
        },
        {
            "input": "494 154 430 -243 593 947 590 -184 222 -723 525 -47 -66",
            "output": "947"
        },
        {
            "input": "125 -130 -931 -823 644 714 -502 -769 565 377 -320 227 349 965 627 477",
            "output": "965"
        },
        {
            "input": "799 -560 -752 1 -741 -30 -224 271 -870 865 -661 466 435 -770 -434 975",
            "output": "975"
        },
        {
            "input": "-107 146 498 -533 613 613 896 -871 -904 -381 -270 467",
            "output": "896"
        },
        {
            "input": "-437 -216 -519 -271 -230 -454 -719 -396 -120 392 -856 588 -90",
            "output": "588"
        },
        {
            "input": "-328",
            "output": "-328"
        },
        {
            "input": "292 -900 -146 348 -825 506 -582 68 46 -832 29 554 596 -514 899 -439 105 499 -963 -314",
            "output": "899"
        },
        {
            "input": "618 -975 -559",
            "output": "618"
        },
        {
            "input": "315 -438 -628 944 -736 425 -421 -709 -532 -73 312 858 -83 204 531 -817 -327 -107 -558 103",
            "output": "944"
        },
        {
            "input": "935 -942 -801 -503 -53 -737 877 796 -343 -490 623 -705 63 -990 -46 930 443 2 -686",
            "output": "935"
        },
        {
            "input": "-151 153 830 -771 -17 -807 -323 21 335 -434 951",
            "output": "951"
        },
        {
            "input": "613 -268 824 733 -971 474 895 -661 471 -967 357 115 829",
            "output": "895"
        },
        {
            "input": "-705 915 466 676 406 -382 358 -244 571 -238",
            "output": "915"
        },
        {
            "input": "-144",
            "output": "-144"
        },
        {
            "input": "-426 992 -455 -86 -257 606 305 245 187 -99",
            "output": "992"
        },
        {
            "input": "-48 -759 -410 179 984 90",
            "output": "984"
        },
        {
            "input": "-393 -241 -172 -374 -633 660 161 -960 386 390 913 100 -337 -955",
            "output": "913"
        },
        {
            "input": "-490 457 -724 64 -434 -525 -537 231 -474 -291 795",
            "output": "795"
        },
        {
            "input": "888 196 -573 908 656 -658 651 769",
            "output": "908"
        },
        {
            "input": "6 -125 111 492 747",
            "output": "747"
        },
        {
            "input": "79 -680 720 -230 862 -179 703 726 -55 618 -1000 385 1000",
            "output": "1000"
        },
        {
            "input": "-977 108 -832 -652 620 -236 879 816 38 -102 469 -731 368 -770 -212 -7 335 971",
            "output": "971"
        },
        {
            "input": "346 577 72 -253 -947 -301 -610 406 399 -870 799 -410 384 -433 -64 267 900",
            "output": "900"
        },
        {
            "input": "-674 -818 63 -709 -564 923 321 473 401 -667 -428 -362 -185 -991",
            "output": "923"
        },
        {
            "input": "-348 -702 -914 968 406 702 242 49",
            "output": "968"
        },
        {
            "input": "-833 577 -181 307 -583 -830 -229",
            "output": "577"
        },
        {
            "input": "393 -219 919 317 -910 -256 -341 777 -93",
            "output": "919"
        },
        {
            "input": "755 -313",
            "output": "755"
        },
        {
            "input": "-307 718 -108 -26 490 385 -30 214 -994 -758 -486 322",
            "output": "718"
        },
        {
            "input": "-961 -571 -235 -743 663 -544 -720 32 956 -173 -941 848 799 828 211 677 -762",
            "output": "956"
        },
        {
            "input": "-737 -774 900 -564 -960 296 -756 -449 -883",
            "output": "900"
        },
        {
            "input": "-328 459 615 -84 -183 -491 -140 16 -319 869 60 397 -936 -441 -171 -420",
            "output": "869"
        },
        {
            "input": "705 322 22 532 -652",
            "output": "705"
        },
        {
            "input": "90 -449 -681 -647 740 416 193",
            "output": "740"
        },
        {
            "input": "356 248 -563 404 39 -51 412 -827 140 -399 -254",
            "output": "412"
        },
        {
            "input": "185 225 -579 -870 468 894 -853 -948 -202 -44 -29 -322 107 -911 786 -366 -879 -635 622",
            "output": "894"
        },
        {
            "input": "-131 598 961 -957 -892 882 -426 -416 -835 513 -358",
            "output": "961"
        },
        {
            "input": "-749 -949 972 485 -268 697 -60 532 -985 794",
            "output": "972"
        },
        {
            "input": "-944 -571 493 615 118 -289 -819 8 -98 -130 -654 -334 -93 500 -388 580 558 125 -859",
            "output": "615"
        },
        {
            "input": "406 -728 989 662 -172 -855 -608 -326 622 -75 -647 63",
            "output": "989"
        },
        {
            "input": "216 -984 -158 -770 995 -85 202 -239 -711 855 704",
            "output": "995"
        },
        {
            "input": "120 -67 -794 745 -231 -1 873 503 441 957 -509 27 127 -958 813 -620 754 -865",
            "output": "957"
        },
        {
            "input": "139",
            "output": "139"
        },
        {
            "input": "-254 132 -899",
            "output": "132"
        },
        {
            "input": "734 -534",
            "output": "734"
        },
        {
            "input": "-705 -58 -621 340 646 -338 368 -815 212 -236 416 -979 931 423 795 -403",
            "output": "931"
        },
        {
            "input": "686",
            "output": "686"
        },
        {
            "input": "-835 -481 -625 -863 26 -759 -671 -489 744 -910 -73 -575 -593 -942 277 201 -917",
            "output": "744"
        },
        {
            "input": "-471 159 -9 713 -859 876 256 150",
            "output": "876"
        },
        {
            "input": "958 469 637 -504 -993 541 885 470 -958 966 -14 829 -981 551 -207 527 -666 -913",
            "output": "966"
        },
        {
            "input": "-441 -599 -2 -231 -392",
            "output": "-2"
        },
        {
            "input": "-742 -267 842 -309 301 -325 -139 78 940 369 945",
            "output": "945"
        },
        {
            "input": "-386 -356 -760 -968 502 181 -190 380 -258 -538 291 19 -577 315 573 322 971 -13",
            "output": "971"
        },
        {
            "input": "245 -477 -143 113 562 -607 574 -623 -996 117 -484 -834 58 545 -85 790 540",
            "output": "790"
        },
        {
            "input": "656 998 -464 -310 -199 -212 -91 305 -176 -824 -368 305 691 -23 825 272 572",
            "output": "998"
        }
    ]
}