{
    "id": "house_robber",
    "title": "House Robber",
    "description": "You are a professional robber planning to rob houses along a street. Each house has a certain amount of money stashed. The only constraint stopping you from robbing each of them is that adjacent houses have security systems connected and it will automatically contact the police if two adjacent houses were broken into on the same night. Given a list of non-negative integers representing the amount of money of each house, return the maximum amount of money you can rob tonight without alerting the police.",
    "input_format": "Space-separated integers representing the amount of money in each house.",
    "output_format": "The maximum amount of money you can rob.",
    "constraints": {
        "Array size": "1 <= N <= 100",
        "Money": "0 <= amount <= 400"
    },
    "judge_mode": "FIRST_FAIL",
    "time_limit": 1,
    "sample_test_cases": [
        {
            "input": "1 2 3 1",
            "output": "4"
        },
        {
            "input": "2 7 9 3 1",
            "output": "12"
        }
    ],
    "hidden_test_cases": [
        {
            "input": "39 35 99 34 27 50 85 60 46 91 76 4 8",
            "output": "380"
        },
        {
            "input": "32 52 54 98 62 49 10 23 98 92 86 81 72 37 35 30 49 77",
            "output": "567"
        },
        {
            "input": "12 45 29 82 12 55 46 69 92 28 52 17 47 26",
            "output": "373"
        },
        {
            "input": "37 56 69 16 3 41 69 53 1 46 71 79",
            "output": "325"
        },
        {
            "input": "17 67 81 75 71 51 50 43 39 25 43 81",
            "output": "342"
        },
        {
            "input": "12 38 39 80 62 82 62 70 6 4 58 34",
            "output": "328"
        },
        {
            "input": "8 31 26 90 68 47 25 7 24 48 56 93 17 88 42 41 55",
            "output": "459"
        },
        {
            "input": "54 10 65 33 79 87 11 99 37 41 59 80 2 98 93 75 56",
            "output": "599"
        },
        {
            "input": "0 37 15 84 18 48 47 87 5 51 7 57 93 75 54 21 20 6 0",
            "output": "474"
        },
        {
            "input": "47 97 81 27 0 25 31 59 74 0 87 90 56 73 85 61 19",
            "output": "480"
        },
        {
            "input": "85 28 79 94 17 58 40 17 91 87 7 18 22 53 83 47 50",
            "output": "496"
        },
        {
            "input": "60 43 56 27 7 32 23 69 1",
            "output": "217"
        },
        {
            "input": "55 34 65 15 45 91 13 59",
            "output": "270"
        },
        {
            "input": "73 86 11 9 21 16 32 93 1 63 13 49 7 69 23 35 8 43",
            "output": "463"
        },
        {
            "input": "54 35 42 46 60 84 3 22 19 32 96 87",
            "output": "325"
        },
        {
            "input": "21",
            "output": "21"
        },
        {
            "input": "17 100 5 37 7 64 76 18 10 79 53 48 4 37 19 13 2 48",
            "output": "444"
        },
        {
            "input": "29 97 10 35 10 7 95 84 84 42",
            "output": "311"
        },
        {
            "input": "28",
            "output": "28"
        },
        {
            "input": "17 80 22 58 17 22 58 7 95 64 13 26 22 60 50 53 23 36",
            "output": "466"
        },
        {
            "input": "40 38 84 99 4 9 38 71",
            "output": "219"
        },
        {
            "input": "42 99 10 16 83 30 98 61 100 13 57",
            "output": "437"
        },
        {
            "input": "66 3 32 90",
            "output": "156"
        },
        {
            "input": "5 72 26 34 7 14 63 1 5 75 67 44 54 90 88",
            "output": "386"
        },
        {
            "input": "86 57 21 37",
            "output": "123"
        },
        {
            "input": "73 89 78 26 36 86 53 48 57 18 61 50 15 75",
            "output": "433"
        },
        {
            "input": "60 52 57 97",
            "output": "157"
        },
        {
            "input": "28 36 19 87 33 100 35 18 21 95 89",
            "output": "336"
        },
        {
            "input": "42 62 76 76 92 43 64",
            "output": "274"
        },
        {
            "input": "54 14 13 46 44 20 42 37 33 78 82 81 26 29 2 0",
            "output": "345"
        },
        {
            "input": "71 23",
            "output": "71"
        },
        {
            "input": "33 28 84",
            "output": "117"
        },
        {
            "input": "36 66 53 82 19 73 30 73 10 25 81 31 51 69",
            "output": "444"
        },
        {
            "input": "6 0 16 36 68 53",
            "output": "95"
        },
        {
            "input": "11 90 60 41 32 82 55 83 21",
            "output": "296"
        },
        {
            "input": "69 34 28 64 83 57 88 6 99 43 37 3",
            "output": "404"
        },
        {
            "input": "36 35 54 44 32",
            "output": "122"
        },
        {
            "input": "70 57",
            "output": "70"
        },
        {
            "input": "49 42 6",
            "output": "55"
        },
        {
            "input": "35 80 72 12 82 49 23 45",
            "output": "234"
        },
        {
            "input": "78 84 45 60 20 32 41 40 0 88 34 95 24",
            "output": "399"
        },
        {
            "input": "83 76 46 60 79 56 43 71 71 59 21 10 93 13 52 25 96",
            "output": "584"
        },
        {
            "input": "29 65 19 58 55 48 80 58 82 8 18 91",
            "output": "376"
        },
        {
            "input": "88 12 21 2 48 51",
            "output": "160"
        },
        {
            "input": "37 61",
            "output": "61"
        },
        {
            "input": "52 0 20 12 100 64",
            "output": "172"
        },
        {
            "input": "4 4 50",
            "output": "54"
        },
        {
            "input": "55 91 58 82 19 12 89 30 90 53 0 59 71 42 42 94",
            "output": "547"
        },
        {
            "input": "10 18 1 97 33 97 71 70 88 16 98 34 79 55 55 46 35 30",
            "output": "567"
        },
        {
            "input": "54 31 95 33 76 89 12 96 84 92 64 46 72 70 58",
            "output": "556"
        },
        {
            "input": "4 3 84 55 1 2 12 1",
            "output": "101"
        },
        {
            "input": "89 14 50 5 4 45 36 39 95 71 36 32 26 54 21 66 91 76",
            "output": "522"
        },
        {
            "input": "96 7 38 22 42 81 81 36 72 18 48 44 12 77",
            "output": "454"
        },
        {
            "input": "8 71 3 85 59 75 13 100 100",
            "output": "331"
        },
        {
            "input": "65 68 46 100 38 16 93 81 13 43 70 15 88 68 18",
            "output": "450"
        },
        {
            "input": "72 44 42",
            "output": "114"
        },
        {
            "input": "94 5 74 99 99 73 63 70 33",
            "output": "363"
        },
        {
            "input": "84 88 82 86 47 59 30 88 24 21 19 24 40 4 25 78 36 4",
            "output": "464"
        },
        {
            "input": "39 8 72 37 72 83 38 14 55 66 83 3 44 43 18 31",
            "output": "434"
        },
        {
            "input": "74 52 29 16 67 93 25 54 17 49 46 44 50 55",
            "output": "398"
        },
        {
            "input": "46 8 15 14 36",
            "output": "97"
        },
        {
            "input": "67 55 38",
            "output": "105"
        },
        {
            "input": "18 94 47 19",
            "output": "113"
        },
        {
            "input": "75 43 45",
            "output": "120"
        },
        {
            "input": "12 33 32 92 9 48 18 70 42",
            "output": "243"
        },
        {
            "input": "78 87 92 33 84",
            "output": "254"
        },
        {
            "input": "27 84 81 63 95 24 19 40",
            "output": "243"
        },
        {
            "input": "17 81 93 89 83 43 9 0 94 42 13 54 51",
            "output": "371"
        },
        {
            "input": "100 14 18 6 46 61 93 69 75 31 39 21",
            "output": "371"
        },
        {
            "input": "94 28 27 32 36 21 91 40 34 96 27 80 71",
            "output": "424"
        },
        {
            "input": "99 48",
            "output": "99"
        },
        {
            "input": "93 53 36 74",
            "output": "167"
        },
        {
            "input": "67 96 10 24 47 17 69 11",
            "output": "212"
        },
        {
            "input": "63",
            "output": "63"
        },
        {
            "input": "52 88 99 31 38 41 74 70 79 23 76 18 38 14 28 30 19",
            "output": "503"
        },
        {
            "input": "49 32 85 10 45 23 32 28 12 60 29 51 29 76 45 84 67 100",
            "output": "582"
        },
        {
            "input": "61 65",
            "output": "65"
        },
        {
            "input": "15 76 4 6 23 75 89 0 50 71 72 36 88 21",
            "output": "398"
        },
        {
            "input": "39 84 54 26 11 4 24 3 33 58 87 35",
            "output": "254"
        },
        {
            "input": "2 45 77 19 36 55 63 7 69 39 91 9 20 31 45 52 79 2 70 33",
            "output": "552"
        },
        {
            "input": "74 18 95 82 33 82 8 19 0 10 89 33 94 75 77 35 80",
            "output": "610"
        },
        {
            "input": "19 18 47 16 62 46 73 12 32 1 82 31 58 83",
            "output": "398"
        },
        {
            "input": "53 36 9 98 100 70 78 59 38 70 75 65 36",
            "output": "415"
        },
        {
            "input": "95 73 71 25 28 90 37 14 23 52 90 71 89 49 95 42 34",
            "output": "587"
        },
        {
            "input": "87 50 63 35 28 28 81 38 81 20 87 8 42 47 51",
            "output": "520"
        },
        {
            "input": "24 63 70 81 76 85 0 34 20 18 67 89 73",
            "output": "403"
        },
        {
            "input": "8 5 98 49 17",
            "output": "123"
        },
        {
            "input": "46 81 49 69 19 19 1 7 82 32 97",
            "output": "348"
        },
        {
            "input": "33 57 57 91 44 23",
            "output": "171"
        },
        {
            "input": "37 54 72",
            "output": "109"
        },
        {
            "input": "31 27 69 93 24 48 72 50 52 34 90 70 72 11 70 92 14 24 27 23",
            "output": "549"
        },
        {
            "input": "10 37 15 55 41 55 88 56 30 27 49 22 83",
            "output": "342"
        },
        {
            "input": "85 42 39 100 95 80 38 95 1 63 72 100 36",
            "output": "523"
        },
        {
            "input": "64 50 16 41 41 91",
            "output": "196"
        },
        {
            "input": "60 73 43 98 37 37 21 53 96 0 2 30",
            "output": "334"
        },
        {
            "input": "9 68 25 69 56 58 92 76 39 69 89 21 95 23 85",
            "output": "540"
        },
        {
            "input": "28 72 63 84 1 49 41 8 6",
            "output": "213"
        },
        {
            "input": "68 56 9 79 78 8 30",
            "output": "185"
        },
        {
            "input": "72 60 14 41 100 10 24 73 39 69 4 92 68 2",
            "output": "422"
        },
        {
            "input": "55 50 83 34",
            "output": "138"
        },
        {
            "input": "12",
            "output": "12"
        },
        {
            "input": "8 27 13 19 19 46 83 49 56 94 59",
            "output": "244"
        },
        {
            "input": "66 25 92 57 29 24 50",
            "output": "237"
        },
        {
            "input": "40 60 42 3 55 48 71 78 9 43 40 29",
            "output": "287"
        },
        {
            "input": "92 60 58 3 15 10 59",
            "output": "224"
        },
        {
            "input": "40 45 40 51 83 81 14 80 32 32 99",
            "output": "356"
        },
        {
            "input": "84 50 62 8 63 70 46 20 37",
            "output": "292"
        },
        {
            "input": "41 62",
            "output": "62"
        },
        {
            "input": "1 17 33 88",
            "output": "105"
        },
        {
            "input": "91 25 56 58",
            "output": "149"
        },
        {
            "input": "27 30 78 36 28 32 66 83",
            "output": "220"
        },
        {
            "input": "7 69 17 53 47 83 90 11 48 94 77 58 31 65",
            "output": "433"
        },
        {
            "input": "41 44 95 21 20 78 68 24 70 14 31 19 81",
            "output": "406"
        },
        {
            "input": "39 89 36 45 53 85 25 68 44 40 56 46",
            "output": "373"
        },
        {
            "input": "9 21 27 79 27 6 92 4 90 57 95 24 97 69",
            "output": "474"
        },
        {
            "input": "78",
            "output": "78"
        },
        {
            "input": "1 95 54 89 56 77 20",
            "output": "261"
        },
        {
            "input": "43 86 88 16 17 88 90 73 23 55 40 61 44 27 46 51",
            "output": "486"
        },
        {
            "input": "6 99 60 9 36 28 29",
            "output": "164"
        },
        {
            "input": "53 8 73 85 99 45 4 66 26 60 61 46 77 47",
            "output": "444"
        },
        {
            "input": "92 28 33 5 34 96 87",
            "output": "246"
        },
        {
            "input": "87 65 74 6 11 16 71 60 76",
            "output": "319"
        },
        {
            "input": "50 63 44 94",
            "output": "157"
        },
        {
            "input": "47 74 47 27 3 22 91 27",
            "output": "192"
        },
        {
            "input": "81 67 19 89 92 81 62 95 0 16 68 23 47 87 65 32 51 37 22",
            "output": "599"
        },
        {
            "input": "16 42 61 43 79 7 89 62 88 59 43 62 7",
            "output": "395"
        },
        {
            "input": "81 39 29 8 83 27 70 43 82 29 39 1 96 13 67 66 2",
            "output": "549"
        },
        {
            "input": "39 48 8 90 34 84 40 11 97 48 17 96 69 57 5 7 29 15 65",
            "output": "566"
        },
        {
            "input": "23 68 5",
            "output": "68"
        },
        {
            "input": "95 24 3 93 40 10",
            "output": "198"
        },
        {
            "input": "85 46 58 65 56 58 37 58",
            "output": "266"
        },
        {
            "input": "14 99 31 28 15 95 11 42 99 75 77 56 77 78",
            "output": "476"
        },
        {
            "input": "20 12 27 7 32",
            "output": "79"
        },
        {
            "input": "19 83 4 77 21",
            "output": "160"
        },
        {
            "input": "11 71 58 97 56 23 66 96 62 0 72 68 3 64 47 24 54 91",
            "output": "547"
        },
        {
            "input": "34 45 57 92 23 40 76 59 47 61 95 71 89 14 12 74 58",
            "output": "518"
        },
        {
            "input": "29 88 86 80 20 35 55 1 70 3 31 87 61 15 57 84",
            "output": "479"
        },
        {
            "input": "29 11 1 13 53 68 75 38 29 74 37",
            "output": "232"
        },
        {
            "input": "24 33 85 41",
            "output": "109"
        },
        {
            "input": "18 57 45 19 55 64 66 90 36 48 43 55 18 56 26 75 30 68 91",
            "output": "555"
        },
        {
            "input": "17 97 60 37 29 56 30 75 34 53 59 58 8 48 97 3 99",
            "output": "572"
        },
        {
            "input": "53 5 27 59",
            "output": "112"
        },
        {
            "input": "51 98 89 88 89 9 49 47 100 96 49 99 16 42 46 58 23 49 51",
            "output": "628"
        },
        {
            "input": "3 91 88 38 85 90 32 25 13 10 13 72 98 79 81 5",
            "output": "436"
        },
        {
            "input": "100 63",
            "output": "100"
        },
        {
            "input": "37 29 41 71 73 38 62 62 56 72",
            "output": "285"
        },
        {
            "input": "13 36 38 3 12 24 45 23",
            "output": "108"
        },
        {
            "input": "72 81 75 38 6 5 8 0 0",
            "output": "161"
        },
        {
            "input": "61 51 5 6 27 100 9 34 17 62 65 26 51 38 46 41",
            "output": "368"
        },
        {
            "input": "80 4 74 76 11 43 64 90 45 25 7 81 97 60 84 37 9 92",
            "output": "587"
        },
        {
            "input": "72 53 96",
            "output": "168"
        },
        {
            "input": "29 7 84 20 65 63 41 50 64",
            "output": "283"
        },
        {
            "input": "35 35 20 30 31 85 8 72 29",
            "output": "222"
        },
        {
            "input": "100 25 36 42 93 72 0 12 54 51 94",
            "output": "377"
        },
        {
            "input": "62 41 13 61 73 34 94 75 51 13 12 22",
            "output": "315"
        },
        {
            "input": "30 56 63 50 68 15 13 30 64 85 82 59 13 46 33 38",
            "output": "419"
        },
        {
            "input": "85 36 83 33 15 76 11 58 66 15 96 5",
            "output": "406"
        },
        {
            "input": "61 46 97 88 62 14 47 52 41 99 99 25 31 48 56",
            "output": "494"
        },
        {
            "input": "25 22 84 24 89 64 76 98 78 63 7 95 53 42 57 15",
            "output": "511"
        },
        {
            "input": "41 45 63 99 94 25 26 21 81 77 24 15 97 24 12 96 11 24 25 77",
            "output": "623"
        },
        {
            "input": "97",
            "output": "97"
        },
        {
            "input": "93 12 33 62 64 8 32 89 91 47 77 93 36 94 95 73 50 9",
            "output": "595"
        },
        {
            "input": "10 61 62 36 3 76 2 59 14 47 99",
            "output": "331"
        },
        {
            "input": "32 19 58 94 63 24 58 26 75 2 88 25 17 41 59 88",
            "output": "503"
        },
        {
            "input": "86 54 63 34 31 27 98 99 60 56 86 67 60 83",
            "output": "507"
        },
        {
            "input": "45 43 39 60 86 97 77 73 12 76 71 4 13 86 5 73",
            "output": "514"
        },
        {
            "input": "65 98",
            "output": "98"
        },
        {
            "input": "4 8 59 66 21 91 60",
            "output": "165"
        },
        {
            "input": "98 96 41 42 65 11 41 65 28 59 43 33 28 77",
            "output": "438"
        },
        {
            "input": "88 18 55 31 78 37 66 48 23 72 49 56 56",
            "output": "415"
        },
        {
            "input": "24 31 96 59 58 69 52 72 47 59 46 86 87 97 47 26 28 4 45 50",
            "output": "583"
        },
        {
            "input": "32 95 0 36 76 4 78 36 8 14 38 62 87 80 93 46 51 73",
            "output": "548"
        },
        {
            "input": "5 64 95 22 31 48 52 20 93 57 61 75 56 99 33 54",
            "output": "504"
        },
        {
            "input": "40 58 30 88 44 87 58 7 100 28 18 13 57 12 4",
            "output": "412"
        },
        {
            "input": "56 45 39 42 46 52 86 70",
            "output": "227"
        },
        {
            "input": "57 72 73 74",
            "output": "146"
        },
        {
            "input": "2 50 15 26 35 59 77 49 57 83 65 26 92 5 76 84 44 72 4 56",
            "output": "588"
        },
        {
            "input": "39 90",
            "output": "90"
        },
        {
            "input": "98 64",
            "output": "98"
        },
        {
            "input": "18 97 67 47 99 78 84 91 95 6 71 85",
            "output": "460"
        },
        {
            "input": "23 4 89 21 18 39",
            "output": "151"
        },
        {
            "input": "78 2 98 29 68 65 49 46 100 47 33 43 63 77",
            "output": "513"
        },
        {
            "input": "74 86",
            "output": "86"
        },
        {
            "input": "95 81 50 41 97 54 98 36 61 56 42 61 63 16 54 0 19 93 93",
            "output": "672"
        },
        {
            "input": "7 17 3",
            "output": "17"
        },
        {
            "input": "76 60",
            "output": "76"
        },
        {
            "input": "6 49 83 88 38 6 98",
            "output": "235"
        },
        {
            "input": "63 46 24 3",
            "output": "87"
        },
        {
            "input": "26 25 71 2 54 72 17 2 81 19 29 43 94 89 59 34 64",
            "output": "496"
        },
        {
            "input": "14 86 48 28 45 67 57 46",
            "output": "227"
        },
        {
            "input": "54 58 50 7 27 85 38 94 70 85 64 57 7 8 25 68 92 44",
            "output": "545"
        },
        {
            "input": "78 59 48 95 85 79 87 66 10 85 52",
            "output": "403"
        },
        {
            "input": "100 17 51 17 17 44 63 79",
            "output": "274"
        },
        {
            "input": "76 3 80 67 70 57 53 19 41 13 34 16 91 57 64 49 79 61 13",
            "output": "601"
        },
        {
            "input": "90 94 91 71 17 27 57 100 51 100 11 80 6 40 7 65 6",
            "output": "593"
        },
        {
            "input": "6 80 78 77 99 15 41 52 99 65 24 74 31 13 98 51",
            "output": "495"
        },
        {
            "input": "80 25 52 89 3 75 18 24 14 80 25 77 20",
            "output": "425"
        },
        {
            "input": "62 46 77 79 43 50 97 81 7 10 65 60 21 34 41 76 99 31",
            "output": "512"
        },
        {
            "input": "3 37 4 36 68 39 84 21 98 29 27 14 98 78",
            "output": "412"
        },
        {
            "input": "40 37 42 55 10 77 1 47 76 28 79 15 61 23 66 18 93",
            "output": "547"
        },
        {
            "input": "37 4 21 44 9 17 34 49 51 89 15 16 56 72 57 40 95 84 19",
            "output": "463"
        },
        {
            "input": "10 56 26 97 68 71 98 94 18 73",
            "output": "391"
        },
        {
            "input": "1 22 61 55 3 11 80",
            "output": "157"
        },
        {
            "input": "66 85 7 95 82 32 78 32 83",
            "output": "341"
        },
        {
            "input": "8 67 70 38 61 27 92 35 44 26 71 54 95",
            "output": "441"
        },
        {
            "input": "14 72",
            "output": "72"
        },
        {
            "input": "95 36 66 17 53 9 90 42 42 45 52 57 35 27 71 0 22 42 8",
            "output": "546"
        },
        {
            "input": "54 87 6 83 28 67 51 86 47 88 18",
            "output": "411"
        },
        {
            "input": "8 52 94 37 58 5 56 26 11 97 17 36 40 52 1 41 59 45 56",
            "output": "516"
        },
        {
            "input": "83 68 14 48 60 26 91 19 14 72 6",
            "output": "320"
        },
        {
            "input": "39 81 37 76 15 94 46 12 13 49 77 11 60 35 67 33 100 11 73",
            "output": "641"
        },
        {
            "input": "49 28",
            "output": "49"
        },
        {
            "input": "88 32 70 16 90 40 48 68 60",
            "output": "356"
        },
        {
            "input": "18 40 94 31 72",
            "output": "184"
        },
        {
            "input": "88 18 60",
            "output": "148"
        },
        {
            "input": "10 50 24 23 92 27 46 3 5 13 49 44 81 35",
            "output": "323"
        },
        {
            "input": "68 66 25 78 23 87 49 38 66 78 75 64 30 70 48 52",
            "output": "535"
        },
        {
            "input": "16",
            "output": "16"
        },
        {
            "input": "21 93 42 42",
            "output": "135"
        },
        {
            "input": "47 59",
            "output": "59"
        },
        {
            "input": "51 82 73 47 78 45 90 63 26 32 33 9",
            "output": "351"
        },
        {
            "input": "11",
            "output": "11"
        },
        {
            "input": "26 76 58 46 98 79 84 26 49 86 3 95 16 32 12 82",
            "output": "561"
        },
        {
            "input": "20 44 45 82 30 8 1 69 15 93 65",
            "output": "296"
        },
        {
            "input": "56 80 38 43 10 21 53 88 52 54 76 41 66 34 8 3",
            "output": "382"
        },
        {
            "input": "60 65 92 100 77 6 75 6",
            "output": "304"
        },
        {
            "input": "27 45 20 25 61 83 70 70 26 24 76 16 40 40 33",
            "output": "372"
        },
        {
            "input": "6 31 81 94 36 94 62 55 55 29 66 35 100 59 74 100 34 76",
            "output": "616"
        },
        {
            "input": "93 28 90 24 93 84 62 71 69 13 90 80",
            "output": "497"
        },
        {
            "input": "39 95 82 42 86 45 86 27 4 97 25 26 83 80",
            "output": "496"
        },
        {
            "input": "42 29 43",
            "output": "85"
        },
        {
            "input": "73 18 37 48 8 6 51 31 97 95",
            "output": "269"
        },
        {
            "input": "83 54 81 86 31 91 23 0 74 95 11 27 93 45 93 55 78",
            "output": "619"
        },
        {
            "input": "48 13 27 80",
            "output": "128"
        },
        {
            "input": "52 14 7 79 90 81 5 85 77 84 14",
            "output": "381"
        },
        {
            "input": "11 61 81 30",
            "output": "92"
        },
        {
            "input": "92 43 69 1 83 77 63 97",
            "output": "341"
        },
        {
            "input": "81 82 73 48 64 99 34 24",
            "output": "277"
        },
        {
            "input": "59 84 84 19 83 99 11 100 39 37 62 94 53 60 1 36 28",
            "output": "569"
        },
        {
            "input": "3 71 89 27 84 74 33 0",
            "output": "209"
        },
        {
            "input": "43",
            "output": "43"
        },
        {
            "input": "56 26 94 99 13 99 54 25 6 36 89",
            "output": "368"
        },
        {
            "input": "22 58 14 6 95 24 50 10",
            "output": "203"
        },
        {
            "input": "91 77 38 22",
            "output": "129"
        },
        {
            "input": "38 90 75 30 16 49 54 39 85 76 2 7 32 27 73 53 39",
            "output": "428"
        },
        {
            "input": "85 82 75 51 40",
            "output": "200"
        },
        {
            "input": "38 11 55 70 52 7 47 49 99 91 68 9",
            "output": "359"
        },
        {
            "input": "51 98 58 59 86 12 18 54 20 48 83 17 11 34 69 44 69 79",
            "output": "491"
        },
        {
            "input": "84 70 26 59 92 50 4 64 61",
            "output": "267"
        },
        {
            "input": "45 21 51 9 18 29",
            "output": "125"
        },
        {
            "input": "77 27 19 5 60 95 61 8 53 17 19 47 5 45 29 44 50",
            "output": "412"
        },
        {
            "input": "42 63 30 100 20 23 25 7 33 28 21 3 1",
            "output": "243"
        },
        {
            "input": "17 47 34 12 59 30 53 15 100 62 80 97 72 81 56 96",
            "output": "537"
        },
        {
            "input": "22 85 41 95",
            "output": "180"
        },
        {
            "input": "79 47 83 53 49 9 98 69",
            "output": "309"
        },
        {
            "input": "30 61 86 82 56 75 43",
            "output": "218"
        },
        {
            "input": "46 40 55 33 27 30 12 66 7 39 59 59 61 7 13 24 24 59 72",
            "output": "426"
        },
        {
            "input": "1 20 15",
            "output": "20"
        },
        {
            "input": "63 27 16 25 59 97",
            "output": "185"
        },
        {
            "input": "53 74 17 96",
            "output": "170"
        },
        {
            "input": "21 17 25",
            "output": "46"
        },
        {
            "input": "13 13 55 25 71",
            "output": "139"
        },
        {
            "input": "25 90",
            "output": "90"
        },
        {
            "input": "52 53 24",
            "output": "76"
        },
        {
            "input": "94 13 0 28 82 11 4 60 50 40 81 74 4 96 32 93 94",
            "output": "540"
        },
        {
            "input": "65 60",
            "output": "65"
        },
        {
            "input": "71 44 83 53 83 22 16 21 82 89 1 45 80 16 71",
            "output": "498"
        },
        {
            "input": "81 49 64 75 5 16 3 66 76 0 38 15 66 79 35 63 14 43 15 97",
            "output": "568"
        },
        {
            "input": "55 1 75 18 77 96",
            "output": "226"
        },
        {
            "input": "37",
            "output": "37"
        },
        {
            "input": "90 89 45 95 74 93 30 89 41 87 40",
            "output": "454"
        },
        {
            "input": "70 84 26 47 52 34 36 18 96 40 9 7 94 42",
            "output": "383"
        },
        {
            "input": "80 74 85 35 67 73 56 66",
            "output": "304"
        },
        {
            "input": "72 93 51 78 51 93 30 6 67",
            "output": "331"
        },
        {
            "input": "2 67 63 3 45 27 91 91",
            "output": "203"
        },
        {
            "input": "52 85 12 46",
            "output": "131"
        },
        {
            "input": "3 46 2 97 48 5 75 80 25 41 36 28 17 68 5 83 89 40 84 10",
            "output": "538"
        },
        {
            "input": "70 58 66 40 63 32 90 57 20 6 25 33 99 63 70 27 28 33 80",
            "output": "611"
        },
        {
            "input": "91 89 35 42",
            "output": "133"
        },
        {
            "input": "50 13 16 28 86 74 61 90 99 29 9 48 37 22 14 92 0 7 72 23",
            "output": "546"
        },
        {
            "input": "30 89 85 75 93 98",
            "output": "262"
        },
        {
            "input": "47 79 10 51",
            "output": "130"
        },
        {
            "input": "48 90 0 9 16 25 33 8 6 71 91 49 3 58 82 5 68 93 1",
            "output": "434"
        },
        {
            "input": "87 16 1 6 77 34 89 42 88 48 47 33 0 70",
            "output": "459"
        },
        {
            "input": "68 28 46 22 22 70 2 42 72 73 13 85 24 86",
            "output": "470"
        },
        {
            "input": "25 5 1 90 20 100 98 64 9 90 46",
            "output": "369"
        },
        {
            "input": "44 88 58 47 71 55 65 48 12 19 99 57 99 92",
            "output": "448"
        },
        {
            "input": "35 8 26",
            "output": "61"
        },
        {
            "input": "34 38 29 25 19 64 91 70 1 100 79",
            "output": "297"
        },
        {
            "input": "56 29 94 71 66 27 53 86 65 65 97 95 29 16 58 44 5 58 36 33",
            "output": "613"
        },
        {
            "input": "20 41 71",
            "output": "91"
        },
        {
            "input": "57 74 1 22 81 77 98 20 35 93 60 5 88 57 16",
            "output": "452"
        },
        {
            "input": "94 99 46 56",
            "output": "155"
        },
        {
            "input": "36 78 34 60 99 65 47 50 41 99 4 29 73 20 92 51",
            "output": "517"
        },
        {
            "input": "70 46 27 55 80 80 23 52 22 43 27 52 43 31 44 4 50 19",
            "output": "446"
        },
        {
            "input": "49 80 80 50 30 0 32 19 70 91",
            "output": "282"
        },
        {
            "input": "89 89 93 12",
            "output": "182"
        },
        {
            "input": "12 44 38 15 39 12 89 81 25 71 35 36 81 79 68 56 65 83 65 22",
            "output": "528"
        },
        {
            "input": "28 79 69 86 38 6 51 36 50 32 10 66 72 11 97 96 38 64",
            "output": "509"
        },
        {
            "input": "2 9 40 21 10 25 2 22 45 73",
            "output": "162"
        },
        {
            "input": "52 82 73 90 87 89 63 69 14 14 66 19 1 12 5 56 90",
            "output": "498"
        },
        {
            "input": "83 52 29 19 26 18 84 14 50",
            "output": "272"
        },
        {
            "input": "18 63 28 7 55 46 53 63 25 59 0 94 12 92 74 67",
            "output": "493"
        },
        {
            "input": "99 60",
            "output": "99"
        },
        {
            "input": "51 43 6 22 60 91 100 19 48 86 48 46 44 43 99 36 40",
            "output": "496"
        },
        {
            "input": "46",
            "output": "46"
        },
        {
            "input": "35 29 16 59 21 57 16 44 72 79 21",
            "output": "274"
        },
        {
            "input": "38 46 1 33",
            "output": "79"
        },
        {
            "input": "22 71 85 58 19 60 40 43 96 16 44 94 32 31 73 76 37",
            "output": "489"
        },
        {
            "input": "85 36 21 88 77 11 88 13 76 92 25 24 39 76 69 73 37 63",
            "output": "599"
        },
        {
            "input": "51 98 66 61 82 87 13 94 86 9 86 85 90 64 43 95 30 26 95",
            "output": "706"
        },
        {
            "input": "43 81 98",
            "output": "141"
        },
        {
            "input": "13 53 16 17 36 14 9 39 83 14 20 82 19",
            "output": "263"
        },
        {
            "input": "7 77 100 14 77 61 1 100 91 75 8 37 50",
            "output": "409"
        },
        {
            "input": "34",
            "output": "34"
        },
        {
            "input": "53 7 45 28 44",
            "output": "142"
        },
        {
            "input": "16 84 84 92 53",
            "output": "176"
        },
        {
            "input": "65 1 12 17",
            "output": "82"
        },
        {
            "input": "17 27 18 39 54 84 64 83 20 92 93 62 64 24 34 83 45 32 17 20",
            "output": "546"
        },
        {
            "input": "18 82 24 51 93 91 18",
            "output": "224"
        },
        {
            "input": "31",
            "output": "31"
        },
        {
            "input": "35 13 50 81 11 36 0 6 28 45 34",
            "output": "214"
        },
        {
            "input": "73 58 75 8 37",
            "output": "185"
        },
        {
            "input": "20 43 95 11 74 26 18 52 81 6 22 96 44 79 85 57 90 17 20 10",
            "output": "579"
        },
        {
            "input": "38 99 0 25 39 47 49 56 45 20 48 59 24 20 50 33 20 3 53",
            "output": "429"
        },
        {
            "input": "95 36 28 43 83 22 72 19 36",
            "output": "314"
        },
        {
            "input": "60 71 72 99 93 41 41 50 50 35 89 72 18 62 12 88 7 51",
            "output": "606"
        },
        {
            "input": "40 74 59 18 10 21 1 48 68 62 72 85 49",
            "output": "315"
        },
        {
            "input": "56 6 89 87 60 51 23 48 8 33 98 32 61 34 9 50 92 54 56 53",
            "output": "569"
        },
        {
            "input": "87 37 34 40 60 36 49 88 95 58 45 50 45 41 71 77 66 17 5",
            "output": "557"
        },
        {
            "input": "48 59 26 39 56 87 58 18 89 6 19 29 81 35 34 70",
            "output": "447"
        },
        {
            "input": "96 73 10 25 18 80 93 4 6 80 72 22 48 1 78 58",
            "output": "423"
        },
        {
            "input": "29 66 8 91 31 69 20 35 6 24 80 23 16 82 1 44 9 62 19 93",
            "output": "622"
        },
        {
            "input": "48 72",
            "output": "72"
        },
        {
            "input": "70 43 32 54 83 53",
            "output": "185"
        },
        {
            "input": "80",
            "output": "80"
        },
        {
            "input": "59 5 21 21 48 68 12 36 10 24 55 59 18",
            "output": "267"
        },
        {
            "input": "10 10 66 7 58 91 73",
            "output": "207"
        },
        {
            "input": "70 40 53 9 66 97 28 27 88 90 10 74 41 74 31 26 52 0 48",
            "output": "585"
        },
        {
            "input": "64 64 69 7 43 86 45 33 78 28 22 59 60 87 96 74 7 75 85",
            "output": "604"
        },
        {
            "input": "85 74 26 10 33 67 64 22 32 30 84 18 43 46 78 93",
            "output": "463"
        },
        {
            "input": "14 7 35 0 28 81 59 38 75 63 80 67 60 1 20 62 18",
            "output": "413"
        },
        {
            "input": "94 25 9 100 78 19 11 62 87 69",
            "output": "344"
        },
        {
            "input": "65 21 67 16 64 13 23 82 14 26 7 6 0",
            "output": "310"
        },
        {
            "input": "79 20 35 81 18 1 20 76 94 43 34 73 29 80",
            "output": "433"
        },
        {
            "input": "27 18 94 12",
            "output": "121"
        },
        {
            "input": "20 53 63 81 2 96 23 9 96 33 28 39 96 85 65 17 3 89",
            "output": "604"
        },
        {
            "input": "27 44 79 57",
            "output": "106"
        },
        {
            "input": "51 53 5 98 59 36 51 46 4 16 26 5 85 62 29 97 26",
            "output": "441"
        },
        {
            "input": "25 45 28 55 97 58",
            "output": "158"
        },
        {
            "input": "100 89 63 99",
            "output": "199"
        },
        {
            "input": "90 1 77 9 8 85 87 90 55 92 88 99 64 25 55 94 9 43 3",
            "output": "695"
        },
        {
            "input": "89 10 84 65 58 36 70 45 79 17 72 91 88 75 51 49 77",
            "output": "668"
        },
        {
            "input": "17 18 9 94 18 75 13 27 25 15 76",
            "output": "290"
        },
        {
            "input": "57 65 16 57 74 44 58 18 88 92",
            "output": "297"
        },
        {
            "input": "51 34 81 56 95 65 52 53 71 63 2 90 63 21 79 62 60 41 22 59",
            "output": "638"
        },
        {
            "input": "27 3 69 77 96 61 82 68 45 88 79 49 31 81",
            "output": "492"
        },
        {
            "input": "36 66 51 52 51 99 36 58 100 41 69 81 4",
            "output": "398"
        },
        {
            "input": "14 22 32 24 55 64 100 98 64 28 62 52 29 52 37",
            "output": "393"
        },
        {
            "input": "77 28 41 6 19 59 100 46 55 47 100",
            "output": "392"
        },
        {
            "input": "77 69 97",
            "output": "174"
        },
        {
            "input": "99 82 51 92 48 95 50",
            "output": "286"
        },
        {
            "input": "14 18 38 90 76 51 19 59 6 71 88 1 52 31",
            "output": "358"
        },
        {
            "input": "66 9",
            "output": "66"
        },
        {
            "input": "36 14 22 95 22 54 52 76 95 61 79 73",
            "output": "395"
        },
        {
            "input": "38 28 88 24 67 97 29 8 51 34 2 12 39",
            "output": "315"
        },
        {
            "input": "5 0 67 15 88 29 5 50 3",
            "output": "210"
        },
        {
            "input": "70 100",
            "output": "100"
        },
        {
            "input": "83",
            "output": "83"
        },
        {
            "input": "97 95",
            "output": "97"
        },
        {
            "input": "74 9 0 74 20 94 23 70 59 20 93 99 25",
            "output": "431"
        },
        {
            "input": "24 15 68 78 30 4 6 50 35 31 77 33 63 69 29 39",
            "output": "357"
        },
        {
            "input": "94 60 73 91 29 29 53 31 20 22 68 22 52 55",
            "output": "392"
        },
        {
            "input": "90 52 75 63 78 46 90 51 65 33 44 2 14 19 3",
            "output": "461"
        },
        {
            "input": "8 16 80 44 34 24 66 44 85 73 66 19 1 24 28 95 96 44 25",
            "output": "502"
        },
        {
            "input": "2 62 63 26 81 68",
            "output": "156"
        },
        {
            "input": "56 2 13 10 91 25 85 88 23 46",
            "output": "294"
        },
        {
            "input": "7 24",
            "output": "24"
        },
        {
            "input": "23 100 56 59 3 2 58 4 94 21 78 51 30",
            "output": "419"
        },
        {
            "input": "68 94 5 65 47 82 81 45 19 58",
            "output": "344"
        },
        {
            "input": "3 51 40 81 65",
            "output": "132"
        },
        {
            "input": "89 90 27 83 81 83 91 42 92 70 69 93 65 93 82 21",
            "output": "596"
        },
        {
            "input": "89 85 13 26 88 35 79 65 14 53 30 67 13 9 36 96",
            "output": "494"
        },
        {
            "input": "37 9 11 7",
            "output": "48"
        },
        {
            "input": "13 46 53 86",
            "output": "132"
        },
        {
            "input": "43 35 1 87 98 99 44 39 28 74 29 83 44 46 80",
            "output": "505"
        },
        {
            "input": "24 55 22 74 95 88 68 14 96 78 53 1 45 72 84",
            "output": "496"
        },
        {
            "input": "68 68 48 98 62 73 35 54 21 5 100 18 22 84 50 54 16",
            "output": "531"
        },
        {
            "input": "71 54 36",
            "output": "107"
        },
        {
            "input": "99 28 83 55 66 18 10 13 8 95 16 86 81 74 59 73 100 11",
            "output": "616"
        },
        {
            "input": "53 73 53 39 56 35 14 20 31 54 70 31",
            "output": "277"
        },
        {
            "input": "82 37 76 60",
            "output": "158"
        },
        {
            "input": "19 0 20 33 72 16 82 12 35 96 42 4 71 29 74 67 19 17 74",
            "output": "527"
        },
        {
            "input": "11 87 47 61",
            "output": "148"
        },
        {
            "input": "14 70 52 14 37 17",
            "output": "107"
        },
        {
            "input": "54 4 79 73 89 9",
            "output": "222"
        },
        {
            "input": "18 19 20 69 11 56 78 13 9 64 29 11 63 97 61 61",
            "output": "399"
        },
        {
            "input": "79 19 79 8",
            "output": "158"
        },
        {
            "input": "47 85 61",
            "output": "108"
        },
        {
            "input": "36 100 33 36 41 99 87 96 67 48 76 59 17 12 21 17",
            "output": "467"
        },
        {
            "input": "8 14 12 96 67 65 69 72 89 38 15 19 98 5 82 71 94 10",
            "output": "559"
        },
        {
            "input": "68 2 2 48",
            "output": "116"
        },
        {
            "input": "83 24 66 60 43 46 92 92 27 10 32 63 54 50 85 62 85 12 93",
            "output": "660"
        },
        {
            "input": "29 6 57 33 87 44 73 79 90 98",
            "output": "350"
        },
        {
            "input": "75 29 71 88 1 79 42 72 71 98 54 16 43",
            "output": "455"
        },
        {
            "input": "37 56 81 33 71 2 14 4 100",
            "output": "303"
        },
        {
            "input": "99 0 9 0 64 64 48 52 56 74 15 95 61 99 10 27 65 53",
            "output": "572"
        },
        {
            "input": "49 70 97 12 84 99 71 80 21 42 21 52 93 44 78",
            "output": "538"
        },
        {
            "input": "74 88 95 27 38 19 1 68 13 33 30 1 73 9 22",
            "output": "403"
        },
        {
            "input": "86 15 82 76 12 17 85 51 62 54 31 25 77 35 64 62 39",
            "output": "538"
        },
        {
            "input": "64 15 42 7 96 67 66 44 22 90 21 77 0",
            "output": "435"
        },
        {
            "input": "31 45 35 49 95 57",
            "output": "161"
        },
        {
            "input": "26 68 2 54 0 28 86 50 30 52 44 15 22 74 42 77 19 84",
            "output": "517"
        },
        {
            "input": "63 53 13 23 62 56 48 47 26 42 26 34 32 65 74 55 74 58",
            "output": "443"
        },
        {
            "input": "100 71 61 89 4 34 57 100 10 37 97 79 73",
            "output": "493"
        },
        {
            "input": "56 37 76 35 53 69 43 88 22 50 25 11 30 60 80 66 18 78 75",
            "output": "554"
        },
        {
            "input": "47 49 67 25 19 95 19 51 32 92 32 40 10 26 98 13 15",
            "output": "505"
        },
        {
            "input": "70 13 3 9 31 2 97 68 14 50",
            "output": "251"
        },
        {
            "input": "81 19 69 11 7 77 18 96 74 12 54 90",
            "output": "425"
        },
        {
            "input": "91 64 85 13 1",
            "output": "177"
        },
        {
            "input": "36 66 99 45 65 78 66 7 95 27 85 74 92",
            "output": "538"
        },
        {
            "input": "84 56 33",
            "output": "117"
        },
        {
            "input": "38 96 18 93 22 32 51 69 40 66 77 76 69",
            "output": "436"
        },
        {
            "input": "58 30",
            "output": "58"
        },
        {
            "input": "42 2 26 54",
            "output": "96"
        },
        {
            "input": "86 68 23 40 50 56 33 13 51 61",
            "output": "256"
        },
        {
            "input": "64 62 6 70 97 91 35 18 90 69 49 100 76 9 60 9 66 52",
            "output": "566"
        },
        {
            "input": "89 77 50 23 14 6 6 22 39 99 64 87 36 94 2 26",
            "output": "481"
        },
        {
            "input": "60 98 50 53 76 43",
            "output": "194"
        },
        {
            "input": "73 18 42 46 38 19 74 7 7 80 94 22 1 85 19 49",
            "output": "463"
        },
        {
            "input": "86 47 67 92 36 28 99 73 78 62 93",
            "output": "459"
        },
        {
            "input": "25 25 66 2 13 13 31",
            "output": "135"
        },
        {
            "input": "79",
            "output": "79"
        },
        {
            "input": "37 29 1",
            "output": "38"
        },
        {
            "input": "66 89 12",
            "output": "89"
        },
        {
            "input": "77 3 39 11 73 29 7 75 93 74 25 22 19 34 12",
            "output": "394"
        },
        {
            "input": "99 27 17 12 20 88 95 60 94 1 1 26 95 0",
            "output": "421"
        },
        {
            "input": "74 21 67 25 43 69 71 81 33 90 31 34 97 8 72 43 100 62 66 94",
            "output": "744"
        },
        {
            "input": "90 80 13 65 39 6 40 68",
            "output": "229"
        },
        {
            "input": "96 16 19 5 25 25 25 4 70",
            "output": "235"
        },
        {
            "input": "47 34 54 78 99 47 60 33 76 66 66",
            "output": "402"
        },
        {
            "input": "59 93 53",
            "output": "112"
        },
        {
            "input": "15 39 80 70 52 8",
            "output": "147"
        },
        {
            "input": "15 94",
            "output": "94"
        },
        {
            "input": "0 94 90 63 43 31 52 10 75 18 73 11 83 42 9 14 99",
            "output": "548"
        },
        {
            "input": "89 83 60 20 85 5 43 69 46 11",
            "output": "323"
        },
        {
            "input": "73 96 19 94 9 31 15 59 75 55 95 81 51 26 96",
            "output": "538"
        },
        {
            "input": "29 97 37 11 36",
            "output": "133"
        },
        {
            "input": "54 91 2 71 54 46",
            "output": "208"
        },
        {
            "input": "45 82",
            "output": "82"
        },
        {
            "input": "24 5 17 9 69 0",
            "output": "110"
        },
        {
            "input": "82 81 79 72 73 76",
            "output": "237"
        },
        {
            "input": "21 77 33 53 12 68 38 0 32",
            "output": "230"
        },
        {
            "input": "65 29 5 13 81 67 59 41 14 86 67 2 85 76 69",
            "output": "450"
        },
        {
            "input": "88 55 70 58 85 79 49 81 18 46 43 37 1",
            "output": "407"
        },
        {
            "input": "91 58 66 61 57 78 81",
            "output": "295"
        },
        {
            "input": "76 28 82 37 0 95 90 17 70 22 12 25 38 89 25 70 25 65",
            "output": "572"
        },
        {
            "input": "38",
            "output": "38"
        },
        {
            "input": "7 22 77 41 62 70 33 45 29 65 80 50 89 49",
            "output": "377"
        },
        {
            "input": "19 71 10",
            "output": "71"
        },
        {
            "input": "78 42 59 89 71 96 92 54 49 49 15 75 3 81 23 63",
            "output": "585"
        },
        {
            "input": "85 46 53 68 2 57 36 79 83 25 4 1 25 56 38 12 44 55",
            "output": "438"
        },
        {
            "input": "76 0 91 86 25 42 23 92 69 64 66 41 79",
            "output": "446"
        },
        {
            "input": "10 69 43 8 70 17 55 11 38 9 10 74 5 84 60 71 33 99 62",
            "output": "560"
        },
        {
            "input": "20 82 36 36 45 7 26 80 43 67 86 20 85",
            "output": "378"
        },
        {
            "input": "85 1 96 99 33",
            "output": "214"
        },
        {
            "input": "8 74 42 33",
            "output": "107"
        },
        {
            "input": "60 6 99 79 51 33 73 68 90 99 89 43 9 89",
            "output": "551"
        },
        {
            "input": "75 84 79 26 81 24 39 100 11 98 87 44 29 5 75 51 67 50",
            "output": "619"
        },
        {
            "input": "15 78 11 39 30 27",
            "output": "144"
        },
        {
            "input": "58 33",
            "output": "58"
        },
        {
            "input": "60 44 11 64 35 72 53 13 95 22 30 5 83 76 43 23 45",
            "output": "492"
        },
        {
            "input": "99 34 25 35 93 61 75 18 40",
            "output": "332"
        },
        {
            "input": "18 84 95 41 71 29 38 32 93 47 71 82 83 46 30 60",
            "output": "529"
        },
        {
            "input": "9 64 89 91 53 49 22 43 25 78",
            "output": "325"
        },
        {
            "input": "62 35 70 45 29 75 50 4 45 17 1",
            "output": "257"
        },
        {
            "input": "4 12 73 96 43 84 5",
            "output": "192"
        },
        {
            "input": "9 19 15 71 51 42 74 51 94 63 95",
            "output": "353"
        },
        {
            "input": "51 5 4 85 97 3 27 12 94 57 87 47",
            "output": "360"
        },
        {
            "input": "34 44 34 50 2 56 3 81",
            "output": "231"
        },
        {
            "input": "7 36 42 70 11 14",
            "output": "120"
        },
        {
            "input": "6 64 47 75 58 34 21 30 85 75",
            "output": "278"
        },
        {
            "input": "47 33 0 66 58 73 87 7 38 91 55 97",
            "output": "388"
        },
        {
            "input": "46 51 91 23 54 32 41 96 31 23 50 35 35 48 14 79 100 22 29",
            "output": "522"
        },
        {
            "input": "86 95 69 74 32",
            "output": "187"
        },
        {
            "input": "31 52 57 42 23 54 8",
            "output": "148"
        },
        {
            "input": "16 16 44 38 96 85",
            "output": "156"
        },
        {
            "input": "60 7 40 35 35 68 30 82 56 96 75 87 75 39 72 20 0 91 94 29",
            "output": "625"
        },
        {
            "input": "92 48 43 46 11 36 9 27 38 84 40 49 64 73 95 9 29 6 87",
            "output": "560"
        },
        {
            "input": "27 28 26 41 33 42 30 40 45 72 55",
            "output": "223"
        },
        {
            "input": "62 51 4 93 22 18 90 41 74 57 76 44",
            "output": "395"
        },
        {
            "input": "21 18 99 86 28 76 97 64 38 57 89 19 38 9 96",
            "output": "506"
        },
        {
            "input": "35",
            "output": "35"
        },
        {
            "input": "7 91 28 78 61 43 96 32 61",
            "output": "326"
        },
        {
            "input": "53 37 91 85 52 20 67 69 5 15 95 98 94 12 82",
            "output": "539"
        },
        {
            "input": "98 6",
            "output": "98"
        },
        {
            "input": "83 1 32 28 89 79 74",
            "output": "278"
        },
        {
            "input": "61 84 50 79 61 3 95 47",
            "output": "267"
        },
        {
            "input": "43 86 20",
            "output": "86"
        },
        {
            "input": "82 21 98 96 19 52 35 6 7 63 89 82 84 67 36 40",
            "output": "490"
        }
    ]
}