{
    "id": "is_anagram",
    "title": "Is Anagram",
    "description": "Given two strings, check if they are anagrams of each other. Two strings are anagrams if they contain the same characters with the same frequencies, but in a different order. Output 'Yes' or 'No'.",
    "input_format": "Two lines, each containing a string.",
    "output_format": "'Yes' or 'No'.",
    "constraints": {
        "length": "1 <= length <= 100"
    },
    "judge_mode": "FIRST_FAIL",
    "time_limit": 1,
    "sample_test_cases": [
        {
            "input": "listen\nsilent",
            "output": "Yes"
        },
        {
            "input": "hello\nworld",
            "output": "No"
        }
    ],
    "hidden_test_cases": [
        {
            "input": "dbdb\ncaeb",
            "output": "No"
        },
        {
            "input": "eebabc\nadeaad",
            "output": "No"
        },
        {
            "input": "dce\neab",
            "output": "No"
        },
        {
            "input": "cabce\ncabec",
            "output": "Yes"
        },
        {
            "input": "dcade\neacdd",
            "output": "Yes"
        },
        {
            "input": "becedbdc\ndaeceadd",
            "output": "No"
        },
        {
            "input": "ebada\nbaead",
            "output": "Yes"
        },
        {
            "input": "babc\nbcba",
            "output": "Yes"
        },
        {
            "input": "bcabecaa\nbeacacab",
            "output": "Yes"
        },
        {
            "input": "eddc\necdd",
            "output": "Yes"
        },
        {
            "input": "dceaccaa\ncdebecbc",
            "output": "No"
        },
        {
            "input": "eccbccee\neceebccc",
            "output": "Yes"
        },
        {
            "input": "cab\ncac",
            "output": "No"
        },
        {
            "input": "aebedeb\nbedbeea",
            "output": "Yes"
        },
        {
            "input": "caebc\nabdda",
            "output": "No"
        },
        {
            "input": "eeaeae\naeaeee",
            "output": "Yes"
        },
        {
            "input": "bedadecb\ndadcbbec",
            "output": "No"
        },
        {
            "input": "abaadc\naacdab",
            "output": "Yes"
        },
        {
            "input": "cdc\nccd",
            "output": "Yes"
        },
        {
            "input": "daecbb\ndabceb",
            "output": "Yes"
        },
        {
            "input": "bebbcdaa\ndababbce",
            "output": "Yes"
        },
        {
            "input": "ededecad\nddebbbea",
            "output": "No"
        },
        {
            "input": "bea\nbae",
            "output": "Yes"
        },
        {
            "input": "dacede\neaeddc",
            "output": "Yes"
        },
        {
            "input": "cec\ndcb",
            "output": "No"
        },
        {
            "input": "edba\ndeab",
            "output": "Yes"
        },
        {
            "input": "ebdbddba\nbebdabdd",
            "output": "Yes"
        },
        {
            "input": "accabbaa\nbbcaacaa",
            "output": "Yes"
        },
        {
            "input": "dbcab\nbdacb",
            "output": "Yes"
        },
        {
            "input": "aedcce\naddedb",
            "output": "No"
        },
        {
            "input": "ecccbee\nacddbbb",
            "output": "No"
        },
        {
            "input": "bcbac\neeecd",
            "output": "No"
        },
        {
            "input": "ccbaecc\ncccebca",
            "output": "Yes"
        },
        {
            "input": "becaeac\nccebcbd",
            "output": "No"
        },
        {
            "input": "bbaa\ndeab",
            "output": "No"
        },
        {
            "input": "daece\neacde",
            "output": "Yes"
        },
        {
            "input": "ccedee\nbbeadd",
            "output": "No"
        },
        {
            "input": "eaeeddb\ndebeaed",
            "output": "Yes"
        },
        {
            "input": "daebc\nbaabb",
            "output": "No"
        },
        {
            "input": "becbaedb\ndbacdccb",
            "output": "No"
        },
        {
            "input": "bdead\nddcbb",
            "output": "No"
        },
        {
            "input": "cbceaab\nbcaceba",
            "output": "Yes"
        },
        {
            "input": "ace\nace",
            "output": "Yes"
        },
        {
            "input": "acedbb\nddabca",
            "output": "No"
        },
        {
            "input": "eaccbaaa\ncdebebad",
            "output": "No"
        },
        {
            "input": "ceacbdee\nebecaedc",
            "output": "Yes"
        },
        {
            "input": "beddccda\ndbccdaed",
            "output": "Yes"
        },
        {
            "input": "dddbad\ndbcbea",
            "output": "No"
        },
        {
            "input": "cdcade\ndabdcc",
            "output": "No"
        },
        {
            "input": "aade\nbaad",
            "output": "No"
        },
        {
            "input": "dbcdb\nbbddc",
            "output": "Yes"
        },
        {
            "input": "cee\naea",
            "output": "No"
        },
        {
            "input": "eec\ncee",
            "output": "Yes"
        },
        {
            "input": "dbdeec\necacab",
            "output": "No"
        },
        {
            "input": "dce\ndec",
            "output": "Yes"
        },
        {
            "input": "cad\naae",
            "output": "No"
        },
        {
            "input": "dbde\nddeb",
            "output": "Yes"
        },
        {
            "input": "deadcabc\nbbdcebeb",
            "output": "No"
        },
        {
            "input": "daa\nddb",
            "output": "No"
        },
        {
            "input": "bbbdbd\nbdbdbb",
            "output": "Yes"
        },
        {
            "input": "cbd\ndeb",
            "output": "No"
        },
        {
            "input": "accddde\necbacac",
            "output": "No"
        },
        {
            "input": "aadaaa\naadaaa",
            "output": "Yes"
        },
        {
            "input": "cbecdb\nbcdceb",
            "output": "Yes"
        },
        {
            "input": "beae\nebae",
            "output": "Yes"
        },
        {
            "input": "eeaebea\nddccdbb",
            "output": "No"
        },
        {
            "input": "eaaad\nbbbab",
            "output": "No"
        },
        {
            "input": "dbba\ndddd",
            "output": "No"
        },
        {
            "input": "daebadb\nbbeacba",
            "output": "No"
        },
        {
            "input": "dcaeedad\nccdbaebd",
            "output": "No"
        },
        {
            "input": "dbeec\neecbd",
            "output": "Yes"
        },
        {
            "input": "eecbdad\nbcdddae",
            "output": "No"
        },
        {
            "input": "dbcdbdd\ncaaaaae",
            "output": "No"
        },
        {
            "input": "cecbdc\nacaabe",
            "output": "No"
        },
        {
            "input": "ddcaab\neaaeda",
            "output": "No"
        },
        {
            "input": "aeace\neeaca",
            "output": "Yes"
        },
        {
            "input": "bbae\ndbad",
            "output": "No"
        },
        {
            "input": "ebbedbaa\ncbeadacb",
            "output": "No"
        },
        {
            "input": "bbadb\ndbabb",
            "output": "Yes"
        },
        {
            "input": "dcbdbdcc\ncdcdbcdb",
            "output": "Yes"
        },
        {
            "input": "cee\ncee",
            "output": "Yes"
        },
        {
            "input": "dcdb\nbdde",
            "output": "No"
        },
        {
            "input": "aacd\nbeee",
            "output": "No"
        },
        {
            "input": "dded\neded",
            "output": "No"
        },
        {
            "input": "cbbeecaa\neeeceddb",
            "output": "No"
        },
        {
            "input": "acbb\ndbcc",
            "output": "No"
        },
        {
            "input": "aecbcadd\ndeabadcc",
            "output": "Yes"
        },
        {
            "input": "bacde\ndbeba",
            "output": "No"
        },
        {
            "input": "aedebece\ncbcedeeb",
            "output": "No"
        },
        {
            "input": "eaad\neada",
            "output": "Yes"
        },
        {
            "input": "adcbede\ndebedac",
            "output": "Yes"
        },
        {
            "input": "bee\ncdc",
            "output": "No"
        },
        {
            "input": "cca\ndcc",
            "output": "No"
        },
        {
            "input": "eeaeddc\nceadeed",
            "output": "Yes"
        },
        {
            "input": "cabccdae\ncceeebba",
            "output": "No"
        },
        {
            "input": "eda\nbae",
            "output": "No"
        },
        {
            "input": "ceeebd\neddebd",
            "output": "No"
        },
        {
            "input": "acedb\nbedcc",
            "output": "No"
        },
        {
            "input": "abb\nbbc",
            "output": "No"
        },
        {
            "input": "beaed\neacbe",
            "output": "No"
        },
        {
            "input": "cbeaed\ndbbdbd",
            "output": "No"
        },
        {
            "input": "deeccebc\nceecdceb",
            "output": "Yes"
        },
        {
            "input": "becbdac\naebdccb",
            "output": "Yes"
        },
        {
            "input": "bca\ncee",
            "output": "No"
        },
        {
            "input": "bba\nbab",
            "output": "Yes"
        },
        {
            "input": "adaacbca\ndddbeaed",
            "output": "No"
        },
        {
            "input": "acb\nacb",
            "output": "Yes"
        },
        {
            "input": "cdad\ndcda",
            "output": "Yes"
        },
        {
            "input": "dacbdbe\nbdabcde",
            "output": "Yes"
        },
        {
            "input": "dbbccb\neadceb",
            "output": "No"
        },
        {
            "input": "ddd\nddd",
            "output": "Yes"
        },
        {
            "input": "dee\nacd",
            "output": "No"
        },
        {
            "input": "bbcc\ncbbc",
            "output": "Yes"
        },
        {
            "input": "ecddcedc\necedcdcd",
            "output": "Yes"
        },
        {
            "input": "abc\naee",
            "output": "No"
        },
        {
            "input": "daeebabb\nceeedbae",
            "output": "No"
        },
        {
            "input": "cea\neec",
            "output": "No"
        },
        {
            "input": "cdd\naad",
            "output": "No"
        },
        {
            "input": "dbe\nbed",
            "output": "Yes"
        },
        {
            "input": "dbaebdec\nceadcdec",
            "output": "No"
        },
        {
            "input": "bdabacce\neebddeaa",
            "output": "No"
        },
        {
            "input": "dbbeea\nedeeba",
            "output": "No"
        },
        {
            "input": "eda\neba",
            "output": "No"
        },
        {
            "input": "bdbae\ncabed",
            "output": "No"
        },
        {
            "input": "aceea\ndcdde",
            "output": "No"
        },
        {
            "input": "adbdceca\nbadeacdc",
            "output": "Yes"
        },
        {
            "input": "dceacaa\ncaedaac",
            "output": "Yes"
        },
        {
            "input": "eeeeb\neeeeb",
            "output": "Yes"
        },
        {
            "input": "baabdd\nbbddaa",
            "output": "Yes"
        },
        {
            "input": "deddc\nddcde",
            "output": "Yes"
        },
        {
            "input": "aeedbcd\nbaceaed",
            "output": "No"
        },
        {
            "input": "eaeaa\naaaee",
            "output": "Yes"
        },
        {
            "input": "eecdb\necbed",
            "output": "Yes"
        },
        {
            "input": "eeccdaec\nadcbedac",
            "output": "No"
        },
        {
            "input": "cdda\ndcad",
            "output": "Yes"
        },
        {
            "input": "bdbacbbb\nabdbbbcb",
            "output": "Yes"
        },
        {
            "input": "eabdceb\ncdddbbd",
            "output": "No"
        },
        {
            "input": "cecb\ncceb",
            "output": "Yes"
        },
        {
            "input": "eabacdb\nbaabedc",
            "output": "Yes"
        },
        {
            "input": "ecaecadd\ndeadecca",
            "output": "Yes"
        },
        {
            "input": "aebcb\necacc",
            "output": "No"
        },
        {
            "input": "cbdbb\ndcbbb",
            "output": "Yes"
        },
        {
            "input": "dec\ncee",
            "output": "No"
        },
        {
            "input": "bbdcdd\ndbcbdd",
            "output": "Yes"
        },
        {
            "input": "dbbab\nabbbd",
            "output": "Yes"
        },
        {
            "input": "bdeeecaa\necceeebc",
            "output": "No"
        },
        {
            "input": "beebd\nebedb",
            "output": "Yes"
        },
        {
            "input": "bdedca\nbebcee",
            "output": "No"
        },
        {
            "input": "eedbbbce\neebbdceb",
            "output": "Yes"
        },
        {
            "input": "bcaebdb\nddbbcbc",
            "output": "No"
        },
        {
            "input": "dedded\ndedded",
            "output": "Yes"
        },
        {
            "input": "aaace\ndaebd",
            "output": "No"
        },
        {
            "input": "acbdbb\nabbcbd",
            "output": "Yes"
        },
        {
            "input": "cabeeca\neccaeba",
            "output": "Yes"
        },
        {
            "input": "ceaaaece\neaecacae",
            "output": "Yes"
        },
        {
            "input": "bdeddd\ndedbdd",
            "output": "Yes"
        },
        {
            "input": "ddca\nbccd",
            "output": "No"
        },
        {
            "input": "eccabb\nddcbdc",
            "output": "No"
        },
        {
            "input": "acbcbbb\nbcbbcab",
            "output": "Yes"
        },
        {
            "input": "dceaab\nbceaad",
            "output": "Yes"
        },
        {
            "input": "aabeadc\nadaddcb",
            "output": "No"
        },
        {
            "input": "ccbdbbba\nabbcbdbc",
            "output": "Yes"
        },
        {
            "input": "adadd\ncceca",
            "output": "No"
        },
        {
            "input": "eddad\ncecbb",
            "output": "No"
        },
        {
            "input": "bcbaeead\neebacadb",
            "output": "Yes"
        },
        {
            "input": "decddeac\naceaeedc",
            "output": "No"
        },
        {
            "input": "bbceca\nbbceac",
            "output": "Yes"
        },
        {
            "input": "cecda\ncecba",
            "output": "No"
        },
        {
            "input": "acadad\ndadaac",
            "output": "Yes"
        },
        {
            "input": "deccbdd\ncbbbcde",
            "output": "No"
        },
        {
            "input": "dceede\nceddcb",
            "output": "No"
        },
        {
            "input": "ebdba\nbebad",
            "output": "Yes"
        },
        {
            "input": "adad\ndbec",
            "output": "No"
        },
        {
            "input": "bbaec\nadcbc",
            "output": "No"
        },
        {
            "input": "ccbaeb\nbcabce",
            "output": "Yes"
        },
        {
            "input": "baebad\nbdeaba",
            "output": "Yes"
        },
        {
            "input": "aeaa\nccad",
            "output": "No"
        },
        {
            "input": "edcac\naccde",
            "output": "Yes"
        },
        {
            "input": "bdcdbea\naaddebd",
            "output": "No"
        },
        {
            "input": "eed\neea",
            "output": "No"
        },
        {
            "input": "deeae\nccdee",
            "output": "No"
        },
        {
            "input": "beaeeee\neeebeae",
            "output": "Yes"
        },
        {
            "input": "cdd\nbad",
            "output": "No"
        },
        {
            "input": "dbbda\nddeaa",
            "output": "No"
        },
        {
            "input": "baddccd\nacbdbeb",
            "output": "No"
        },
        {
            "input": "beab\nebea",
            "output": "No"
        },
        {
            "input": "bddbabb\nbcbeeca",
            "output": "No"
        },
        {
            "input": "adedc\ndaecd",
            "output": "Yes"
        },
        {
            "input": "daeedd\ndaabab",
            "output": "No"
        },
        {
            "input": "baeb\nceed",
            "output": "No"
        },
        {
            "input": "eadbeb\nbedeba",
            "output": "Yes"
        },
        {
            "input": "cccbdec\naacebde",
            "output": "No"
        },
        {
            "input": "cebcaeea\necadbaaa",
            "output": "No"
        },
        {
            "input": "cadca\nababd",
            "output": "No"
        },
        {
            "input": "cecbdbca\nbbcaccde",
            "output": "Yes"
        },
        {
            "input": "adcbc\ndccab",
            "output": "Yes"
        },
        {
            "input": "eedbccd\nbabecea",
            "output": "No"
        },
        {
            "input": "cedd\nacdc",
            "output": "No"
        },
        {
            "input": "cbd\ndbc",
            "output": "Yes"
        },
        {
            "input": "ddc\ndce",
            "output": "No"
        },
        {
            "input": "deebabec\nacaeebca",
            "output": "No"
        },
        {
            "input": "ecccacad\nceacaccd",
            "output": "Yes"
        },
        {
            "input": "dceeabd\ncddaebe",
            "output": "Yes"
        },
        {
            "input": "abccbceb\naecbcbbc",
            "output": "Yes"
        },
        {
            "input": "aecceee\neeceace",
            "output": "Yes"
        },
        {
            "input": "aacac\ncedbd",
            "output": "No"
        },
        {
            "input": "aeacacca\naaaeccca",
            "output": "Yes"
        },
        {
            "input": "ccaad\ndccdb",
            "output": "No"
        },
        {
            "input": "deedddd\nddddeed",
            "output": "Yes"
        },
        {
            "input": "edabdeca\nebaabacb",
            "output": "No"
        },
        {
            "input": "adaba\nabada",
            "output": "Yes"
        },
        {
            "input": "cbced\nbcdec",
            "output": "Yes"
        },
        {
            "input": "eaa\naae",
            "output": "Yes"
        },
        {
            "input": "cbdabccb\ncccbabdb",
            "output": "Yes"
        },
        {
            "input": "ecbee\nbecee",
            "output": "Yes"
        },
        {
            "input": "eeccea\nceceea",
            "output": "Yes"
        },
        {
            "input": "eedebc\nabceba",
            "output": "No"
        },
        {
            "input": "caedbee\nedbacee",
            "output": "Yes"
        },
        {
            "input": "eacaedd\ncaeddae",
            "output": "Yes"
        },
        {
            "input": "aadb\nedee",
            "output": "No"
        },
        {
            "input": "dcebdeb\nceededc",
            "output": "No"
        },
        {
            "input": "dcee\necde",
            "output": "Yes"
        },
        {
            "input": "ddab\naddb",
            "output": "Yes"
        },
        {
            "input": "aeaab\neabaa",
            "output": "Yes"
        },
        {
            "input": "bdacc\nddaac",
            "output": "No"
        },
        {
            "input": "eaeded\ndeeead",
            "output": "Yes"
        },
        {
            "input": "addbadee\nabeedbde",
            "output": "No"
        },
        {
            "input": "bcd\nbcd",
            "output": "Yes"
        },
        {
            "input": "dcc\necb",
            "output": "No"
        },
        {
            "input": "acbabbec\naedccdec",
            "output": "No"
        },
        {
            "input": "aebcca\nacbcae",
            "output": "Yes"
        },
        {
            "input": "aaeb\ndded",
            "output": "No"
        },
        {
            "input": "dbdbc\nadadb",
            "output": "No"
        },
        {
            "input": "dde\nace",
            "output": "No"
        },
        {
            "input": "edc\ndec",
            "output": "Yes"
        },
        {
            "input": "dbd\nddb",
            "output": "Yes"
        },
        {
            "input": "adadabcd\ncccdeceb",
            "output": "No"
        },
        {
            "input": "cedda\ncbcee",
            "output": "No"
        },
        {
            "input": "ddaded\neaddce",
            "output": "No"
        },
        {
            "input": "ddeebbbe\nccbeacda",
            "output": "No"
        },
        {
            "input": "aaedccc\ncaecadc",
            "output": "Yes"
        },
        {
            "input": "aeec\naeaa",
            "output": "No"
        },
        {
            "input": "cadaac\nacadac",
            "output": "Yes"
        },
        {
            "input": "dceb\ncebd",
            "output": "Yes"
        },
        {
            "input": "dcbd\ndcdb",
            "output": "Yes"
        },
        {
            "input": "dedcdb\nbedeca",
            "output": "No"
        },
        {
            "input": "cdebded\nbcdddee",
            "output": "Yes"
        },
        {
            "input": "deb\nbed",
            "output": "Yes"
        },
        {
            "input": "dcddd\ndbbaa",
            "output": "No"
        },
        {
            "input": "daedced\naccbdce",
            "output": "No"
        },
        {
            "input": "dcadb\ncbacc",
            "output": "No"
        },
        {
            "input": "dddcc\nddcdc",
            "output": "Yes"
        },
        {
            "input": "bccedc\nddbbda",
            "output": "No"
        },
        {
            "input": "bcebebd\ncdebebb",
            "output": "Yes"
        },
        {
            "input": "ebaaed\naedeba",
            "output": "Yes"
        },
        {
            "input": "ebabc\nbecba",
            "output": "Yes"
        },
        {
            "input": "bdecdc\necdcbd",
            "output": "Yes"
        },
        {
            "input": "daedbdbc\nbddcbdea",
            "output": "Yes"
        },
        {
            "input": "bbc\ncee",
            "output": "No"
        },
        {
            "input": "ceeaeaca\nbabadcdb",
            "output": "No"
        },
        {
            "input": "cdca\nacad",
            "output": "No"
        },
        {
            "input": "bdd\nddb",
            "output": "Yes"
        },
        {
            "input": "bdcdcdac\ncdddbcca",
            "output": "Yes"
        },
        {
            "input": "bbeeceba\nebbabcee",
            "output": "Yes"
        },
        {
            "input": "addbcebd\ndbcdedab",
            "output": "Yes"
        },
        {
            "input": "bda\ndba",
            "output": "Yes"
        },
        {
            "input": "ceb\ncdb",
            "output": "No"
        },
        {
            "input": "bcae\nbbca",
            "output": "No"
        },
        {
            "input": "adbc\nabad",
            "output": "No"
        },
        {
            "input": "acbacbce\ncbceaacb",
            "output": "Yes"
        },
        {
            "input": "beeeb\nbbeee",
            "output": "Yes"
        },
        {
            "input": "aaa\naaa",
            "output": "Yes"
        },
        {
            "input": "ecc\necc",
            "output": "Yes"
        },
        {
            "input": "eeb\nbee",
            "output": "Yes"
        },
        {
            "input": "aeacbdd\nbdeabec",
            "output": "No"
        },
        {
            "input": "eeaed\neeeda",
            "output": "Yes"
        },
        {
            "input": "bebedad\naddebeb",
            "output": "Yes"
        },
        {
            "input": "aeeb\neeab",
            "output": "Yes"
        },
        {
            "input": "dbeddabd\nadbddedb",
            "output": "Yes"
        },
        {
            "input": "addaecea\naeeddcaa",
            "output": "Yes"
        },
        {
            "input": "beadbae\naeaacbc",
            "output": "No"
        },
        {
            "input": "deeaadac\nddccdcda",
            "output": "No"
        },
        {
            "input": "eceeeeae\naebadebe",
            "output": "No"
        },
        {
            "input": "cbecbd\nbaeabe",
            "output": "No"
        },
        {
            "input": "dbeec\needbc",
            "output": "Yes"
        },
        {
            "input": "dabdaac\ndadcebc",
            "output": "No"
        },
        {
            "input": "ced\ncad",
            "output": "No"
        },
        {
            "input": "bac\ncba",
            "output": "Yes"
        },
        {
            "input": "ebdcae\nacbeed",
            "output": "Yes"
        },
        {
            "input": "aceedeb\neebedac",
            "output": "Yes"
        },
        {
            "input": "ecc\naed",
            "output": "No"
        },
        {
            "input": "cedcaa\ncdaedd",
            "output": "No"
        },
        {
            "input": "eddebdbc\nbbcdedde",
            "output": "Yes"
        },
        {
            "input": "aeaaba\nebaaaa",
            "output": "Yes"
        },
        {
            "input": "acbb\nbacb",
            "output": "Yes"
        },
        {
            "input": "dcddbd\ndddcdb",
            "output": "Yes"
        },
        {
            "input": "abee\nbeae",
            "output": "Yes"
        },
        {
            "input": "bbdecab\ndbcebab",
            "output": "Yes"
        },
        {
            "input": "ecadbdce\ndcbddbec",
            "output": "No"
        },
        {
            "input": "deb\ndeb",
            "output": "Yes"
        },
        {
            "input": "ddeb\ndbde",
            "output": "Yes"
        },
        {
            "input": "abcd\nabcd",
            "output": "Yes"
        },
        {
            "input": "eeaabbc\nbdaebde",
            "output": "No"
        },
        {
            "input": "aecdedb\ndaedbce",
            "output": "Yes"
        },
        {
            "input": "cecee\neadbe",
            "output": "No"
        },
        {
            "input": "aceae\nbdbcd",
            "output": "No"
        },
        {
            "input": "bbabaeeb\ndceaebbb",
            "output": "No"
        },
        {
            "input": "ecebac\nebceab",
            "output": "No"
        },
        {
            "input": "bddaaeb\nadaedbb",
            "output": "Yes"
        },
        {
            "input": "bbceeac\nabadcac",
            "output": "No"
        },
        {
            "input": "eccdd\ndecdc",
            "output": "Yes"
        },
        {
            "input": "eaeea\neeaae",
            "output": "Yes"
        },
        {
            "input": "bacac\nacbca",
            "output": "Yes"
        },
        {
            "input": "cadab\nbaadc",
            "output": "Yes"
        },
        {
            "input": "cbacaae\neccbaaa",
            "output": "Yes"
        },
        {
            "input": "eca\neca",
            "output": "Yes"
        },
        {
            "input": "dbadc\nbaddd",
            "output": "No"
        },
        {
            "input": "ccabdae\nceadaed",
            "output": "No"
        },
        {
            "input": "bbbea\neddcb",
            "output": "No"
        },
        {
            "input": "dacebaa\neadcbaa",
            "output": "Yes"
        },
        {
            "input": "acdcdeb\neeacdcc",
            "output": "No"
        },
        {
            "input": "dba\nbad",
            "output": "Yes"
        },
        {
            "input": "eec\ndda",
            "output": "No"
        },
        {
            "input": "ccc\nbca",
            "output": "No"
        },
        {
            "input": "babd\neeea",
            "output": "No"
        },
        {
            "input": "acedbcdc\nceddbdac",
            "output": "No"
        },
        {
            "input": "dda\ndad",
            "output": "Yes"
        },
        {
            "input": "cca\nbee",
            "output": "No"
        },
        {
            "input": "ecb\nbcc",
            "output": "No"
        },
        {
            "input": "acce\neacc",
            "output": "Yes"
        },
        {
            "input": "baaecc\nacbcae",
            "output": "Yes"
        },
        {
            "input": "aaacc\naaacc",
            "output": "Yes"
        },
        {
            "input": "babbb\nacebb",
            "output": "No"
        },
        {
            "input": "adaeccdd\ndccddeaa",
            "output": "Yes"
        },
        {
            "input": "eacca\neaacc",
            "output": "Yes"
        },
        {
            "input": "ceeebde\nedeeceb",
            "output": "Yes"
        },
        {
            "input": "eeebbe\nbeebee",
            "output": "Yes"
        },
        {
            "input": "adbdddd\ndaddddb",
            "output": "Yes"
        },
        {
            "input": "ececed\nebadcd",
            "output": "No"
        },
        {
            "input": "ddadcbee\nceedacec",
            "output": "No"
        },
        {
            "input": "adbcbae\nbbdacae",
            "output": "Yes"
        },
        {
            "input": "bcbead\nebcbda",
            "output": "Yes"
        },
        {
            "input": "dcd\nddc",
            "output": "Yes"
        },
        {
            "input": "caaecd\ndaaecc",
            "output": "Yes"
        },
        {
            "input": "ace\neac",
            "output": "Yes"
        },
        {
            "input": "aaced\nceecd",
            "output": "No"
        },
        {
            "input": "cbbab\nabaca",
            "output": "No"
        },
        {
            "input": "cdcbe\nebcdc",
            "output": "Yes"
        },
        {
            "input": "bddbbdac\nabebebaa",
            "output": "No"
        },
        {
            "input": "cdabadbe\naaaeaece",
            "output": "No"
        },
        {
            "input": "ebebdb\nbbdeeb",
            "output": "Yes"
        },
        {
            "input": "ababda\nadabab",
            "output": "Yes"
        },
        {
            "input": "edb\ncbb",
            "output": "No"
        },
        {
            "input": "baadaa\naaabda",
            "output": "Yes"
        },
        {
            "input": "acb\nabc",
            "output": "Yes"
        },
        {
            "input": "dcdeb\nbdecd",
            "output": "Yes"
        },
        {
            "input": "eedc\naeac",
            "output": "No"
        },
        {
            "input": "dda\ndda",
            "output": "Yes"
        },
        {
            "input": "dccd\ncaad",
            "output": "No"
        },
        {
            "input": "edbb\nbbed",
            "output": "Yes"
        },
        {
            "input": "cebbddd\ndceddbb",
            "output": "Yes"
        },
        {
            "input": "adcd\ncadd",
            "output": "Yes"
        },
        {
            "input": "eeabae\neaadbe",
            "output": "No"
        },
        {
            "input": "dabacd\nbeceee",
            "output": "No"
        },
        {
            "input": "acbaaebb\ndccacdbc",
            "output": "No"
        },
        {
            "input": "ddabce\nacdedb",
            "output": "Yes"
        },
        {
            "input": "bdaeabd\nddeabab",
            "output": "Yes"
        },
        {
            "input": "aae\nbcc",
            "output": "No"
        },
        {
            "input": "adecaccc\ncaeccdea",
            "output": "No"
        },
        {
            "input": "bcdcadac\nadbdabde",
            "output": "No"
        },
        {
            "input": "eaacccc\naeacccc",
            "output": "Yes"
        },
        {
            "input": "bbbbcdc\ncecbcda",
            "output": "No"
        },
        {
            "input": "bee\nebe",
            "output": "Yes"
        },
        {
            "input": "adcdcb\ndcdacb",
            "output": "Yes"
        },
        {
            "input": "bcd\ndbc",
            "output": "Yes"
        },
        {
            "input": "cde\nedc",
            "output": "Yes"
        },
        {
            "input": "eca\naea",
            "output": "No"
        },
        {
            "input": "eeeecd\neeedce",
            "output": "Yes"
        },
        {
            "input": "bcbacdda\nbebebdce",
            "output": "No"
        },
        {
            "input": "bcacecbc\nbceccacb",
            "output": "Yes"
        },
        {
            "input": "ccccbbad\nddcdaecd",
            "output": "No"
        },
        {
            "input": "ddceac\nebdcee",
            "output": "No"
        },
        {
            "input": "cbdcdbcd\ncdccbdbd",
            "output": "Yes"
        },
        {
            "input": "cdd\ndcc",
            "output": "No"
        },
        {
            "input": "adbac\neadae",
            "output": "No"
        },
        {
            "input": "baccbe\nedecdb",
            "output": "No"
        },
        {
            "input": "cebbccbc\neadcaedb",
            "output": "No"
        },
        {
            "input": "bcdcbab\nabbeadc",
            "output": "No"
        },
        {
            "input": "bcbab\nbdcbb",
            "output": "No"
        },
        {
            "input": "bcea\nbace",
            "output": "Yes"
        },
        {
            "input": "dcecb\ndbcec",
            "output": "Yes"
        },
        {
            "input": "cdddaea\nccedddb",
            "output": "No"
        },
        {
            "input": "cceeec\nbcbecb",
            "output": "No"
        },
        {
            "input": "abe\neae",
            "output": "No"
        },
        {
            "input": "dbbcebd\ndbebdbc",
            "output": "Yes"
        },
        {
            "input": "ecabca\nabbcda",
            "output": "No"
        },
        {
            "input": "daed\ndade",
            "output": "Yes"
        },
        {
            "input": "abec\ncbae",
            "output": "Yes"
        },
        {
            "input": "eedae\naeeed",
            "output": "Yes"
        },
        {
            "input": "bbcddbb\ndbbcbdb",
            "output": "Yes"
        },
        {
            "input": "edbec\nbeedc",
            "output": "Yes"
        },
        {
            "input": "dcddbddc\ncdcddbdd",
            "output": "Yes"
        },
        {
            "input": "abba\nadbb",
            "output": "No"
        },
        {
            "input": "cddcdb\nbdcdcd",
            "output": "Yes"
        },
        {
            "input": "edcea\nebaab",
            "output": "No"
        },
        {
            "input": "dadcdc\neeaabb",
            "output": "No"
        },
        {
            "input": "eaead\ndaeea",
            "output": "Yes"
        },
        {
            "input": "eddcedc\ncddceed",
            "output": "Yes"
        },
        {
            "input": "dbacbeab\nbbabcade",
            "output": "Yes"
        },
        {
            "input": "dbac\ncdba",
            "output": "Yes"
        },
        {
            "input": "deaee\naedee",
            "output": "Yes"
        },
        {
            "input": "acbeecdc\ndedaebdc",
            "output": "No"
        },
        {
            "input": "cdbdeb\nbdedbc",
            "output": "Yes"
        },
        {
            "input": "abdb\ncbbe",
            "output": "No"
        },
        {
            "input": "acdbbd\nddcbab",
            "output": "Yes"
        },
        {
            "input": "aaecccd\ncecaacd",
            "output": "Yes"
        },
        {
            "input": "cbabdb\neadcad",
            "output": "No"
        },
        {
            "input": "aebdebd\nbdaeebd",
            "output": "Yes"
        },
        {
            "input": "cbcecdcd\naeddaeea",
            "output": "No"
        },
        {
            "input": "aecd\nabad",
            "output": "No"
        },
        {
            "input": "ecabeee\ndaaeadb",
            "output": "No"
        },
        {
            "input": "eada\nccca",
            "output": "No"
        },
        {
            "input": "cddbb\nbddbc",
            "output": "Yes"
        },
        {
            "input": "baadad\ndaaabd",
            "output": "Yes"
        },
        {
            "input": "adcdac\naadccd",
            "output": "Yes"
        },
        {
            "input": "cdd\naae",
            "output": "No"
        },
        {
            "input": "bcbacdd\nbcbddca",
            "output": "Yes"
        },
        {
            "input": "ede\need",
            "output": "Yes"
        },
        {
            "input": "bcecd\ndcbce",
            "output": "Yes"
        },
        {
            "input": "bcddebd\neadddbb",
            "output": "No"
        },
        {
            "input": "dabbcbb\nbdcabbb",
            "output": "Yes"
        },
        {
            "input": "edd\nedd",
            "output": "Yes"
        },
        {
            "input": "baabee\naabbee",
            "output": "Yes"
        },
        {
            "input": "aeaaba\naabaae",
            "output": "Yes"
        },
        {
            "input": "cea\nedc",
            "output": "No"
        },
        {
            "input": "dadadbec\nedeeaeee",
            "output": "No"
        },
        {
            "input": "dcadcb\naccbdd",
            "output": "Yes"
        },
        {
            "input": "bbdbebb\nbdbbbeb",
            "output": "Yes"
        },
        {
            "input": "aebcb\nbecee",
            "output": "No"
        },
        {
            "input": "aaa\nddd",
            "output": "No"
        },
        {
            "input": "bbadebeb\nabdbeebb",
            "output": "Yes"
        },
        {
            "input": "ececdce\neecdcec",
            "output": "Yes"
        },
        {
            "input": "abbb\nbbcb",
            "output": "No"
        },
        {
            "input": "ceadeeba\nedeaacac",
            "output": "No"
        },
        {
            "input": "bbededcb\nbeedbbcd",
            "output": "Yes"
        },
        {
            "input": "ccacec\naabaec",
            "output": "No"
        },
        {
            "input": "dbeeb\ncedbc",
            "output": "No"
        },
        {
            "input": "ada\naea",
            "output": "No"
        },
        {
            "input": "ccebbedd\nddcbecbe",
            "output": "Yes"
        },
        {
            "input": "ccd\ncaa",
            "output": "No"
        },
        {
            "input": "cecc\ndcda",
            "output": "No"
        },
        {
            "input": "adecacc\nacccade",
            "output": "Yes"
        },
        {
            "input": "ccebacda\ncacabedc",
            "output": "Yes"
        },
        {
            "input": "decaaddc\naabdecdb",
            "output": "No"
        },
        {
            "input": "acaabec\ndaecdde",
            "output": "No"
        },
        {
            "input": "cedb\necbd",
            "output": "Yes"
        },
        {
            "input": "deddee\naacced",
            "output": "No"
        },
        {
            "input": "cecaaded\nadaceced",
            "output": "Yes"
        },
        {
            "input": "edecceab\neeacdebc",
            "output": "Yes"
        },
        {
            "input": "ecc\ncad",
            "output": "No"
        },
        {
            "input": "eab\nacc",
            "output": "No"
        },
        {
            "input": "bcbab\ncabbb",
            "output": "Yes"
        },
        {
            "input": "abd\nabd",
            "output": "Yes"
        },
        {
            "input": "ecd\neee",
            "output": "No"
        },
        {
            "input": "dbaae\ndcbce",
            "output": "No"
        },
        {
            "input": "cbb\ncec",
            "output": "No"
        },
        {
            "input": "daeacbd\nbecedee",
            "output": "No"
        },
        {
            "input": "bcbe\nbbce",
            "output": "Yes"
        },
        {
            "input": "bad\nbda",
            "output": "Yes"
        },
        {
            "input": "abed\nbdcc",
            "output": "No"
        },
        {
            "input": "aacdadee\naeeaadcd",
            "output": "Yes"
        },
        {
            "input": "dba\nbda",
            "output": "Yes"
        },
        {
            "input": "bdccbb\neabaca",
            "output": "No"
        },
        {
            "input": "cccdeade\neadcecdc",
            "output": "Yes"
        },
        {
            "input": "cbbbea\nbdaeee",
            "output": "No"
        },
        {
            "input": "dbdbcc\neacdae",
            "output": "No"
        },
        {
            "input": "cedc\naaeb",
            "output": "No"
        },
        {
            "input": "acedccdc\neddcdbed",
            "output": "No"
        },
        {
            "input": "deeeae\neeaede",
            "output": "Yes"
        },
        {
            "input": "ddaec\nceadd",
            "output": "Yes"
        },
        {
            "input": "aeeeed\naeeeed",
            "output": "Yes"
        },
        {
            "input": "bacaadab\naabadbca",
            "output": "Yes"
        },
        {
            "input": "aeaeaac\neceaaaa",
            "output": "Yes"
        },
        {
            "input": "bdaa\nbdaa",
            "output": "Yes"
        },
        {
            "input": "abccdc\nbaccdc",
            "output": "Yes"
        },
        {
            "input": "aecbdcba\ncaceabdb",
            "output": "Yes"
        },
        {
            "input": "acdb\nbdee",
            "output": "No"
        },
        {
            "input": "acdaadc\ncdebaaa",
            "output": "No"
        },
        {
            "input": "abeebbd\nabebbde",
            "output": "Yes"
        },
        {
            "input": "bead\nabde",
            "output": "Yes"
        },
        {
            "input": "bbbae\neabbb",
            "output": "Yes"
        },
        {
            "input": "ddcbdded\nbaeabaaa",
            "output": "No"
        },
        {
            "input": "bdcdd\nbddcd",
            "output": "Yes"
        },
        {
            "input": "dceaae\naacdee",
            "output": "Yes"
        },
        {
            "input": "ccbba\neccec",
            "output": "No"
        },
        {
            "input": "eaeeabcb\ncbadaeda",
            "output": "No"
        },
        {
            "input": "eabdce\nadbece",
            "output": "Yes"
        },
        {
            "input": "eabecebd\nbaaeaddc",
            "output": "No"
        },
        {
            "input": "bbab\nadba",
            "output": "No"
        },
        {
            "input": "dec\ndce",
            "output": "Yes"
        }
    ]
}