{
    "id": "kth_largest_element",
    "title": "Kth Largest Element in an Array",
    "description": "Given an integer array nums and an integer k, return the kth largest element in the array. Note that it is the kth largest element in the sorted order, not the kth distinct element.",
    "input_format": "Space-separated integers representing the array on the first line, and the integer k on the second line.",
    "output_format": "The kth largest integer.",
    "constraints": {
        "size": "1 <= size <= 10^5",
        "k": "1 <= k <= size"
    },
    "judge_mode": "FIRST_FAIL",
    "time_limit": 1,
    "sample_test_cases": [
        {
            "input": "3 2 3 1 2 4 5 5 6\n4",
            "output": "4"
        }
    ],
    "hidden_test_cases": [
        {
            "input": "22 43 84 21 100 87\n5",
            "output": "22"
        },
        {
            "input": "2 76 67 80 81 78 87 26\n1",
            "output": "87"
        },
        {
            "input": "1 30 82 1 39 44 14 12 23 60 32 80 69 57 100 31 63 66 33\n6",
            "output": "63"
        },
        {
            "input": "34 37 78 72 81 38 32 17 19 30 19 8 93\n1",
            "output": "93"
        },
        {
            "input": "60 86 23 81 75 8 14 3 21 8 30\n10",
            "output": "8"
        },
        {
            "input": "34 55 10 14 94 6 87 73 24 55 48\n11",
            "output": "6"
        },
        {
            "input": "31 40 80 55 68 38 87 90 31 27 33 18 58 93\n1",
            "output": "93"
        },
        {
            "input": "100 64 25 65 83 73 71 35 45 12 71 11 59\n6",
            "output": "65"
        },
        {
            "input": "74 24 28 37 90 51 31 45 70 70 60 1 42 23\n14",
            "output": "1"
        },
        {
            "input": "30 53 53 35 25 3 41 18 32 42 71 14 79 65 19\n3",
            "output": "65"
        },
        {
            "input": "11 69 4 44 48 98 98 41 91 68 5 51 54 7 79 18 89 74\n18",
            "output": "4"
        },
        {
            "input": "43 10 80 5 43 9 68 68 99 23 96 34 87 75 14 11 38\n6",
            "output": "68"
        },
        {
            "input": "27 71 47\n3",
            "output": "27"
        },
        {
            "input": "9 71 71 54 85 52 21 31 77 75 91\n2",
            "output": "85"
        },
        {
            "input": "89 2 1 55\n3",
            "output": "2"
        },
        {
            "input": "47 90 39 7 26 97 89 73 31\n6",
            "output": "39"
        },
        {
            "input": "9 63 48 68 93 29 55 60 99 83 58 30 42 55 53\n12",
            "output": "42"
        },
        {
            "input": "50 35 32 32 83 34 86 54 72 88 54 8 77 91 29 15 50 1 27 13\n13",
            "output": "32"
        },
        {
            "input": "37 62 30 26 48 85 56 87 34 94 45 59 15 62 27 63 80 87 62\n10",
            "output": "59"
        },
        {
            "input": "85 44 36 9 48 10 5 100 25 35 27 61 13 11 45 79 93\n7",
            "output": "45"
        },
        {
            "input": "28 43 9 53 99 79 26 80 88 21 10 3 95 27 96 67 95 38 22\n17",
            "output": "10"
        },
        {
            "input": "3 38 78 20 73 89 10 58\n2",
            "output": "78"
        },
        {
            "input": "14 53 29 9 54 78 5 49 6 67 79 54 15 25 25 73\n15",
            "output": "6"
        },
        {
            "input": "87 55 20 69 74\n4",
            "output": "55"
        },
        {
            "input": "52 96 13 54 66 4 95 62 74 66 41 23 48 5 44 99\n13",
            "output": "23"
        },
        {
            "input": "64 25 86 63 54 88 18 62 49 3 34 80 20\n13",
            "output": "3"
        },
        {
            "input": "48 56 21 99 58 40 60 80 49 77 95 52 61\n4",
            "output": "77"
        },
        {
            "input": "54\n1",
            "output": "54"
        },
        {
            "input": "75 86 70 90 84 40 77 4 77 76 47 63\n2",
            "output": "86"
        },
        {
            "input": "65 17 57 31 46 1 97 68 42 67 15\n10",
            "output": "15"
        },
        {
            "input": "20 84 47 92 55 35 26\n6",
            "output": "26"
        },
        {
            "input": "76 98 53 24\n1",
            "output": "98"
        },
        {
            "input": "19 39 59 22 29\n4",
            "output": "22"
        },
        {
            "input": "29 85 31 83 100 83 6 3 74 9 32 92 75 11 80 39 82 55 46 97\n20",
            "output": "3"
        },
        {
            "input": "6 15 52 16 92 20 69 62 89 67 58 80 40 74 10 78 24 73 9\n9",
            "output": "62"
        },
        {
            "input": "83 46 35 32 48 56 27 45 64 10 20\n10",
            "output": "20"
        },
        {
            "input": "60 75 40 18 29 55 42 28 14 80 44 30 24 39 20 1 61 52 21\n10",
            "output": "39"
        },
        {
            "input": "56 70 93 69 53 46 99 45 23 71 8 1 59 82 80 66 74 12\n3",
            "output": "82"
        },
        {
            "input": "59 1 29 49 33 90 100 11 91 100\n9",
            "output": "11"
        },
        {
            "input": "29 26 96 29 80 46 1 51\n5",
            "output": "29"
        },
        {
            "input": "10 58 70\n3",
            "output": "10"
        },
        {
            "input": "60 48 76\n1",
            "output": "76"
        },
        {
            "input": "78 54 54 77 38 78 32 91 88 85 27 75\n3",
            "output": "85"
        },
        {
            "input": "59 12 99\n3",
            "output": "12"
        },
        {
            "input": "6 77 90 83 66 57 45 34 26 36 15 12 72 82 90 36 21 92 44\n7",
            "output": "72"
        },
        {
            "input": "79 57 65 6 80 94 7 8\n7",
            "output": "7"
        },
        {
            "input": "43 33 20 13 50 3 12 18 39 26 60 42 33 10 81\n13",
            "output": "12"
        },
        {
            "input": "46 38 59 80 92 5 34 69 6 70 35 96 85 53 25 67 71 34 100\n3",
            "output": "92"
        },
        {
            "input": "61 29 45 13 37 15 52 64 11 65 24 4 75 23 95\n3",
            "output": "65"
        },
        {
            "input": "43 63 6 22 39 69 22\n2",
            "output": "63"
        },
        {
            "input": "60 81 85\n1",
            "output": "85"
        },
        {
            "input": "68 91 49 81 76 54 96 23 85\n1",
            "output": "96"
        },
        {
            "input": "40 3 67\n2",
            "output": "40"
        },
        {
            "input": "56 95 14 54 65 82 6 52 82 26 82 78 33 89 37 20 39 42\n17",
            "output": "14"
        },
        {
            "input": "88 2 57 17\n3",
            "output": "17"
        },
        {
            "input": "62 63 85 19 25 73 88\n7",
            "output": "19"
        },
        {
            "input": "68 97 82 60 81 12 16\n6",
            "output": "16"
        },
        {
            "input": "80 64 19 67 34 6 61 4 32 83 93 38 30 57 23 27 3 78 20 8\n1",
            "output": "93"
        },
        {
            "input": "30 32 54 6 20 18 24 21 98 42 81 68 81 22 84 72 14 22 23 96\n15",
            "output": "22"
        },
        {
            "input": "90 46 72 60 31 37 14 21 27\n5",
            "output": "37"
        },
        {
            "input": "100 67 81 83\n2",
            "output": "83"
        },
        {
            "input": "60 26 13 21 1\n1",
            "output": "60"
        },
        {
            "input": "65 64 46 4 30 11 82 91 49 31 4\n3",
            "output": "65"
        },
        {
            "input": "16 8 94 57 50 62 17 12 96 57 99 59 18 87 90 66 4 99 98\n7",
            "output": "87"
        },
        {
            "input": "30 84 24 78 90 29\n5",
            "output": "29"
        },
        {
            "input": "85 36 74 75 55 82 53 45 11 96 91 46 36 35 78 57 41 75\n7",
            "output": "75"
        },
        {
            "input": "40 82 5 57 22\n1",
            "output": "82"
        },
        {
            "input": "7 65 6 51 24 14 67 52 73 47 40\n11",
            "output": "6"
        },
        {
            "input": "31 86 66 63 98 58 50\n7",
            "output": "31"
        },
        {
            "input": "18 52 98 33 99 44 3 20 62 94 60 55 24 42\n14",
            "output": "3"
        },
        {
            "input": "53 91 99 20 39 31 8 77 46 40 52 49 82\n3",
            "output": "82"
        },
        {
            "input": "2 14 56 13 32 12 3 93 57 59 45 4\n2",
            "output": "59"
        },
        {
            "input": "12\n1",
            "output": "12"
        },
        {
            "input": "59 32\n1",
            "output": "59"
        },
        {
            "input": "7 40 42 3 8 83 6 67 30 40 83 57\n6",
            "output": "40"
        },
        {
            "input": "38 41 62 47 53 26 50 97 63 37 42 55 39 25 47 30 53 60 83 62\n3",
            "output": "63"
        },
        {
            "input": "42 58 44 87 60 47 93 83 58 41 71\n2",
            "output": "87"
        },
        {
            "input": "100\n1",
            "output": "100"
        },
        {
            "input": "19 7 89 44 6 15\n1",
            "output": "89"
        },
        {
            "input": "43 92 1 36 16 80 29\n1",
            "output": "92"
        },
        {
            "input": "52 50 83\n2",
            "output": "52"
        },
        {
            "input": "33 91 21 30 34 8 100 81 12 77 42\n4",
            "output": "77"
        },
        {
            "input": "33 72 11 8 67 61 83 84 5 100\n1",
            "output": "100"
        },
        {
            "input": "10 45 91 42 80 26 98 82 22 90 78 63 60 9 37 93 51 30 66 74\n13",
            "output": "45"
        },
        {
            "input": "54 35 37 76 73 3 33 44 85 34\n6",
            "output": "37"
        },
        {
            "input": "31 42 5 38 14 7 86 45 86 24 92 24 42 75 6 29\n15",
            "output": "6"
        },
        {
            "input": "8 44 55 15 54\n4",
            "output": "15"
        },
        {
            "input": "27 58 90 88\n4",
            "output": "27"
        },
        {
            "input": "29 32 87 60 14 63 86\n1",
            "output": "87"
        },
        {
            "input": "22 39 98 22 54 47 45 58 42 51\n3",
            "output": "54"
        },
        {
            "input": "19 33 66 25 84 92 80 76 71 85 74 42 3 61 60\n13",
            "output": "25"
        },
        {
            "input": "87\n1",
            "output": "87"
        },
        {
            "input": "79 1 27 64 97 85 35 53 21 24 66 83 41\n1",
            "output": "97"
        },
        {
            "input": "26 91 93 81 75 23 61 34 7 96 27 21 61 14\n9",
            "output": "27"
        },
        {
            "input": "79 17 88 76 11 29 68 19 96 52 96 93 16 26 81 38 15 40\n18",
            "output": "11"
        },
        {
            "input": "59 16 53 29 42 55 37 74 42 47 100 70 79 47 78 40 16 39 65 90\n6",
            "output": "70"
        },
        {
            "input": "1 36 50 2 22 71 75\n5",
            "output": "22"
        },
        {
            "input": "72 84 36 11 45 30 44 22 69 80 71 35 2 19 57 10 79 27 57 38\n6",
            "output": "69"
        },
        {
            "input": "62 18 82 51 27 5 54 54 25 58 90 20 70 89 11 63 46 6\n15",
            "output": "18"
        },
        {
            "input": "54 43 17 45 53 41 69 44 81 91 23 5 43 69 98\n6",
            "output": "54"
        },
        {
            "input": "81 76 70 5 17 16 56 42\n1",
            "output": "81"
        },
        {
            "input": "51 28 47 35 48 39 93 88 39 61 57 86 72 78 64 37\n3",
            "output": "86"
        },
        {
            "input": "42 21 34 51 97 35 85 23 28 13\n9",
            "output": "21"
        },
        {
            "input": "40 98 90 67 34 93 17 11 62 68 65 22 80 73 36 31 36\n10",
            "output": "40"
        },
        {
            "input": "52 71 56 59 62 80 63 57 51 55 72 37 74 83 62 97 89 76\n9",
            "output": "63"
        },
        {
            "input": "41 95\n1",
            "output": "95"
        },
        {
            "input": "10 14 54 71\n1",
            "output": "71"
        },
        {
            "input": "14 16 98 40 68 51 82 71 81 67 60 92 17 34 10 10\n6",
            "output": "68"
        },
        {
            "input": "80 70 82 63 7 74 26 44 58 96 28 55 90\n11",
            "output": "28"
        },
        {
            "input": "3 7 86 19 7 39 12 12 93 77\n6",
            "output": "12"
        },
        {
            "input": "74 9 42 85 86 3 6 30 36 79 41 60\n7",
            "output": "41"
        },
        {
            "input": "90 53 20 7 26 75 79 83 28 20 41 75\n2",
            "output": "83"
        },
        {
            "input": "40 96 14 16 68 35 55 83 57 74\n1",
            "output": "96"
        },
        {
            "input": "59 24 66 59 78 83\n5",
            "output": "59"
        },
        {
            "input": "96 79 32 28 50 29 29 60 32 70 61 17 35 44 53 17\n7",
            "output": "50"
        },
        {
            "input": "4 69 64 53 41 14 25 69 80 92 96 97 23 21\n4",
            "output": "80"
        },
        {
            "input": "30 49 11 66 27 98 34 47 60 52 66\n10",
            "output": "27"
        },
        {
            "input": "21 54 22 86 48 67 11\n4",
            "output": "48"
        },
        {
            "input": "84 50 12 54 59 85 38 24 41 39 95 46 100 66 73 75\n11",
            "output": "46"
        },
        {
            "input": "41 50\n2",
            "output": "41"
        },
        {
            "input": "82 78 69\n3",
            "output": "69"
        },
        {
            "input": "87 22 36 10 46 44 83 81 19 80 71 21\n5",
            "output": "71"
        },
        {
            "input": "20 72 15 6 61 44 32 1 3 92 42 75 4 96\n5",
            "output": "61"
        },
        {
            "input": "53 68 48 85 22 27 40 73 92 73 91 40 67 50 39 39 19 56\n8",
            "output": "56"
        },
        {
            "input": "88 100 89 14 52 44 3 33 7 39 97 19 57 44\n9",
            "output": "39"
        },
        {
            "input": "35 52 51 7 40\n1",
            "output": "52"
        },
        {
            "input": "17 53 41 3 86 79 45 69 90\n6",
            "output": "45"
        },
        {
            "input": "33 75 58 97 48 77 19 47 67 59 58 86 47 25 81 95 96 31 76\n1",
            "output": "97"
        },
        {
            "input": "80 49 81 34 88 13 54 93 11 60 8 45\n8",
            "output": "45"
        },
        {
            "input": "17 31 2 80 80 90 80\n3",
            "output": "80"
        },
        {
            "input": "83 54 99 24 87 52\n3",
            "output": "83"
        },
        {
            "input": "82 74 93 69 65 85 98 52 59 46 37 28 17 11 81 77\n14",
            "output": "28"
        },
        {
            "input": "75 34 62 89 52 47 34\n6",
            "output": "34"
        },
        {
            "input": "98 38 3 61 28 63 96 29 24 47 16\n2",
            "output": "96"
        },
        {
            "input": "52 93 76 3 96 42 45 77 8 49 78 11 12 79 64 80\n12",
            "output": "42"
        },
        {
            "input": "64 72 70 48 3 46 96 37\n7",
            "output": "37"
        },
        {
            "input": "76 74 70 88 52 62 18 59 61 29 86 87 2 96 56 61 7 27 7 45\n16",
            "output": "27"
        },
        {
            "input": "70 54 24 73 42 55 100 14 65 95 39 19 41 54 95 13 100 32 7\n5",
            "output": "73"
        },
        {
            "input": "29 90 77 22 87 34 79\n7",
            "output": "22"
        },
        {
            "input": "86 8 5 90 20 79 64 87\n7",
            "output": "8"
        },
        {
            "input": "74 93 21 100 94 42 34 83 41 83 89 73\n10",
            "output": "41"
        },
        {
            "input": "84 95 12 41 77 93 62 26 23 14 30 7 58 56 82\n8",
            "output": "56"
        },
        {
            "input": "54 17 19 87 57 34 68 69 96 47 47 32\n5",
            "output": "57"
        },
        {
            "input": "39 71 98 47 45 21 93 78\n7",
            "output": "39"
        },
        {
            "input": "81 3 48 36 74 69 69 77 48\n3",
            "output": "74"
        },
        {
            "input": "45 3 55 97 12\n2",
            "output": "55"
        },
        {
            "input": "34 21 94 15 92 28\n5",
            "output": "21"
        },
        {
            "input": "44 26 60 98 73 53 35 13 74 99 19 48 13 29\n9",
            "output": "35"
        },
        {
            "input": "29 4 52 20 20 81 55 22 22\n5",
            "output": "22"
        },
        {
            "input": "60 64 83\n1",
            "output": "83"
        },
        {
            "input": "47 14 37 20 97 40 36 42 65 20 13 22 19 29 6 34 96 60 2\n18",
            "output": "6"
        },
        {
            "input": "87 94 3 13 52 8\n4",
            "output": "13"
        },
        {
            "input": "57 82\n1",
            "output": "82"
        },
        {
            "input": "79 21 18 36 75 75 22\n2",
            "output": "75"
        },
        {
            "input": "92 71 32 100 72 97 25 33 4 92 36 83 74 66 97 84 44 62 45\n9",
            "output": "72"
        },
        {
            "input": "87 62 12 83 52 46 36 53 16 72 25 4 85 19\n2",
            "output": "85"
        },
        {
            "input": "1 22\n1",
            "output": "22"
        },
        {
            "input": "27 47 14 27 77 12\n1",
            "output": "77"
        },
        {
            "input": "24\n1",
            "output": "24"
        },
        {
            "input": "98 70 98 15 23 90 85 64 7 86 49 79 17 95 64 86 68 82 92 74\n17",
            "output": "23"
        },
        {
            "input": "73 55 52 48 48 50 44 40 73\n8",
            "output": "44"
        },
        {
            "input": "47 47 26 59 33 46\n5",
            "output": "33"
        },
        {
            "input": "33 91 1 50 90 75 4 85 68\n8",
            "output": "4"
        },
        {
            "input": "76 40 93 80 61 38 85 83 1 22 52 57 83 15 49 5 61 41 3\n10",
            "output": "52"
        },
        {
            "input": "83 10 34 68 10 7 6 81\n6",
            "output": "10"
        },
        {
            "input": "98 53 5 45 82 20 39 2 65 13 49 68\n10",
            "output": "13"
        },
        {
            "input": "74 86\n2",
            "output": "74"
        },
        {
            "input": "56 85 35 33 28 13 80 33 93 12 23 4 96 57 28 14 86 79\n10",
            "output": "33"
        },
        {
            "input": "20 87\n2",
            "output": "20"
        },
        {
            "input": "32 27 91 80\n1",
            "output": "91"
        },
        {
            "input": "31 55 8\n1",
            "output": "55"
        },
        {
            "input": "10 36 51 34 89 16 27 70 47 81 20 83 72 36 40\n7",
            "output": "47"
        },
        {
            "input": "38 32 32 55 66 5 32 1 34 75 9 62 9 12 45 71 52 36 9 36\n7",
            "output": "45"
        },
        {
            "input": "62\n1",
            "output": "62"
        },
        {
            "input": "20 84 62 18 88 82 41 2 29 2 37 19 81\n13",
            "output": "2"
        },
        {
            "input": "27 23 28 77 67 11 29 12 20 23 10 27 15 53 48 25\n10",
            "output": "23"
        },
        {
            "input": "86 94 43 54 4\n5",
            "output": "4"
        },
        {
            "input": "49 35 49 59 43 95 3 66 73 69 25 90 70 70 59 44 58 85 99\n13",
            "output": "49"
        },
        {
            "input": "11 28 9\n1",
            "output": "28"
        },
        {
            "input": "24 14 94 67 91 82 8 19 30 72 42 19 7 95 68 2 9\n10",
            "output": "24"
        },
        {
            "input": "99 8 83 100 52 91 93 17 69 12 1 73 55 62 89 17 14\n12",
            "output": "17"
        },
        {
            "input": "97 10 72 18 51 25 2\n1",
            "output": "97"
        },
        {
            "input": "7 49 99 35 78 44 47 96 76 61 59 12\n3",
            "output": "78"
        },
        {
            "input": "37 49 23 100 79 59 52 62 83 33 95 43 12 36 71\n11",
            "output": "37"
        },
        {
            "input": "8 21 89 48 95 23 79 61 41 12 25 42 78 24 74 24 89 26 6\n9",
            "output": "42"
        },
        {
            "input": "97 44 85 50 77 46 77 67 29 84\n6",
            "output": "67"
        },
        {
            "input": "94\n1",
            "output": "94"
        },
        {
            "input": "6 53\n2",
            "output": "6"
        },
        {
            "input": "81 43 72 17 46 59 82 17 14 60 3 62 17 80 21 69\n16",
            "output": "3"
        },
        {
            "input": "79 45\n2",
            "output": "45"
        },
        {
            "input": "94 94 74 19 41 7 12 67 14 85 82 55 59\n9",
            "output": "41"
        },
        {
            "input": "44 51 89 85 81 42 68 91\n5",
            "output": "68"
        },
        {
            "input": "13 89 6 14 21 7 81 44 52 54 60 78 32 75 22 27 27 68 91 4\n11",
            "output": "32"
        },
        {
            "input": "10 50 67 3 43 51\n4",
            "output": "43"
        },
        {
            "input": "42 17 15 76 78 87 25 19 5 3 54 68 82 74 6 47\n3",
            "output": "78"
        },
        {
            "input": "44 55 59 3 33 55 86 39 57 37 28 94 2 94 77\n7",
            "output": "55"
        },
        {
            "input": "46 10 49 13 10 57 77 70 47 53 25 7 14 30 64 31 29 84\n2",
            "output": "77"
        },
        {
            "input": "46 29 43 94\n4",
            "output": "29"
        },
        {
            "input": "67 69 24 20 59 42 50 89 51 71 90 4 92 40\n3",
            "output": "89"
        },
        {
            "input": "19 47 54 4 27 38 24 7 24 64 77 13 13 33\n6",
            "output": "33"
        },
        {
            "input": "58 93 83 12 44 66 66 45 67 5 70 38 86 40 34 98 16\n11",
            "output": "44"
        },
        {
            "input": "22 49 2 58 35 23\n2",
            "output": "49"
        },
        {
            "input": "88 19 82 29 87 68 90 46 37 85 76 81\n9",
            "output": "46"
        },
        {
            "input": "36 84\n1",
            "output": "84"
        },
        {
            "input": "58 10 88 25 48 38 17 38 76 89 69\n11",
            "output": "10"
        },
        {
            "input": "63 78 14 13 35 17 31 82\n3",
            "output": "63"
        },
        {
            "input": "73 65 90\n2",
            "output": "73"
        },
        {
            "input": "70 46\n2",
            "output": "46"
        },
        {
            "input": "64 90 21 39 100 37 55 79 13 83\n2",
            "output": "90"
        },
        {
            "input": "20 47 10 4 66 27 88 2 74\n5",
            "output": "27"
        },
        {
            "input": "4 1 43 73\n4",
            "output": "1"
        },
        {
            "input": "42 53 32 70 82 10 19 31 44 73 61 40 21 65 85 84 15 47\n14",
            "output": "31"
        },
        {
            "input": "39 82 6 56 70\n1",
            "output": "82"
        },
        {
            "input": "74 54 69 83 98 81 96 43 59 25 48 5 36 32 28 72 94 94\n4",
            "output": "94"
        },
        {
            "input": "31 16 28 93 71 38 6 2 85\n4",
            "output": "38"
        },
        {
            "input": "78 87 18 90 4 31 69 75 82 73 42 34 44\n11",
            "output": "31"
        },
        {
            "input": "99 79 61 77 44 98 81 21 44 90 13 63 27 61 76 50 97 93 58\n14",
            "output": "50"
        },
        {
            "input": "13\n1",
            "output": "13"
        },
        {
            "input": "95 61 64 68 5 96 19 55 30 72 12 97 64 8 20 80 49 73 18 29\n5",
            "output": "73"
        },
        {
            "input": "25 45 80 94 1\n2",
            "output": "80"
        },
        {
            "input": "18 96 91 52 73\n2",
            "output": "91"
        },
        {
            "input": "50 9 1 14 90 83 76 92 19 17 3\n1",
            "output": "92"
        },
        {
            "input": "87 92 57 17 49 30 52 19 22 29 26 67\n1",
            "output": "92"
        },
        {
            "input": "95 4 94 15 38\n1",
            "output": "95"
        },
        {
            "input": "37 98 54 35 50 82 78 34 54 79\n7",
            "output": "50"
        },
        {
            "input": "61 78 61 20 71 21 93 61 57 99 74 38 57 33\n3",
            "output": "78"
        },
        {
            "input": "48\n1",
            "output": "48"
        },
        {
            "input": "95 54 54 38 56 14 80 31\n5",
            "output": "54"
        },
        {
            "input": "99 97 24 35 68 31 47 96 6 42 63 70 89 43 31 96 67 40 33\n19",
            "output": "6"
        },
        {
            "input": "87 72 80 66\n1",
            "output": "87"
        },
        {
            "input": "68 28 1\n1",
            "output": "68"
        },
        {
            "input": "81 64\n1",
            "output": "81"
        },
        {
            "input": "54 58 49 100\n3",
            "output": "54"
        },
        {
            "input": "40 85 79 90 2 63 30 20 67\n1",
            "output": "90"
        },
        {
            "input": "83 58 22 58 71 66 62 68 96 51 13 73 18 79 8 52 100 19 53\n13",
            "output": "52"
        },
        {
            "input": "25 77 81 96 27 37 64 1 19 72 65 91 37 68 56 34 78 65\n14",
            "output": "34"
        },
        {
            "input": "29 62 4 7 87 70 46 98 21 45 53 98 1 4 9 98 6 31 87 41\n18",
            "output": "4"
        },
        {
            "input": "79 89 34 69 8 16 61 8 1 49 84 100 28 88 70 14 3\n1",
            "output": "100"
        },
        {
            "input": "81 71 36 34 73 53 33 17 39 36 63 64 19 94\n2",
            "output": "81"
        },
        {
            "input": "1 74 76 73 20 41 47 91 66 89 10 21 95 45 38 43 94 67\n17",
            "output": "10"
        },
        {
            "input": "4 12 48 10 34 38 27 75 13 71 52 95 95 86 1 5 92 83\n16",
            "output": "5"
        },
        {
            "input": "55 90 56 75 45 93 93 58 24 60 44 70 66 76 8 42 59 44\n2",
            "output": "93"
        },
        {
            "input": "82 3 80 77\n1",
            "output": "82"
        },
        {
            "input": "76 10\n1",
            "output": "76"
        },
        {
            "input": "42 62 10 51\n4",
            "output": "10"
        },
        {
            "input": "23 17 11 47 13 30 74 52 86 92 94\n1",
            "output": "94"
        },
        {
            "input": "86 50 40 31 16 49 23 61 6 63 83 98 30 56 21 24\n1",
            "output": "98"
        },
        {
            "input": "94 36 21 20 15 8 28 76 7 74 41 30 10\n4",
            "output": "41"
        },
        {
            "input": "8 84 91 78 10 50 2 89 19 59\n10",
            "output": "2"
        },
        {
            "input": "54 77 2 75 23 46 9 16 43\n9",
            "output": "2"
        },
        {
            "input": "81 14 65 50 64 87 34 73 28 37\n2",
            "output": "81"
        },
        {
            "input": "56 2 45 38 48 75 36 33 73 94 85 86 27 36\n2",
            "output": "86"
        },
        {
            "input": "95 68 88 54 45 51 31 58\n7",
            "output": "45"
        },
        {
            "input": "37 79 13 9 12 95 30 27 46 49 98\n1",
            "output": "98"
        },
        {
            "input": "25 41 32 59 79 47 91 35\n4",
            "output": "47"
        },
        {
            "input": "98 79 44 87 12 86 73 66 50 46 38 49 32 18 78 99 47 37 60\n11",
            "output": "49"
        },
        {
            "input": "60 23 39\n3",
            "output": "23"
        },
        {
            "input": "23 15 25 40 55 69 99\n3",
            "output": "55"
        },
        {
            "input": "6 42 66 20 17 21 60 95 68 75 42 83 12 41 75 29 41\n6",
            "output": "66"
        },
        {
            "input": "96\n1",
            "output": "96"
        },
        {
            "input": "28 16 4 97 38 17 65 89 17 94 83 93 71 52 30 1 73 94\n5",
            "output": "89"
        },
        {
            "input": "45 93 22 47 92 44 30\n4",
            "output": "45"
        },
        {
            "input": "4 86 33 77 57\n4",
            "output": "33"
        },
        {
            "input": "63 63 28 61 84 42\n3",
            "output": "63"
        },
        {
            "input": "79 45 1 94 98 85 6 27 84\n9",
            "output": "1"
        },
        {
            "input": "14 22 10\n1",
            "output": "22"
        },
        {
            "input": "26 21 28 5 61 34 46 34 46 39 26 25 8 17 77 52\n3",
            "output": "52"
        },
        {
            "input": "60 5 94 64 40 70 5 6 89 36 42 89 41\n10",
            "output": "36"
        },
        {
            "input": "34 22 23 57 28 7 20 73 5 73 12\n9",
            "output": "12"
        },
        {
            "input": "66 5\n1",
            "output": "66"
        },
        {
            "input": "21 32 89 60 30 65 25 76 68 26 39 71 84 45 36\n14",
            "output": "25"
        },
        {
            "input": "79 13 59 55 90 84 52 68 75 73 38\n9",
            "output": "52"
        },
        {
            "input": "50 23 24 76 28 35 49 49 89 87 54 44 87 23 44\n6",
            "output": "50"
        },
        {
            "input": "1 34 30 5 23 56 42 63 42 85 73 82 46 77 41 25 8 62 64 43\n10",
            "output": "43"
        },
        {
            "input": "22 67 10 70 88 60 35 2 58 63 42 9 39 80 45 28\n2",
            "output": "80"
        },
        {
            "input": "65 86 25 23 42 82 72 29 90 24 38 16 52 28 97\n3",
            "output": "86"
        },
        {
            "input": "94 91 18\n1",
            "output": "94"
        },
        {
            "input": "96 88\n2",
            "output": "88"
        },
        {
            "input": "80 57 42 51 13 44 33 42 54 21 12 89 89 15 100 97 90 14 33 31\n2",
            "output": "97"
        },
        {
            "input": "6 85 20 18 88 6 37 4 64 44 22 58 39 86 32 42 96 85 77 50\n20",
            "output": "4"
        },
        {
            "input": "26 50 80\n2",
            "output": "50"
        },
        {
            "input": "90\n1",
            "output": "90"
        },
        {
            "input": "50 74\n2",
            "output": "50"
        },
        {
            "input": "13 42 34 92\n4",
            "output": "13"
        },
        {
            "input": "43\n1",
            "output": "43"
        },
        {
            "input": "4 55 70 26 62 57 20 39 95 12 92\n9",
            "output": "20"
        },
        {
            "input": "61 61 59 1 27 94\n5",
            "output": "27"
        },
        {
            "input": "60 46 7 77 71 22 66 31 34 98 21 76 81 33 67\n3",
            "output": "77"
        },
        {
            "input": "25 48 12\n2",
            "output": "25"
        },
        {
            "input": "25 11\n1",
            "output": "25"
        },
        {
            "input": "73 33 17 42 62 94 98 46 80 14 71 60 19 58 73\n6",
            "output": "71"
        },
        {
            "input": "12 65 58 85 3 51 88 58\n6",
            "output": "51"
        },
        {
            "input": "68 56 59 14 64 16 49 7 56 6 47\n4",
            "output": "56"
        },
        {
            "input": "27 60 33 95 79 93 19 99 8 14 92 20 58 95 83 33 70\n10",
            "output": "58"
        },
        {
            "input": "73 58 64 34 85 10 54 46 54 76 13 15 41 45 64 97 46 55 62 22\n7",
            "output": "62"
        },
        {
            "input": "73 28 41 77 68 51 60 53 8 81 14 98 24 42 37\n15",
            "output": "8"
        },
        {
            "input": "23 25 28\n2",
            "output": "25"
        },
        {
            "input": "15 29 9 88 91 63 19 47 52 35 59 80\n4",
            "output": "63"
        },
        {
            "input": "92 19 92 17 59 90 78 22 33 37 1 97 39 9\n7",
            "output": "39"
        },
        {
            "input": "68 2 67 31 9 59 22 85\n5",
            "output": "31"
        },
        {
            "input": "64 1 26 75 50 56 27 66 51 94 57\n11",
            "output": "1"
        },
        {
            "input": "95 82 32 32 11\n4",
            "output": "32"
        },
        {
            "input": "26 49 85 2\n4",
            "output": "2"
        },
        {
            "input": "90 99 25\n2",
            "output": "90"
        },
        {
            "input": "36 10 47 33 97 85\n2",
            "output": "85"
        },
        {
            "input": "11 96 48 21\n1",
            "output": "96"
        },
        {
            "input": "92 55 98 94 51 57 24 79 32\n2",
            "output": "94"
        },
        {
            "input": "89 30 65 11 74 34 43 59 24 38 22 30 10 29\n14",
            "output": "10"
        },
        {
            "input": "46 63\n2",
            "output": "46"
        },
        {
            "input": "70 4 49 6 85 69\n5",
            "output": "6"
        },
        {
            "input": "89 67 90 91 10 7 33 32 9 13 30 67 36 37 85 58 32 44 65\n19",
            "output": "7"
        },
        {
            "input": "92 12 100 29 87 22 69 1 100 11\n3",
            "output": "92"
        },
        {
            "input": "59 46 42 27 72 16 65 42 61 34 68 23 24 85 4 58 71 39\n11",
            "output": "42"
        },
        {
            "input": "39 17 96 66 45 77 8 37 39 43 4 22 20 49 95 47 73\n11",
            "output": "39"
        },
        {
            "input": "56 75 14 73\n1",
            "output": "75"
        },
        {
            "input": "9 21 73 58 45 59 83\n4",
            "output": "58"
        },
        {
            "input": "40 14 64 90 29 19 37 56 40 58 40 93\n4",
            "output": "58"
        },
        {
            "input": "60 40 6 23 17 66 68 2 12 89 77\n5",
            "output": "60"
        },
        {
            "input": "45 42 52 26 53 88 17 7 29 59 20 40 60 82 75 99 26 39\n15",
            "output": "26"
        },
        {
            "input": "47 98 20 50 12 83 42 8 93 3 68 14 57 85 58 15 53 17 84 98\n2",
            "output": "98"
        },
        {
            "input": "31 61 61 59 30 90 11 93 16 89 46 88 96 34 2\n14",
            "output": "11"
        },
        {
            "input": "76 40 94 85 18\n4",
            "output": "40"
        },
        {
            "input": "62 1 46 4 2 32 98 32 22 80\n6",
            "output": "32"
        },
        {
            "input": "27 98 86 89 12 61 9 70 45 68\n9",
            "output": "12"
        },
        {
            "input": "59 99 100 93 91 6 57 51 84 44 40\n2",
            "output": "99"
        },
        {
            "input": "34 48 44 38 69 38 40 62\n3",
            "output": "48"
        },
        {
            "input": "8 66 47 82 39 74 8 89 53 79 54 84 9 27 31 15 6\n17",
            "output": "6"
        },
        {
            "input": "81 35 3 21 6 44 37 63 57 19 99 56 74 55 17\n4",
            "output": "63"
        },
        {
            "input": "100 42 49 49 81 29 56 94 27 35 81 61 68 21 15 95 71 4\n14",
            "output": "29"
        },
        {
            "input": "2 41 82 49 11 45 42 46 93 14 13 39\n4",
            "output": "46"
        },
        {
            "input": "55 31 19 91 90 20 64 36 64 83 95 15 83 53\n2",
            "output": "91"
        },
        {
            "input": "13 34 81 70 50 86 18 88 20 38 67 89 96 13\n1",
            "output": "96"
        },
        {
            "input": "23 71 48 29\n1",
            "output": "71"
        },
        {
            "input": "52 58 52 48 44 96 25 47 39 17 84 84 80 23 47 66 19\n12",
            "output": "44"
        },
        {
            "input": "88 76 71 66 48 31 77 46 54 65 31 58 98 93 19 52 21 73 79\n19",
            "output": "19"
        },
        {
            "input": "82 65 34 52 79 8 20 70 96 16 28 19\n8",
            "output": "28"
        },
        {
            "input": "82 36 75 89 10 90 86 48 31\n4",
            "output": "82"
        },
        {
            "input": "80 66 68 55 78 20 37 84 79 79 77 36 95 51 2 37 22\n8",
            "output": "68"
        },
        {
            "input": "11 95\n1",
            "output": "95"
        },
        {
            "input": "12 98 29 76 71 25 49 29 36 18 8 74 37 7 15 12 31 54 51\n15",
            "output": "15"
        },
        {
            "input": "20 38 44 19 40 35 60 57 88 6 40 55\n1",
            "output": "88"
        },
        {
            "input": "39 54\n2",
            "output": "39"
        },
        {
            "input": "28 69 16 58 84 50 37 78 84 92 83 45\n11",
            "output": "28"
        },
        {
            "input": "8 93 11 17 92 50 49\n3",
            "output": "50"
        },
        {
            "input": "81 68 96 65 5 73 28 42 61 28 9 17 28 19 70 57 30 86 57 28\n3",
            "output": "81"
        },
        {
            "input": "62 30 11 77 8 36\n6",
            "output": "8"
        },
        {
            "input": "36 28 55 64 42 95 63 77 97 42 65 60 43 70 34\n9",
            "output": "55"
        },
        {
            "input": "18 2 73 26\n4",
            "output": "2"
        },
        {
            "input": "74 38 86 58 24 37 14 23 97 85\n2",
            "output": "86"
        },
        {
            "input": "19 73 65 25 75 92 12 82 20 57 74 38\n5",
            "output": "73"
        },
        {
            "input": "69 38 97 18 52 46 94 10 55 100 11 96 51 83 55 49 39\n3",
            "output": "96"
        },
        {
            "input": "60 24 90 45 77\n3",
            "output": "60"
        },
        {
            "input": "5\n1",
            "output": "5"
        },
        {
            "input": "44 85 64 86 62 19 45 37 62 75 64 53 11 8 64 41\n8",
            "output": "62"
        },
        {
            "input": "70 91 1 99 44 91 38 72 80 32 8 90 89 68 79 50 45 66 100\n1",
            "output": "100"
        },
        {
            "input": "84 25 65 92 27 58 50 76 25\n6",
            "output": "50"
        },
        {
            "input": "32 66 78 28 32 21 8 22\n2",
            "output": "66"
        },
        {
            "input": "21 87\n2",
            "output": "21"
        },
        {
            "input": "90 73 84 48 49 31 14 80 11 13 95 5 25 48 1 15 83 46 49 54\n11",
            "output": "48"
        },
        {
            "input": "98 82 78 39 35 32 12 29 53 21 62 59 13 20 33\n9",
            "output": "33"
        },
        {
            "input": "89 35 14 40 22 14 21 90\n1",
            "output": "90"
        },
        {
            "input": "35 34 2 29 88 65 1 61\n2",
            "output": "65"
        },
        {
            "input": "36 98 19 48 44 71 68 42 83 6 55 53 6 81 22 11 35 76\n15",
            "output": "19"
        },
        {
            "input": "78 28 83 89 69 2 46 25 57 57 5 44 83\n9",
            "output": "44"
        },
        {
            "input": "99 92 23 80 68 70 37 57 28 57 48 80 6 100\n5",
            "output": "80"
        },
        {
            "input": "19 46 34\n3",
            "output": "19"
        },
        {
            "input": "40 51 55 78 96 79 26 13 23 1 93 55 88 63 28 25 39 16\n13",
            "output": "26"
        },
        {
            "input": "49 37 41 19 21 52 28 13 9 48 12 77 74 26 53 98 71 46 24 18\n2",
            "output": "77"
        },
        {
            "input": "29 90 57 61 44 9 23 81 22 47 48 44 24 80 55 8 25\n8",
            "output": "47"
        },
        {
            "input": "40\n1",
            "output": "40"
        },
        {
            "input": "26 7 40 83 49 36 93 85 100 82 77 33\n11",
            "output": "26"
        },
        {
            "input": "91 8 69 92 41 11 61 41 57 3 83 19 3 21 1 25 67 88 54\n15",
            "output": "11"
        },
        {
            "input": "30 42 96 34 20 11 22 47 3 73 35 68 19\n13",
            "output": "3"
        },
        {
            "input": "32 26 5 99 29 3 46 31\n4",
            "output": "31"
        },
        {
            "input": "1 23 55 19 99 48 79 98 97 83\n7",
            "output": "48"
        },
        {
            "input": "51 43 30 46 95 50 73 11 29 57 59 16 9 35 44 38 73 21\n11",
            "output": "38"
        },
        {
            "input": "89 61 76 85 97 5\n1",
            "output": "97"
        },
        {
            "input": "97 46 76 44\n2",
            "output": "76"
        },
        {
            "input": "73 76 9 88 93 61 40 73 1 4\n4",
            "output": "73"
        },
        {
            "input": "84\n1",
            "output": "84"
        },
        {
            "input": "11 19 68 18 96 56 55 43 95 54 93 54 36 66 8 99 53\n11",
            "output": "53"
        },
        {
            "input": "84 36 48 68 86 91 95 84 44 70 92 15 47 44 36\n12",
            "output": "44"
        },
        {
            "input": "1 83 80 80 22\n1",
            "output": "83"
        },
        {
            "input": "97 65 48 16 29 13 66 19 1 76 7 35\n8",
            "output": "19"
        },
        {
            "input": "67 65 75 77 58 35 7 64\n3",
            "output": "67"
        },
        {
            "input": "26 88 8 29 91 59 63 14 29 77 51 11 90 16 89 17 15 76 39\n5",
            "output": "77"
        },
        {
            "input": "24 98 16 28 43 52 77 44\n6",
            "output": "28"
        },
        {
            "input": "82 84 15 32 26 76 9 65 89 92 30 49 76 42 44 72\n12",
            "output": "32"
        },
        {
            "input": "16 25 3 89 53 26 36 32 38\n3",
            "output": "38"
        },
        {
            "input": "60 11 82 12 25 3 37 72 58 21 26\n11",
            "output": "3"
        },
        {
            "input": "45 60 34 54 45 39 42\n2",
            "output": "54"
        },
        {
            "input": "37 51 67 36 52 17 97 69 28 33 80 91 42 33 44 18 46 39 48\n8",
            "output": "48"
        },
        {
            "input": "46 40 79 10 40 56 2 6 52 62 71 66 69 34\n4",
            "output": "66"
        },
        {
            "input": "8 34 100\n2",
            "output": "34"
        },
        {
            "input": "23 92 60 74 16 32 45\n2",
            "output": "74"
        },
        {
            "input": "79 15 31 3 31 6 79 48 94 65 88 1 36 64\n10",
            "output": "31"
        },
        {
            "input": "71 14 55 44\n4",
            "output": "14"
        },
        {
            "input": "85 5 36 26 2 100 42 69 4 100 1 63 9\n11",
            "output": "4"
        },
        {
            "input": "82 9 74 92 94 16 65 50 74\n6",
            "output": "65"
        },
        {
            "input": "36 62 49 73 44 39 6 92 28 63 66\n2",
            "output": "73"
        },
        {
            "input": "21 96 9 70 89 95 46 29 86 36 57 54 68 99 23 48 4 13 17\n3",
            "output": "95"
        },
        {
            "input": "94 79 59 24 22 25 62 69 23 66 29 32 11 84 83 1 43 68\n11",
            "output": "32"
        },
        {
            "input": "22 87 23 62 86 18 41 53 4 96 99 33 47 70 72\n7",
            "output": "62"
        },
        {
            "input": "64 57 61 38\n4",
            "output": "38"
        },
        {
            "input": "56 54 94 65 72 38 60 44 95 14 95 43 36 17 67 1\n16",
            "output": "1"
        },
        {
            "input": "22 89 9 23 1 4 22 69 86 17 11 80 91 52\n11",
            "output": "11"
        },
        {
            "input": "20 2 85 55 96\n4",
            "output": "20"
        },
        {
            "input": "83 2 5 66 11 58 67 57 96 50 9 13 3\n11",
            "output": "5"
        },
        {
            "input": "67 14 28 77 52 26 68 59 76 53 66 54 51 15\n2",
            "output": "76"
        },
        {
            "input": "30\n1",
            "output": "30"
        },
        {
            "input": "65 55 17 22 45 9 1 33 4\n5",
            "output": "22"
        },
        {
            "input": "29 87 45 37 97 71 8 64 70 8 19 69 63 68\n6",
            "output": "68"
        },
        {
            "input": "35 19 85 23 83 97 65 81 55\n4",
            "output": "81"
        },
        {
            "input": "69 48 8 67 32\n2",
            "output": "67"
        },
        {
            "input": "61 15 13 42 77 12 36 48 33 82 33 83 76 75 57\n4",
            "output": "76"
        },
        {
            "input": "73 34 52 62 29 78 49\n3",
            "output": "62"
        },
        {
            "input": "74\n1",
            "output": "74"
        },
        {
            "input": "24 64 86 99 28 98 35 54 87 21\n10",
            "output": "21"
        },
        {
            "input": "72 42 6 28 49 44\n5",
            "output": "28"
        },
        {
            "input": "75 6 2 61 73\n2",
            "output": "73"
        },
        {
            "input": "42 52\n2",
            "output": "42"
        },
        {
            "input": "10 43 95 30 69 6 92 51 5 74 6 51 45 65\n4",
            "output": "69"
        },
        {
            "input": "32\n1",
            "output": "32"
        },
        {
            "input": "86 79 56 71 48 85 69 68 50 78\n4",
            "output": "78"
        },
        {
            "input": "69 69 9 31 61 45 77 35 84\n3",
            "output": "69"
        },
        {
            "input": "88 99 86 67 45 7 45 23 91\n7",
            "output": "45"
        },
        {
            "input": "95 35 66 92 54 40 31 55 70 76 90 24 40 25 85 99\n9",
            "output": "55"
        },
        {
            "input": "24 16 95 45 39 56 78 69 32\n7",
            "output": "32"
        },
        {
            "input": "66 93 25 91 52\n1",
            "output": "93"
        },
        {
            "input": "47 55 65 66 9 78 15\n2",
            "output": "66"
        },
        {
            "input": "95 97 36 87 14 3 63 96 36 74\n9",
            "output": "14"
        },
        {
            "input": "83 98 44 38 18 79 9 85\n2",
            "output": "85"
        },
        {
            "input": "26\n1",
            "output": "26"
        },
        {
            "input": "46 24 41 94 59 32 36 4 2 42 48 29 95 5 60 60\n16",
            "output": "2"
        },
        {
            "input": "14\n1",
            "output": "14"
        },
        {
            "input": "5 46 4 95 68 79 25 86 75 88 29 78 58\n4",
            "output": "79"
        },
        {
            "input": "67 19 44 9 51 53 54 33 74 5 46 50\n5",
            "output": "51"
        },
        {
            "input": "82 7 51\n3",
            "output": "7"
        },
        {
            "input": "15\n1",
            "output": "15"
        },
        {
            "input": "93 65 83\n3",
            "output": "65"
        },
        {
            "input": "71 69 88 21 60 58 7 27 43 91 88\n2",
            "output": "88"
        },
        {
            "input": "95 78 42 85 45 68\n3",
            "output": "78"
        },
        {
            "input": "6 79\n2",
            "output": "6"
        },
        {
            "input": "39 20 91\n1",
            "output": "91"
        },
        {
            "input": "79 26 71 85 25 96 3 54\n3",
            "output": "79"
        },
        {
            "input": "79 22 86 35 34 80 61 20 80 42 26 95 93 69 48 49 75\n14",
            "output": "34"
        },
        {
            "input": "40 42 63 47 43 93 81 86 83 79 66 68 18 73 52 35 23\n3",
            "output": "83"
        },
        {
            "input": "86 9\n2",
            "output": "9"
        },
        {
            "input": "77 20 82 19 30 75 79 2 56 84 87 57 88 82 75 63 39 86\n15",
            "output": "30"
        },
        {
            "input": "33 51 68 64 46 4 79 12 85 6 99 41 55 58 20 22 3 61 16 14\n3",
            "output": "79"
        },
        {
            "input": "60 61 24 76 25 7 39 93 97\n4",
            "output": "61"
        },
        {
            "input": "58 10\n2",
            "output": "10"
        },
        {
            "input": "86 11 57 50 67 9 61 13 9 51 6 100\n9",
            "output": "11"
        },
        {
            "input": "79 84 84 6 62 35 3 21 78 19 5 53 100 42 95 81 83 76\n2",
            "output": "95"
        },
        {
            "input": "50 19 57 48 7 92 74 35 7 91 43 31 46 41 47 71 70 66 19\n2",
            "output": "91"
        },
        {
            "input": "23 51 16 94 5 62\n2",
            "output": "62"
        },
        {
            "input": "68 24 28\n1",
            "output": "68"
        },
        {
            "input": "73 40 30 71\n4",
            "output": "30"
        },
        {
            "input": "62 37 30 56 87 51 36 53 61 73 100 58 89\n4",
            "output": "73"
        },
        {
            "input": "59 66 27 4 93 83 91 73 58 3 49 16 9 12 98 75 81\n16",
            "output": "4"
        },
        {
            "input": "94 5 64 98 3 59 1 66 31\n5",
            "output": "59"
        },
        {
            "input": "9 54 38 74 69 2 14 66 84 22\n10",
            "output": "2"
        },
        {
            "input": "75 27 57 59 60 99 69 23 13 26 23 48 19 71 98\n2",
            "output": "98"
        },
        {
            "input": "63 3 100 51 38 21 5 37 37 71 5 61 64 67 93 46 65 64 65 79\n3",
            "output": "79"
        },
        {
            "input": "30 67 82 80 8 45 5 78 100 78 38 39 6\n3",
            "output": "80"
        },
        {
            "input": "25 67 78 49 77 97 92 27 47 7 19 6\n11",
            "output": "7"
        },
        {
            "input": "33 2 8 9 63 29 63 5 49 2 17 49 14 25 54\n15",
            "output": "2"
        },
        {
            "input": "6 88 34 31 32 4 17 97 6 22\n5",
            "output": "31"
        },
        {
            "input": "23\n1",
            "output": "23"
        },
        {
            "input": "98 86 1\n2",
            "output": "86"
        },
        {
            "input": "66 44 52 95 5\n1",
            "output": "95"
        },
        {
            "input": "35 38 54 48 56 77 33 24 73 94 36 57\n2",
            "output": "77"
        },
        {
            "input": "77 34 76 79 58 87 29 8 48 38 57 40 83 24 65 10 38 94 67 54\n14",
            "output": "38"
        },
        {
            "input": "57 84 83 74 96 41 8 41 14 52 14 75 19 94 94\n10",
            "output": "41"
        },
        {
            "input": "91 79 63 12 13 25 45 58 99 44 71 6 10 66 41 37 83 21 14 1\n11",
            "output": "41"
        },
        {
            "input": "85 63 11 28 42 42 4 18 11 33 47 80 57 80 72 99 31 29 20 6\n17",
            "output": "11"
        },
        {
            "input": "18 70 79 75 100 60 64 56\n3",
            "output": "75"
        },
        {
            "input": "95 51 72 91 13 1 91 72\n8",
            "output": "1"
        },
        {
            "input": "7 20 39 55 74 77 12 92 79 90 33 84 80 12 32 60 79 20\n10",
            "output": "55"
        },
        {
            "input": "39 55 47 87 34 53 73 51\n7",
            "output": "39"
        },
        {
            "input": "63 16 54 73 25 72 20 63 11 42 21 49 75 98 6 53 27\n12",
            "output": "25"
        },
        {
            "input": "68 74 14 72 35 42 86 93 82 40 45 77 32 42\n4",
            "output": "77"
        },
        {
            "input": "53 58 77 92 99 98 93 35 75 52 81 36 17 89\n12",
            "output": "36"
        },
        {
            "input": "100 46 58\n1",
            "output": "100"
        },
        {
            "input": "52 30\n2",
            "output": "30"
        },
        {
            "input": "99 98 72 64 86 7 9 6 63 38 58 54 23 98 17 87\n11",
            "output": "38"
        },
        {
            "input": "96 87 18 8 100 87 76 56 55\n9",
            "output": "8"
        },
        {
            "input": "54 6 100 8 42 67 83 21\n3",
            "output": "67"
        },
        {
            "input": "31 96 8 13 56 46 59 100 16 74 53 45 85 49 21 73 72 27\n12",
            "output": "45"
        },
        {
            "input": "75 15 83 75 91 10 82 39 63 34 60 8 60 36 76\n1",
            "output": "91"
        },
        {
            "input": "93 98 99 21 98 40 92 27 60 68 6\n3",
            "output": "98"
        },
        {
            "input": "54 97 37\n3",
            "output": "37"
        },
        {
            "input": "91 59 23 14 24 70 96 97 29 71\n8",
            "output": "24"
        },
        {
            "input": "14 50 48 65 31 38 74 41 75 71 27\n7",
            "output": "41"
        },
        {
            "input": "36\n1",
            "output": "36"
        },
        {
            "input": "51\n1",
            "output": "51"
        },
        {
            "input": "26 25 16 71 1 90\n5",
            "output": "16"
        },
        {
            "input": "79 24 93 36 23\n5",
            "output": "23"
        },
        {
            "input": "6\n1",
            "output": "6"
        },
        {
            "input": "93 73 48 58 40 51 98 30 80\n2",
            "output": "93"
        }
    ]
}