{
    "id": "lcm_two_numbers",
    "title": "LCM of Two Numbers",
    "description": "The Least Common Multiple (LCM) of two integers is the smallest positive integer that is perfectly divisible by both integers. In this problem, you are given two integers `A` and `B`. Your task is to calculate their Least Common Multiple.",
    "input_format": "Two space-separated integers A and B.",
    "output_format": "Output a single integer representing the Least Common Multiple (LCM) of `A` and `B`.",
    "constraints": {
        "A": "1 <= A <= 10^4",
        "B": "1 <= B <= 10^4"
    },
    "judge_mode": "FIRST_FAIL",
    "time_limit": 1,
    "sample_test_cases": [
        {
            "input": "4 6",
            "output": "12"
        },
        {
            "input": "5 10",
            "output": "10"
        }
    ],
    "hidden_test_cases": [
        {
            "input": "69 75",
            "output": "1725"
        },
        {
            "input": "70 18",
            "output": "630"
        },
        {
            "input": "98 66",
            "output": "3234"
        },
        {
            "input": "69 61",
            "output": "4209"
        },
        {
            "input": "26 27",
            "output": "702"
        },
        {
            "input": "87 74",
            "output": "6438"
        },
        {
            "input": "71 57",
            "output": "4047"
        },
        {
            "input": "31 67",
            "output": "2077"
        },
        {
            "input": "36 18",
            "output": "36"
        },
        {
            "input": "52 23",
            "output": "1196"
        },
        {
            "input": "91 19",
            "output": "1729"
        },
        {
            "input": "46 4",
            "output": "92"
        },
        {
            "input": "11 12",
            "output": "132"
        },
        {
            "input": "19 47",
            "output": "893"
        },
        {
            "input": "92 69",
            "output": "276"
        },
        {
            "input": "25 88",
            "output": "2200"
        },
        {
            "input": "90 20",
            "output": "180"
        },
        {
            "input": "12 14",
            "output": "84"
        },
        {
            "input": "44 94",
            "output": "2068"
        },
        {
            "input": "38 37",
            "output": "1406"
        },
        {
            "input": "4 83",
            "output": "332"
        },
        {
            "input": "19 83",
            "output": "1577"
        },
        {
            "input": "67 32",
            "output": "2144"
        },
        {
            "input": "10 46",
            "output": "230"
        },
        {
            "input": "30 39",
            "output": "390"
        },
        {
            "input": "48 52",
            "output": "624"
        },
        {
            "input": "32 42",
            "output": "672"
        },
        {
            "input": "79 32",
            "output": "2528"
        },
        {
            "input": "94 68",
            "output": "3196"
        },
        {
            "input": "68 58",
            "output": "1972"
        },
        {
            "input": "25 60",
            "output": "300"
        },
        {
            "input": "10 52",
            "output": "260"
        },
        {
            "input": "73 96",
            "output": "7008"
        },
        {
            "input": "92 2",
            "output": "92"
        },
        {
            "input": "72 76",
            "output": "1368"
        },
        {
            "input": "90 16",
            "output": "720"
        },
        {
            "input": "53 20",
            "output": "1060"
        },
        {
            "input": "43 58",
            "output": "2494"
        },
        {
            "input": "21 24",
            "output": "168"
        },
        {
            "input": "8 83",
            "output": "664"
        },
        {
            "input": "79 54",
            "output": "4266"
        },
        {
            "input": "95 77",
            "output": "7315"
        },
        {
            "input": "97 96",
            "output": "9312"
        },
        {
            "input": "69 62",
            "output": "4278"
        },
        {
            "input": "87 48",
            "output": "1392"
        },
        {
            "input": "17 43",
            "output": "731"
        },
        {
            "input": "30 68",
            "output": "1020"
        },
        {
            "input": "13 95",
            "output": "1235"
        },
        {
            "input": "100 12",
            "output": "300"
        },
        {
            "input": "3 53",
            "output": "159"
        },
        {
            "input": "30 75",
            "output": "150"
        },
        {
            "input": "73 85",
            "output": "6205"
        },
        {
            "input": "16 32",
            "output": "32"
        },
        {
            "input": "15 47",
            "output": "705"
        },
        {
            "input": "64 95",
            "output": "6080"
        },
        {
            "input": "29 43",
            "output": "1247"
        },
        {
            "input": "34 9",
            "output": "306"
        },
        {
            "input": "61 19",
            "output": "1159"
        },
        {
            "input": "30 37",
            "output": "1110"
        },
        {
            "input": "27 22",
            "output": "594"
        },
        {
            "input": "83 50",
            "output": "4150"
        },
        {
            "input": "17 25",
            "output": "425"
        },
        {
            "input": "48 84",
            "output": "336"
        },
        {
            "input": "32 5",
            "output": "160"
        },
        {
            "input": "25 48",
            "output": "1200"
        },
        {
            "input": "78 27",
            "output": "702"
        },
        {
            "input": "87 9",
            "output": "261"
        },
        {
            "input": "81 47",
            "output": "3807"
        },
        {
            "input": "74 43",
            "output": "3182"
        },
        {
            "input": "21 73",
            "output": "1533"
        },
        {
            "input": "8 82",
            "output": "328"
        },
        {
            "input": "12 59",
            "output": "708"
        },
        {
            "input": "8 75",
            "output": "600"
        },
        {
            "input": "42 9",
            "output": "126"
        },
        {
            "input": "89 46",
            "output": "4094"
        },
        {
            "input": "9 37",
            "output": "333"
        },
        {
            "input": "60 39",
            "output": "780"
        },
        {
            "input": "85 70",
            "output": "1190"
        },
        {
            "input": "77 56",
            "output": "616"
        },
        {
            "input": "64 26",
            "output": "832"
        },
        {
            "input": "77 81",
            "output": "6237"
        },
        {
            "input": "98 73",
            "output": "7154"
        },
        {
            "input": "3 6",
            "output": "6"
        },
        {
            "input": "68 90",
            "output": "3060"
        },
        {
            "input": "21 49",
            "output": "147"
        },
        {
            "input": "43 62",
            "output": "2666"
        },
        {
            "input": "7 25",
            "output": "175"
        },
        {
            "input": "65 92",
            "output": "5980"
        },
        {
            "input": "22 42",
            "output": "462"
        },
        {
            "input": "11 45",
            "output": "495"
        },
        {
            "input": "23 26",
            "output": "598"
        },
        {
            "input": "11 62",
            "output": "682"
        },
        {
            "input": "94 26",
            "output": "1222"
        },
        {
            "input": "87 16",
            "output": "1392"
        },
        {
            "input": "3 75",
            "output": "75"
        },
        {
            "input": "22 94",
            "output": "1034"
        },
        {
            "input": "80 9",
            "output": "720"
        },
        {
            "input": "97 48",
            "output": "4656"
        },
        {
            "input": "92 77",
            "output": "7084"
        },
        {
            "input": "82 89",
            "output": "7298"
        },
        {
            "input": "88 79",
            "output": "6952"
        },
        {
            "input": "65 43",
            "output": "2795"
        },
        {
            "input": "89 89",
            "output": "89"
        },
        {
            "input": "26 91",
            "output": "182"
        },
        {
            "input": "95 40",
            "output": "760"
        },
        {
            "input": "13 84",
            "output": "1092"
        },
        {
            "input": "61 93",
            "output": "5673"
        },
        {
            "input": "69 39",
            "output": "897"
        },
        {
            "input": "44 86",
            "output": "1892"
        },
        {
            "input": "91 15",
            "output": "1365"
        },
        {
            "input": "66 37",
            "output": "2442"
        },
        {
            "input": "73 32",
            "output": "2336"
        },
        {
            "input": "34 16",
            "output": "272"
        },
        {
            "input": "77 60",
            "output": "4620"
        },
        {
            "input": "92 41",
            "output": "3772"
        },
        {
            "input": "70 53",
            "output": "3710"
        },
        {
            "input": "16 52",
            "output": "208"
        },
        {
            "input": "36 76",
            "output": "684"
        },
        {
            "input": "86 72",
            "output": "3096"
        },
        {
            "input": "94 24",
            "output": "1128"
        },
        {
            "input": "63 59",
            "output": "3717"
        },
        {
            "input": "32 45",
            "output": "1440"
        },
        {
            "input": "87 25",
            "output": "2175"
        },
        {
            "input": "89 93",
            "output": "8277"
        },
        {
            "input": "2 4",
            "output": "4"
        },
        {
            "input": "75 87",
            "output": "2175"
        },
        {
            "input": "79 84",
            "output": "6636"
        },
        {
            "input": "16 37",
            "output": "592"
        },
        {
            "input": "51 36",
            "output": "612"
        },
        {
            "input": "30 67",
            "output": "2010"
        },
        {
            "input": "55 77",
            "output": "385"
        },
        {
            "input": "90 42",
            "output": "630"
        },
        {
            "input": "26 40",
            "output": "520"
        },
        {
            "input": "32 15",
            "output": "480"
        },
        {
            "input": "18 22",
            "output": "198"
        },
        {
            "input": "61 9",
            "output": "549"
        },
        {
            "input": "33 51",
            "output": "561"
        },
        {
            "input": "77 30",
            "output": "2310"
        },
        {
            "input": "60 21",
            "output": "420"
        },
        {
            "input": "14 82",
            "output": "574"
        },
        {
            "input": "1 56",
            "output": "56"
        },
        {
            "input": "85 49",
            "output": "4165"
        },
        {
            "input": "93 61",
            "output": "5673"
        },
        {
            "input": "52 65",
            "output": "260"
        },
        {
            "input": "71 26",
            "output": "1846"
        },
        {
            "input": "81 66",
            "output": "1782"
        },
        {
            "input": "93 87",
            "output": "2697"
        },
        {
            "input": "12 63",
            "output": "252"
        },
        {
            "input": "9 16",
            "output": "144"
        },
        {
            "input": "48 66",
            "output": "528"
        },
        {
            "input": "35 1",
            "output": "35"
        },
        {
            "input": "18 51",
            "output": "306"
        },
        {
            "input": "44 77",
            "output": "308"
        },
        {
            "input": "100 88",
            "output": "2200"
        },
        {
            "input": "55 84",
            "output": "4620"
        },
        {
            "input": "89 64",
            "output": "5696"
        },
        {
            "input": "60 17",
            "output": "1020"
        },
        {
            "input": "4 53",
            "output": "212"
        },
        {
            "input": "63 79",
            "output": "4977"
        },
        {
            "input": "43 83",
            "output": "3569"
        },
        {
            "input": "46 33",
            "output": "1518"
        },
        {
            "input": "7 50",
            "output": "350"
        },
        {
            "input": "37 59",
            "output": "2183"
        },
        {
            "input": "26 79",
            "output": "2054"
        },
        {
            "input": "16 36",
            "output": "144"
        },
        {
            "input": "44 22",
            "output": "44"
        },
        {
            "input": "65 83",
            "output": "5395"
        },
        {
            "input": "18 47",
            "output": "846"
        },
        {
            "input": "58 58",
            "output": "58"
        },
        {
            "input": "65 19",
            "output": "1235"
        },
        {
            "input": "49 64",
            "output": "3136"
        },
        {
            "input": "75 70",
            "output": "1050"
        },
        {
            "input": "13 93",
            "output": "1209"
        },
        {
            "input": "83 97",
            "output": "8051"
        },
        {
            "input": "45 23",
            "output": "1035"
        },
        {
            "input": "82 50",
            "output": "2050"
        },
        {
            "input": "39 93",
            "output": "1209"
        },
        {
            "input": "52 91",
            "output": "364"
        },
        {
            "input": "49 51",
            "output": "2499"
        },
        {
            "input": "28 1",
            "output": "28"
        },
        {
            "input": "41 48",
            "output": "1968"
        },
        {
            "input": "91 22",
            "output": "2002"
        },
        {
            "input": "82 8",
            "output": "328"
        },
        {
            "input": "63 42",
            "output": "126"
        },
        {
            "input": "85 16",
            "output": "1360"
        },
        {
            "input": "83 40",
            "output": "3320"
        },
        {
            "input": "38 93",
            "output": "3534"
        },
        {
            "input": "74 57",
            "output": "4218"
        },
        {
            "input": "76 65",
            "output": "4940"
        },
        {
            "input": "74 17",
            "output": "1258"
        },
        {
            "input": "25 94",
            "output": "2350"
        },
        {
            "input": "30 13",
            "output": "390"
        },
        {
            "input": "79 21",
            "output": "1659"
        },
        {
            "input": "9 55",
            "output": "495"
        },
        {
            "input": "40 1",
            "output": "40"
        },
        {
            "input": "27 77",
            "output": "2079"
        },
        {
            "input": "11 58",
            "output": "638"
        },
        {
            "input": "68 57",
            "output": "3876"
        },
        {
            "input": "40 18",
            "output": "360"
        },
        {
            "input": "63 74",
            "output": "4662"
        },
        {
            "input": "88 42",
            "output": "1848"
        },
        {
            "input": "75 22",
            "output": "1650"
        },
        {
            "input": "27 16",
            "output": "432"
        },
        {
            "input": "85 24",
            "output": "2040"
        },
        {
            "input": "88 33",
            "output": "264"
        },
        {
            "input": "18 29",
            "output": "522"
        },
        {
            "input": "80 35",
            "output": "560"
        },
        {
            "input": "39 53",
            "output": "2067"
        },
        {
            "input": "23 2",
            "output": "46"
        },
        {
            "input": "58 66",
            "output": "1914"
        },
        {
            "input": "13 44",
            "output": "572"
        },
        {
            "input": "18 91",
            "output": "1638"
        },
        {
            "input": "59 49",
            "output": "2891"
        },
        {
            "input": "77 57",
            "output": "4389"
        },
        {
            "input": "10 19",
            "output": "190"
        },
        {
            "input": "85 15",
            "output": "255"
        },
        {
            "input": "76 88",
            "output": "1672"
        },
        {
            "input": "27 74",
            "output": "1998"
        },
        {
            "input": "60 12",
            "output": "60"
        },
        {
            "input": "34 2",
            "output": "34"
        },
        {
            "input": "6 59",
            "output": "354"
        },
        {
            "input": "66 65",
            "output": "4290"
        },
        {
            "input": "39 18",
            "output": "234"
        },
        {
            "input": "88 67",
            "output": "5896"
        },
        {
            "input": "90 30",
            "output": "90"
        },
        {
            "input": "40 71",
            "output": "2840"
        },
        {
            "input": "34 8",
            "output": "136"
        },
        {
            "input": "50 24",
            "output": "600"
        },
        {
            "input": "91 2",
            "output": "182"
        },
        {
            "input": "34 37",
            "output": "1258"
        },
        {
            "input": "75 52",
            "output": "3900"
        },
        {
            "input": "38 98",
            "output": "1862"
        },
        {
            "input": "20 35",
            "output": "140"
        },
        {
            "input": "69 66",
            "output": "1518"
        },
        {
            "input": "61 43",
            "output": "2623"
        },
        {
            "input": "33 6",
            "output": "66"
        },
        {
            "input": "48 19",
            "output": "912"
        },
        {
            "input": "46 44",
            "output": "1012"
        },
        {
            "input": "78 11",
            "output": "858"
        },
        {
            "input": "92 47",
            "output": "4324"
        },
        {
            "input": "55 69",
            "output": "3795"
        },
        {
            "input": "55 35",
            "output": "385"
        },
        {
            "input": "70 17",
            "output": "1190"
        },
        {
            "input": "82 38",
            "output": "1558"
        },
        {
            "input": "5 47",
            "output": "235"
        },
        {
            "input": "12 18",
            "output": "36"
        },
        {
            "input": "41 98",
            "output": "4018"
        },
        {
            "input": "75 57",
            "output": "1425"
        },
        {
            "input": "45 5",
            "output": "45"
        },
        {
            "input": "57 87",
            "output": "1653"
        },
        {
            "input": "46 68",
            "output": "1564"
        },
        {
            "input": "22 44",
            "output": "44"
        },
        {
            "input": "84 74",
            "output": "3108"
        },
        {
            "input": "24 36",
            "output": "72"
        },
        {
            "input": "26 20",
            "output": "260"
        },
        {
            "input": "57 23",
            "output": "1311"
        },
        {
            "input": "89 61",
            "output": "5429"
        },
        {
            "input": "37 45",
            "output": "1665"
        },
        {
            "input": "40 86",
            "output": "1720"
        },
        {
            "input": "34 93",
            "output": "3162"
        },
        {
            "input": "94 28",
            "output": "1316"
        },
        {
            "input": "28 35",
            "output": "140"
        },
        {
            "input": "87 5",
            "output": "435"
        },
        {
            "input": "8 98",
            "output": "392"
        },
        {
            "input": "28 73",
            "output": "2044"
        },
        {
            "input": "91 28",
            "output": "364"
        },
        {
            "input": "52 25",
            "output": "1300"
        },
        {
            "input": "66 39",
            "output": "858"
        },
        {
            "input": "41 80",
            "output": "3280"
        },
        {
            "input": "16 80",
            "output": "80"
        },
        {
            "input": "20 69",
            "output": "1380"
        },
        {
            "input": "31 38",
            "output": "1178"
        },
        {
            "input": "51 76",
            "output": "3876"
        },
        {
            "input": "89 47",
            "output": "4183"
        },
        {
            "input": "93 35",
            "output": "3255"
        },
        {
            "input": "31 81",
            "output": "2511"
        },
        {
            "input": "51 85",
            "output": "255"
        },
        {
            "input": "39 43",
            "output": "1677"
        },
        {
            "input": "14 89",
            "output": "1246"
        },
        {
            "input": "4 46",
            "output": "92"
        },
        {
            "input": "44 37",
            "output": "1628"
        },
        {
            "input": "44 68",
            "output": "748"
        },
        {
            "input": "88 12",
            "output": "264"
        },
        {
            "input": "37 35",
            "output": "1295"
        },
        {
            "input": "95 55",
            "output": "1045"
        },
        {
            "input": "73 53",
            "output": "3869"
        },
        {
            "input": "51 86",
            "output": "4386"
        },
        {
            "input": "84 71",
            "output": "5964"
        },
        {
            "input": "56 100",
            "output": "1400"
        },
        {
            "input": "10 79",
            "output": "790"
        },
        {
            "input": "49 56",
            "output": "392"
        },
        {
            "input": "70 88",
            "output": "3080"
        },
        {
            "input": "60 66",
            "output": "660"
        },
        {
            "input": "93 83",
            "output": "7719"
        },
        {
            "input": "61 81",
            "output": "4941"
        },
        {
            "input": "37 8",
            "output": "296"
        },
        {
            "input": "61 61",
            "output": "61"
        },
        {
            "input": "66 91",
            "output": "6006"
        },
        {
            "input": "37 83",
            "output": "3071"
        },
        {
            "input": "28 34",
            "output": "476"
        },
        {
            "input": "75 45",
            "output": "225"
        },
        {
            "input": "80 45",
            "output": "720"
        },
        {
            "input": "35 22",
            "output": "770"
        },
        {
            "input": "10 59",
            "output": "590"
        },
        {
            "input": "18 3",
            "output": "18"
        },
        {
            "input": "33 61",
            "output": "2013"
        },
        {
            "input": "54 84",
            "output": "756"
        },
        {
            "input": "71 66",
            "output": "4686"
        },
        {
            "input": "12 88",
            "output": "264"
        },
        {
            "input": "97 36",
            "output": "3492"
        },
        {
            "input": "73 98",
            "output": "7154"
        },
        {
            "input": "2 64",
            "output": "64"
        },
        {
            "input": "40 21",
            "output": "840"
        },
        {
            "input": "85 20",
            "output": "340"
        },
        {
            "input": "32 41",
            "output": "1312"
        },
        {
            "input": "80 77",
            "output": "6160"
        },
        {
            "input": "23 94",
            "output": "2162"
        },
        {
            "input": "77 41",
            "output": "3157"
        },
        {
            "input": "38 70",
            "output": "1330"
        },
        {
            "input": "64 15",
            "output": "960"
        },
        {
            "input": "48 10",
            "output": "240"
        },
        {
            "input": "22 78",
            "output": "858"
        },
        {
            "input": "74 24",
            "output": "888"
        },
        {
            "input": "28 3",
            "output": "84"
        },
        {
            "input": "72 83",
            "output": "5976"
        },
        {
            "input": "22 29",
            "output": "638"
        },
        {
            "input": "24 57",
            "output": "456"
        },
        {
            "input": "29 71",
            "output": "2059"
        },
        {
            "input": "15 75",
            "output": "75"
        },
        {
            "input": "81 68",
            "output": "5508"
        },
        {
            "input": "41 15",
            "output": "615"
        },
        {
            "input": "36 8",
            "output": "72"
        },
        {
            "input": "15 37",
            "output": "555"
        },
        {
            "input": "19 65",
            "output": "1235"
        },
        {
            "input": "68 43",
            "output": "2924"
        },
        {
            "input": "34 81",
            "output": "2754"
        },
        {
            "input": "4 76",
            "output": "76"
        },
        {
            "input": "41 44",
            "output": "1804"
        },
        {
            "input": "82 29",
            "output": "2378"
        },
        {
            "input": "36 72",
            "output": "72"
        },
        {
            "input": "10 1",
            "output": "10"
        },
        {
            "input": "90 6",
            "output": "90"
        },
        {
            "input": "65 100",
            "output": "1300"
        },
        {
            "input": "51 26",
            "output": "1326"
        },
        {
            "input": "22 89",
            "output": "1958"
        },
        {
            "input": "92 29",
            "output": "2668"
        },
        {
            "input": "2 100",
            "output": "100"
        },
        {
            "input": "66 82",
            "output": "2706"
        },
        {
            "input": "14 51",
            "output": "714"
        },
        {
            "input": "20 66",
            "output": "660"
        },
        {
            "input": "4 19",
            "output": "76"
        },
        {
            "input": "9 13",
            "output": "117"
        },
        {
            "input": "8 92",
            "output": "184"
        },
        {
            "input": "5 69",
            "output": "345"
        },
        {
            "input": "11 69",
            "output": "759"
        },
        {
            "input": "92 31",
            "output": "2852"
        },
        {
            "input": "47 91",
            "output": "4277"
        },
        {
            "input": "46 10",
            "output": "230"
        },
        {
            "input": "79 59",
            "output": "4661"
        },
        {
            "input": "84 81",
            "output": "2268"
        },
        {
            "input": "77 46",
            "output": "3542"
        },
        {
            "input": "43 19",
            "output": "817"
        },
        {
            "input": "37 75",
            "output": "2775"
        },
        {
            "input": "29 88",
            "output": "2552"
        },
        {
            "input": "86 75",
            "output": "6450"
        },
        {
            "input": "14 79",
            "output": "1106"
        },
        {
            "input": "74 21",
            "output": "1554"
        },
        {
            "input": "93 58",
            "output": "5394"
        },
        {
            "input": "18 18",
            "output": "18"
        },
        {
            "input": "72 65",
            "output": "4680"
        },
        {
            "input": "47 43",
            "output": "2021"
        },
        {
            "input": "84 31",
            "output": "2604"
        },
        {
            "input": "68 33",
            "output": "2244"
        },
        {
            "input": "97 20",
            "output": "1940"
        },
        {
            "input": "73 69",
            "output": "5037"
        },
        {
            "input": "88 80",
            "output": "880"
        },
        {
            "input": "99 76",
            "output": "7524"
        },
        {
            "input": "94 97",
            "output": "9118"
        },
        {
            "input": "35 75",
            "output": "525"
        },
        {
            "input": "54 58",
            "output": "1566"
        },
        {
            "input": "8 64",
            "output": "64"
        },
        {
            "input": "95 39",
            "output": "3705"
        },
        {
            "input": "6 37",
            "output": "222"
        },
        {
            "input": "42 31",
            "output": "1302"
        },
        {
            "input": "41 14",
            "output": "574"
        },
        {
            "input": "69 1",
            "output": "69"
        },
        {
            "input": "81 76",
            "output": "6156"
        },
        {
            "input": "21 10",
            "output": "210"
        },
        {
            "input": "21 38",
            "output": "798"
        },
        {
            "input": "73 9",
            "output": "657"
        },
        {
            "input": "100 91",
            "output": "9100"
        },
        {
            "input": "50 33",
            "output": "1650"
        },
        {
            "input": "98 44",
            "output": "2156"
        },
        {
            "input": "77 50",
            "output": "3850"
        },
        {
            "input": "23 55",
            "output": "1265"
        },
        {
            "input": "18 6",
            "output": "18"
        },
        {
            "input": "46 69",
            "output": "138"
        },
        {
            "input": "3 57",
            "output": "57"
        },
        {
            "input": "80 79",
            "output": "6320"
        },
        {
            "input": "70 41",
            "output": "2870"
        },
        {
            "input": "87 59",
            "output": "5133"
        },
        {
            "input": "26 24",
            "output": "312"
        },
        {
            "input": "48 31",
            "output": "1488"
        },
        {
            "input": "93 5",
            "output": "465"
        },
        {
            "input": "5 14",
            "output": "70"
        },
        {
            "input": "43 81",
            "output": "3483"
        },
        {
            "input": "43 41",
            "output": "1763"
        },
        {
            "input": "21 71",
            "output": "1491"
        },
        {
            "input": "58 86",
            "output": "2494"
        },
        {
            "input": "50 34",
            "output": "850"
        },
        {
            "input": "59 2",
            "output": "118"
        },
        {
            "input": "93 22",
            "output": "2046"
        },
        {
            "input": "27 75",
            "output": "675"
        },
        {
            "input": "88 64",
            "output": "704"
        },
        {
            "input": "68 59",
            "output": "4012"
        },
        {
            "input": "26 26",
            "output": "26"
        },
        {
            "input": "17 86",
            "output": "1462"
        },
        {
            "input": "45 35",
            "output": "315"
        },
        {
            "input": "22 54",
            "output": "594"
        },
        {
            "input": "33 21",
            "output": "231"
        },
        {
            "input": "20 80",
            "output": "80"
        },
        {
            "input": "64 43",
            "output": "2752"
        },
        {
            "input": "1 79",
            "output": "79"
        },
        {
            "input": "72 34",
            "output": "1224"
        },
        {
            "input": "40 61",
            "output": "2440"
        },
        {
            "input": "89 67",
            "output": "5963"
        },
        {
            "input": "86 54",
            "output": "2322"
        },
        {
            "input": "49 95",
            "output": "4655"
        },
        {
            "input": "85 52",
            "output": "4420"
        },
        {
            "input": "93 10",
            "output": "930"
        },
        {
            "input": "69 9",
            "output": "207"
        },
        {
            "input": "54 16",
            "output": "432"
        },
        {
            "input": "10 74",
            "output": "370"
        },
        {
            "input": "91 59",
            "output": "5369"
        },
        {
            "input": "62 51",
            "output": "3162"
        },
        {
            "input": "12 31",
            "output": "372"
        },
        {
            "input": "15 4",
            "output": "60"
        },
        {
            "input": "50 63",
            "output": "3150"
        },
        {
            "input": "83 81",
            "output": "6723"
        },
        {
            "input": "21 47",
            "output": "987"
        },
        {
            "input": "69 33",
            "output": "759"
        },
        {
            "input": "73 94",
            "output": "6862"
        },
        {
            "input": "65 96",
            "output": "6240"
        },
        {
            "input": "62 43",
            "output": "2666"
        },
        {
            "input": "20 95",
            "output": "380"
        },
        {
            "input": "4 13",
            "output": "52"
        },
        {
            "input": "85 84",
            "output": "7140"
        },
        {
            "input": "23 87",
            "output": "2001"
        },
        {
            "input": "2 84",
            "output": "84"
        },
        {
            "input": "18 53",
            "output": "954"
        },
        {
            "input": "53 34",
            "output": "1802"
        },
        {
            "input": "61 88",
            "output": "5368"
        },
        {
            "input": "86 35",
            "output": "3010"
        },
        {
            "input": "86 33",
            "output": "2838"
        },
        {
            "input": "48 21",
            "output": "336"
        },
        {
            "input": "65 13",
            "output": "65"
        },
        {
            "input": "88 56",
            "output": "616"
        },
        {
            "input": "61 69",
            "output": "4209"
        },
        {
            "input": "43 70",
            "output": "3010"
        },
        {
            "input": "43 4",
            "output": "172"
        },
        {
            "input": "93 27",
            "output": "837"
        },
        {
            "input": "28 72",
            "output": "504"
        },
        {
            "input": "9 54",
            "output": "54"
        },
        {
            "input": "35 26",
            "output": "910"
        },
        {
            "input": "31 92",
            "output": "2852"
        },
        {
            "input": "92 27",
            "output": "2484"
        },
        {
            "input": "71 84",
            "output": "5964"
        },
        {
            "input": "14 31",
            "output": "434"
        },
        {
            "input": "7 3",
            "output": "21"
        },
        {
            "input": "55 9",
            "output": "495"
        },
        {
            "input": "17 99",
            "output": "1683"
        },
        {
            "input": "100 50",
            "output": "100"
        },
        {
            "input": "10 95",
            "output": "190"
        },
        {
            "input": "34 28",
            "output": "476"
        },
        {
            "input": "14 39",
            "output": "546"
        },
        {
            "input": "91 10",
            "output": "910"
        },
        {
            "input": "9 64",
            "output": "576"
        },
        {
            "input": "47 60",
            "output": "2820"
        },
        {
            "input": "96 22",
            "output": "1056"
        },
        {
            "input": "12 3",
            "output": "12"
        },
        {
            "input": "14 98",
            "output": "98"
        },
        {
            "input": "97 83",
            "output": "8051"
        },
        {
            "input": "98 29",
            "output": "2842"
        },
        {
            "input": "9 15",
            "output": "45"
        },
        {
            "input": "17 50",
            "output": "850"
        },
        {
            "input": "47 6",
            "output": "282"
        },
        {
            "input": "52 67",
            "output": "3484"
        },
        {
            "input": "52 90",
            "output": "2340"
        },
        {
            "input": "89 9",
            "output": "801"
        },
        {
            "input": "57 43",
            "output": "2451"
        },
        {
            "input": "86 36",
            "output": "1548"
        },
        {
            "input": "93 78",
            "output": "2418"
        },
        {
            "input": "9 47",
            "output": "423"
        },
        {
            "input": "39 24",
            "output": "312"
        },
        {
            "input": "10 2",
            "output": "10"
        },
        {
            "input": "27 100",
            "output": "2700"
        },
        {
            "input": "25 54",
            "output": "1350"
        },
        {
            "input": "45 71",
            "output": "3195"
        },
        {
            "input": "22 50",
            "output": "550"
        },
        {
            "input": "90 59",
            "output": "5310"
        }
    ]
}