{
    "id": "leap_year_check",
    "title": "Leap Year Check",
    "description": "Determine if a given year is a leap year. A year is a leap year if it is divisible by 4, except for years that are divisible by 100 but not by 400. Output 'Yes' if it is a leap year, otherwise 'No'.",
    "input_format": "A single integer representing the year.",
    "output_format": "'Yes' or 'No'.",
    "constraints": {
        "year": "1 <= year <= 9999"
    },
    "judge_mode": "FIRST_FAIL",
    "time_limit": 1,
    "sample_test_cases": [
        {
            "input": "2000",
            "output": "Yes"
        },
        {
            "input": "1900",
            "output": "No"
        }
    ],
    "hidden_test_cases": [
        {
            "input": "2118",
            "output": "No"
        },
        {
            "input": "2275",
            "output": "No"
        },
        {
            "input": "1895",
            "output": "No"
        },
        {
            "input": "1872",
            "output": "Yes"
        },
        {
            "input": "1865",
            "output": "No"
        },
        {
            "input": "1968",
            "output": "Yes"
        },
        {
            "input": "2015",
            "output": "No"
        },
        {
            "input": "1927",
            "output": "No"
        },
        {
            "input": "2345",
            "output": "No"
        },
        {
            "input": "1941",
            "output": "No"
        },
        {
            "input": "1808",
            "output": "Yes"
        },
        {
            "input": "1971",
            "output": "No"
        },
        {
            "input": "1853",
            "output": "No"
        },
        {
            "input": "2133",
            "output": "No"
        },
        {
            "input": "2318",
            "output": "No"
        },
        {
            "input": "1972",
            "output": "Yes"
        },
        {
            "input": "2400",
            "output": "Yes"
        },
        {
            "input": "2198",
            "output": "No"
        },
        {
            "input": "2167",
            "output": "No"
        },
        {
            "input": "1974",
            "output": "No"
        },
        {
            "input": "1984",
            "output": "Yes"
        },
        {
            "input": "1924",
            "output": "Yes"
        },
        {
            "input": "2373",
            "output": "No"
        },
        {
            "input": "2313",
            "output": "No"
        },
        {
            "input": "1879",
            "output": "No"
        },
        {
            "input": "1940",
            "output": "Yes"
        },
        {
            "input": "1932",
            "output": "Yes"
        },
        {
            "input": "2372",
            "output": "Yes"
        },
        {
            "input": "2130",
            "output": "No"
        },
        {
            "input": "2217",
            "output": "No"
        },
        {
            "input": "2260",
            "output": "Yes"
        },
        {
            "input": "2229",
            "output": "No"
        },
        {
            "input": "1983",
            "output": "No"
        },
        {
            "input": "1939",
            "output": "No"
        },
        {
            "input": "1888",
            "output": "Yes"
        },
        {
            "input": "1910",
            "output": "No"
        },
        {
            "input": "2091",
            "output": "No"
        },
        {
            "input": "1881",
            "output": "No"
        },
        {
            "input": "2098",
            "output": "No"
        },
        {
            "input": "2079",
            "output": "No"
        },
        {
            "input": "2197",
            "output": "No"
        },
        {
            "input": "2012",
            "output": "Yes"
        },
        {
            "input": "2051",
            "output": "No"
        },
        {
            "input": "2254",
            "output": "No"
        },
        {
            "input": "2055",
            "output": "No"
        },
        {
            "input": "2202",
            "output": "No"
        },
        {
            "input": "2101",
            "output": "No"
        },
        {
            "input": "1988",
            "output": "Yes"
        },
        {
            "input": "2388",
            "output": "Yes"
        },
        {
            "input": "2322",
            "output": "No"
        },
        {
            "input": "1912",
            "output": "Yes"
        },
        {
            "input": "1908",
            "output": "Yes"
        },
        {
            "input": "2143",
            "output": "No"
        },
        {
            "input": "1978",
            "output": "No"
        },
        {
            "input": "1926",
            "output": "No"
        },
        {
            "input": "2300",
            "output": "No"
        },
        {
            "input": "2128",
            "output": "Yes"
        },
        {
            "input": "2191",
            "output": "No"
        },
        {
            "input": "1866",
            "output": "No"
        },
        {
            "input": "2343",
            "output": "No"
        },
        {
            "input": "2024",
            "output": "Yes"
        },
        {
            "input": "1963",
            "output": "No"
        },
        {
            "input": "1947",
            "output": "No"
        },
        {
            "input": "1852",
            "output": "Yes"
        },
        {
            "input": "1814",
            "output": "No"
        },
        {
            "input": "2003",
            "output": "No"
        },
        {
            "input": "2186",
            "output": "No"
        },
        {
            "input": "2029",
            "output": "No"
        },
        {
            "input": "2121",
            "output": "No"
        },
        {
            "input": "2314",
            "output": "No"
        },
        {
            "input": "2192",
            "output": "Yes"
        },
        {
            "input": "2172",
            "output": "Yes"
        },
        {
            "input": "2338",
            "output": "No"
        },
        {
            "input": "2376",
            "output": "Yes"
        },
        {
            "input": "2394",
            "output": "No"
        },
        {
            "input": "2099",
            "output": "No"
        },
        {
            "input": "2096",
            "output": "Yes"
        },
        {
            "input": "2106",
            "output": "No"
        },
        {
            "input": "2169",
            "output": "No"
        },
        {
            "input": "1880",
            "output": "Yes"
        },
        {
            "input": "2004",
            "output": "Yes"
        },
        {
            "input": "2272",
            "output": "Yes"
        },
        {
            "input": "2371",
            "output": "No"
        },
        {
            "input": "2303",
            "output": "No"
        },
        {
            "input": "2387",
            "output": "No"
        },
        {
            "input": "2378",
            "output": "No"
        },
        {
            "input": "2137",
            "output": "No"
        },
        {
            "input": "1982",
            "output": "No"
        },
        {
            "input": "1944",
            "output": "Yes"
        },
        {
            "input": "2382",
            "output": "No"
        },
        {
            "input": "2227",
            "output": "No"
        },
        {
            "input": "1829",
            "output": "No"
        },
        {
            "input": "2348",
            "output": "Yes"
        },
        {
            "input": "1966",
            "output": "No"
        },
        {
            "input": "2301",
            "output": "No"
        },
        {
            "input": "2093",
            "output": "No"
        },
        {
            "input": "2053",
            "output": "No"
        },
        {
            "input": "2038",
            "output": "No"
        },
        {
            "input": "2201",
            "output": "No"
        },
        {
            "input": "2120",
            "output": "Yes"
        },
        {
            "input": "2251",
            "output": "No"
        },
        {
            "input": "1838",
            "output": "No"
        },
        {
            "input": "1905",
            "output": "No"
        },
        {
            "input": "1965",
            "output": "No"
        },
        {
            "input": "1953",
            "output": "No"
        },
        {
            "input": "2048",
            "output": "Yes"
        },
        {
            "input": "2208",
            "output": "Yes"
        },
        {
            "input": "2214",
            "output": "No"
        },
        {
            "input": "2072",
            "output": "Yes"
        },
        {
            "input": "1842",
            "output": "No"
        },
        {
            "input": "1887",
            "output": "No"
        },
        {
            "input": "2063",
            "output": "No"
        },
        {
            "input": "2107",
            "output": "No"
        },
        {
            "input": "2082",
            "output": "No"
        },
        {
            "input": "2085",
            "output": "No"
        },
        {
            "input": "2119",
            "output": "No"
        },
        {
            "input": "1801",
            "output": "No"
        },
        {
            "input": "2083",
            "output": "No"
        },
        {
            "input": "1973",
            "output": "No"
        },
        {
            "input": "1849",
            "output": "No"
        },
        {
            "input": "2059",
            "output": "No"
        },
        {
            "input": "2153",
            "output": "No"
        },
        {
            "input": "2329",
            "output": "No"
        },
        {
            "input": "1839",
            "output": "No"
        },
        {
            "input": "2026",
            "output": "No"
        },
        {
            "input": "2259",
            "output": "No"
        },
        {
            "input": "2204",
            "output": "Yes"
        },
        {
            "input": "2273",
            "output": "No"
        },
        {
            "input": "2058",
            "output": "No"
        },
        {
            "input": "1821",
            "output": "No"
        },
        {
            "input": "1980",
            "output": "Yes"
        },
        {
            "input": "2032",
            "output": "Yes"
        },
        {
            "input": "1950",
            "output": "No"
        },
        {
            "input": "1862",
            "output": "No"
        },
        {
            "input": "2164",
            "output": "Yes"
        },
        {
            "input": "2386",
            "output": "No"
        },
        {
            "input": "1911",
            "output": "No"
        },
        {
            "input": "2285",
            "output": "No"
        },
        {
            "input": "2076",
            "output": "Yes"
        },
        {
            "input": "2160",
            "output": "Yes"
        },
        {
            "input": "2283",
            "output": "No"
        },
        {
            "input": "2256",
            "output": "Yes"
        },
        {
            "input": "1916",
            "output": "Yes"
        },
        {
            "input": "1951",
            "output": "No"
        },
        {
            "input": "1894",
            "output": "No"
        },
        {
            "input": "2060",
            "output": "Yes"
        },
        {
            "input": "2112",
            "output": "Yes"
        },
        {
            "input": "1827",
            "output": "No"
        },
        {
            "input": "2097",
            "output": "No"
        },
        {
            "input": "1840",
            "output": "Yes"
        },
        {
            "input": "2320",
            "output": "Yes"
        },
        {
            "input": "2068",
            "output": "Yes"
        },
        {
            "input": "1996",
            "output": "Yes"
        },
        {
            "input": "2102",
            "output": "No"
        },
        {
            "input": "1949",
            "output": "No"
        },
        {
            "input": "2114",
            "output": "No"
        },
        {
            "input": "2337",
            "output": "No"
        },
        {
            "input": "1952",
            "output": "Yes"
        },
        {
            "input": "2312",
            "output": "Yes"
        },
        {
            "input": "1816",
            "output": "Yes"
        },
        {
            "input": "2092",
            "output": "Yes"
        },
        {
            "input": "2188",
            "output": "Yes"
        },
        {
            "input": "1929",
            "output": "No"
        },
        {
            "input": "2350",
            "output": "No"
        },
        {
            "input": "2352",
            "output": "Yes"
        },
        {
            "input": "2104",
            "output": "Yes"
        },
        {
            "input": "1917",
            "output": "No"
        },
        {
            "input": "2088",
            "output": "Yes"
        },
        {
            "input": "2075",
            "output": "No"
        },
        {
            "input": "1897",
            "output": "No"
        },
        {
            "input": "1875",
            "output": "No"
        },
        {
            "input": "2180",
            "output": "Yes"
        },
        {
            "input": "1820",
            "output": "Yes"
        },
        {
            "input": "2136",
            "output": "Yes"
        },
        {
            "input": "2017",
            "output": "No"
        },
        {
            "input": "1868",
            "output": "Yes"
        },
        {
            "input": "2154",
            "output": "No"
        },
        {
            "input": "2294",
            "output": "No"
        },
        {
            "input": "2087",
            "output": "No"
        },
        {
            "input": "1810",
            "output": "No"
        },
        {
            "input": "2221",
            "output": "No"
        },
        {
            "input": "2156",
            "output": "Yes"
        },
        {
            "input": "2355",
            "output": "No"
        },
        {
            "input": "2340",
            "output": "Yes"
        },
        {
            "input": "1945",
            "output": "No"
        },
        {
            "input": "1884",
            "output": "Yes"
        },
        {
            "input": "2333",
            "output": "No"
        },
        {
            "input": "1841",
            "output": "No"
        },
        {
            "input": "2370",
            "output": "No"
        },
        {
            "input": "1986",
            "output": "No"
        },
        {
            "input": "2336",
            "output": "Yes"
        },
        {
            "input": "1813",
            "output": "No"
        },
        {
            "input": "1817",
            "output": "No"
        },
        {
            "input": "2262",
            "output": "No"
        },
        {
            "input": "2081",
            "output": "No"
        },
        {
            "input": "1828",
            "output": "Yes"
        },
        {
            "input": "2219",
            "output": "No"
        },
        {
            "input": "2209",
            "output": "No"
        },
        {
            "input": "2023",
            "output": "No"
        },
        {
            "input": "2261",
            "output": "No"
        },
        {
            "input": "2064",
            "output": "Yes"
        },
        {
            "input": "2269",
            "output": "No"
        },
        {
            "input": "1892",
            "output": "Yes"
        },
        {
            "input": "2028",
            "output": "Yes"
        },
        {
            "input": "2084",
            "output": "Yes"
        },
        {
            "input": "2308",
            "output": "Yes"
        },
        {
            "input": "2123",
            "output": "No"
        },
        {
            "input": "2243",
            "output": "No"
        },
        {
            "input": "2385",
            "output": "No"
        },
        {
            "input": "2049",
            "output": "No"
        },
        {
            "input": "1874",
            "output": "No"
        },
        {
            "input": "2377",
            "output": "No"
        },
        {
            "input": "2065",
            "output": "No"
        },
        {
            "input": "1954",
            "output": "No"
        },
        {
            "input": "1811",
            "output": "No"
        },
        {
            "input": "1914",
            "output": "No"
        },
        {
            "input": "2270",
            "output": "No"
        },
        {
            "input": "1979",
            "output": "No"
        },
        {
            "input": "2328",
            "output": "Yes"
        },
        {
            "input": "2284",
            "output": "Yes"
        },
        {
            "input": "2384",
            "output": "Yes"
        },
        {
            "input": "1970",
            "output": "No"
        },
        {
            "input": "2292",
            "output": "Yes"
        },
        {
            "input": "2288",
            "output": "Yes"
        },
        {
            "input": "2263",
            "output": "No"
        },
        {
            "input": "1815",
            "output": "No"
        },
        {
            "input": "1994",
            "output": "No"
        },
        {
            "input": "2304",
            "output": "Yes"
        },
        {
            "input": "2390",
            "output": "No"
        },
        {
            "input": "1907",
            "output": "No"
        },
        {
            "input": "1856",
            "output": "Yes"
        },
        {
            "input": "1804",
            "output": "Yes"
        },
        {
            "input": "1837",
            "output": "No"
        },
        {
            "input": "2135",
            "output": "No"
        },
        {
            "input": "2109",
            "output": "No"
        },
        {
            "input": "1805",
            "output": "No"
        },
        {
            "input": "1957",
            "output": "No"
        },
        {
            "input": "2009",
            "output": "No"
        },
        {
            "input": "2330",
            "output": "No"
        },
        {
            "input": "1903",
            "output": "No"
        },
        {
            "input": "2086",
            "output": "No"
        },
        {
            "input": "2142",
            "output": "No"
        },
        {
            "input": "2069",
            "output": "No"
        },
        {
            "input": "2248",
            "output": "Yes"
        },
        {
            "input": "2190",
            "output": "No"
        },
        {
            "input": "2178",
            "output": "No"
        },
        {
            "input": "1915",
            "output": "No"
        },
        {
            "input": "2132",
            "output": "Yes"
        },
        {
            "input": "1946",
            "output": "No"
        },
        {
            "input": "1922",
            "output": "No"
        },
        {
            "input": "2150",
            "output": "No"
        },
        {
            "input": "1956",
            "output": "Yes"
        },
        {
            "input": "2287",
            "output": "No"
        },
        {
            "input": "1928",
            "output": "Yes"
        },
        {
            "input": "2182",
            "output": "No"
        },
        {
            "input": "1877",
            "output": "No"
        },
        {
            "input": "2020",
            "output": "Yes"
        },
        {
            "input": "2335",
            "output": "No"
        },
        {
            "input": "2290",
            "output": "No"
        },
        {
            "input": "2310",
            "output": "No"
        },
        {
            "input": "2244",
            "output": "Yes"
        },
        {
            "input": "2047",
            "output": "No"
        },
        {
            "input": "1832",
            "output": "Yes"
        },
        {
            "input": "1824",
            "output": "Yes"
        },
        {
            "input": "2170",
            "output": "No"
        },
        {
            "input": "2311",
            "output": "No"
        },
        {
            "input": "1834",
            "output": "No"
        },
        {
            "input": "1802",
            "output": "No"
        },
        {
            "input": "2228",
            "output": "Yes"
        },
        {
            "input": "2002",
            "output": "No"
        },
        {
            "input": "2224",
            "output": "Yes"
        },
        {
            "input": "2127",
            "output": "No"
        },
        {
            "input": "2230",
            "output": "No"
        },
        {
            "input": "2334",
            "output": "No"
        },
        {
            "input": "1919",
            "output": "No"
        },
        {
            "input": "2203",
            "output": "No"
        },
        {
            "input": "2280",
            "output": "Yes"
        },
        {
            "input": "1962",
            "output": "No"
        },
        {
            "input": "1960",
            "output": "Yes"
        },
        {
            "input": "1836",
            "output": "Yes"
        },
        {
            "input": "2168",
            "output": "Yes"
        },
        {
            "input": "2195",
            "output": "No"
        },
        {
            "input": "2210",
            "output": "No"
        },
        {
            "input": "1848",
            "output": "Yes"
        },
        {
            "input": "2349",
            "output": "No"
        },
        {
            "input": "2266",
            "output": "No"
        },
        {
            "input": "1869",
            "output": "No"
        },
        {
            "input": "2369",
            "output": "No"
        },
        {
            "input": "1809",
            "output": "No"
        },
        {
            "input": "2265",
            "output": "No"
        },
        {
            "input": "1959",
            "output": "No"
        },
        {
            "input": "1823",
            "output": "No"
        },
        {
            "input": "2021",
            "output": "No"
        },
        {
            "input": "2189",
            "output": "No"
        },
        {
            "input": "2200",
            "output": "No"
        },
        {
            "input": "2341",
            "output": "No"
        },
        {
            "input": "1995",
            "output": "No"
        },
        {
            "input": "1987",
            "output": "No"
        },
        {
            "input": "2252",
            "output": "Yes"
        },
        {
            "input": "1900",
            "output": "No"
        },
        {
            "input": "2117",
            "output": "No"
        },
        {
            "input": "1818",
            "output": "No"
        },
        {
            "input": "2321",
            "output": "No"
        },
        {
            "input": "2199",
            "output": "No"
        },
        {
            "input": "2171",
            "output": "No"
        },
        {
            "input": "1858",
            "output": "No"
        },
        {
            "input": "2379",
            "output": "No"
        },
        {
            "input": "2327",
            "output": "No"
        },
        {
            "input": "2356",
            "output": "Yes"
        },
        {
            "input": "1997",
            "output": "No"
        },
        {
            "input": "1990",
            "output": "No"
        },
        {
            "input": "2066",
            "output": "No"
        },
        {
            "input": "1800",
            "output": "No"
        },
        {
            "input": "2233",
            "output": "No"
        },
        {
            "input": "2036",
            "output": "Yes"
        },
        {
            "input": "2014",
            "output": "No"
        },
        {
            "input": "2232",
            "output": "Yes"
        },
        {
            "input": "1885",
            "output": "No"
        },
        {
            "input": "2016",
            "output": "Yes"
        },
        {
            "input": "1937",
            "output": "No"
        },
        {
            "input": "1976",
            "output": "Yes"
        },
        {
            "input": "2187",
            "output": "No"
        },
        {
            "input": "2215",
            "output": "No"
        },
        {
            "input": "2045",
            "output": "No"
        },
        {
            "input": "1923",
            "output": "No"
        },
        {
            "input": "1931",
            "output": "No"
        },
        {
            "input": "2225",
            "output": "No"
        },
        {
            "input": "1857",
            "output": "No"
        },
        {
            "input": "2249",
            "output": "No"
        },
        {
            "input": "1883",
            "output": "No"
        },
        {
            "input": "2174",
            "output": "No"
        },
        {
            "input": "2094",
            "output": "No"
        },
        {
            "input": "1831",
            "output": "No"
        },
        {
            "input": "2184",
            "output": "Yes"
        },
        {
            "input": "2276",
            "output": "Yes"
        },
        {
            "input": "2399",
            "output": "No"
        },
        {
            "input": "2039",
            "output": "No"
        },
        {
            "input": "2176",
            "output": "Yes"
        },
        {
            "input": "2116",
            "output": "Yes"
        },
        {
            "input": "2124",
            "output": "Yes"
        },
        {
            "input": "2346",
            "output": "No"
        },
        {
            "input": "1904",
            "output": "Yes"
        },
        {
            "input": "2218",
            "output": "No"
        },
        {
            "input": "2141",
            "output": "No"
        },
        {
            "input": "2057",
            "output": "No"
        },
        {
            "input": "2398",
            "output": "No"
        },
        {
            "input": "2061",
            "output": "No"
        },
        {
            "input": "1833",
            "output": "No"
        },
        {
            "input": "2007",
            "output": "No"
        },
        {
            "input": "1826",
            "output": "No"
        },
        {
            "input": "2325",
            "output": "No"
        },
        {
            "input": "2006",
            "output": "No"
        },
        {
            "input": "2041",
            "output": "No"
        },
        {
            "input": "1909",
            "output": "No"
        },
        {
            "input": "1851",
            "output": "No"
        },
        {
            "input": "2131",
            "output": "No"
        },
        {
            "input": "2194",
            "output": "No"
        },
        {
            "input": "2380",
            "output": "Yes"
        },
        {
            "input": "1967",
            "output": "No"
        },
        {
            "input": "1936",
            "output": "Yes"
        },
        {
            "input": "2365",
            "output": "No"
        },
        {
            "input": "1846",
            "output": "No"
        },
        {
            "input": "1918",
            "output": "No"
        },
        {
            "input": "2306",
            "output": "No"
        },
        {
            "input": "2077",
            "output": "No"
        },
        {
            "input": "2108",
            "output": "Yes"
        },
        {
            "input": "2363",
            "output": "No"
        },
        {
            "input": "2267",
            "output": "No"
        },
        {
            "input": "1975",
            "output": "No"
        },
        {
            "input": "1998",
            "output": "No"
        },
        {
            "input": "2163",
            "output": "No"
        },
        {
            "input": "1893",
            "output": "No"
        },
        {
            "input": "2166",
            "output": "No"
        },
        {
            "input": "2205",
            "output": "No"
        },
        {
            "input": "1819",
            "output": "No"
        },
        {
            "input": "1969",
            "output": "No"
        },
        {
            "input": "2067",
            "output": "No"
        },
        {
            "input": "1845",
            "output": "No"
        },
        {
            "input": "1861",
            "output": "No"
        },
        {
            "input": "2145",
            "output": "No"
        },
        {
            "input": "2395",
            "output": "No"
        },
        {
            "input": "1860",
            "output": "Yes"
        },
        {
            "input": "2207",
            "output": "No"
        },
        {
            "input": "2281",
            "output": "No"
        },
        {
            "input": "2062",
            "output": "No"
        },
        {
            "input": "2146",
            "output": "No"
        },
        {
            "input": "2031",
            "output": "No"
        },
        {
            "input": "2196",
            "output": "Yes"
        },
        {
            "input": "1889",
            "output": "No"
        },
        {
            "input": "1993",
            "output": "No"
        },
        {
            "input": "2090",
            "output": "No"
        },
        {
            "input": "2011",
            "output": "No"
        },
        {
            "input": "2147",
            "output": "No"
        },
        {
            "input": "1942",
            "output": "No"
        },
        {
            "input": "2237",
            "output": "No"
        },
        {
            "input": "2286",
            "output": "No"
        },
        {
            "input": "2393",
            "output": "No"
        },
        {
            "input": "2326",
            "output": "No"
        },
        {
            "input": "1913",
            "output": "No"
        },
        {
            "input": "2368",
            "output": "Yes"
        },
        {
            "input": "1999",
            "output": "No"
        },
        {
            "input": "1870",
            "output": "No"
        },
        {
            "input": "2018",
            "output": "No"
        },
        {
            "input": "2034",
            "output": "No"
        },
        {
            "input": "2193",
            "output": "No"
        },
        {
            "input": "1938",
            "output": "No"
        },
        {
            "input": "2161",
            "output": "No"
        },
        {
            "input": "1961",
            "output": "No"
        },
        {
            "input": "2293",
            "output": "No"
        },
        {
            "input": "2050",
            "output": "No"
        },
        {
            "input": "2070",
            "output": "No"
        },
        {
            "input": "1925",
            "output": "No"
        },
        {
            "input": "2125",
            "output": "No"
        },
        {
            "input": "1878",
            "output": "No"
        },
        {
            "input": "1948",
            "output": "Yes"
        },
        {
            "input": "2010",
            "output": "No"
        },
        {
            "input": "1977",
            "output": "No"
        },
        {
            "input": "1992",
            "output": "Yes"
        },
        {
            "input": "1830",
            "output": "No"
        },
        {
            "input": "1943",
            "output": "No"
        },
        {
            "input": "2025",
            "output": "No"
        },
        {
            "input": "2211",
            "output": "No"
        },
        {
            "input": "2245",
            "output": "No"
        },
        {
            "input": "2155",
            "output": "No"
        },
        {
            "input": "2277",
            "output": "No"
        },
        {
            "input": "2381",
            "output": "No"
        },
        {
            "input": "2282",
            "output": "No"
        },
        {
            "input": "1896",
            "output": "Yes"
        },
        {
            "input": "2241",
            "output": "No"
        },
        {
            "input": "2367",
            "output": "No"
        },
        {
            "input": "2289",
            "output": "No"
        },
        {
            "input": "2250",
            "output": "No"
        },
        {
            "input": "2234",
            "output": "No"
        },
        {
            "input": "2216",
            "output": "Yes"
        },
        {
            "input": "2307",
            "output": "No"
        },
        {
            "input": "2179",
            "output": "No"
        },
        {
            "input": "2239",
            "output": "No"
        },
        {
            "input": "2305",
            "output": "No"
        },
        {
            "input": "2238",
            "output": "No"
        },
        {
            "input": "2231",
            "output": "No"
        },
        {
            "input": "2113",
            "output": "No"
        },
        {
            "input": "2206",
            "output": "No"
        },
        {
            "input": "1850",
            "output": "No"
        },
        {
            "input": "2037",
            "output": "No"
        },
        {
            "input": "2317",
            "output": "No"
        },
        {
            "input": "2183",
            "output": "No"
        },
        {
            "input": "2148",
            "output": "Yes"
        },
        {
            "input": "1989",
            "output": "No"
        },
        {
            "input": "2302",
            "output": "No"
        },
        {
            "input": "2222",
            "output": "No"
        },
        {
            "input": "2030",
            "output": "No"
        },
        {
            "input": "2165",
            "output": "No"
        },
        {
            "input": "1958",
            "output": "No"
        },
        {
            "input": "2043",
            "output": "No"
        },
        {
            "input": "2226",
            "output": "No"
        },
        {
            "input": "2360",
            "output": "Yes"
        },
        {
            "input": "1859",
            "output": "No"
        },
        {
            "input": "2253",
            "output": "No"
        },
        {
            "input": "1844",
            "output": "Yes"
        },
        {
            "input": "2357",
            "output": "No"
        },
        {
            "input": "2212",
            "output": "Yes"
        },
        {
            "input": "2271",
            "output": "No"
        },
        {
            "input": "2315",
            "output": "No"
        },
        {
            "input": "2129",
            "output": "No"
        },
        {
            "input": "2042",
            "output": "No"
        },
        {
            "input": "2159",
            "output": "No"
        },
        {
            "input": "2268",
            "output": "Yes"
        },
        {
            "input": "1855",
            "output": "No"
        },
        {
            "input": "2389",
            "output": "No"
        },
        {
            "input": "2019",
            "output": "No"
        },
        {
            "input": "2074",
            "output": "No"
        },
        {
            "input": "2331",
            "output": "No"
        },
        {
            "input": "2054",
            "output": "No"
        },
        {
            "input": "2332",
            "output": "Yes"
        },
        {
            "input": "2339",
            "output": "No"
        },
        {
            "input": "1812",
            "output": "Yes"
        },
        {
            "input": "2185",
            "output": "No"
        },
        {
            "input": "1835",
            "output": "No"
        },
        {
            "input": "2213",
            "output": "No"
        },
        {
            "input": "2181",
            "output": "No"
        },
        {
            "input": "2144",
            "output": "Yes"
        },
        {
            "input": "2022",
            "output": "No"
        },
        {
            "input": "1920",
            "output": "Yes"
        },
        {
            "input": "1901",
            "output": "No"
        },
        {
            "input": "1921",
            "output": "No"
        },
        {
            "input": "2175",
            "output": "No"
        },
        {
            "input": "1864",
            "output": "Yes"
        },
        {
            "input": "2391",
            "output": "No"
        },
        {
            "input": "1863",
            "output": "No"
        },
        {
            "input": "2319",
            "output": "No"
        },
        {
            "input": "2354",
            "output": "No"
        },
        {
            "input": "2246",
            "output": "No"
        },
        {
            "input": "2347",
            "output": "No"
        },
        {
            "input": "2278",
            "output": "No"
        },
        {
            "input": "2316",
            "output": "Yes"
        },
        {
            "input": "2110",
            "output": "No"
        },
        {
            "input": "2323",
            "output": "No"
        },
        {
            "input": "2296",
            "output": "Yes"
        },
        {
            "input": "2177",
            "output": "No"
        },
        {
            "input": "2122",
            "output": "No"
        }
    ]
}