{
    "id": "longest_common_subsequence",
    "title": "Longest Common Subsequence",
    "description": "A subsequence of a string is a new string generated from the original string with some characters (can be none) deleted without changing the relative order of the remaining characters. A common subsequence of two strings is a subsequence that is common to both strings. In this problem, you are given two strings `text1` and `text2`. Your task is to find the length of their longest common subsequence. If there is no common subsequence, return 0.",
    "input_format": "Two lines containing the strings text1 and text2.",
    "output_format": "Output a single integer representing the length of the longest common subsequence of `text1` and `text2`.",
    "constraints": {
        "Length": "1 <= len(text1), len(text2) <= 1000"
    },
    "judge_mode": "FIRST_FAIL",
    "time_limit": 1,
    "sample_test_cases": [
        {
            "input": "abcde\nace",
            "output": "3"
        },
        {
            "input": "abc\nabc",
            "output": "3"
        }
    ],
    "hidden_test_cases": [
        {
            "input": "ADCCCBBBDBCC\nCBDCBB",
            "output": "4"
        },
        {
            "input": "CDAEEEDEEAAD\nCCACE",
            "output": "3"
        },
        {
            "input": "DDDEDAABEDAEEDA\nCEBBBBABA",
            "output": "4"
        },
        {
            "input": "BCBACBBEEEAAADD\nCEACA",
            "output": "4"
        },
        {
            "input": "ECABADDEEBC\nEEDEACABDEDAAEB",
            "output": "8"
        },
        {
            "input": "DCBCEAECBCDADA\nABDAAED",
            "output": "5"
        },
        {
            "input": "EBAEBCECBAA\nADBDAAECCEDCA",
            "output": "7"
        },
        {
            "input": "EABBCCBEACBBDCA\nAEDCBECDBEEBD",
            "output": "8"
        },
        {
            "input": "EDDBCABCEDA\nBBDCBBDEBDABE",
            "output": "6"
        },
        {
            "input": "EACBAA\nEEAEBADEBC",
            "output": "4"
        },
        {
            "input": "CCDAACBBAEBBBCC\nEDECCEBDACCDAAE",
            "output": "7"
        },
        {
            "input": "ACEDBCEBE\nCEAAAC",
            "output": "3"
        },
        {
            "input": "DCCBAEEADD\nABEBEEDDAEAADAC",
            "output": "5"
        },
        {
            "input": "AAEBCBECABBAD\nCADEDBEE",
            "output": "4"
        },
        {
            "input": "CDDCCCEEBD\nACAEDEABBAA",
            "output": "4"
        },
        {
            "input": "DBBAADEEAED\nEEEDAAADDECCCE",
            "output": "6"
        },
        {
            "input": "EEEBBDBD\nCACEADCDBCBCEEC",
            "output": "3"
        },
        {
            "input": "DCEECADCAEAECD\nDECBADAECCDEBC",
            "output": "9"
        },
        {
            "input": "ECDACDA\nEDEADABCACD",
            "output": "5"
        },
        {
            "input": "DBEACA\nCBDCCCC",
            "output": "2"
        },
        {
            "input": "ABAECBCD\nADBAE",
            "output": "4"
        },
        {
            "input": "BAEAEABCDCAABE\nEDEABBBAECEE",
            "output": "6"
        },
        {
            "input": "DBBACCBAABA\nEBBEDADEA",
            "output": "4"
        },
        {
            "input": "ACBEAEDBAAB\nECEECEDBDDCAACE",
            "output": "7"
        },
        {
            "input": "DCCACEEEEDED\nBCBAB",
            "output": "2"
        },
        {
            "input": "EDDCDD\nCECCAEAEAEAC",
            "output": "2"
        },
        {
            "input": "CCECDBACCA\nACBACA",
            "output": "5"
        },
        {
            "input": "DADBABEBEBCC\nDDEAAAC",
            "output": "4"
        },
        {
            "input": "CEBCAADEEACAD\nADEADBBACCBEECD",
            "output": "7"
        },
        {
            "input": "AEDCDABACAE\nCDDCEDAD",
            "output": "4"
        },
        {
            "input": "ACEACBBCDDCD\nCEDAAECDA",
            "output": "5"
        },
        {
            "input": "EACEBEABECBA\nAEDDDB",
            "output": "3"
        },
        {
            "input": "CABCBEAAADADC\nBCEBBE",
            "output": "4"
        },
        {
            "input": "DCAECEDECCBAC\nCDBDACCCBBB",
            "output": "6"
        },
        {
            "input": "DAACBBCDE\nEDEAE",
            "output": "3"
        },
        {
            "input": "BDAACBCDAB\nEDDBACAEDAD",
            "output": "5"
        },
        {
            "input": "ACACAE\nDACEDECCABB",
            "output": "4"
        },
        {
            "input": "DBEAA\nEDBCCBEC",
            "output": "3"
        },
        {
            "input": "AEACEEDCADEACBC\nDDDEAB",
            "output": "5"
        },
        {
            "input": "DDAEADDEEDCDCEC\nDDEBBACCBCCEEAB",
            "output": "7"
        },
        {
            "input": "CDBABCCACABCAD\nBBAADDDEAAE",
            "output": "5"
        },
        {
            "input": "CAEECCBB\nBDABDE",
            "output": "2"
        },
        {
            "input": "CDBEAACA\nBCDADCEDABCDAC",
            "output": "6"
        },
        {
            "input": "ACACCCBDCB\nEDECABEA",
            "output": "3"
        },
        {
            "input": "CBBEDBDECADDAA\nEECBDECECBCEC",
            "output": "6"
        },
        {
            "input": "BAECAECADADDDB\nBCBEDDEABBADABA",
            "output": "7"
        },
        {
            "input": "DEECEBDAEDE\nABDEEC",
            "output": "4"
        },
        {
            "input": "ADAEEECB\nCDBADECAD",
            "output": "4"
        },
        {
            "input": "ABACABCCE\nCABCAA",
            "output": "4"
        },
        {
            "input": "CBBECEDEDAAECC\nABCAEEEDE",
            "output": "6"
        },
        {
            "input": "CBCAACCECEBEA\nBCEBAEEECCED",
            "output": "6"
        },
        {
            "input": "ACCCCBDCC\nACDEABED",
            "output": "4"
        },
        {
            "input": "EBBABAECAD\nDCCACAAEEBAAAC",
            "output": "5"
        },
        {
            "input": "CBABECBADCBCEC\nDDDEEA",
            "output": "2"
        },
        {
            "input": "BBEAABAD\nDEEEDDEEAACDBBE",
            "output": "4"
        },
        {
            "input": "CDADBCCABDADAAE\nBDAEDBDAE",
            "output": "7"
        },
        {
            "input": "CAAECBDCCE\nBBAECED",
            "output": "4"
        },
        {
            "input": "BACDEDBCBAE\nCEEBEECBDAE",
            "output": "7"
        },
        {
            "input": "EDAEDADDBBCEDE\nCCADDCBDABDD",
            "output": "6"
        },
        {
            "input": "EBDDBAC\nEEBCBDAABCB",
            "output": "5"
        },
        {
            "input": "CDECBCEB\nDEDCDB",
            "output": "4"
        },
        {
            "input": "BCDBDABDBAD\nEEABBDCDB",
            "output": "5"
        },
        {
            "input": "EBBBCAECAAACB\nEBAAABDCAEAADE",
            "output": "8"
        },
        {
            "input": "BBACAEDCCDECAAE\nEECCBCAEDACE",
            "output": "7"
        },
        {
            "input": "BBBCEBDECAEB\nEABCEDDDAE",
            "output": "6"
        },
        {
            "input": "CDBBEACDCDCADBD\nDCADBCECDE",
            "output": "6"
        },
        {
            "input": "DECACDCEA\nBECBDEB",
            "output": "4"
        },
        {
            "input": "AEDADDAAAE\nBADDDDBDABDCE",
            "output": "6"
        },
        {
            "input": "DAEABADABCB\nCEBCBB",
            "output": "4"
        },
        {
            "input": "DACAAB\nBDCEECADCCA",
            "output": "4"
        },
        {
            "input": "BBCCDADACEBDC\nBDABED",
            "output": "5"
        },
        {
            "input": "BEBBBDAECAADCBB\nCEADAECCADDADBD",
            "output": "9"
        },
        {
            "input": "EDCDCEEDBAEAD\nAEECBCDACEEEA",
            "output": "8"
        },
        {
            "input": "BDDCEDAA\nAEBDECCE",
            "output": "4"
        },
        {
            "input": "CEDEDDCBEDECEBA\nEBDAECB",
            "output": "6"
        },
        {
            "input": "DCDCBAAE\nCACAAECCBEACEC",
            "output": "5"
        },
        {
            "input": "CCCDADCAECBBD\nCDBADCBDEAAE",
            "output": "7"
        },
        {
            "input": "BDACAEEECDEBDA\nAEDECAE",
            "output": "5"
        },
        {
            "input": "BEECBEDCDCBC\nCCCCEBDCCA",
            "output": "5"
        },
        {
            "input": "CEADCBDCBAC\nAEAEAEACBAAB",
            "output": "5"
        },
        {
            "input": "BDACEDEAE\nCEBBBCBBCAC",
            "output": "3"
        },
        {
            "input": "EAADDBBEBDE\nEBDDDCDCED",
            "output": "5"
        },
        {
            "input": "DDCBADCDAD\nABCEEEDCBDDBA",
            "output": "6"
        },
        {
            "input": "ABDBBADCBB\nAEEBDEBD",
            "output": "5"
        },
        {
            "input": "DCBADCBEC\nACEDBCAD",
            "output": "4"
        },
        {
            "input": "AEEEC\nEDCEBDD",
            "output": "2"
        },
        {
            "input": "BBCBECC\nBAEDD",
            "output": "2"
        },
        {
            "input": "EDAEABBABA\nEEBACEBACE",
            "output": "6"
        },
        {
            "input": "CBCEBEACB\nBCBCCB",
            "output": "5"
        },
        {
            "input": "CABCADDA\nCDCCDC",
            "output": "3"
        },
        {
            "input": "CCCDC\nACCDCCDBCEABADA",
            "output": "5"
        },
        {
            "input": "BDBEDCBDDBDDBA\nBBCAECA",
            "output": "5"
        },
        {
            "input": "DAAEEAACBB\nDCCCCBD",
            "output": "3"
        },
        {
            "input": "BAECDBDEBBAEBA\nDCCBAAEEACADB",
            "output": "6"
        },
        {
            "input": "CBAECBDEBD\nBBCACDADEE",
            "output": "5"
        },
        {
            "input": "DBCEBEC\nCEECABADDECE",
            "output": "5"
        },
        {
            "input": "BDACCEC\nEEAAAD",
            "output": "1"
        },
        {
            "input": "DBEBEEEE\nBEACBBAECABBD",
            "output": "4"
        },
        {
            "input": "EAACCACACEDCB\nAEEEBEBCBEEACD",
            "output": "5"
        },
        {
            "input": "EDCBEECBBECBAEA\nEDADCBCEDDDA",
            "output": "7"
        },
        {
            "input": "ADAAEDCDAAECBD\nEADDBBD",
            "output": "5"
        },
        {
            "input": "BBCAAABBDCEC\nDBBDEBDDB",
            "output": "4"
        },
        {
            "input": "DDEEBBEEDAECB\nDBCDCADDEEBECA",
            "output": "7"
        },
        {
            "input": "CDACCDEA\nECBBAADAAACDACD",
            "output": "6"
        },
        {
            "input": "BCADBACCCBE\nECDAAACBAAC",
            "output": "5"
        },
        {
            "input": "EDECE\nBEBCAEDEE",
            "output": "4"
        },
        {
            "input": "CEDACCCAAECBEBE\nDDEEDC",
            "output": "3"
        },
        {
            "input": "DAEDABCEE\nABBEDADBCB",
            "output": "6"
        },
        {
            "input": "ABCBCBCBAB\nBBDBABBAEDDE",
            "output": "5"
        },
        {
            "input": "ABCADCC\nDCBBDEAA",
            "output": "2"
        },
        {
            "input": "DEEDCCAC\nCCADADBAEDBDEC",
            "output": "4"
        },
        {
            "input": "AAAACBA\nDDCACBEAEB",
            "output": "4"
        },
        {
            "input": "CEBCCBECABB\nECCEAECDC",
            "output": "5"
        },
        {
            "input": "CCCCAAAE\nCABCBEDCD",
            "output": "3"
        },
        {
            "input": "DAAAECCADA\nBCBDBBDB",
            "output": "2"
        },
        {
            "input": "DBEDEAEDC\nEAECCAEA",
            "output": "4"
        },
        {
            "input": "CBBEBB\nBAABEABDE",
            "output": "4"
        },
        {
            "input": "CCECCEBCACA\nECDACAAABCA",
            "output": "6"
        },
        {
            "input": "EACEACDAADAB\nCAEABDEACDAE",
            "output": "7"
        },
        {
            "input": "CBDDACEDCCEEED\nCAAEDAEACCADDC",
            "output": "7"
        },
        {
            "input": "BDEBDDDDCDBBBBE\nEADCEEDBABADC",
            "output": "6"
        },
        {
            "input": "EADEC\nAAABAAEBABDBCAD",
            "output": "4"
        },
        {
            "input": "ABCBAABACA\nCCDAEBACADDBE",
            "output": "6"
        },
        {
            "input": "DBEAACAECD\nABAECDDAAE",
            "output": "5"
        },
        {
            "input": "CEBDBBCEEEEE\nDCADCACAA",
            "output": "3"
        },
        {
            "input": "BAABBCBEEAABDC\nBABDDDECDE",
            "output": "5"
        },
        {
            "input": "EACACACEEDDCBAB\nBECADDC",
            "output": "6"
        },
        {
            "input": "ADEEAECBEDDE\nBABECCEAED",
            "output": "6"
        },
        {
            "input": "ABBCEB\nCDDBBBCEBBDE",
            "output": "5"
        },
        {
            "input": "BBDCEAEEDADDDC\nECADEECADDE",
            "output": "7"
        },
        {
            "input": "CDCABC\nDCAEAAB",
            "output": "4"
        },
        {
            "input": "DCACAEDEBB\nBEAEECBD",
            "output": "4"
        },
        {
            "input": "ECBACCADE\nDDEBCBABADE",
            "output": "7"
        },
        {
            "input": "CBBEAEDDDAC\nDDAED",
            "output": "3"
        },
        {
            "input": "BCAAAACCBBC\nDBBBBEBEAD",
            "output": "3"
        },
        {
            "input": "EAABCAEDCEC\nDBBEAEC",
            "output": "4"
        },
        {
            "input": "ECABDEDE\nAACAEEBEEA",
            "output": "5"
        },
        {
            "input": "EDBEBBDEBCBA\nAEDBAEDEDACA",
            "output": "8"
        },
        {
            "input": "EAEBEAAAABCDEBC\nEABBE",
            "output": "5"
        },
        {
            "input": "AEBEBDAECBCAACC\nECECBBDBACCBAED",
            "output": "8"
        },
        {
            "input": "BEAAADEBBCEDE\nCABEAAE",
            "output": "5"
        },
        {
            "input": "AAAAB\nCBEBDDABD",
            "output": "2"
        },
        {
            "input": "ABDECCEACDCE\nDCBEEECEAABEE",
            "output": "6"
        },
        {
            "input": "BBEBBDACCEECEDA\nDDADAEAEED",
            "output": "6"
        },
        {
            "input": "DECCEBCBDDDD\nDEBEBBAEA",
            "output": "5"
        },
        {
            "input": "EABACCAAAAECAEA\nCEBAEADADBCCD",
            "output": "6"
        },
        {
            "input": "DADBD\nBBCBEDAEAEB",
            "output": "3"
        },
        {
            "input": "ACCCBBBEBCD\nEAAEEE",
            "output": "2"
        },
        {
            "input": "BDDCCEBEBCDDBBB\nBBECCCDEDBAD",
            "output": "7"
        },
        {
            "input": "DCBBD\nDADDDE",
            "output": "2"
        },
        {
            "input": "DDCBAABDBDEC\nCEDEDCDABD",
            "output": "6"
        },
        {
            "input": "DDDBADADC\nAEBBDADDB",
            "output": "4"
        },
        {
            "input": "DECCCBBCABDE\nEEEEC",
            "output": "2"
        },
        {
            "input": "EBAADEEBEABDE\nBAEEEAECEAADCD",
            "output": "7"
        },
        {
            "input": "BABAEAAABADEB\nDCCDCEEBDBBEB",
            "output": "5"
        },
        {
            "input": "CBABEEAEED\nBCDEACBDAC",
            "output": "4"
        },
        {
            "input": "DAECADBBCBDAACD\nBAACCAACADBB",
            "output": "7"
        },
        {
            "input": "ECCDBCBABDDBB\nAEDCEEBE",
            "output": "4"
        },
        {
            "input": "CCEEBEBDCDDC\nAEDDE",
            "output": "3"
        },
        {
            "input": "ECDDBEBADA\nBBDADABBAADCBD",
            "output": "6"
        },
        {
            "input": "DAACEDEAAEDCDA\nBCCCADECCD",
            "output": "5"
        },
        {
            "input": "ABAAECE\nAADBE",
            "output": "3"
        },
        {
            "input": "BCCDDDABCACD\nDECEAC",
            "output": "4"
        },
        {
            "input": "EECDAEABBDCEEC\nDDBDDCEBC",
            "output": "6"
        },
        {
            "input": "BBECBCB\nAADACCCCDAE",
            "output": "2"
        },
        {
            "input": "BDEEDCDDDADDB\nADBCA",
            "output": "3"
        },
        {
            "input": "ECBBEAEC\nCCBBCDAEABA",
            "output": "5"
        },
        {
            "input": "CDECEADBB\nAECEEACDDBBB",
            "output": "7"
        },
        {
            "input": "CCCEA\nCCADEBADAEB",
            "output": "4"
        },
        {
            "input": "CEEBAAEDABDEDDE\nADEBDB",
            "output": "4"
        },
        {
            "input": "DBABBAD\nEAAEEDDDB",
            "output": "3"
        },
        {
            "input": "EDAACEDCBEB\nECCABCECCEDCCA",
            "output": "6"
        },
        {
            "input": "BDBDC\nABCAABDCBBBEAA",
            "output": "4"
        },
        {
            "input": "AAAACDC\nBAEECA",
            "output": "2"
        },
        {
            "input": "DDACCA\nDACADCCDBBCBDC",
            "output": "4"
        },
        {
            "input": "CCACADDBAACCAD\nDBADEBBCAABDEAD",
            "output": "7"
        },
        {
            "input": "AABCAEDDCEEE\nDBAABDCEB",
            "output": "6"
        },
        {
            "input": "EDAEBACBCDCEDD\nBBDECEAEEB",
            "output": "5"
        },
        {
            "input": "CDAECBDDEBCC\nDDCAE",
            "output": "3"
        },
        {
            "input": "EDBCE\nDBDBEDDBA",
            "output": "3"
        },
        {
            "input": "CDDDE\nABCEDB",
            "output": "2"
        },
        {
            "input": "CACAABCA\nCCBCDE",
            "output": "4"
        },
        {
            "input": "ACEACDBBCDAB\nCCADCEAEBEBDD",
            "output": "7"
        },
        {
            "input": "ECBBDDAD\nCDEAEC",
            "output": "3"
        },
        {
            "input": "AEBBDACDDE\nAEEECDAAC",
            "output": "5"
        },
        {
            "input": "BEDDADBAAC\nEBCAE",
            "output": "3"
        },
        {
            "input": "BBBCEACBECD\nAADCCDBBACA",
            "output": "4"
        },
        {
            "input": "CEEAED\nBADDEA",
            "output": "2"
        },
        {
            "input": "BBDADABA\nCDBBAABCABEEDAE",
            "output": "6"
        },
        {
            "input": "BBADDB\nEDDADDABBBB",
            "output": "4"
        },
        {
            "input": "DEEADECAABD\nDBDECAAAEEEE",
            "output": "6"
        },
        {
            "input": "EBEDDCDC\nECDCEBACDEAE",
            "output": "4"
        },
        {
            "input": "AACCACACAACEEBE\nEECCEDCEDACCCAE",
            "output": "7"
        },
        {
            "input": "DBDEDDCDCDCEABE\nBCCCCBAAAABE",
            "output": "7"
        },
        {
            "input": "EAECEAABECEAEA\nDDBAEADD",
            "output": "4"
        },
        {
            "input": "CDBABBBCCAD\nEDECAAADAB",
            "output": "4"
        },
        {
            "input": "DECBBCEEECACDEB\nDDACD",
            "output": "4"
        },
        {
            "input": "CAEABDDA\nACABDDADAEADEEE",
            "output": "6"
        },
        {
            "input": "DDDBE\nBEABDBCABECD",
            "output": "3"
        },
        {
            "input": "ACDEC\nEACDDECED",
            "output": "5"
        },
        {
            "input": "DBBDABEDCCEA\nEBADBBBCE",
            "output": "6"
        },
        {
            "input": "EEDCCDBABAACEA\nDCAACDEADBCDAEA",
            "output": "9"
        },
        {
            "input": "BCDCAAEBDCCC\nACEEABABECEC",
            "output": "6"
        },
        {
            "input": "CBECBABABC\nCCCACECDCCAACEA",
            "output": "6"
        },
        {
            "input": "ABECBDAAC\nAEEDEDD",
            "output": "3"
        },
        {
            "input": "AADDACACADDA\nAADBAABDE",
            "output": "6"
        },
        {
            "input": "AAABC\nACAEDCBDDE",
            "output": "3"
        },
        {
            "input": "DEEAEAEBCC\nEBADBEACDBAEEAA",
            "output": "5"
        },
        {
            "input": "ADBCC\nBCEDDBAC",
            "output": "3"
        },
        {
            "input": "BCCDCDA\nADECDAAD",
            "output": "4"
        },
        {
            "input": "ADECEECB\nEBBDDABDBEECD",
            "output": "5"
        },
        {
            "input": "DBDCCCEEDDCBCC\nDCCCACACAEDCDB",
            "output": "8"
        },
        {
            "input": "EECABAADA\nEDAAACBBACEABB",
            "output": "5"
        },
        {
            "input": "CBCEABDC\nADBACBC",
            "output": "4"
        },
        {
            "input": "BDACCD\nEEEBBC",
            "output": "2"
        },
        {
            "input": "EEEBDAABCCABACA\nEDEDEEA",
            "output": "4"
        },
        {
            "input": "DCEACAB\nBEDCCACCC",
            "output": "4"
        },
        {
            "input": "DACCECBECDDBDBB\nEDEBEA",
            "output": "4"
        },
        {
            "input": "ECCCEAED\nAEEBC",
            "output": "2"
        },
        {
            "input": "DACBEBEADC\nECABCCCBDDA",
            "output": "4"
        },
        {
            "input": "DBACCDAACA\nDBDCD",
            "output": "4"
        },
        {
            "input": "AABBCCBDECBD\nCDBBEAECBDCB",
            "output": "7"
        },
        {
            "input": "DBCECCCBB\nBCDECBCECEAB",
            "output": "7"
        },
        {
            "input": "EACBCD\nDECDCAEAE",
            "output": "3"
        },
        {
            "input": "ACEEA\nDBCCABEDBBC",
            "output": "2"
        },
        {
            "input": "EEEECBEB\nCDDCCBABCDC",
            "output": "3"
        },
        {
            "input": "CBEEECEADAEBDC\nCADCACEB",
            "output": "6"
        },
        {
            "input": "CDABCCCCDADAB\nCAAEEADCECDB",
            "output": "6"
        },
        {
            "input": "CDCBDECBBEA\nDEACCCBD",
            "output": "4"
        },
        {
            "input": "CCCDAACBCCCDCA\nEBDAD",
            "output": "3"
        },
        {
            "input": "DDADEECCE\nABDCCBCAEACEDAD",
            "output": "5"
        },
        {
            "input": "EBCAAAEBDAACB\nDEDCAEDA",
            "output": "6"
        },
        {
            "input": "AABACCDEBDED\nABBCBA",
            "output": "4"
        },
        {
            "input": "DCADDEDBD\nECCCBBDB",
            "output": "3"
        },
        {
            "input": "ACDDBCAE\nCDCAABBACBEDCEC",
            "output": "5"
        },
        {
            "input": "CDDDCB\nCACAADBAEBCBEC",
            "output": "4"
        },
        {
            "input": "EBEADA\nCACEEEEC",
            "output": "2"
        },
        {
            "input": "DCCDAA\nDEDBA",
            "output": "3"
        },
        {
            "input": "DABCA\nBECBA",
            "output": "3"
        },
        {
            "input": "CECBCDECDD\nBEBEBACDCADCBBB",
            "output": "6"
        },
        {
            "input": "ADCBEDEDABBECA\nDBEBCBACADB",
            "output": "7"
        },
        {
            "input": "EACDAAE\nBAABABDBC",
            "output": "3"
        },
        {
            "input": "DCCEADADABACAE\nEDECBADDBBACC",
            "output": "8"
        },
        {
            "input": "DDBEDCD\nCDAAACDBEBDBED",
            "output": "6"
        },
        {
            "input": "BBEDCCACDCBDBBE\nBCDCEEAACBCEABB",
            "output": "8"
        },
        {
            "input": "DCACC\nBEEDBDBDECCBC",
            "output": "4"
        },
        {
            "input": "AAECECDDBDBBEC\nDCACAAEDCE",
            "output": "5"
        },
        {
            "input": "BAAACE\nABDADDDCCD",
            "output": "3"
        },
        {
            "input": "EDADEAAEBB\nBDDCEDEBB",
            "output": "6"
        },
        {
            "input": "EBBDBEDCD\nCAAEE",
            "output": "2"
        },
        {
            "input": "BABDBBCCAACBDA\nEEADB",
            "output": "3"
        },
        {
            "input": "EBBDDCDEECABCAE\nEACDEBAB",
            "output": "6"
        },
        {
            "input": "CBCECBED\nDBCEADBCADCDA",
            "output": "5"
        },
        {
            "input": "CCCDEBE\nEADCCE",
            "output": "3"
        },
        {
            "input": "DDCDCDEECA\nBABDEA",
            "output": "3"
        },
        {
            "input": "EAECBDEBEBDA\nDBEEDDDECCDE",
            "output": "5"
        },
        {
            "input": "ABDCDDCBECDA\nACACBADDACEBCBE",
            "output": "7"
        },
        {
            "input": "BDCABDCAAE\nDBCDDEAAAEEA",
            "output": "6"
        },
        {
            "input": "ABAEBCED\nCDCAAAB",
            "output": "3"
        },
        {
            "input": "DADEDBE\nDECADA",
            "output": "3"
        },
        {
            "input": "DDAAEEAD\nCDDCD",
            "output": "3"
        },
        {
            "input": "DCEEBCABDCCCCE\nBAADEBAEBADD",
            "output": "6"
        },
        {
            "input": "DCDCEA\nACACACBDCBBDDCE",
            "output": "5"
        },
        {
            "input": "ECBBADEDEEDDBE\nACDCDEC",
            "output": "4"
        },
        {
            "input": "CACED\nBAEECAAECC",
            "output": "3"
        },
        {
            "input": "EBDCECCDADBB\nDDCCAABDEDCBAA",
            "output": "6"
        },
        {
            "input": "AECAADAECE\nBEDEBC",
            "output": "4"
        },
        {
            "input": "ADDAEAAACEE\nABDBA",
            "output": "3"
        },
        {
            "input": "EECCCCCADAB\nEAEBBB",
            "output": "3"
        },
        {
            "input": "EBADDCBD\nBCAEECBEACCCE",
            "output": "4"
        },
        {
            "input": "CCBACCACECCE\nDECAADECD",
            "output": "5"
        },
        {
            "input": "BBEEBABCDACE\nADAADDAED",
            "output": "4"
        },
        {
            "input": "DCEEE\nCBAECAAB",
            "output": "2"
        },
        {
            "input": "EAAADEEDBECC\nBEBEECEDDB",
            "output": "5"
        },
        {
            "input": "EABBCAECABCAADB\nAEACCBDEBDB",
            "output": "7"
        },
        {
            "input": "DCCBEADCDEC\nCABAAABDCEB",
            "output": "6"
        },
        {
            "input": "DAAEEDCABBEA\nAECDDE",
            "output": "4"
        },
        {
            "input": "DDABACCDCCCDBE\nAADDCEECB",
            "output": "6"
        },
        {
            "input": "CECBADBACDDD\nEEEAB",
            "output": "3"
        },
        {
            "input": "EBCBDBCEDD\nACAEDEDECCB",
            "output": "4"
        },
        {
            "input": "DBBEEE\nDBDAADBBCA",
            "output": "3"
        },
        {
            "input": "ACEEABCABB\nDCCBAADDAEDE",
            "output": "3"
        },
        {
            "input": "CBBDCBDDEEDE\nECBCDEB",
            "output": "5"
        },
        {
            "input": "EDEDEBDA\nCEADCE",
            "output": "3"
        },
        {
            "input": "AEDCDAEDCDEEDA\nCCDAAECBD",
            "output": "6"
        },
        {
            "input": "DAEDDCABDB\nBACDCDBDECEBDEC",
            "output": "6"
        },
        {
            "input": "AECBCDCBA\nDBCCECDDDBEEDAA",
            "output": "5"
        },
        {
            "input": "EBDBA\nBBDECDDEEDCCAE",
            "output": "3"
        },
        {
            "input": "EBEDDADACAAABDE\nCDDADCE",
            "output": "6"
        },
        {
            "input": "ADCAAACCCA\nBEEBABD",
            "output": "2"
        },
        {
            "input": "EEACDDABACEAAD\nBDEEA",
            "output": "3"
        },
        {
            "input": "EDBBCBAABEDABBB\nBDDDDC",
            "output": "2"
        },
        {
            "input": "EDBADCBCCABAEEA\nEDCEEAACABCEE",
            "output": "8"
        },
        {
            "input": "EDEDCDEC\nBDAAEAEABBADA",
            "output": "3"
        },
        {
            "input": "DCEEBABC\nCABDCAEEABADB",
            "output": "7"
        },
        {
            "input": "ACBDEBBBECCDC\nBECABBD",
            "output": "5"
        },
        {
            "input": "EBEAAADEDEEBB\nDCCDBBCDDB",
            "output": "4"
        },
        {
            "input": "EEABCCA\nAEDDBAEED",
            "output": "3"
        },
        {
            "input": "BBCBAEABE\nBDBBDCBBCE",
            "output": "6"
        },
        {
            "input": "EBECABBDBDD\nCCBEBCCBBDDAA",
            "output": "7"
        },
        {
            "input": "AABDCBACBCAB\nCBCECAED",
            "output": "5"
        },
        {
            "input": "ADBBEAAE\nBDCAEEBADDAD",
            "output": "4"
        },
        {
            "input": "BBAEEBBEACCCA\nAACDDBBDADAAEA",
            "output": "5"
        },
        {
            "input": "ABBADBEABCCAEBE\nAEBADCDCB",
            "output": "7"
        },
        {
            "input": "DEDDEAABBA\nCABAE",
            "output": "3"
        },
        {
            "input": "AACBBBCECCB\nACCAEBE",
            "output": "5"
        },
        {
            "input": "BCEEBACB\nBAEEACACDEDC",
            "output": "5"
        },
        {
            "input": "EABECE\nBADCECEACA",
            "output": "4"
        },
        {
            "input": "AABBBBAC\nEDECBEAE",
            "output": "2"
        },
        {
            "input": "BCBADBADCDDBDE\nCBBAECDCCBD",
            "output": "8"
        },
        {
            "input": "BABCDEECDEDAAE\nDCDAEECBBB",
            "output": "5"
        },
        {
            "input": "ADCDCBECCDBD\nADEADCDA",
            "output": "5"
        },
        {
            "input": "ECDBAB\nEAECACB",
            "output": "4"
        },
        {
            "input": "EBBECCAABABCAD\nABAEEBCCCCD",
            "output": "6"
        },
        {
            "input": "BAACCCABBBCE\nEBDCDCEBCA",
            "output": "5"
        },
        {
            "input": "AADDBDBBCBACDB\nEEDDCCDEADACC",
            "output": "5"
        },
        {
            "input": "AAAADBEBAEAB\nABDADDBE",
            "output": "5"
        },
        {
            "input": "DAEBB\nADAAEAAEECEEDE",
            "output": "3"
        },
        {
            "input": "AECDBEBDEAC\nAEADCB",
            "output": "4"
        },
        {
            "input": "CABDCADBCBB\nAECDBACECEBBBC",
            "output": "7"
        },
        {
            "input": "CCEEADADCAD\nDBAEAEDE",
            "output": "4"
        },
        {
            "input": "EDBABECDBABDC\nEDBACCBADCAAADE",
            "output": "9"
        },
        {
            "input": "DEDAEAEBDA\nBDDEA",
            "output": "4"
        },
        {
            "input": "DCACBD\nEBCADDD",
            "output": "3"
        },
        {
            "input": "ACCEAB\nBEEDBCA",
            "output": "2"
        },
        {
            "input": "DECBECD\nEBDEA",
            "output": "3"
        },
        {
            "input": "CEEEEABCDDAD\nDBBBBACBDEE",
            "output": "3"
        },
        {
            "input": "AEDBEDBBDBAA\nDEDDBDABE",
            "output": "6"
        },
        {
            "input": "DEDCE\nCABCBDDAABEABBB",
            "output": "3"
        },
        {
            "input": "BEBAEEA\nACBEEDACBAE",
            "output": "5"
        },
        {
            "input": "EBBCCCABEDDBACD\nDCAADDDAAB",
            "output": "5"
        },
        {
            "input": "EDCBDDEBBACDBD\nEACDBDEB",
            "output": "6"
        },
        {
            "input": "CBCBADDCB\nADCCDEEBDCBACCA",
            "output": "6"
        },
        {
            "input": "BCEAEB\nAAEEDACA",
            "output": "2"
        },
        {
            "input": "CDDECAEDCAAAE\nDEDBEBDACB",
            "output": "5"
        },
        {
            "input": "CDDBBC\nAAECDDBDEAECD",
            "output": "5"
        },
        {
            "input": "EADEBCDDBCDADCA\nDCCDBCDDCC",
            "output": "8"
        },
        {
            "input": "DECAADBCECACBD\nBDEBDDBCCCBABD",
            "output": "9"
        },
        {
            "input": "CCCBBAEBDDBBE\nADDCAEEB",
            "output": "4"
        },
        {
            "input": "CAEEEAAE\nCECEE",
            "output": "4"
        },
        {
            "input": "BCCCDC\nDBBCECCEACDCB",
            "output": "6"
        },
        {
            "input": "CBCCDEA\nBECDD",
            "output": "3"
        },
        {
            "input": "EDDCAD\nECEAAD",
            "output": "4"
        },
        {
            "input": "CABCBCCCA\nAEABEBC",
            "output": "4"
        },
        {
            "input": "DDDEEDEDB\nECDEDBACACE",
            "output": "5"
        },
        {
            "input": "EABAACCCDDBCBC\nCCABADAAEBDDECB",
            "output": "8"
        },
        {
            "input": "BDDACBBDCB\nDCCCCADAAE",
            "output": "3"
        },
        {
            "input": "EBACAD\nECCAAABACE",
            "output": "4"
        },
        {
            "input": "DCAEAEACA\nBCEDDE",
            "output": "3"
        },
        {
            "input": "DAAECDEEEAA\nDEABEA",
            "output": "4"
        },
        {
            "input": "CDCACEE\nBBAECAEADD",
            "output": "3"
        },
        {
            "input": "ACDAABAA\nCCABACE",
            "output": "4"
        },
        {
            "input": "BABEDBCEBECBACC\nECABCCEBADEAAB",
            "output": "7"
        },
        {
            "input": "DCCDD\nBDABAEEB",
            "output": "1"
        },
        {
            "input": "BAECACBDBEA\nCCDCDBE",
            "output": "5"
        },
        {
            "input": "EEACDBABBCA\nCDEBECC",
            "output": "4"
        },
        {
            "input": "DAECCDCA\nBBBBECEBBAAADCE",
            "output": "4"
        },
        {
            "input": "ABCBCADDABCDCDE\nBDDCBDDDCBDDA",
            "output": "8"
        },
        {
            "input": "ACEEBEDCBBBCADD\nBDACCDABD",
            "output": "6"
        },
        {
            "input": "DDECAAAAEEE\nDAAACCDCB",
            "output": "4"
        },
        {
            "input": "EBACEAAB\nBADBEAEE",
            "output": "4"
        },
        {
            "input": "BECAEEEDEC\nDEABEADCBBDCE",
            "output": "5"
        },
        {
            "input": "DDEAABACBAEBA\nCCBDDE",
            "output": "3"
        },
        {
            "input": "DACADAADD\nBADBAABDD",
            "output": "6"
        },
        {
            "input": "CCCADEE\nADEBAEADDBAEBBA",
            "output": "4"
        },
        {
            "input": "DDEDCCEC\nBABDBCB",
            "output": "2"
        },
        {
            "input": "BBACECCADB\nBBEACBBCBACB",
            "output": "7"
        },
        {
            "input": "CEACADACEDB\nAEEBEA",
            "output": "3"
        },
        {
            "input": "ADACC\nDABADACAACBCDDB",
            "output": "5"
        },
        {
            "input": "EEEBBBDDCA\nBECBACAE",
            "output": "4"
        },
        {
            "input": "EDAEDBDE\nEDEBCDDEEC",
            "output": "6"
        },
        {
            "input": "AAEAACBB\nCBACCBBBCBD",
            "output": "4"
        },
        {
            "input": "CDAECEAEAACABAC\nECABECCA",
            "output": "6"
        },
        {
            "input": "EABDBDAEDDEBEE\nDEACDEAADA",
            "output": "5"
        },
        {
            "input": "DCEBDADDBBEAAAD\nCAADACBACB",
            "output": "5"
        },
        {
            "input": "BAAACDCC\nBECCDDADAEBBBA",
            "output": "4"
        },
        {
            "input": "CDDBEEB\nDEBBCCCBEA",
            "output": "3"
        },
        {
            "input": "ADAACDBAC\nDAAEBCE",
            "output": "5"
        },
        {
            "input": "ADAECEEEBEADAAD\nEDDBA",
            "output": "3"
        },
        {
            "input": "CCCCCDAB\nEDAECEBCECADB",
            "output": "5"
        },
        {
            "input": "CBEDDE\nCDCCEDEEEE",
            "output": "4"
        },
        {
            "input": "DDBEAAADBA\nAAACECCDDC",
            "output": "4"
        },
        {
            "input": "BDAADCEAC\nEACECA",
            "output": "4"
        },
        {
            "input": "DBDDD\nDDCABDE",
            "output": "3"
        },
        {
            "input": "DECAA\nBBCBD",
            "output": "1"
        },
        {
            "input": "DEBDB\nBAABBBCAAD",
            "output": "2"
        },
        {
            "input": "EDDDCCACCAAEAB\nEABDCD",
            "output": "3"
        },
        {
            "input": "DEBBEDAE\nABEEEDCDAA",
            "output": "4"
        },
        {
            "input": "CBCBABCBBDCADEA\nABCCEDACABBCD",
            "output": "8"
        },
        {
            "input": "BDBABEECADDA\nAABBA",
            "output": "3"
        },
        {
            "input": "AEECDBCBDBBADD\nBDDCBEBCEDCAD",
            "output": "6"
        },
        {
            "input": "EDDBDEDBCAEB\nEEDEEDEEAEEBAA",
            "output": "7"
        },
        {
            "input": "EAACDAADDD\nEABEAAABDEBE",
            "output": "6"
        },
        {
            "input": "DEEBCCCEAADBCC\nCDDEACCBBCCDEA",
            "output": "7"
        },
        {
            "input": "BCAEACB\nDCAABB",
            "output": "4"
        },
        {
            "input": "DBCEEDABBDDDEE\nCCCDECDDBD",
            "output": "5"
        },
        {
            "input": "BBBABBBEEC\nEBBEEDA",
            "output": "4"
        },
        {
            "input": "EDBBEDDCBCBCDEC\nDDAEAC",
            "output": "4"
        },
        {
            "input": "DDBEBEBBBCBDBEE\nBCDDCADABAECCCB",
            "output": "6"
        },
        {
            "input": "DDCDADCABE\nEEDBCDD",
            "output": "4"
        },
        {
            "input": "CCCBAE\nCBABBEADCA",
            "output": "4"
        },
        {
            "input": "DDDECEDBCCADE\nDEBEECACAACDBED",
            "output": "8"
        },
        {
            "input": "CABAECABDCEAC\nDCEAAEECEEDABBC",
            "output": "8"
        },
        {
            "input": "DEDCABDDCCB\nDEBCCBABBDDB",
            "output": "8"
        },
        {
            "input": "AAADAAEEC\nBBDABBDC",
            "output": "3"
        },
        {
            "input": "EEDBAACDABAACED\nAAAADEEDCEAAAD",
            "output": "8"
        },
        {
            "input": "CADEBE\nBDCAEAADACEBCCE",
            "output": "6"
        },
        {
            "input": "ABCBCC\nBEEEBDDE",
            "output": "2"
        },
        {
            "input": "BCCDBABBACEE\nABCBBBEAEBCABD",
            "output": "7"
        },
        {
            "input": "BDCEABCEEBEEAB\nCDAAB",
            "output": "4"
        },
        {
            "input": "EDCCCABEEDCD\nDCCBEEBCBCDD",
            "output": "8"
        },
        {
            "input": "DBCDB\nBABBBB",
            "output": "2"
        },
        {
            "input": "BCADACEBABBDC\nCBCEAABBDBECDA",
            "output": "8"
        },
        {
            "input": "EEDDBADCE\nEDEEADCBAADEBE",
            "output": "7"
        },
        {
            "input": "DADCAACED\nACCACE",
            "output": "5"
        },
        {
            "input": "AADEECCDD\nBDEADC",
            "output": "3"
        },
        {
            "input": "ADEECEADBBB\nDEDAEDDAAAEDAA",
            "output": "5"
        },
        {
            "input": "BACECADBBEC\nAACCDDBBAA",
            "output": "6"
        },
        {
            "input": "CDCBEADEEBCDEBE\nCDBDA",
            "output": "4"
        },
        {
            "input": "BDCDDAEADBC\nEAADCDEAEA",
            "output": "6"
        },
        {
            "input": "AEDDEE\nBEEEEADCAEC",
            "output": "3"
        },
        {
            "input": "CEAAE\nCDCBECBDBBAE",
            "output": "4"
        },
        {
            "input": "AACCEAACEDABE\nEBCBEBEAEACB",
            "output": "6"
        },
        {
            "input": "CBCCCD\nEAABA",
            "output": "1"
        },
        {
            "input": "BDEBBAEECEDD\nEABCCBDACCC",
            "output": "5"
        },
        {
            "input": "ACBDCDDDCC\nACCECDADCADDAD",
            "output": "7"
        },
        {
            "input": "EEDAE\nEACABAAABADBEEA",
            "output": "3"
        },
        {
            "input": "ACABEDDE\nAAAABDBBBE",
            "output": "5"
        },
        {
            "input": "DDDBEBABDABBCD\nBACAEBEAB",
            "output": "5"
        },
        {
            "input": "CADCB\nDEADCEDBBB",
            "output": "4"
        },
        {
            "input": "DDADACBEEC\nBADBAAEACED",
            "output": "5"
        },
        {
            "input": "BBADBCBABEADC\nCBCBA",
            "output": "4"
        },
        {
            "input": "DACAADEBA\nCDBBDCADBDDEA",
            "output": "6"
        },
        {
            "input": "DBCCBABEBDC\nBCCBCDEBDCCBA",
            "output": "8"
        },
        {
            "input": "CEDDED\nBADEEED",
            "output": "3"
        },
        {
            "input": "CCDCACCDCB\nEEBEACE",
            "output": "2"
        },
        {
            "input": "ABABBCACBDBC\nBDCECDBEA",
            "output": "5"
        },
        {
            "input": "BEBDDDDCCCEEA\nEDABBDA",
            "output": "4"
        },
        {
            "input": "BBBAEDAEEC\nCDEEDDBAEAAE",
            "output": "5"
        },
        {
            "input": "BCAEEADADAE\nAEBDB",
            "output": "3"
        },
        {
            "input": "EEEAEECBA\nEDDBADDCC",
            "output": "3"
        },
        {
            "input": "BCBDEBBAEA\nEACDB",
            "output": "3"
        },
        {
            "input": "EBEEEAEBABE\nBBBDECCBCACE",
            "output": "5"
        },
        {
            "input": "ADBCEDDBBEDE\nDCEDAEBC",
            "output": "5"
        },
        {
            "input": "CCBECDE\nAEECCDDEEBBBEDE",
            "output": "6"
        },
        {
            "input": "ACBEEAECCDBDEB\nCBACEBDCDCEBCAE",
            "output": "8"
        },
        {
            "input": "BAAEA\nDDECEEABCACDC",
            "output": "2"
        },
        {
            "input": "EEDDDDDBBDE\nABEADAEDECDAEB",
            "output": "5"
        },
        {
            "input": "CEDACACD\nDADDE",
            "output": "3"
        },
        {
            "input": "EAEBCDEBACAEABD\nDDABCBDBBCB",
            "output": "7"
        },
        {
            "input": "ADDEAECDDD\nDEAABAC",
            "output": "4"
        },
        {
            "input": "EAEEAECACD\nDDCEDEECEEADC",
            "output": "6"
        },
        {
            "input": "BAEDECBBDBDAB\nCDBCDBDB",
            "output": "6"
        },
        {
            "input": "DEEDDDADDCAEBED\nADAEDDDDDBCE",
            "output": "9"
        },
        {
            "input": "CECDDEEDDDEE\nCBDAACDC",
            "output": "3"
        },
        {
            "input": "EECDDDDCBBB\nCEADDCDECEDA",
            "output": "5"
        },
        {
            "input": "DAAED\nCEEAEDDEAAEDDBD",
            "output": "5"
        },
        {
            "input": "BECBB\nCDAECDEEBEED",
            "output": "3"
        },
        {
            "input": "EAEDCACE\nEEDAAEEDCBBEA",
            "output": "6"
        },
        {
            "input": "BCBCCECEEBBDECB\nBABDC",
            "output": "4"
        },
        {
            "input": "EDAEECCBEE\nCCBAECCDAC",
            "output": "4"
        },
        {
            "input": "DAEBCBCDECBCDE\nDBCCC",
            "output": "5"
        },
        {
            "input": "ECDEADE\nDEBCAADDDEBBD",
            "output": "5"
        },
        {
            "input": "BEEEDDDDBAAC\nABEABDCAEBCECBA",
            "output": "6"
        },
        {
            "input": "ECDEADCAABEDDC\nDBDECEDBBCDCC",
            "output": "7"
        },
        {
            "input": "AEEEBDD\nCDCBEE",
            "output": "2"
        },
        {
            "input": "EAAAEBBCDC\nCECEEEAAEDCBCE",
            "output": "6"
        },
        {
            "input": "DEEBABABEDDABBA\nCCBEEBBCBEADAEB",
            "output": "9"
        },
        {
            "input": "ADCACEDCCBDB\nCEEDDADDDECDCBE",
            "output": "6"
        },
        {
            "input": "AACEAA\nBDDDDECACDCB",
            "output": "2"
        },
        {
            "input": "AECDEDDAEB\nADDBBBDCDECA",
            "output": "5"
        },
        {
            "input": "CBBBBBED\nACBEBEE",
            "output": "4"
        },
        {
            "input": "BBBEA\nBABCCCADABBCCEB",
            "output": "4"
        },
        {
            "input": "BDCDDBACDD\nDBAACADCEAABCA",
            "output": "5"
        },
        {
            "input": "DEBBDECAABABD\nDABEEDBEDE",
            "output": "5"
        },
        {
            "input": "CDDEBDBDEEBCECC\nDCDAEAACB",
            "output": "4"
        },
        {
            "input": "EDDDBCEECBEBBB\nCAAEBAADEBEECEE",
            "output": "7"
        },
        {
            "input": "BCBBDBCABDBEEB\nCCBBEABEADEEB",
            "output": "9"
        },
        {
            "input": "EAABECEABA\nECCDAAD",
            "output": "4"
        },
        {
            "input": "CBDBDEDEECBCAEA\nEEEDCCDDB",
            "output": "5"
        },
        {
            "input": "ACCDCDCEEA\nCAEBAABACCEE",
            "output": "5"
        },
        {
            "input": "DBEEBDDED\nEBADC",
            "output": "3"
        },
        {
            "input": "CADBBEDEECEACA\nACABBBED",
            "output": "6"
        },
        {
            "input": "ECACAE\nCAAABBB",
            "output": "3"
        },
        {
            "input": "CEDBCADCDCDDACB\nCECBBAAADEBBDB",
            "output": "7"
        },
        {
            "input": "ABAAEB\nDAADECBD",
            "output": "4"
        },
        {
            "input": "EDBAADD\nABCDBCEBADC",
            "output": "4"
        },
        {
            "input": "ECCAAB\nCBCCAACBDBB",
            "output": "5"
        },
        {
            "input": "AAEDCDEBAABD\nEAACBEECCCBED",
            "output": "6"
        },
        {
            "input": "EBECE\nCEBECEBD",
            "output": "5"
        },
        {
            "input": "DCEABB\nEDCEDBBEEECCB",
            "output": "5"
        },
        {
            "input": "CACCA\nEEEEE",
            "output": "0"
        },
        {
            "input": "ACECCCCAADCAA\nEAABAC",
            "output": "4"
        },
        {
            "input": "ADDCABEBDDABC\nDADDAEA",
            "output": "6"
        },
        {
            "input": "CCDEABDAEBC\nADABD",
            "output": "4"
        },
        {
            "input": "BDABACCB\nDECCDDAACBCCCE",
            "output": "5"
        },
        {
            "input": "CBBCDAAB\nEDEBABEDEDB",
            "output": "4"
        },
        {
            "input": "CAACDAECBBCA\nAECBBAC",
            "output": "6"
        },
        {
            "input": "EABBD\nDEAAACCAACDCE",
            "output": "3"
        },
        {
            "input": "BCADEBECACBDE\nCBCADB",
            "output": "5"
        },
        {
            "input": "BCEBCEDEAE\nAADDDACADBAC",
            "output": "3"
        },
        {
            "input": "BBDBAD\nBEDDAB",
            "output": "3"
        },
        {
            "input": "ECCCADBB\nCCBACBCECEDCAAA",
            "output": "4"
        },
        {
            "input": "DBCBB\nDCECBBCDED",
            "output": "4"
        },
        {
            "input": "AAADAC\nCCAAAADAE",
            "output": "5"
        },
        {
            "input": "EADBAEDECBBEA\nEDCDEAEBDBB",
            "output": "7"
        },
        {
            "input": "CACAEACADBA\nAEDEEDCAAB",
            "output": "5"
        },
        {
            "input": "AAABECCD\nBEAADC",
            "output": "3"
        },
        {
            "input": "ECCCEEAEAEBA\nAACCECBCDBCB",
            "output": "5"
        },
        {
            "input": "ECDDDDCBEEBBABB\nBAABBDDEBE",
            "output": "4"
        },
        {
            "input": "BCDDECAE\nDEDDDBEEDDCECBE",
            "output": "6"
        },
        {
            "input": "CDBAEACAA\nADABBDBBBED",
            "output": "3"
        },
        {
            "input": "EEDDA\nABBDECDEDDC",
            "output": "4"
        },
        {
            "input": "BECBC\nBEBCEDCEEB",
            "output": "4"
        },
        {
            "input": "ECCDBBCCEBACDCC\nEEBCCE",
            "output": "5"
        },
        {
            "input": "CEADBCDDBBCE\nADDECCDCBC",
            "output": "6"
        },
        {
            "input": "AABBECDCADC\nADCDAEEA",
            "output": "4"
        },
        {
            "input": "BEECEAEDDBB\nDDDABEEDCAEEAC",
            "output": "6"
        },
        {
            "input": "EAABDBDEDDCAA\nBCEBCB",
            "output": "3"
        },
        {
            "input": "ADDEBABD\nCEBEBBEADBCE",
            "output": "4"
        },
        {
            "input": "CAEBDBEDDDDEDE\nAEAEBEABAEBBDD",
            "output": "7"
        },
        {
            "input": "CAEDDBD\nADADA",
            "output": "3"
        },
        {
            "input": "BEBABCBBDCA\nAEADAABCAEEC",
            "output": "5"
        },
        {
            "input": "BBCCACCB\nCBEDCEAADEAE",
            "output": "3"
        },
        {
            "input": "DACACEAABBAAD\nCAAECCCEDADDBBE",
            "output": "7"
        },
        {
            "input": "ABBCBB\nBDCBAC",
            "output": "3"
        },
        {
            "input": "ABADAAADAD\nBDEBAD",
            "output": "4"
        },
        {
            "input": "DCBDBEA\nDDBCBBBAEBBDCAE",
            "output": "6"
        },
        {
            "input": "CADCCDBAAAEDD\nBBAABCEEE",
            "output": "4"
        },
        {
            "input": "ECBAAEECCBDC\nDDBBADDDCDEAC",
            "output": "5"
        },
        {
            "input": "AECBCADDECBA\nEBBEB",
            "output": "4"
        },
        {
            "input": "BAAEDACADDEC\nAECBDEEDCCE",
            "output": "6"
        },
        {
            "input": "BBBDBCCACA\nACBCECADCCA",
            "output": "6"
        },
        {
            "input": "AEDCDBBEAEDBABA\nABDEDCBECAEA",
            "output": "9"
        },
        {
            "input": "DDDABEDDBCBEB\nADCBDEBABEBD",
            "output": "7"
        },
        {
            "input": "ABECCCAC\nDAEBAD",
            "output": "3"
        },
        {
            "input": "AADEAE\nCACADDCDAECAAAB",
            "output": "5"
        },
        {
            "input": "CACDBBABBDACBD\nCDBBBDBDBDEBCE",
            "output": "9"
        },
        {
            "input": "CADEDBDBDCAAB\nDEAABAADEDBAC",
            "output": "6"
        },
        {
            "input": "BCDAADEECCABEA\nBBADCEDCDA",
            "output": "6"
        },
        {
            "input": "BEBBDDCEAAEC\nDDEEBCCDED",
            "output": "5"
        },
        {
            "input": "CDEBEAC\nCEEDACCB",
            "output": "5"
        },
        {
            "input": "EADDCDDBDDEEBBE\nBCDDAECEBAB",
            "output": "7"
        },
        {
            "input": "DCCECE\nEEECDCAEBBDC",
            "output": "4"
        },
        {
            "input": "EDCBBCBEED\nBBBADA",
            "output": "4"
        },
        {
            "input": "CECAAEBDD\nBDEECBCACDC",
            "output": "4"
        },
        {
            "input": "AADCCDA\nAEBDAABBBEAB",
            "output": "3"
        },
        {
            "input": "CEEBCBE\nEBBCC",
            "output": "3"
        },
        {
            "input": "AAABDBC\nCBDADCA",
            "output": "3"
        },
        {
            "input": "BDBDAABADE\nBCBDAECBEACB",
            "output": "6"
        },
        {
            "input": "EEDBBBC\nEBCAADBBD",
            "output": "4"
        },
        {
            "input": "BCCDCBBABADDC\nDAEDADCBACAAC",
            "output": "6"
        },
        {
            "input": "ECBBEEB\nCBBBBECCAE",
            "output": "5"
        },
        {
            "input": "ECDCAB\nCDBEB",
            "output": "3"
        },
        {
            "input": "CCCEBDDEAB\nDECBCCDDBCB",
            "output": "6"
        },
        {
            "input": "CDEBAC\nDADAACC",
            "output": "3"
        },
        {
            "input": "CCAEACDEDCECEED\nCACBABADACDBAE",
            "output": "7"
        },
        {
            "input": "ACDAEECDCECBE\nAACEDBCDE",
            "output": "6"
        },
        {
            "input": "BCCCBEE\nABBCBADBDEEC",
            "output": "5"
        },
        {
            "input": "DBBDBBABDEBBEE\nEBCEEB",
            "output": "4"
        },
        {
            "input": "BCDAEACDDACEACC\nECCBBBCDCBB",
            "output": "5"
        },
        {
            "input": "DCDECEBEDCCCDEB\nEBCEBDBADDE",
            "output": "7"
        },
        {
            "input": "DBEBCBBAEBCB\nDAEACEBAC",
            "output": "6"
        },
        {
            "input": "EBCBCC\nABBDB",
            "output": "2"
        },
        {
            "input": "CEDADEEDAD\nCBCECCED",
            "output": "4"
        },
        {
            "input": "BAACBAEDCEC\nACEEBBBBADBAA",
            "output": "5"
        },
        {
            "input": "CBACEDAACBBEAD\nEABACDAEECDBC",
            "output": "7"
        },
        {
            "input": "ABDBBBEEADAEB\nEDEAEB",
            "output": "5"
        },
        {
            "input": "CCADAEDAC\nECBEAEBDDADBD",
            "output": "5"
        },
        {
            "input": "DCDAAC\nBCAAEABAD",
            "output": "3"
        },
        {
            "input": "BDDAAEBCEC\nDADADDEAACDEECD",
            "output": "7"
        },
        {
            "input": "CABBAA\nCEABDAEE",
            "output": "4"
        },
        {
            "input": "DECCBEB\nABABAAEAEBC",
            "output": "3"
        },
        {
            "input": "DDACDEEE\nABECCDAACCBB",
            "output": "3"
        },
        {
            "input": "ECDEBAABEEBECD\nADBBE",
            "output": "4"
        },
        {
            "input": "AABBBAAEADDCCEA\nEDEDBCDEAAEDAA",
            "output": "6"
        },
        {
            "input": "EDCACBABCE\nDECBACDCDBEE",
            "output": "6"
        },
        {
            "input": "DECEAECEECADC\nCCCEDABDBCEDC",
            "output": "7"
        },
        {
            "input": "CCADBC\nACCCBBCE",
            "output": "4"
        },
        {
            "input": "EABEDCAD\nBCBDCA",
            "output": "4"
        },
        {
            "input": "ADBBDA\nBCDBADCEBE",
            "output": "3"
        },
        {
            "input": "DAEBDDBCDEC\nDACCDAE",
            "output": "5"
        },
        {
            "input": "EBDAABBDEB\nACEAEBEBABC",
            "output": "5"
        },
        {
            "input": "BEBCDBEEDD\nBECAAEEAB",
            "output": "5"
        },
        {
            "input": "BEBBEDAABED\nACABEDBAEEBCCD",
            "output": "6"
        },
        {
            "input": "BDAEBA\nBABCCDC",
            "output": "3"
        },
        {
            "input": "BDAACAAB\nDEAEAE",
            "output": "3"
        },
        {
            "input": "EDEEEEDAE\nBDDDECBEDAC",
            "output": "5"
        },
        {
            "input": "EDECABDDA\nCCAADDEBBDAE",
            "output": "5"
        },
        {
            "input": "BBCDEADADAEBDE\nEDDDDDBEEEEAECB",
            "output": "6"
        },
        {
            "input": "ACCADABABACDE\nDAEBCA",
            "output": "4"
        },
        {
            "input": "EBAAABA\nDCABCAECE",
            "output": "3"
        },
        {
            "input": "DBECCCACBB\nDEBCAEDBCCDDC",
            "output": "6"
        },
        {
            "input": "ACCAEAAB\nDAAAEDECEAE",
            "output": "4"
        },
        {
            "input": "CCEEBEEABBCAA\nDBECDBCCBCCDCCA",
            "output": "6"
        },
        {
            "input": "ECDDBCA\nAAEDBCA",
            "output": "5"
        },
        {
            "input": "DDBDDBDCDCEABDD\nEBABACDEBCDCCE",
            "output": "7"
        },
        {
            "input": "EBDAAAEACCABAAE\nDBEAAC",
            "output": "4"
        },
        {
            "input": "ECECBEAEAECCED\nEDEABE",
            "output": "4"
        },
        {
            "input": "DEAEDEADAEBADAE\nCEEBADEBECDC",
            "output": "7"
        },
        {
            "input": "ACCDBDECEA\nDBDAEACBDEDAEBE",
            "output": "7"
        },
        {
            "input": "CDEECEBDB\nEAEDEDCEDA",
            "output": "5"
        },
        {
            "input": "ADBECAEAB\nEAEADE",
            "output": "4"
        },
        {
            "input": "AEDDCEDCE\nBACEA",
            "output": "3"
        },
        {
            "input": "BEABEBDEDD\nECBEDBCDCCDAACB",
            "output": "6"
        },
        {
            "input": "DCCCCBECBB\nAEACEAEAD",
            "output": "2"
        },
        {
            "input": "CACBDCEEBCDB\nCBBEDDADA",
            "output": "4"
        },
        {
            "input": "AECEDDDAEAACDE\nBDDCAAACBDCAB",
            "output": "7"
        },
        {
            "input": "CABEEBABABAAABD\nDEABDCCCEADAE",
            "output": "5"
        },
        {
            "input": "BCDEEBB\nADADCADEDBBCA",
            "output": "5"
        },
        {
            "input": "ECDBCECAEBCDB\nAEBCBDB",
            "output": "6"
        },
        {
            "input": "CADCDDDDBCAAACA\nCBBEDBBEBBDDEAB",
            "output": "5"
        },
        {
            "input": "CCADEB\nCDACAEE",
            "output": "4"
        },
        {
            "input": "BAEACECBBDDD\nEAAACDC",
            "output": "4"
        },
        {
            "input": "AEDCCEDA\nBABBBD",
            "output": "2"
        },
        {
            "input": "EEBBEBEBEDBABC\nEDBBDCDADBAA",
            "output": "6"
        },
        {
            "input": "DCEACBDB\nDDEBD",
            "output": "4"
        },
        {
            "input": "DEECBBCC\nBBDCCC",
            "output": "4"
        },
        {
            "input": "AAEEEECCBBBDDE\nACCDBCEDBEDC",
            "output": "6"
        },
        {
            "input": "EEBCECA\nDCEDADADACBADE",
            "output": "4"
        },
        {
            "input": "ACEBEACCAEE\nDECEBBCEDCDD",
            "output": "5"
        },
        {
            "input": "CBBCDBCBDBBDBD\nBBCACEEBACA",
            "output": "5"
        },
        {
            "input": "AABCEBDDCDDCE\nCCDBEBC",
            "output": "4"
        },
        {
            "input": "DBBBEBABAABDCBB\nDDBAE",
            "output": "3"
        },
        {
            "input": "BBEBAECCDABAE\nCBCAC",
            "output": "3"
        },
        {
            "input": "DBEDBBDECD\nEACACEABABAD",
            "output": "4"
        },
        {
            "input": "ACDBED\nACAEBEEB",
            "output": "4"
        },
        {
            "input": "ECEECEECADCABCD\nEEAAABECBCBBB",
            "output": "6"
        },
        {
            "input": "BDDCCCBBAEDEC\nCEEDECDDAAD",
            "output": "5"
        },
        {
            "input": "DCAAECCCEDDAAE\nEBDDCBBDBCEB",
            "output": "4"
        },
        {
            "input": "EACCEAC\nEEAAB",
            "output": "3"
        },
        {
            "input": "CDAAECBABEAE\nEDEAAAED",
            "output": "5"
        },
        {
            "input": "CBCAEDADBAEBC\nBDBDCBDBBCAAB",
            "output": "6"
        },
        {
            "input": "DACBBAAEEE\nDCDDBDDAEBBB",
            "output": "5"
        },
        {
            "input": "BBEEEE\nABBCBBABEBCABAC",
            "output": "3"
        },
        {
            "input": "AEDBDBECACB\nEEABCC",
            "output": "4"
        },
        {
            "input": "EBBCEDC\nCDDDDBEDBA",
            "output": "3"
        },
        {
            "input": "CECADEDBB\nCEBCDEAD",
            "output": "6"
        },
        {
            "input": "CDECBEAEABDDB\nAEEBD",
            "output": "4"
        },
        {
            "input": "ECCEB\nBCCED",
            "output": "3"
        },
        {
            "input": "BDECABCCDA\nECACCCBBDB",
            "output": "6"
        },
        {
            "input": "ACDDCECB\nEDBEACDD",
            "output": "4"
        },
        {
            "input": "EDBECBCECED\nBBCABDEDCACA",
            "output": "5"
        },
        {
            "input": "ADBAEBDCEDBAD\nDBBCCDAABEABDEA",
            "output": "8"
        },
        {
            "input": "BEAEB\nCBDDDECDCDEEBEA",
            "output": "4"
        },
        {
            "input": "ABEEAEDBECE\nEEDBEBEBDBA",
            "output": "6"
        },
        {
            "input": "CBBAAAE\nABBABBE",
            "output": "4"
        },
        {
            "input": "DCACDED\nBAAEACAABECB",
            "output": "3"
        },
        {
            "input": "EEDBAEEDBB\nBCAAEEECCAEAD",
            "output": "5"
        },
        {
            "input": "EEDDBEEEBEECD\nBACADBAEDC",
            "output": "4"
        },
        {
            "input": "EEABEA\nCCADADBACEDA",
            "output": "4"
        },
        {
            "input": "ABEABBBECBEDCED\nBCECEAABAB",
            "output": "5"
        },
        {
            "input": "CBDBDEABAB\nBBBDCEDBDEDEDC",
            "output": "5"
        },
        {
            "input": "EDBABA\nABCDBABDADAEDAD",
            "output": "5"
        },
        {
            "input": "BECCCDCCEBACAD\nEABADAEDD",
            "output": "5"
        },
        {
            "input": "ABEAEDCEDCA\nEACBDCBCCCBAA",
            "output": "6"
        },
        {
            "input": "CAACECBBAECC\nDACDDCDDDDCEBAA",
            "output": "5"
        },
        {
            "input": "BCCDDDBECACBEEB\nBBABCDDCDBAADDA",
            "output": "7"
        },
        {
            "input": "EDDBABCE\nCAAEDACACEBB",
            "output": "5"
        },
        {
            "input": "EDCADEEEEAEACCC\nBDEAABECEBEE",
            "output": "6"
        },
        {
            "input": "DDDADBDCACACE\nCCDEE",
            "output": "3"
        },
        {
            "input": "ABEACEAB\nEBCDECAAADABAAB",
            "output": "5"
        },
        {
            "input": "DCDCBBDBCBACEDE\nBEBABBBDBAEAAC",
            "output": "6"
        },
        {
            "input": "ECBBABD\nAEDDCCBAACCBCD",
            "output": "6"
        },
        {
            "input": "BBEBCAEEAEADB\nECAABDBDEACDBDD",
            "output": "8"
        },
        {
            "input": "EABDCCDD\nACAADDAB",
            "output": "4"
        },
        {
            "input": "ABCDCCCEEAEBC\nEEACBCCABEDDD",
            "output": "6"
        },
        {
            "input": "DBCEBBADDBDDEBB\nCABACDB",
            "output": "5"
        },
        {
            "input": "EAEACCCEE\nCDCAEBEEDD",
            "output": "4"
        },
        {
            "input": "BAECEEACADAACB\nDDBBCADDEDDDCA",
            "output": "5"
        },
        {
            "input": "ACACAADCAEDCDB\nABBCBDACAEE",
            "output": "6"
        },
        {
            "input": "BAEBEDABECCC\nDAABDACCCCA",
            "output": "7"
        },
        {
            "input": "CDAAECAEDDAE\nEDDADCEBABECD",
            "output": "6"
        },
        {
            "input": "CDCABDEABCD\nBDACBB",
            "output": "4"
        },
        {
            "input": "CEBCEEA\nADBCBAE",
            "output": "3"
        },
        {
            "input": "BDECDDCABBAAE\nECDEBBEDEAE",
            "output": "7"
        },
        {
            "input": "BBBCBDEAAAEBADA\nCBDABCBE",
            "output": "5"
        },
        {
            "input": "EECCDDBBBD\nEADBCECACDCEBBE",
            "output": "7"
        },
        {
            "input": "CBDEBAECCDBA\nBBEAAAEACABDEAE",
            "output": "7"
        },
        {
            "input": "ABBEC\nDBBDABCE",
            "output": "3"
        },
        {
            "input": "EEDAEEB\nBCAACAA",
            "output": "1"
        },
        {
            "input": "AECAED\nDCABDCDA",
            "output": "3"
        },
        {
            "input": "ABECAECEA\nAEEBBEDECDEDE",
            "output": "6"
        },
        {
            "input": "AAACAE\nCEADDAD",
            "output": "2"
        },
        {
            "input": "CEDACADECCBE\nEAEDCEBB",
            "output": "5"
        },
        {
            "input": "AEECEA\nDACDA",
            "output": "3"
        },
        {
            "input": "BBECDEDC\nBEDCEBCCEEDAACE",
            "output": "6"
        },
        {
            "input": "BEECBA\nBEBAECBDDECBAAE",
            "output": "6"
        },
        {
            "input": "BEBECA\nDABEADBDAAA",
            "output": "4"
        },
        {
            "input": "BCAEBCAEADDCEA\nDCADDECDCDDBBCE",
            "output": "8"
        },
        {
            "input": "AEABABEBBCBADB\nBDDCAEDCBABABDC",
            "output": "7"
        },
        {
            "input": "EBADCDCEEAABE\nBEBADCCED",
            "output": "7"
        },
        {
            "input": "CECEEDB\nACCCEDDCABEBEA",
            "output": "5"
        },
        {
            "input": "EEBCCEDDD\nCDCCBD",
            "output": "3"
        },
        {
            "input": "DCEEEACCABCCCAB\nBEEBAD",
            "output": "4"
        },
        {
            "input": "EBCCEEBCECBA\nDACBD",
            "output": "2"
        },
        {
            "input": "EDEBBDBE\nEBDBBBADBBE",
            "output": "7"
        },
        {
            "input": "BDCCEEAE\nACBBACBEBA",
            "output": "4"
        },
        {
            "input": "ABEDDDCECBEEADC\nDCDEDBEBDA",
            "output": "6"
        },
        {
            "input": "EDABDCEEBDDDDCE\nEDAACCAB",
            "output": "5"
        },
        {
            "input": "BDCBA\nBDEDDEC",
            "output": "3"
        },
        {
            "input": "ACDDEBCCDB\nBAADDCCBAEBDAC",
            "output": "6"
        },
        {
            "input": "DCBCADECCAB\nACCCDEEDBECDBCC",
            "output": "6"
        },
        {
            "input": "BDBDBDCC\nAEECCECDEBCDDB",
            "output": "4"
        },
        {
            "input": "EDBACCCBEBCABEB\nAAACAEEBC",
            "output": "5"
        },
        {
            "input": "CCDADBDEBACAAAD\nCCBEDA",
            "output": "5"
        },
        {
            "input": "CBDAEDDE\nAECECDCDCCCEACE",
            "output": "5"
        },
        {
            "input": "DBBCEBECAAABD\nCECECBEADEB",
            "output": "6"
        },
        {
            "input": "ABDAC\nADAECDCEEE",
            "output": "4"
        },
        {
            "input": "DBBDBCCBE\nBBCBDADDCAD",
            "output": "4"
        },
        {
            "input": "ABBCEEBACBAED\nEAEDACBACD",
            "output": "7"
        },
        {
            "input": "BCEAABEADBCAC\nDEBEDAEEDCDCE",
            "output": "7"
        },
        {
            "input": "DEDEDEDADEEBABC\nDDDBDC",
            "output": "5"
        },
        {
            "input": "EEEAAACABEDABE\nDABECAEBDCD",
            "output": "5"
        },
        {
            "input": "ACBABCDABBBCACE\nECDDDDDECBACDAD",
            "output": "6"
        },
        {
            "input": "CDEAEABEDEAAC\nEEAAEE",
            "output": "5"
        },
        {
            "input": "ECCAAA\nCECBDC",
            "output": "3"
        },
        {
            "input": "BEBBABBEBBCA\nAACADCDB",
            "output": "3"
        },
        {
            "input": "BDDDDBCABABCCE\nECEABADEBACE",
            "output": "7"
        },
        {
            "input": "BABAACDADABC\nDBDDD",
            "output": "3"
        },
        {
            "input": "BDDDCC\nECDABABECCE",
            "output": "3"
        },
        {
            "input": "DBDADABDDB\nAEADBBEAEA",
            "output": "4"
        },
        {
            "input": "BEABCDB\nCDCCDADAABE",
            "output": "3"
        },
        {
            "input": "CDBAEC\nACCCABBB",
            "output": "2"
        },
        {
            "input": "AEABDDEAADBABAA\nCDADECA",
            "output": "4"
        },
        {
            "input": "BADBBABDAAD\nEAECAADAEA",
            "output": "5"
        },
        {
            "input": "BDCBA\nCCAAACBBABEADB",
            "output": "3"
        },
        {
            "input": "DEEDAEDCB\nEAADAD",
            "output": "4"
        },
        {
            "input": "EECADEDBACDEAC\nBECBDECABE",
            "output": "6"
        },
        {
            "input": "EDECB\nBDAAEACBBAE",
            "output": "4"
        },
        {
            "input": "DECCDAECBBBDBB\nDAEBCE",
            "output": "4"
        },
        {
            "input": "AECBEDBAAEBAEEA\nDACEDCEA",
            "output": "6"
        },
        {
            "input": "CBEECAE\nEBCCDCDEACB",
            "output": "3"
        },
        {
            "input": "DCBEADCECDDE\nEABECDCDCEDE",
            "output": "7"
        },
        {
            "input": "CDADBA\nACAACDDCBC",
            "output": "4"
        },
        {
            "input": "AEEEDCBEBCC\nABCEAECEDABA",
            "output": "6"
        },
        {
            "input": "CDADCBBDCEDABD\nEEDDEAEABCDD",
            "output": "6"
        },
        {
            "input": "BEADAECEBEA\nADAEAACDEB",
            "output": "7"
        },
        {
            "input": "CACCEECEACCCB\nCDAEADEB",
            "output": "5"
        },
        {
            "input": "EDEEDBDACCBCA\nDDCBDCD",
            "output": "5"
        },
        {
            "input": "DBAECAECDD\nADBCEBDADCD",
            "output": "6"
        },
        {
            "input": "BEEAAAAEEBCABE\nDDABB",
            "output": "3"
        },
        {
            "input": "ACDEDCBCDDC\nADBAEBEDCBBABD",
            "output": "7"
        },
        {
            "input": "DABEBCEDAA\nCCECCECD",
            "output": "4"
        },
        {
            "input": "ECBBACE\nBCAACACEACBEAE",
            "output": "5"
        },
        {
            "input": "CADBBEDAAC\nECEBD",
            "output": "3"
        },
        {
            "input": "EBBDB\nCEAAACEA",
            "output": "1"
        },
        {
            "input": "CBCCCE\nDCEEEBACBEEAB",
            "output": "4"
        },
        {
            "input": "ACACDEBEC\nEECAC",
            "output": "3"
        },
        {
            "input": "CABEBBEDCD\nBECECCEBADB",
            "output": "5"
        },
        {
            "input": "CECABEECCACBA\nBCDAADBDDDACCA",
            "output": "6"
        },
        {
            "input": "ACBEECB\nABADCCCDBBADBC",
            "output": "4"
        },
        {
            "input": "EDAACBAA\nCDDDABAACDDBAC",
            "output": "6"
        },
        {
            "input": "AEBCDDCBCBEB\nEBCBDABAEEDBE",
            "output": "7"
        },
        {
            "input": "DAAACC\nCCABDCE",
            "output": "2"
        },
        {
            "input": "EADAEADA\nEEBAEABB",
            "output": "4"
        },
        {
            "input": "CAEADADCADBAB\nCCBECEBD",
            "output": "4"
        },
        {
            "input": "BACEACACDBCC\nBBDBEEDE",
            "output": "3"
        },
        {
            "input": "ACBACEAAAD\nCDCCBBBBCBEABBB",
            "output": "5"
        },
        {
            "input": "DCCADEE\nCEDDADBAEDB",
            "output": "4"
        },
        {
            "input": "EADBC\nBBBACAE",
            "output": "2"
        },
        {
            "input": "CDDDDEDDEDCEE\nDBEAEDB",
            "output": "4"
        },
        {
            "input": "CDDDBB\nCDBBBDDDEAEA",
            "output": "4"
        },
        {
            "input": "DAAACEABECA\nDBECB",
            "output": "4"
        },
        {
            "input": "CCBABCEEBDCAD\nCACBA",
            "output": "5"
        },
        {
            "input": "DCAEBCBEEACAA\nBBAAADCACCBDC",
            "output": "6"
        },
        {
            "input": "ABDBDBBBD\nACBCABDB",
            "output": "5"
        },
        {
            "input": "EEDDDDACBCDE\nACBABAEAEE",
            "output": "4"
        },
        {
            "input": "CEAECEEDB\nEEBBCCBDCEBCBB",
            "output": "5"
        },
        {
            "input": "AADCAE\nBBDEABCA",
            "output": "3"
        },
        {
            "input": "EACADEBCCBABE\nECBADCBCCA",
            "output": "8"
        },
        {
            "input": "DCDABBAEEADDDC\nDECCADABDACABAA",
            "output": "8"
        },
        {
            "input": "AABDECDBAADECAD\nCECBBDDAAEDBEED",
            "output": "8"
        },
        {
            "input": "BBBACD\nCBDABDDECD",
            "output": "4"
        },
        {
            "input": "CEBCBBBADACEE\nBBCEA",
            "output": "4"
        },
        {
            "input": "DBDECEACBEEBDC\nACCBA",
            "output": "3"
        },
        {
            "input": "DBAEDAADABAC\nDAECEBC",
            "output": "5"
        },
        {
            "input": "DDEACEBAEACBD\nCDCAD",
            "output": "4"
        },
        {
            "input": "DDBCABAEEAADA\nCADADBEABBAEAEB",
            "output": "8"
        },
        {
            "input": "AAADEABDED\nBDEEECDEBEEEE",
            "output": "4"
        },
        {
            "input": "CEBECEDEDA\nECBEDDCB",
            "output": "5"
        },
        {
            "input": "ADEAD\nBACCEBAACDEBCC",
            "output": "4"
        },
        {
            "input": "DEDACBAC\nBBCBEAEABBECCDE",
            "output": "4"
        },
        {
            "input": "AEADCC\nBBAEABEEBEBCCE",
            "output": "5"
        },
        {
            "input": "CCBDBAECDED\nCDCBBD",
            "output": "5"
        },
        {
            "input": "EECCDA\nDAEECBEEBCEAB",
            "output": "5"
        },
        {
            "input": "DCEECCEEBADD\nBECCECACBDDA",
            "output": "7"
        },
        {
            "input": "DDAEBAAECBBACB\nAEABADDD",
            "output": "5"
        },
        {
            "input": "CBBDDBBCAEDADCC\nCBCCACCCEECAADB",
            "output": "7"
        },
        {
            "input": "DBEBCDBBDDDD\nBEDBEDBAD",
            "output": "6"
        },
        {
            "input": "ECCCBAEA\nACEEBBED",
            "output": "3"
        },
        {
            "input": "CDEDABDDDABDCBD\nCEBDDEACB",
            "output": "8"
        },
        {
            "input": "CBEAAAEAEE\nDCCADCA",
            "output": "3"
        },
        {
            "input": "EAEDDDACCABEBAE\nCAADE",
            "output": "4"
        },
        {
            "input": "EAAEDC\nECEDA",
            "output": "3"
        },
        {
            "input": "AEBECDCE\nAEAEDCEEABBC",
            "output": "6"
        },
        {
            "input": "AAEEBADEEC\nBDDBACCADBDD",
            "output": "4"
        },
        {
            "input": "DDEBA\nDDCEBDCBAC",
            "output": "5"
        },
        {
            "input": "BAEEBDEBEDECAC\nBBEBDEBCBB",
            "output": "7"
        },
        {
            "input": "ACBCACABEEBECC\nBACBBDABDCA",
            "output": "6"
        },
        {
            "input": "DABBBBEECB\nDCBAECEBBE",
            "output": "5"
        },
        {
            "input": "CCDAEBCEBCAA\nABBEBA",
            "output": "5"
        },
        {
            "input": "BADCBEAEEC\nDABAEB",
            "output": "4"
        },
        {
            "input": "DDDDC\nAEBDBEBE",
            "output": "1"
        },
        {
            "input": "DECEB\nADACEEED",
            "output": "3"
        },
        {
            "input": "EBBDAEE\nDBCDCBECDADB",
            "output": "4"
        },
        {
            "input": "BCAAECCABCBCAC\nEDBADBACD",
            "output": "5"
        },
        {
            "input": "AABBEDCA\nADBDBBCCAABABA",
            "output": "5"
        },
        {
            "input": "CBBDAC\nABCADEADCAD",
            "output": "4"
        },
        {
            "input": "DEAEAACDDEECA\nACDBEBACC",
            "output": "5"
        },
        {
            "input": "ADCBBBD\nBCBBCCEACCAADB",
            "output": "4"
        },
        {
            "input": "CACDBBBCBBEC\nBCAAADACEDB",
            "output": "5"
        },
        {
            "input": "EDDBBE\nBABACDEB",
            "output": "3"
        },
        {
            "input": "CBEDCDB\nDCDCBADCE",
            "output": "4"
        },
        {
            "input": "ACCBAEBDCABC\nEACEEDECBBDDC",
            "output": "7"
        },
        {
            "input": "EABAABDD\nCBACEEBEAEBAEB",
            "output": "5"
        },
        {
            "input": "CBEAECBB\nCCDEAAEEBCABCAD",
            "output": "6"
        },
        {
            "input": "AECEABADECCEEBA\nBDBECACE",
            "output": "6"
        },
        {
            "input": "DAADDBDEDBEDCD\nABECA",
            "output": "4"
        },
        {
            "input": "AAEDDDDEBECABC\nCEBEBAEB",
            "output": "5"
        },
        {
            "input": "EADDE\nEAEEAAABC",
            "output": "3"
        },
        {
            "input": "ECBDBEE\nDABEBAE",
            "output": "4"
        },
        {
            "input": "BDDEE\nEAEADCBCDD",
            "output": "3"
        },
        {
            "input": "ADEBDEBE\nEBBCBBDBBEDBB",
            "output": "5"
        },
        {
            "input": "BABDBBBACABDA\nEACEC",
            "output": "2"
        },
        {
            "input": "AEECAAA\nAEDEEAEBCBCCAC",
            "output": "5"
        },
        {
            "input": "BEACCEBECCD\nEADEDC",
            "output": "4"
        },
        {
            "input": "DEEDAACC\nDABEB",
            "output": "2"
        },
        {
            "input": "AECDC\nADDABAADCCDE",
            "output": "3"
        },
        {
            "input": "CCCBCBDADCDEBBA\nDECAEBEEAACAB",
            "output": "5"
        },
        {
            "input": "AEAAECBEECC\nDBEECCABDDDBDDC",
            "output": "5"
        },
        {
            "input": "DEBEA\nEDEAADEEDEBDAC",
            "output": "4"
        },
        {
            "input": "DACECEDBB\nBEDCCBDEEAAA",
            "output": "4"
        },
        {
            "input": "CADBABACBC\nDECEDCEDBE",
            "output": "4"
        },
        {
            "input": "AAABABB\nCEABAACACEDBA",
            "output": "5"
        },
        {
            "input": "DDAAECBBDEDE\nDADADADBBDEAEAC",
            "output": "9"
        },
        {
            "input": "EBCAEEDDADAAAD\nDCBEBCCDBCDAD",
            "output": "7"
        },
        {
            "input": "AACDADECCE\nEABBBADCACE",
            "output": "6"
        },
        {
            "input": "CEEEDCEEECB\nBDEEBEAACEEBBD",
            "output": "7"
        },
        {
            "input": "DABDBEE\nAEEBD",
            "output": "3"
        },
        {
            "input": "ADCEAEDCCBBEAA\nCEDEEAACDCCCD",
            "output": "6"
        },
        {
            "input": "CBDDCDBC\nCDDECCDBBDDBD",
            "output": "6"
        },
        {
            "input": "EAEEBAAA\nECBCBAC",
            "output": "3"
        },
        {
            "input": "DACABCDBBCBEDD\nBDEDBBDA",
            "output": "5"
        },
        {
            "input": "DDCCBBEDAABA\nEAADEDCBCA",
            "output": "5"
        },
        {
            "input": "AEBDDEADAB\nACAAB",
            "output": "4"
        },
        {
            "input": "EABEDBCBEAAD\nEDECCACB",
            "output": "4"
        },
        {
            "input": "CBBABEAADBDC\nAADAACDAA",
            "output": "4"
        },
        {
            "input": "CDDCDBBACDDA\nDBBCCBA",
            "output": "5"
        },
        {
            "input": "CAACDEAECE\nEBDEDCBCEEADEE",
            "output": "6"
        },
        {
            "input": "CCACECAEDBA\nDCADACCECBDAE",
            "output": "7"
        },
        {
            "input": "BABCBAAEDDDDEBC\nACDEBACDCBAEB",
            "output": "7"
        },
        {
            "input": "DBBDBBEEBD\nCAEDCDDEDDDAEBD",
            "output": "6"
        },
        {
            "input": "ECDDEDBBCADBBE\nACBBCBDEECD",
            "output": "6"
        },
        {
            "input": "BABBCAEAD\nDEDEDDCEAABA",
            "output": "3"
        },
        {
            "input": "CDACAEDA\nEBCCEBBBBEBA",
            "output": "4"
        },
        {
            "input": "CCACABDDBBA\nCCECDCC",
            "output": "4"
        },
        {
            "input": "EEEBBD\nBEABB",
            "output": "3"
        },
        {
            "input": "EBADCDCBDED\nDBEBC",
            "output": "3"
        },
        {
            "input": "BDABAC\nECEDECC",
            "output": "2"
        },
        {
            "input": "CAAAAABCC\nCBEBAEABCBB",
            "output": "5"
        },
        {
            "input": "CEEDACEEAE\nDAADCEBDAAECAAA",
            "output": "6"
        },
        {
            "input": "DBAAEADB\nCBCBAABDBEECABC",
            "output": "6"
        },
        {
            "input": "CDCEEEBAB\nCCAED",
            "output": "3"
        },
        {
            "input": "EECBADCCC\nEADBDEEEE",
            "output": "3"
        },
        {
            "input": "BECBCAEACBA\nEDECECDDAAB",
            "output": "6"
        },
        {
            "input": "EECADAE\nABCDBECCED",
            "output": "3"
        },
        {
            "input": "EACDDAADB\nDCAAAD",
            "output": "4"
        },
        {
            "input": "ECDAADDDBADD\nCDDCBCCDDEABBBE",
            "output": "6"
        },
        {
            "input": "AADDCAA\nBACDEEAEDDDAED",
            "output": "5"
        },
        {
            "input": "ADCEDEADAA\nBBDDEABDBEDBBD",
            "output": "5"
        },
        {
            "input": "EEEAEBDDEDD\nACDEEECACCAB",
            "output": "5"
        },
        {
            "input": "DBBDAB\nBABBCBAEDC",
            "output": "3"
        },
        {
            "input": "DEEDBDEB\nDBADEEA",
            "output": "4"
        },
        {
            "input": "ACEBDEABD\nDEDADAAACCBEA",
            "output": "5"
        },
        {
            "input": "ECBDBEEBCEAAD\nDCACBCBEDACABAE",
            "output": "7"
        },
        {
            "input": "DDDECBCBEB\nECDEAABECCAB",
            "output": "5"
        },
        {
            "input": "ACBEEBBBE\nDAAAB",
            "output": "2"
        },
        {
            "input": "CABCDABBC\nECDACC",
            "output": "4"
        },
        {
            "input": "DBBADA\nECDEDBEBBC",
            "output": "3"
        },
        {
            "input": "DEBCBDBCCCEDDCA\nBABBE",
            "output": "4"
        },
        {
            "input": "CCBABDD\nBCBBCA",
            "output": "3"
        },
        {
            "input": "CDEDC\nBECBAACCDBCECB",
            "output": "4"
        },
        {
            "input": "AEBCBBBB\nCADAEEDDCDBABA",
            "output": "5"
        },
        {
            "input": "EBDCAAADAEAECA\nADADCEEDAA",
            "output": "6"
        },
        {
            "input": "EABEAACBCD\nAEDECBCDEAEC",
            "output": "6"
        },
        {
            "input": "CEDADEDBACEBB\nAAEABBCDDADE",
            "output": "6"
        },
        {
            "input": "ECAEDEBACBCDAB\nECBEACDDECBCAA",
            "output": "9"
        },
        {
            "input": "BACABEBAEBEDECB\nDBEEDEBD",
            "output": "6"
        },
        {
            "input": "DDEAECED\nCCDCBDDAB",
            "output": "3"
        },
        {
            "input": "EECEAEBEAABDB\nBEBDCBA",
            "output": "5"
        },
        {
            "input": "ADCEEECE\nCADADCDEEDA",
            "output": "5"
        },
        {
            "input": "CCDDEBD\nEAABABEDAACCB",
            "output": "3"
        },
        {
            "input": "BBCBCABADBACDB\nEBAAEAEBBD",
            "output": "5"
        },
        {
            "input": "BBCBECCACE\nADBCDD",
            "output": "2"
        },
        {
            "input": "ECDABDB\nCBEAAB",
            "output": "3"
        },
        {
            "input": "CABDEABCBBCB\nABDABADC",
            "output": "6"
        },
        {
            "input": "BBACC\nACACAEECADAB",
            "output": "3"
        },
        {
            "input": "CBBABA\nEABCDACC",
            "output": "3"
        },
        {
            "input": "EEAAEACEADDEB\nCDBEDEAEECEBDD",
            "output": "8"
        },
        {
            "input": "ECDCEEDEDEAABA\nBDDDE",
            "output": "4"
        },
        {
            "input": "BBCEADAC\nAEADAADBDEDEAE",
            "output": "4"
        },
        {
            "input": "BBBBCDAAEDEBEBB\nDCEECDADEDCD",
            "output": "5"
        },
        {
            "input": "EBBBAEBAAD\nBBEEEA",
            "output": "4"
        },
        {
            "input": "DDBCDA\nABBEDEECBAAADAC",
            "output": "4"
        },
        {
            "input": "EEEEBEDE\nCADADCAECCAEAA",
            "output": "2"
        },
        {
            "input": "ECBAADBEBBDEBBE\nEEBDBAA",
            "output": "5"
        },
        {
            "input": "BCCAABA\nCBCDADDADA",
            "output": "5"
        },
        {
            "input": "CAAEEEDDEE\nBAACCADC",
            "output": "3"
        },
        {
            "input": "AEBCEACBDCAEDB\nCDECBCBACDB",
            "output": "8"
        },
        {
            "input": "DDACADEBAEDA\nCAABDDCEDEBE",
            "output": "7"
        },
        {
            "input": "DCEBCEEADE\nDBECCEADBEBBE",
            "output": "7"
        },
        {
            "input": "DDCDEECAACBDAA\nECABCCDC",
            "output": "5"
        },
        {
            "input": "ECECCDBCCB\nBDEEADBECEBEEEC",
            "output": "6"
        },
        {
            "input": "ABECEDA\nBEEECBCCADDDDC",
            "output": "4"
        },
        {
            "input": "EBACBABADACDD\nEEECDACBEAADEBA",
            "output": "8"
        },
        {
            "input": "BDAADBDDECEA\nDBEEAAEB",
            "output": "5"
        },
        {
            "input": "ACADBBDB\nBAECADEBBBEE",
            "output": "7"
        },
        {
            "input": "AEAEBEA\nDAADACBDEACADE",
            "output": "5"
        },
        {
            "input": "DCCDEEDDBCEEDBC\nDDDDD",
            "output": "5"
        },
        {
            "input": "EAACB\nAEAAEEABBAECDCA",
            "output": "4"
        },
        {
            "input": "BDACA\nEECCCCADBAB",
            "output": "2"
        },
        {
            "input": "DEEEB\nCDDCAECBCADECCA",
            "output": "3"
        },
        {
            "input": "ACACBCDAAAAD\nCEAEA",
            "output": "3"
        },
        {
            "input": "AEEBBCDCDDDE\nAABCD",
            "output": "4"
        },
        {
            "input": "CEECCCAC\nCCCADAEB",
            "output": "4"
        },
        {
            "input": "CDAECDBCDBBEBB\nEBABDBCC",
            "output": "4"
        },
        {
            "input": "DCAEAE\nDCDACBBADCE",
            "output": "5"
        },
        {
            "input": "BCEDAAEDCADDBEC\nBBEED",
            "output": "4"
        },
        {
            "input": "BDEBAEABDCABEAA\nAADBEDEADBA",
            "output": "7"
        },
        {
            "input": "ACDCC\nABACEAACCBDD",
            "output": "4"
        },
        {
            "input": "ADBDBEBDEEEE\nECDCECDDCADC",
            "output": "3"
        },
        {
            "input": "EDCBCBBDDCAADBB\nADCCD",
            "output": "4"
        },
        {
            "input": "CEDEBEAAECBDC\nCCAEBCDDB",
            "output": "5"
        },
        {
            "input": "CCEDDBACDDAABA\nBDDEBCBBADCBB",
            "output": "6"
        },
        {
            "input": "BEDAEEEAA\nCCDDBCBCCC",
            "output": "1"
        },
        {
            "input": "DBBCECEAEEB\nDCAADEEEEB",
            "output": "7"
        },
        {
            "input": "ACEDADEECACE\nEEABDCCECEADBEA",
            "output": "7"
        },
        {
            "input": "BDEEAAEAB\nBBDBEDCDAAEDBA",
            "output": "7"
        },
        {
            "input": "DEDCCBCBADDAEEB\nDCECBDC",
            "output": "5"
        },
        {
            "input": "DDCDAA\nCAAEEEC",
            "output": "3"
        },
        {
            "input": "ACECE\nDBBAEBDADCE",
            "output": "4"
        },
        {
            "input": "DAADDEEECDB\nEDCBECAE",
            "output": "3"
        },
        {
            "input": "DEBEAA\nEBEDEDCDCDDBDD",
            "output": "3"
        },
        {
            "input": "DBDEABDDAD\nDBACEED",
            "output": "4"
        },
        {
            "input": "DCAABAAEDDD\nEEACBBBBABEBE",
            "output": "4"
        },
        {
            "input": "AEDAACDD\nEABACCEA",
            "output": "4"
        },
        {
            "input": "CADDBECDA\nACAEDABDEE",
            "output": "5"
        },
        {
            "input": "EBDAEBEECDE\nAABDEDEEECCACCC",
            "output": "6"
        },
        {
            "input": "BCEABDCBDDDA\nCACBE",
            "output": "4"
        },
        {
            "input": "BCEDACEEADACEAA\nEDDEBD",
            "output": "4"
        },
        {
            "input": "DACAEBB\nBECBDCEBEDB",
            "output": "5"
        },
        {
            "input": "EDCBDDADBEB\nADCCECECBECB",
            "output": "5"
        },
        {
            "input": "CBBDE\nEBBADCC",
            "output": "3"
        },
        {
            "input": "BCAAEEDAE\nAEADBBDCBBBBA",
            "output": "4"
        },
        {
            "input": "ADBDECEEC\nABCBBEB",
            "output": "4"
        },
        {
            "input": "EEEBBA\nCEEECCBEAEBED",
            "output": "5"
        },
        {
            "input": "ADACBEDDDBC\nBADDAEBEA",
            "output": "5"
        },
        {
            "input": "ABBCEAC\nCAABAB",
            "output": "3"
        },
        {
            "input": "DBECABDCCEAED\nECEEAEC",
            "output": "5"
        },
        {
            "input": "EBADACC\nEDEEABCDDEBC",
            "output": "5"
        },
        {
            "input": "CCABCC\nCDEEBA",
            "output": "2"
        },
        {
            "input": "CCABEAECACCCC\nCAAAD",
            "output": "4"
        },
        {
            "input": "DBDCEAEE\nCECABDDCECACDA",
            "output": "5"
        },
        {
            "input": "EEAAACECBDECCD\nAAAACAD",
            "output": "5"
        },
        {
            "input": "BACABACBAABD\nACAEACAEA",
            "output": "7"
        },
        {
            "input": "AAEEACECC\nABABBAECCD",
            "output": "6"
        },
        {
            "input": "ECCEBDBCBD\nEDEAADC",
            "output": "4"
        },
        {
            "input": "BBEEE\nADDAADBDDE",
            "output": "2"
        },
        {
            "input": "CAADEABEADCDAD\nACADEEA",
            "output": "6"
        },
        {
            "input": "CEBCAD\nEEDACECAEABBAEB",
            "output": "4"
        },
        {
            "input": "ADEEDABEC\nDCDDBAADCCBDE",
            "output": "5"
        },
        {
            "input": "EACBCAAB\nDEBAABEBEBEDB",
            "output": "5"
        },
        {
            "input": "ABCDDAEEBDCDDA\nADDEEAEAECA",
            "output": "8"
        },
        {
            "input": "ADEBCCADEBD\nEDCEBAA",
            "output": "4"
        },
        {
            "input": "DBEEBB\nBCADEADBABCDCB",
            "output": "4"
        },
        {
            "input": "DCCDDACABCCBDC\nEEEDECCCEBA",
            "output": "5"
        },
        {
            "input": "ECACB\nEECDBEAEADCD",
            "output": "4"
        },
        {
            "input": "BBDCCDECABC\nAACBCD",
            "output": "3"
        },
        {
            "input": "DEABDC\nDEEDEABBBCABDBE",
            "output": "5"
        },
        {
            "input": "ADBBBDAC\nDEDBDAEDC",
            "output": "5"
        },
        {
            "input": "DDDACCBCAEAAE\nDEEDCEBADA",
            "output": "6"
        },
        {
            "input": "EDEBBD\nCBBBC",
            "output": "2"
        },
        {
            "input": "BBADBEDBCDCBB\nAEABEA",
            "output": "3"
        },
        {
            "input": "EEBCDCB\nDADABDEBBDADD",
            "output": "3"
        },
        {
            "input": "DEBCA\nDCAADCAD",
            "output": "3"
        },
        {
            "input": "DDCCBCBDBBDBAC\nBCBACCBBE",
            "output": "5"
        },
        {
            "input": "AADDDEDEABD\nDBEECBE",
            "output": "4"
        },
        {
            "input": "CEEABDEDCDCBAAE\nBBEACDACECCED",
            "output": "7"
        },
        {
            "input": "BCADDDBBECEE\nBBEADCD",
            "output": "4"
        },
        {
            "input": "DECDDAADBDA\nEBACADBCB",
            "output": "5"
        },
        {
            "input": "BACADBEEDEEAEC\nDCABEACBECABBAB",
            "output": "7"
        },
        {
            "input": "AAEDEBEEBEBDDAD\nDDBBCECACEABA",
            "output": "6"
        },
        {
            "input": "BDEAECBEBDACABA\nDCECEDBEBDCAC",
            "output": "9"
        },
        {
            "input": "DDBDAADBAEBA\nCDABED",
            "output": "4"
        },
        {
            "input": "DDDEA\nEDBCBDCDC",
            "output": "3"
        },
        {
            "input": "AACABDABBEA\nEDCACBB",
            "output": "4"
        },
        {
            "input": "DCABED\nDBEECDBDBAB",
            "output": "4"
        },
        {
            "input": "EDAEC\nDADACEAAEEEBCE",
            "output": "4"
        },
        {
            "input": "EBADADBBDC\nBEBCEEBBD",
            "output": "5"
        }
    ]
}