{
    "id": "maximum_subarray",
    "title": "Maximum Subarray",
    "description": "Given an integer array nums, find the contiguous subarray (containing at least one number) which has the largest sum and return its sum.",
    "input_format": "Space-separated integers representing the array.",
    "output_format": "An integer representing the maximum sum.",
    "constraints": {
        "size": "1 <= size <= 10^5",
        "values": "-10^4 <= val <= 10^4"
    },
    "judge_mode": "FIRST_FAIL",
    "time_limit": 1,
    "sample_test_cases": [
        {
            "input": "-2 1 -3 4 -1 2 1 -5 4",
            "output": "6"
        }
    ],
    "hidden_test_cases": [
        {
            "input": "0 -8 4 5 7 6 -8",
            "output": "22"
        },
        {
            "input": "-9 -4 -8 4 2 3 6 -10 -8 -3 -6 3 5 -9 6",
            "output": "15"
        },
        {
            "input": "-9 -2 -2 -9 -4 7 0 -2 5 9 -5 9 10 -4 -4 -10 8 7 3 7",
            "output": "40"
        },
        {
            "input": "-5 -3 -6 3 -6 0 6 10 8 -5 5 -6",
            "output": "24"
        },
        {
            "input": "10 -9 -2 2 10",
            "output": "12"
        },
        {
            "input": "7 9 6 -1 4 5 5 -5 9 2 -5 0",
            "output": "41"
        },
        {
            "input": "7 -9 6 6 -3",
            "output": "12"
        },
        {
            "input": "-8 -7 5 -10 9 -3 -9 3 1 -9 3 -7 7",
            "output": "9"
        },
        {
            "input": "-4 0 1 2 3 -3 -3 9 7 8 1 7 -10 -8 6 -8 -1",
            "output": "32"
        },
        {
            "input": "2 -7 -2 4 -4 3 5 -6 -9 -9 -8 7 -6 1 -2 8 -4 -4",
            "output": "8"
        },
        {
            "input": "-9 8 -6 9 3 4 10",
            "output": "28"
        },
        {
            "input": "8 2 6 10 -6 -10 -4 -7 -6 10 -5 -2 0 0 -10 -7 7",
            "output": "26"
        },
        {
            "input": "2 -5 1 9 -1 -6 -1 -5 8 3 -5 8 -10 -4 -2 8 5 -6 7 10",
            "output": "24"
        },
        {
            "input": "3 8 -10 0 -5 7 -9 0 5 -8 -10 4",
            "output": "11"
        },
        {
            "input": "5 -2 -8 -9 4 10 -6 6 -8 10 -9 2 -2 8 -8 -6 9 1 -4 0",
            "output": "16"
        },
        {
            "input": "-6 7 -6 3 -10 -9 -7 5 2 -4 -6 7 -10 -10 -10 8",
            "output": "8"
        },
        {
            "input": "-3 -1 -3 -7 4 3 3 1 10 0 -3 3 -8 -9 -6 -10 5 2",
            "output": "21"
        },
        {
            "input": "9 -2 10 -4 7 2 6 -5 0 10 8 -3 8 6 -5 -7 -2",
            "output": "52"
        },
        {
            "input": "0 -9 10 5 6 4 5 -4 6 6 -5 3 8 -10 1 10 -10 4 1",
            "output": "45"
        },
        {
            "input": "7 -2 -7 -1 -9 2 9 0 -7 3 -8 2 -9 5 -2 1 -10 -8 9",
            "output": "11"
        },
        {
            "input": "-10 -1 4 3 9 8 -1 8 3 -1 6",
            "output": "39"
        },
        {
            "input": "-4",
            "output": "-4"
        },
        {
            "input": "6 6 4 -3 -3 -1 6 -10 2 -10 -9 -8 5 1 1 -9 -10 -7 -7",
            "output": "16"
        },
        {
            "input": "3 -5 0 10 10 9 -6 10 -4 -1 9 -2 -10 -9 -5 2 -1 5",
            "output": "37"
        },
        {
            "input": "5 4 -1 -3",
            "output": "9"
        },
        {
            "input": "-7 -6 1 8 2 0 -5 9",
            "output": "15"
        },
        {
            "input": "1 -6 -6 8 -2 -8",
            "output": "8"
        },
        {
            "input": "-10 3 5 -8 7 8 -3 2 4 -3 2 0 -6 7 4 10 -10 9 -7",
            "output": "32"
        },
        {
            "input": "1 -5 3 -3 2 -6 5 -4 -10",
            "output": "5"
        },
        {
            "input": "10 -9 -7 10 -2 7 -7 -9 2 -3 -3",
            "output": "15"
        },
        {
            "input": "3 -3 6 2 4 4 -9 -1 2 -9 -6 -1 -3",
            "output": "16"
        },
        {
            "input": "9 -4 4 1 -2 5 -2 -2 6",
            "output": "15"
        },
        {
            "input": "-3 -4 -4 6 2 -1 5",
            "output": "12"
        },
        {
            "input": "1 0 9 -7 -7 -10 7 7 7 -2 -5 6 2 1 -5 6 5 3 -5",
            "output": "32"
        },
        {
            "input": "-3 2 -3",
            "output": "2"
        },
        {
            "input": "4 2 -5 -4 -4 5 9 -2 -10 -8 -4 1",
            "output": "14"
        },
        {
            "input": "-2 2 2 -8 3 8 -3",
            "output": "11"
        },
        {
            "input": "-10 2 -3 9 -2 2 -10 -7 -10 3 5 7 -10 5 5 0 -5 5",
            "output": "15"
        },
        {
            "input": "1 -1 2 7 1",
            "output": "10"
        },
        {
            "input": "0 5 -5 -2 0",
            "output": "5"
        },
        {
            "input": "-8 -3 -4 4 3 -9 -3 8 3 10",
            "output": "21"
        },
        {
            "input": "5 1 -9 5 -4 5 8 6 0 -4 -1 -5 7 -7 -5",
            "output": "20"
        },
        {
            "input": "-6 2 5 3 -10 -7",
            "output": "10"
        },
        {
            "input": "-5 2 7 10 -4 9 4",
            "output": "28"
        },
        {
            "input": "-9 -2 2 -7 0 -9 -3 2 -7 9 7 8 -5 -8 -5 1",
            "output": "24"
        },
        {
            "input": "1 9 0 -7 1 -3 10 -3 -9 5 10 8 5 -8 -8 -9 -6",
            "output": "28"
        },
        {
            "input": "-3 -8 10 10 7 -4 -7 -10 -5 -4 -2 8 5 10 9 -1 10",
            "output": "41"
        },
        {
            "input": "-3 -9",
            "output": "-3"
        },
        {
            "input": "3 5 9 -5 10 9 0 -10 1 2 -2 5 7 -5 -2",
            "output": "34"
        },
        {
            "input": "-7 -7 0 2 -3 -8 -7 -7 7 -2 -6 0 8 7 1 -5",
            "output": "16"
        },
        {
            "input": "5 -8 4 0 -7 9 4 5 -5",
            "output": "18"
        },
        {
            "input": "-10 -1 9 9 7 1 2 7 -2 -8 -4 2 10 -5 0",
            "output": "35"
        },
        {
            "input": "-8 2 -1 2 -1 -7 1 -8 0 -6 -2",
            "output": "3"
        },
        {
            "input": "2 -5 -8 -5 9 -9 -6 -1 4 0 0 3 -3 -1 4 -1 9 -3 -8 -3",
            "output": "15"
        },
        {
            "input": "7 4 -1 8 -3 5",
            "output": "20"
        },
        {
            "input": "-1 10 2 2 0 -2 -10 10 -8 -8",
            "output": "14"
        },
        {
            "input": "3 -6 1 8 -7 1 5 -3 10 -4 -3 6 -3 5 3 10 -5 4 1 -4",
            "output": "29"
        },
        {
            "input": "9 -9 3 -10 -2 -4 -2 1 1 5 7 3 7",
            "output": "24"
        },
        {
            "input": "10 -3 10 9 5 -6 5 4 10 10 1 8 4 -6 -6 -6 0 7 -7 2",
            "output": "67"
        },
        {
            "input": "-4 -10 7 -9 -9 -1 -8",
            "output": "7"
        },
        {
            "input": "0 -1 -3 7 -6",
            "output": "7"
        },
        {
            "input": "5 3 3",
            "output": "11"
        },
        {
            "input": "10 10 7 2 -5 -5 1 3 6 -8 -6 -7 -7 5 -1 -3 7",
            "output": "29"
        },
        {
            "input": "-5 9 7 4 -5 0",
            "output": "20"
        },
        {
            "input": "4 0 3 -2 -1 -6",
            "output": "7"
        },
        {
            "input": "0 -8 6 5 9 8 -5 1 0",
            "output": "28"
        },
        {
            "input": "-1 3 -3 4 -1 9 -1 6 10 -3 0 8 7",
            "output": "39"
        },
        {
            "input": "10 -3 6 -8 -2 10 1 -4 6 0 6",
            "output": "22"
        },
        {
            "input": "7 9 4 2 5 10 -5 -7 -5 -7 10 5 -8 10 7 -7 -1 -3 10",
            "output": "37"
        },
        {
            "input": "8 1 6 4 2 -1",
            "output": "21"
        },
        {
            "input": "9 -5 -8 7 -2 0",
            "output": "9"
        },
        {
            "input": "8 5 -3 -6 9 -5 8 -3 -7 2 4 -4 3 -3 -7 -2 -10 0 -7 -5",
            "output": "16"
        },
        {
            "input": "0 2 -6 -1 -9 -10 -9",
            "output": "2"
        },
        {
            "input": "7 -1 -1 -8 7 -7 5 -9 9 -10 8 -7 2 8 -8 2 -6 -1",
            "output": "11"
        },
        {
            "input": "4 1 -2",
            "output": "5"
        },
        {
            "input": "-7 -4 0 -2 -5 4 -6 7 9 -9 -7 -3 9 -3 2",
            "output": "16"
        },
        {
            "input": "-10 1 6 8 -4 -1 -5 7 -9 -6 4 -7 6",
            "output": "15"
        },
        {
            "input": "-5 -6 -8 5 -6 3 -5 5 -3 1 1 -8 0 5 0 8 7",
            "output": "20"
        },
        {
            "input": "4 -10 -6 1 3 -1 2 2 -3 6 8 -2 6 -10 2 5 -3 10",
            "output": "26"
        },
        {
            "input": "-5 9 1 -5 1",
            "output": "10"
        },
        {
            "input": "7 -9 -3 0 9 -3 5 -8 7 5 8 -9 5 5",
            "output": "24"
        },
        {
            "input": "-7",
            "output": "-7"
        },
        {
            "input": "10 -10 -1 -10 5 6 5 5 8 3 0 1 -10",
            "output": "33"
        },
        {
            "input": "2 4 -10 -5 8 4 -4 0",
            "output": "12"
        },
        {
            "input": "-1 -9 1 3 -4",
            "output": "4"
        },
        {
            "input": "0 -4 -10 7 2 -3 6 1 -4 -2 -7 2 9 -7 -6 -7 7 0",
            "output": "13"
        },
        {
            "input": "-6 -8 7 -7 -6 7 1 -2 -5 -9 6 -7",
            "output": "8"
        },
        {
            "input": "-8 7 5 -10 -3 5 -6 -8 8 0 10 -8 10 7 -2 6 8 -1 -4",
            "output": "39"
        },
        {
            "input": "6 3 2 9 10 8 5 -3 -5 5 -5 9 -1 9 1",
            "output": "53"
        },
        {
            "input": "-8 -2 1 6 -6",
            "output": "7"
        },
        {
            "input": "-5 6 -7 2 8 3 6 10 5",
            "output": "34"
        },
        {
            "input": "-1 -5 10 3 -6 2 5 -8 -9 6 -7",
            "output": "14"
        },
        {
            "input": "4 -7 6 -2 -5 -7 7 0 8",
            "output": "15"
        },
        {
            "input": "3 5 -7 -8 0 4 -5 -8 -6",
            "output": "8"
        },
        {
            "input": "9 5 10 9 1 -9 2 6 -4 8",
            "output": "37"
        },
        {
            "input": "-9 2 -10 -6 -7 6 -2 -4 1 4 3 -9 10",
            "output": "10"
        },
        {
            "input": "9 6 -1 -1",
            "output": "15"
        },
        {
            "input": "10 -3 5 10 10 -10 -7 -5 1 2 -9 5 4 -6 -1 2 -7",
            "output": "32"
        },
        {
            "input": "3 -3 3 -9 -4 -2 3 1 10 5 -1 4 2 0 5",
            "output": "29"
        },
        {
            "input": "3 -1 4 4 -2 7 8 -1 -2",
            "output": "23"
        },
        {
            "input": "3 3 -8 4",
            "output": "6"
        },
        {
            "input": "-3 10 7 0 9 5",
            "output": "31"
        },
        {
            "input": "0 10 -10 10 9 -4 7",
            "output": "22"
        },
        {
            "input": "1 -6 -10 -4 1 -5 -8 1",
            "output": "1"
        },
        {
            "input": "10 4 10 5 -3 -6 8 2 -4 0 -7 -5 4 1 3 8",
            "output": "30"
        },
        {
            "input": "3 -9 1 -3 6 -10 -5",
            "output": "6"
        },
        {
            "input": "-8 -1 9 -9 -4 9",
            "output": "9"
        },
        {
            "input": "-9 -4 0 -1",
            "output": "0"
        },
        {
            "input": "-3 -3 1 5 9 -10 9 0 6 5 -2 -5 -3 -6 9 -2",
            "output": "25"
        },
        {
            "input": "9 8 -8 -8 9 -5 0 2 -10 -7 6",
            "output": "17"
        },
        {
            "input": "-6 10 0 -9 -10 -7 -10 5 -2 10 3 -9 -9 7 9",
            "output": "16"
        },
        {
            "input": "-8 3 -10 4",
            "output": "4"
        },
        {
            "input": "-7 3 -5 -9 8 -8 -3 10 -9 -3 -2 1 3 -1",
            "output": "10"
        },
        {
            "input": "4 -6 -9 0 -5 -3 -6 5 -4 10 -1 -8 -5 7 -8",
            "output": "11"
        },
        {
            "input": "-5 -2 -2 0 4 -10 -5 -7 -6 -7 -6 -4 -9 -8 -8 -4 -9",
            "output": "4"
        },
        {
            "input": "1 -1 -5 -7 -5 10 -5 -6 7 -7 -10",
            "output": "10"
        },
        {
            "input": "1",
            "output": "1"
        },
        {
            "input": "-6 -4 0 7 -3 -9 8 -6 -2 -7 -6 -10 -9 2",
            "output": "8"
        },
        {
            "input": "2 -4 4 0 9 -3 3 -5 3 -5",
            "output": "13"
        },
        {
            "input": "4 7 6 -5 1 10 -7 -1 -3 -3 -7 -1 2 -3 10 8 1 -2",
            "output": "23"
        },
        {
            "input": "-9 -4 3 -2 9 -5 4 4 8 -4 4 10 9 8 -1 0",
            "output": "48"
        },
        {
            "input": "-2 -6 -2 -1",
            "output": "-1"
        },
        {
            "input": "-2 10 0 6 -7 2 -10 8 10 0 -9 -7",
            "output": "19"
        },
        {
            "input": "6 6 -6 10 2 8 3 -6 -9 -10 7 -9 -10 -6 4 3 3 0 2",
            "output": "29"
        },
        {
            "input": "-5 -7 1",
            "output": "1"
        },
        {
            "input": "-7 -6 -4 -7 7 10 -6 -7 3 9 -4 -7 1",
            "output": "17"
        },
        {
            "input": "-6 -5 0 -3 -4 -5 4 6 3 0 1 -7 -9 0 -9 -1 -5 -10",
            "output": "14"
        },
        {
            "input": "-1 1 -7 5 -8 -7 3 -8 -5 -1",
            "output": "5"
        },
        {
            "input": "-7 9 1 8 -8",
            "output": "18"
        },
        {
            "input": "-9 1 6 -1 5 -4 8 9",
            "output": "24"
        },
        {
            "input": "-6 -5",
            "output": "-5"
        },
        {
            "input": "6 2 5 5 4 2 -6 1 -2 9 -10 -6 7 -3 3 -4 -4",
            "output": "26"
        },
        {
            "input": "6 -10 1 2 6 -7 5 -6 -1 -3 0 -4",
            "output": "9"
        },
        {
            "input": "2",
            "output": "2"
        },
        {
            "input": "-1 -2 -2",
            "output": "-1"
        },
        {
            "input": "-3 4 -4",
            "output": "4"
        },
        {
            "input": "-1 3 -6 -1 -3 4 -2 1 4 9 1 2 1 -7 -2 -9 3 9",
            "output": "20"
        },
        {
            "input": "10 -2 4 -1 -8 8 1 9 -2 10 4 10 -9 -7 -9",
            "output": "43"
        },
        {
            "input": "1 -2 2 7 10 -8 -4 -3 7 7 7 4 -7 9 2 -2",
            "output": "33"
        },
        {
            "input": "-3 -9 -6 0 2 10 4 -1 0",
            "output": "16"
        },
        {
            "input": "2 -7 9 4 -9 10 1 0 6 0",
            "output": "21"
        },
        {
            "input": "4",
            "output": "4"
        },
        {
            "input": "4 0 0 -9 -7 -6 6 -5 -10 -10 9 -6 -1 -8 1 -1 4 -4",
            "output": "9"
        },
        {
            "input": "-2 -1 8 9 -2 -8 1 -2 3 0 10 -5 -8 5 -4 -2 -5 2 -4",
            "output": "19"
        },
        {
            "input": "0 -10 0 8 6",
            "output": "14"
        },
        {
            "input": "-6 -4 -10 3 -10 -7 0 -2 6 -9 7 -7 -3 -9 3 1 -10 -9 -1 3",
            "output": "7"
        },
        {
            "input": "-10 7 8 -1 -8 9 -4 -3 -1 8",
            "output": "15"
        },
        {
            "input": "-9 -1 -10 9 7 -2 -10 -10 -10 9 -2 -1 2 3 5 4 -10 2",
            "output": "20"
        },
        {
            "input": "-5 -5 10 -4 -9 -3 5 -5 7",
            "output": "10"
        },
        {
            "input": "-7 -2 -7 -4 3 4 2 0 4 -10 3 2 -10 3 -6 -3 10 -6",
            "output": "13"
        },
        {
            "input": "1 -4 -6 1 6 -10 5 -4 -5 2 -3 6 -6 4 1 0 -8 5",
            "output": "7"
        },
        {
            "input": "-8 -8 7 8",
            "output": "15"
        },
        {
            "input": "1 -9",
            "output": "1"
        },
        {
            "input": "4 9 10 -7 4 7",
            "output": "27"
        },
        {
            "input": "0 -8 2 1 -5 -10 -3 -10 -2 -1 4 -10 7 -9 1 7 -1 3 -8 1",
            "output": "10"
        },
        {
            "input": "8 4 -9 -3 -7 4 -4 3 2 -10 -8",
            "output": "12"
        },
        {
            "input": "7 -7 -9 -7 -1 6 7 4 6 -8",
            "output": "23"
        },
        {
            "input": "-9 4 7 -3 -2 1 0 -8 -10 9 4 5 7 4 10 10 0 5",
            "output": "54"
        },
        {
            "input": "-1 -6 9 -3 -10 -3 5 10 9 -7",
            "output": "24"
        },
        {
            "input": "6 -10 -8 6 6 7 3 1 7 5 -7 -7 -8 -8 6 6 -9 5",
            "output": "35"
        },
        {
            "input": "-2 -5 6 8 6 6 -3 -1",
            "output": "26"
        },
        {
            "input": "1 -1",
            "output": "1"
        },
        {
            "input": "6 -1 -4 -7 -9 -4 6 4 -3 2 -2",
            "output": "10"
        },
        {
            "input": "5 -8 -2 -7 -2 -5 8 6 8 -8 2 -9 -1 0 5 -2 0",
            "output": "22"
        },
        {
            "input": "-9 6 6 9 -3 4 -5 6 3",
            "output": "26"
        },
        {
            "input": "1 10 -1 -10 4 1 -9 -1 3",
            "output": "11"
        },
        {
            "input": "0 -5 0 -5 4 -1 4 3 9",
            "output": "19"
        },
        {
            "input": "7 -2 6 8 -6 -3 4 -3 -5 8 4 -1 -6 -5",
            "output": "19"
        },
        {
            "input": "10 -8 4 -7 -8 -10 8 10 -8 4",
            "output": "18"
        },
        {
            "input": "-3 -2 -2 7",
            "output": "7"
        },
        {
            "input": "4 -8 -5 3 -4 7 -10 0 8 10 1 -7 1 7 1 -3 -7 -5 -3 -6",
            "output": "21"
        },
        {
            "input": "7 7 -6 -6 1 -1 7 -1 -9 10 9 -2 5",
            "output": "22"
        },
        {
            "input": "-9 -1 3 1 -10 2 6",
            "output": "8"
        },
        {
            "input": "6 7 8 6 10 -3 -8 -5 5 -10 -10 8 -8 1 -5 10 -2",
            "output": "37"
        },
        {
            "input": "-5 -4 7 5 5 -8 6 -9 -5 6 6 -5 7 1 -1 -5 5 -3 -3 1",
            "output": "17"
        },
        {
            "input": "-1 10 7 1 -3 3 8 4 -6",
            "output": "30"
        },
        {
            "input": "-6 1 0 3 1 10 -1 -4 -10 7 -9 4 6 -1 3 3 -4 5 1",
            "output": "17"
        },
        {
            "input": "-5 -1 -10",
            "output": "-1"
        },
        {
            "input": "-3",
            "output": "-3"
        },
        {
            "input": "3 -5 -8 -9 -5 5 1 0 -6",
            "output": "6"
        },
        {
            "input": "3 -8 -5 -4 5 10 -4 3 8 -5 3 4",
            "output": "24"
        },
        {
            "input": "-4 -5 0 6 8 2 3",
            "output": "19"
        },
        {
            "input": "9 -5 -6 8 -10 6 0 10 -7 0 -4 9 -2 -1 -7 -9 8 5",
            "output": "16"
        },
        {
            "input": "10 1 -4 -2 -2 -2 -10 3 3",
            "output": "11"
        },
        {
            "input": "1 4 2 -6 5 6 -2 3 -3 -4 0 -4 2 9 3 -7 5 8",
            "output": "22"
        },
        {
            "input": "-6 10 7 -9",
            "output": "17"
        },
        {
            "input": "8 -6 -4 -8 0 -9 -7 -10 9 7 10 6 0 -9 2 1 -5 -2 8 -2",
            "output": "32"
        },
        {
            "input": "3 5 -1 6 -4 9 -9",
            "output": "18"
        },
        {
            "input": "6 -4 -3 -5 -10",
            "output": "6"
        },
        {
            "input": "-9 7 10 10 0 -8 -5 -8 0 0 8 -1 3 2",
            "output": "27"
        },
        {
            "input": "2 -2 -7 2 -6 -5",
            "output": "2"
        },
        {
            "input": "-8 -5 6 -4 9 -6 9 -6 2 -5 -4 -9 8",
            "output": "14"
        },
        {
            "input": "-3 8 -4 6 -9 10 -5 -8 -9 -3",
            "output": "11"
        },
        {
            "input": "-9 -3 0 2 -8",
            "output": "2"
        },
        {
            "input": "-6 10 -8 -10 1 9 -3 -9 -7 -8 -5",
            "output": "10"
        },
        {
            "input": "3 -4 -4 -4 6 -1 -7 5 -5 -6 -7 7",
            "output": "7"
        },
        {
            "input": "-10 7 -5",
            "output": "7"
        },
        {
            "input": "9 2 6 7 -9 -2 -8 1",
            "output": "24"
        },
        {
            "input": "-2 9 4 -10",
            "output": "13"
        },
        {
            "input": "9 5",
            "output": "14"
        },
        {
            "input": "-7 -3 5 -7 -4 8 -1 -3 -4 -9 -1 -10 -5 8 -8 -7 6 1 -10 7",
            "output": "8"
        },
        {
            "input": "0 0 6 -5 9 1 -6 10 -9 10 8 -1 -3 -7 -5 7 -5 8",
            "output": "24"
        },
        {
            "input": "6 -5 -4",
            "output": "6"
        },
        {
            "input": "-6 10 -4",
            "output": "10"
        },
        {
            "input": "7 -3 -3 -1 2 0",
            "output": "7"
        },
        {
            "input": "2 9 3",
            "output": "14"
        },
        {
            "input": "10 -1 8 2 3 -6 9 -6 2 5 4 5 -2",
            "output": "35"
        },
        {
            "input": "-9 5 -1 6 10 -3 -1 2 -9 -10 -5",
            "output": "20"
        },
        {
            "input": "-8 -7 10 -4 -1 -1 5 -3 -2 5 -8 6 -3 -8 -9 -8 9 7 8",
            "output": "24"
        },
        {
            "input": "-3 3 -6 8 0 5 -10 -6 10 5 5 -1",
            "output": "20"
        },
        {
            "input": "-5 4 1 -1 8 7 -1 5 7 1 1",
            "output": "32"
        },
        {
            "input": "-3 5 -3 -9",
            "output": "5"
        },
        {
            "input": "-6 4 -7 -10 -8 4 -3 8 -8",
            "output": "9"
        },
        {
            "input": "4 -5 3 -6 2 8 5 -3",
            "output": "15"
        },
        {
            "input": "-6 3 10 10 -4 5 1 -5 -6 2 -3",
            "output": "25"
        },
        {
            "input": "7 -8 10 -2 -6 -5 5 10",
            "output": "15"
        },
        {
            "input": "-7 8 3 8 5 3 0 7 5 4 -8 8 8 -9 7",
            "output": "51"
        },
        {
            "input": "-6 -4 4 -3 -10 8 -5 4 2 -8 -1 1 4 -2 -5 -2 9 -3 -6 -8",
            "output": "9"
        },
        {
            "input": "-4 0 6 5 -2 -10 5 8 -3 -7 10 -4 1 5",
            "output": "15"
        },
        {
            "input": "-3 -9 -6 3 8 0 6 8 -2 4",
            "output": "27"
        },
        {
            "input": "-3 5 2 8 -5 8 7 -8 -3 -8 0 4 -8 -8 0 -5",
            "output": "25"
        },
        {
            "input": "5 -3 6 -6 8 9 -6 0 6 4 8 -8 -5 -2 -5 10 -10 8 7 5",
            "output": "31"
        },
        {
            "input": "-7 -7 0 -4 6 -3 -10 -5 3 6 6 0 -10",
            "output": "15"
        },
        {
            "input": "-8 9 1 -6 -4 5 7 1 -7 -5 4 -7 -3 -8 -1",
            "output": "13"
        },
        {
            "input": "4 -3",
            "output": "4"
        },
        {
            "input": "-4 3 1 -4 7 3 -6 -1 -8 -4 -7 7 -10 -2",
            "output": "10"
        },
        {
            "input": "-10 6 -9 8 -4 -8 1",
            "output": "8"
        },
        {
            "input": "-10 7 -7 5 -1 10 10 8 -1 -8 6 -1 9 -10",
            "output": "37"
        },
        {
            "input": "0 2 -7 -5 7 -4 -7 -7 -7 -4 -1 -7 -10 -3 6 -7",
            "output": "7"
        },
        {
            "input": "-4 -5 -1 7 6",
            "output": "13"
        },
        {
            "input": "-9 -3 -3 0 8 -10 -3",
            "output": "8"
        },
        {
            "input": "3 -1 -5 7 -2 2 -3 -7 -7 -10 -5 -10 -3",
            "output": "7"
        },
        {
            "input": "-4 5 9 1 6 8 -7 10 6 0 -1",
            "output": "38"
        },
        {
            "input": "-3 -4 6 7 3 -8 -3 -3 6 3 -7 0 2",
            "output": "16"
        },
        {
            "input": "0 2",
            "output": "2"
        },
        {
            "input": "-8 -6 0 -8 7 3 -10 0 8 4 -10 3 -8 -3 7 -1",
            "output": "12"
        },
        {
            "input": "8 -5 -10 -5 3 -6 -2 9 8 -2 -9 -2 -10 1",
            "output": "17"
        },
        {
            "input": "3 -1 5 7 2 2 8 2 0 0 -4 5",
            "output": "29"
        },
        {
            "input": "8 -7 -4 -8 8 -7 -8 3 10 -10 5 6 -9 -5",
            "output": "14"
        },
        {
            "input": "8 0 6 -5 1 2 -3 7 7 -7 -4 -2 -1 2 5",
            "output": "23"
        },
        {
            "input": "9 -4 -3 10 -7 7 -8 -2 -3 -7 9 -9 6 5 7 -7",
            "output": "18"
        },
        {
            "input": "-9 0 2 5 -7 7 2 0 -9",
            "output": "9"
        },
        {
            "input": "-8 -8 4 -2 6 -5 1 -1 -10 -4 2 3 -8 5 -6 3",
            "output": "8"
        },
        {
            "input": "8 -8 5 -8 -3 6 -2 1 -5 9 -6",
            "output": "9"
        },
        {
            "input": "8 -9 -6 0 3 9 4 0 9",
            "output": "25"
        },
        {
            "input": "-3 -6 -8 8",
            "output": "8"
        },
        {
            "input": "-9 -7 1 -5 6 9 3 0 8 6 -5 7 -9 -8",
            "output": "34"
        },
        {
            "input": "2 -1 9 8 6 9 -8 0",
            "output": "33"
        },
        {
            "input": "-1 -5 8",
            "output": "8"
        },
        {
            "input": "3 4 4 -5 -8",
            "output": "11"
        },
        {
            "input": "-7 1 3 1 -4 2 -9 8 7 7 3",
            "output": "25"
        },
        {
            "input": "6 5 2 10 8",
            "output": "31"
        },
        {
            "input": "-6 8 4",
            "output": "12"
        },
        {
            "input": "2 5 -8 -7 -8 1 1",
            "output": "7"
        },
        {
            "input": "-3 -10 -7 -4 10 -10 -9 7 -7 -5",
            "output": "10"
        },
        {
            "input": "-2",
            "output": "-2"
        },
        {
            "input": "-10 -7 9 7 2 10 -6 8 -10 -8 -2 9 -1 3 1 -4 -3",
            "output": "30"
        },
        {
            "input": "-5",
            "output": "-5"
        },
        {
            "input": "7 5 8 -7",
            "output": "20"
        },
        {
            "input": "-10 5 -7",
            "output": "5"
        },
        {
            "input": "5 1",
            "output": "6"
        },
        {
            "input": "-1 8 1 -6 -3",
            "output": "9"
        },
        {
            "input": "5",
            "output": "5"
        },
        {
            "input": "-8 -8 -1 8 -10 9 1 -10 3 -3 -4 -4 -2 -10 -1 -2 -4 -10 -4",
            "output": "10"
        },
        {
            "input": "-10 6 -2 -8 5 -7 2 -1 2 -1 5 -2",
            "output": "7"
        },
        {
            "input": "2 2 -8 -6 -10 6 -2 8 -9 -9 10 -8 1 -4",
            "output": "12"
        },
        {
            "input": "9 2 -6 4 7 2 -4 -2 5 -2 1 -1 -8 -1",
            "output": "18"
        },
        {
            "input": "7 -4",
            "output": "7"
        },
        {
            "input": "0",
            "output": "0"
        },
        {
            "input": "-3 10 0 -10 -9 10 9 3",
            "output": "22"
        },
        {
            "input": "-10 -6 8 10 1 9",
            "output": "28"
        },
        {
            "input": "6",
            "output": "6"
        },
        {
            "input": "-8 0 6 8 1 -1 6 -7",
            "output": "20"
        },
        {
            "input": "-9 -1 8 2 -2",
            "output": "10"
        },
        {
            "input": "4 4 -9 8 5",
            "output": "13"
        },
        {
            "input": "-5 3 0 -10 -10",
            "output": "3"
        },
        {
            "input": "0 2 -5 -8 0 -10 6",
            "output": "6"
        },
        {
            "input": "1 4 10 -3 6 7 -1 4 9 6 -10 -2 -2 3 -8 6",
            "output": "43"
        },
        {
            "input": "-10 2 -3 1 -1 0",
            "output": "2"
        },
        {
            "input": "7 10 8 2",
            "output": "27"
        },
        {
            "input": "-2 5",
            "output": "5"
        },
        {
            "input": "7 -8 3 -8 -9 9 4 7 9 2 -8 -4 5 1 8",
            "output": "33"
        },
        {
            "input": "-1 -8 -8 -2 -5",
            "output": "-1"
        },
        {
            "input": "10 -1 3 7 9 0 10 2 -6 4 -6 -3 8 1",
            "output": "40"
        },
        {
            "input": "7 9 2 -2 -2 -6",
            "output": "18"
        },
        {
            "input": "-9 -1 -6 7 8 -3 7 -8",
            "output": "19"
        },
        {
            "input": "6 7 9 10 -5 -1 -2",
            "output": "32"
        },
        {
            "input": "-9 -1 0 -9 9 -4 10 8 -10 7 -3 8",
            "output": "25"
        },
        {
            "input": "6 -8 9 -8 -4 -7 -1 9 -4 5 -9 -9 -4 -8 -4 -4",
            "output": "10"
        },
        {
            "input": "-2 3 -2 5 2 7 7 5 9 9",
            "output": "45"
        },
        {
            "input": "4 1 -5 -6 1 5 8 2 -10 -8 -2 -3 10 -5 7 6",
            "output": "18"
        },
        {
            "input": "8 10 4 -9 -4 5 7 -7 -5 -10 -3 -5 -2 6 -7 -4 3 6 0",
            "output": "22"
        },
        {
            "input": "-5 0 5",
            "output": "5"
        },
        {
            "input": "10 -3 -6 -3 -3 7 1 4 -2 -1 -2 4 1 6 1 -10",
            "output": "19"
        },
        {
            "input": "-9 -6 1 4 -4 -10 -5 9 0 -9 8 3 -9 6",
            "output": "11"
        },
        {
            "input": "-10 8",
            "output": "8"
        },
        {
            "input": "3 -1",
            "output": "3"
        },
        {
            "input": "-3 -10 6 -3 -9 -5 -1",
            "output": "6"
        },
        {
            "input": "-3 -10 6 -7",
            "output": "6"
        },
        {
            "input": "2 -9 6 -6",
            "output": "6"
        },
        {
            "input": "-7 7 -5 7 -10 4 -3 -4",
            "output": "9"
        },
        {
            "input": "10 6 4 5 7 -7 -3 0 0 -10 -2",
            "output": "32"
        },
        {
            "input": "-7 8 -10 2 -1 -9 -6 -3 -7 -8 7 7 -7 1 2 -10 -8 -8 0",
            "output": "14"
        },
        {
            "input": "1 -7 -2 0 8 2 2 4 -2 2 7 -2 0 10 3 2 6",
            "output": "42"
        },
        {
            "input": "-1 -1 -7 -9 -1 9 -2 -7 -9 -2",
            "output": "9"
        },
        {
            "input": "-1 -10 -9 -9 -4 -5 9 2 -6 6 -4 -7 7 -8",
            "output": "11"
        },
        {
            "input": "-4 9 7 -7 -4 -6 8 0 0 7 -4 10 1 -6",
            "output": "22"
        },
        {
            "input": "2 4 -3 -1 -2 -1 7",
            "output": "7"
        },
        {
            "input": "0 -4 -5 7 0 10 7 2",
            "output": "26"
        },
        {
            "input": "4 2 -4 -9 5 3 3 2 6 -3 -1 10",
            "output": "25"
        },
        {
            "input": "2 2 -10 0 -4 8 -1 8 9",
            "output": "24"
        },
        {
            "input": "3 -2 -7 8 5 7 6 -6 9 9 -2 -5 -9 8 0 9 -1 2 3 -5",
            "output": "43"
        },
        {
            "input": "-8 2 -9 7 -7 -3 -10 2 10 5 1",
            "output": "18"
        },
        {
            "input": "-1 -10 0 -7 -5 -6 5 2 8 -4 2",
            "output": "15"
        },
        {
            "input": "-6 -1 -9 -8 -10 3",
            "output": "3"
        },
        {
            "input": "-8 -2 -8 -3 -5 -2 -2 -8 9 6 9 -2 9 -8 -2 -4",
            "output": "31"
        },
        {
            "input": "9 -7 -4 1 -6 -1 -7 -3 5 -5",
            "output": "9"
        },
        {
            "input": "7 -4 2 -9 0 -10 1 -9",
            "output": "7"
        },
        {
            "input": "-1 1 -8 4 -6 -3 -7 10",
            "output": "10"
        },
        {
            "input": "-5 7 10 6",
            "output": "23"
        },
        {
            "input": "10 3 -10 7 -2 5 -2 -3 7 -9 2 2 -10 -4 -1 -5 -4 4 -8 10",
            "output": "15"
        },
        {
            "input": "-7 -4 3 -5 -2 -5 5 8 -3 10 8 -3 -9",
            "output": "28"
        },
        {
            "input": "-3 5 9 9 -3 -1 -3 -8 -6 5 3 8 0 -1 -5 1 -6 7 -6 -7",
            "output": "23"
        },
        {
            "input": "-8 -8 8 9 2 7 10 3 6 -3 -1 -10 3 0 3 4 -8",
            "output": "45"
        },
        {
            "input": "-10 -4 6 3 -8 -1 -3 -2 -6 -2 -8 -10 -2 1 5",
            "output": "9"
        },
        {
            "input": "3 5 2 3 -3 2 -5 5 -9 -1 -2 1 4 7 -9 7",
            "output": "13"
        },
        {
            "input": "0 2 -7 -8 -9 -2 -9 -8 9 -4 2 -9 -7 7 -1 5 -10 1",
            "output": "11"
        },
        {
            "input": "-7 6 8 -5 1 9 2 -6 9 2 -5 -10 7 -8",
            "output": "26"
        },
        {
            "input": "-5 -8 7 10 4 -10",
            "output": "21"
        },
        {
            "input": "-9 2 -9 5 8 10 5 -8 9 9 -10 -9 8 5 -3 -1 -7 6 1",
            "output": "38"
        },
        {
            "input": "2 8 -1 -6 5 -10 -5 -5 10 7",
            "output": "17"
        },
        {
            "input": "8 0 0 6 -10 0 -8 -2 9 -4 -8 3 -6 1 -9 6 -1 4",
            "output": "14"
        },
        {
            "input": "1 2 7 -7 -5 -6 2 -6 10 -2",
            "output": "10"
        },
        {
            "input": "-7 -7 -5 4 10 5 -5 -3 7 -6 -4 -2 5 9 8 9",
            "output": "37"
        },
        {
            "input": "-4 1 -3 -8 0 -9 -7 -5 -1 -2 -2 6 -9",
            "output": "6"
        },
        {
            "input": "0 10 7 5 10 -8 0 -1 0",
            "output": "32"
        },
        {
            "input": "-5 3 -9 -9 -10 9 -2 -4 -6 -7 9 0",
            "output": "9"
        },
        {
            "input": "4 -2 7 10 6",
            "output": "25"
        },
        {
            "input": "3 -9 3 -3",
            "output": "3"
        },
        {
            "input": "-10 -6 -1 3 1 -7 -1 3 4 8 -8 6 0 2 0 6 5 -6",
            "output": "26"
        },
        {
            "input": "5 -5 -9 4 3 -7 -6 -3 -4 2 4",
            "output": "7"
        },
        {
            "input": "7 -7 3 -2 -8 -7 5 3 -10 3 2 -5 10 -4 -6",
            "output": "10"
        },
        {
            "input": "5 -8 10 10 -7 7 4 5",
            "output": "29"
        },
        {
            "input": "10 -7 4 -3 4 -5 -5 6 8 3 -4 -8 10 3 -6 -10",
            "output": "18"
        },
        {
            "input": "5 -3 2 -10 10 -6 6 -7 4 -5 4 -2 -10",
            "output": "10"
        },
        {
            "input": "8 -7 1 10 9 0 -5 4 10 9 6",
            "output": "45"
        },
        {
            "input": "0 -8 9 -9 -3 -6 -7 -6 -10 -3 2 3 -4",
            "output": "9"
        },
        {
            "input": "10 7 -6 -2",
            "output": "17"
        },
        {
            "input": "5 -4 -8 -7 7 -6 -3 -6 4 -9 -2 -8 -10 -2 -3 -7 3 -3 -1",
            "output": "7"
        },
        {
            "input": "2 -8 -6 1 -10 -4 3 2",
            "output": "5"
        },
        {
            "input": "3 5 -1 -4 10 5 9 5 -9 5 -6 8",
            "output": "32"
        },
        {
            "input": "-10 5 7 6 -8 -5 1 3 5 -7 -7 -6 -3 10 5 -8",
            "output": "18"
        },
        {
            "input": "-4 10 3 5 7 -6 -5 -5 -4 5 8",
            "output": "25"
        },
        {
            "input": "-1 -3 6 -5 2 4 9 9 6 1 7 4",
            "output": "43"
        },
        {
            "input": "-10 10 5",
            "output": "15"
        },
        {
            "input": "6 4 1 -5 -3 -10 -4 -7 7 -1 10 1 -10 -8",
            "output": "17"
        },
        {
            "input": "-1 -10 -7 -6 -7",
            "output": "-1"
        },
        {
            "input": "-4 -9 -3 0 -5 -8 -8 7 7 -9 -3 2 9 -1 -6 3 -6 2 10 -2",
            "output": "15"
        },
        {
            "input": "7 -4 -10 -5 -5 10 5 -9 -10 -8 -10 -7 0 -10 3 -4 0 6",
            "output": "15"
        },
        {
            "input": "0 -10 6 -8 -3 7 -9 2 9 7 -1 10",
            "output": "27"
        },
        {
            "input": "-9 7 -1 6 -9 -6 3",
            "output": "12"
        },
        {
            "input": "-2 0 -10 10 1 10",
            "output": "21"
        },
        {
            "input": "-2 -6 2 -5 9 -7 4",
            "output": "9"
        },
        {
            "input": "-9 8 3 -1 6 -8 -1 -2 -4 -6 -5 -3 -2 3",
            "output": "16"
        },
        {
            "input": "-5 4 -10 10 -8 5 -1 -8 -3 -4 -3 1 -10 -10 -6 8 2 10 -10",
            "output": "20"
        },
        {
            "input": "-3 -7 8 7 -3",
            "output": "15"
        },
        {
            "input": "7 -7 3 6 8 0 0 9 -1 -1 0 -1 2 0 -2 -10 7 8 2",
            "output": "30"
        },
        {
            "input": "7 -4 9 -6 10",
            "output": "16"
        },
        {
            "input": "-5 -5 4 1 -7 8 -10",
            "output": "8"
        },
        {
            "input": "-8 -7 -7 -3 5 7 -7 -6 4",
            "output": "12"
        },
        {
            "input": "6 9 3 -10 -9 -1 2",
            "output": "18"
        },
        {
            "input": "-5 1 -4 10 4 -4 10 2 0 2 -10 -6 3",
            "output": "24"
        },
        {
            "input": "-1 -10 -6 -10 1",
            "output": "1"
        },
        {
            "input": "-1 5 -4 4 4 6 0 9 9 -1",
            "output": "33"
        },
        {
            "input": "10",
            "output": "10"
        },
        {
            "input": "-9 6 1 -3 4 5",
            "output": "13"
        },
        {
            "input": "-4 -3 6 9 -7 -7 5 2 -4 -4 1 4 10 4 2 3 -7 -8 10",
            "output": "24"
        },
        {
            "input": "8 0 -1 -6 -7 -10 -8 6 -7 -6 -7 5 3 1",
            "output": "9"
        },
        {
            "input": "-4 -9 -6 6 -1 -1 -6",
            "output": "6"
        },
        {
            "input": "0 6 -7 -4 -6 -10 4 0 1 -6 -10 0 9 -2 -7 -3",
            "output": "9"
        },
        {
            "input": "-6 2 7 0 8 -3 -10 -7 9 -6",
            "output": "17"
        },
        {
            "input": "7 2 1 -6",
            "output": "10"
        },
        {
            "input": "9 1 -1 8 3 9 2 -6 -5 -3 -6 -8 -6 9 1 -10 0",
            "output": "31"
        },
        {
            "input": "-3 2 7 3 10 5 -2 -8 9 8 -9 -8 2 3 5 -1 3 0",
            "output": "34"
        },
        {
            "input": "0 9 3 -8 3 6 -2 -3 9 1 -2 -1 8 -5 7 -3 7 -9 -8 10",
            "output": "29"
        },
        {
            "input": "-8 -3 2 0 0 0 7 4 6 8 6 -9 8 4",
            "output": "36"
        },
        {
            "input": "8 3 3 -1 -2 -8 9 9 0 -4 5 2 -2",
            "output": "24"
        },
        {
            "input": "-8 -4 -9 -4 10 4 4 5 -6 -1 8 0 6",
            "output": "30"
        },
        {
            "input": "4 -8 -5 4 -3 7 6 -8 -1 5 -1 2 -1 9 -3 7",
            "output": "23"
        },
        {
            "input": "6 3 8 8 0 5 2",
            "output": "32"
        },
        {
            "input": "2 -9 -2 -3 -7 -6 -5 2 5 -2 -5 10 -2 4 -6 10 1 5",
            "output": "22"
        },
        {
            "input": "0 6 1 -8 -1 -9 -2 4 4 4 -2 2 -10",
            "output": "12"
        },
        {
            "input": "9 -9",
            "output": "9"
        },
        {
            "input": "4 -2 9 4 10 8",
            "output": "33"
        },
        {
            "input": "-10 2 -2 -4 6 -4 -5 0 0 -6 -7 3 9 1 8 2 -7 9 -2",
            "output": "25"
        },
        {
            "input": "0 3 -6 -3 3 -7 -3 7 -5 9 -6 -4 2 -9 3 -5 6",
            "output": "11"
        },
        {
            "input": "-1 -1 4 6 -8 4 4 -7 -7 6 5 -10 5 -1 9 -9 -4 0",
            "output": "14"
        },
        {
            "input": "-8 -6 -1 -7 -8 -10 8 -4 -8 2 10 -2 3",
            "output": "13"
        },
        {
            "input": "10 7 8 -4 7 -6",
            "output": "28"
        },
        {
            "input": "1 7 7 -8",
            "output": "15"
        },
        {
            "input": "2 -5 4 5 0 1 -9 7 2 -4 8 1 -6 -9 -5 3",
            "output": "15"
        },
        {
            "input": "8 -4 -5 0 -2 7 1 7 7 -7 -1 4 9 6 -8 8 -6 6 8",
            "output": "41"
        },
        {
            "input": "-8 -2 -9 -6 -9 -4 -5 -2 5 4 6 -1 5 3 0 -7 1 -8 2",
            "output": "22"
        },
        {
            "input": "0 5 4 0 3 -10 3 -8 0 1 5 -2",
            "output": "12"
        },
        {
            "input": "3",
            "output": "3"
        },
        {
            "input": "5 -1 9 -6 0 -7 -1 -4 -2 -1 -10 1 7 7 3 1 8",
            "output": "27"
        },
        {
            "input": "1 -1 8 -9 -8 -6 -5 4 9 0 -2 5 5",
            "output": "21"
        },
        {
            "input": "2 -4 -6 5 -7",
            "output": "5"
        },
        {
            "input": "-1 -8 9 -9 -3 -1 4",
            "output": "9"
        },
        {
            "input": "-8 -7 8 -6 4 10 -4",
            "output": "16"
        },
        {
            "input": "-6 -1 0 -3 -1 -9 1 6 -4",
            "output": "7"
        },
        {
            "input": "-4 -8 6 5 7 9 -10 4 10 3 -5 -5 -9 8 2 10 -10 6",
            "output": "35"
        },
        {
            "input": "-7 8 7 7 10 -7 5 0",
            "output": "32"
        },
        {
            "input": "0 3 -8 7 3 0 5 -6 4 -3 -10 8 -6",
            "output": "15"
        },
        {
            "input": "-5 7 0 6 -10 0 4 -3 -9 -10 -2 8 -5",
            "output": "13"
        },
        {
            "input": "7 2 0 -4 -2 -1 3 -6 0 -1 4 7 -4 9 2 6 7",
            "output": "31"
        },
        {
            "input": "-8 1 -1 6 6 -10 -6 -5 -2 -3 4 1 -7 4 1",
            "output": "12"
        },
        {
            "input": "-10 4 10 -3 3 -2 -7 6 -1 -3 -5 -4 -7 9",
            "output": "14"
        },
        {
            "input": "-3 -1 9 -5 2 5 4",
            "output": "15"
        },
        {
            "input": "5 -1 1 8 -7 10 -3 -9 4",
            "output": "16"
        },
        {
            "input": "9 -7 2 6 9 7 5 4",
            "output": "35"
        },
        {
            "input": "-9",
            "output": "-9"
        },
        {
            "input": "10 7 5 -7 7 7 0 -9",
            "output": "29"
        },
        {
            "input": "4 -3 1 -3 -8 -3 -4 -9 2 -8 5 2 3 9 -8 -8 -2 -10 5 -2",
            "output": "19"
        },
        {
            "input": "7 10 -8 -7 -5 3 -4 -8 -1",
            "output": "17"
        },
        {
            "input": "1 3 -4 8 3",
            "output": "11"
        },
        {
            "input": "10 -6",
            "output": "10"
        },
        {
            "input": "10 1 -7 -2 -3 3 8 -10 0 -1 10",
            "output": "11"
        },
        {
            "input": "-1 2 -2 -7 -9 9 3 7",
            "output": "19"
        },
        {
            "input": "-5 3 -10 -10 1 -4 0 9 -3 -6 -3 -1 4 6 -7 5 -7 8",
            "output": "10"
        },
        {
            "input": "10 -7 -4 -5 8 8 -3 10 -4 2 9 -10 -9 -5 7 7 2 4",
            "output": "30"
        },
        {
            "input": "2 1 -7",
            "output": "3"
        },
        {
            "input": "-3 -8",
            "output": "-3"
        },
        {
            "input": "9 3 2 3 8 -6 -8",
            "output": "25"
        },
        {
            "input": "6 -8 1 -8 6",
            "output": "6"
        },
        {
            "input": "-1 -7 3 8 -2 1 -10 -6 -3 3 5 -5 -2 -9 -7 7 -2 -5 -9",
            "output": "11"
        },
        {
            "input": "3 0 9 9 0 -8 5 0 9 -6 8",
            "output": "29"
        },
        {
            "input": "-3 0 -4 10 -2",
            "output": "10"
        },
        {
            "input": "-8 4 7 -3 6",
            "output": "14"
        },
        {
            "input": "9",
            "output": "9"
        },
        {
            "input": "4 9 0 -10 1 10 3 8 5",
            "output": "30"
        },
        {
            "input": "-8 10 -4 1 -3 -3 4 -10 -8 -2 -8 7 4 0 1 3 6 10",
            "output": "31"
        },
        {
            "input": "1 2 3 -5 4 -8 3 -2 1 9 -2 2 -1 5 -1 8 -10 -10 5",
            "output": "22"
        },
        {
            "input": "-5 6 -4 5 -9 1 -8 -5 2 10 -7 5 -5 -6 -9",
            "output": "12"
        },
        {
            "input": "5 4 4 0 -3 -10 -8 10 -10",
            "output": "13"
        },
        {
            "input": "-1 8 -1 6 0 -9 -7 -3 -3 -4 4 -6 4",
            "output": "13"
        },
        {
            "input": "0 -10 1 -7 9 9 2 6 0 7 5 -1 -2",
            "output": "38"
        },
        {
            "input": "3 -2 -5 3 -4 4 4 -9 -8 -6",
            "output": "8"
        },
        {
            "input": "-6 -9 -2 1 7 -5 -4 -5",
            "output": "8"
        },
        {
            "input": "-8 10 -5 -10 3 2 -5 5 -4 5 -7 -8 -7 -9 8 3",
            "output": "11"
        },
        {
            "input": "2 -10 -1 5 -9",
            "output": "5"
        },
        {
            "input": "-9 -8 2 -1 -3",
            "output": "2"
        },
        {
            "input": "-1 7 4",
            "output": "11"
        },
        {
            "input": "-6 -4 -2 -8",
            "output": "-2"
        },
        {
            "input": "0 9 -1 7 4 -8 -3 -4 0 8 -3 2 -5 -6 6 -3 9 6",
            "output": "19"
        },
        {
            "input": "2 10 8 5 4 6 -3 4 1 -5 10 -6 3 10 8 -9 0",
            "output": "57"
        },
        {
            "input": "-1 -1 10 1 -10 -6 10 1 -6 -4 10 3 -4 -9 3 -6 -1 -1",
            "output": "14"
        },
        {
            "input": "2 2 -5 1 5 9 4 10 -1 -6 2",
            "output": "29"
        },
        {
            "input": "6 -6 10 10 -5 5 -8 -2 4 0 9 2 4 -7 -8 -4 -7",
            "output": "29"
        },
        {
            "input": "8 -2",
            "output": "8"
        },
        {
            "input": "-2 10 -6 0 -10 1 -9 -1 10 2",
            "output": "12"
        },
        {
            "input": "7 -2 -1 8 -3 -10 -4 -4 4 -9 2 3 -10 3 1 -6 2 9 0",
            "output": "12"
        },
        {
            "input": "-4 4 3",
            "output": "7"
        },
        {
            "input": "-1 9 0 1 -10 -9 7 0 9 -9 0",
            "output": "16"
        },
        {
            "input": "-10 -8",
            "output": "-8"
        },
        {
            "input": "3 -4 1 7 -6 -10 3 1",
            "output": "8"
        },
        {
            "input": "7 8 6 -9 -9 1 6 8 6 0 2 -8 -6 -3 3 0",
            "output": "26"
        },
        {
            "input": "-1 8 -4 10 2 4 -1 5 -5 7 7",
            "output": "33"
        },
        {
            "input": "7 1 1 3 6 10 -7 1 5 0 -3 4 2 10 -3",
            "output": "40"
        },
        {
            "input": "8 10 -8 7 3 7 -5",
            "output": "27"
        },
        {
            "input": "5 5 -2 -6 -6 5 2 9 -1 7 8 -10 7 5",
            "output": "32"
        },
        {
            "input": "4 -5 -6 3 10 3 -10 -6 10 8 2 -9 2 9 -6 3 -8 4",
            "output": "22"
        },
        {
            "input": "9 -6 -3 9 0 -10 8 -1 -7 0 1 -10 9 -8",
            "output": "9"
        },
        {
            "input": "1 7 -1 10 -9",
            "output": "17"
        },
        {
            "input": "1 -7 2 1 -4 -3 4 7 7 -1 -1 7 8 -9 3 8 -4 3 3",
            "output": "35"
        },
        {
            "input": "-6 5 2 -1 -5 -5 6 -6 0 -6 -3 8",
            "output": "8"
        },
        {
            "input": "8 -8 7 -5 -2 1",
            "output": "8"
        },
        {
            "input": "-1 9 -7 -6 0 -10 3 -6 -5 -10 0",
            "output": "9"
        },
        {
            "input": "-2 -3 -9 1 10 -4 8 -3 -7",
            "output": "15"
        },
        {
            "input": "0 8 -7 -5 -6 5 0 6 -1 0 -7",
            "output": "11"
        },
        {
            "input": "-10 -8 -9 -10 -9 7 3 -1 4 -7 8 2 -8 -3 10 -4 -6 -6 9 -1",
            "output": "16"
        },
        {
            "input": "1 -9 -4 0 1 2 5 6",
            "output": "14"
        },
        {
            "input": "6 8 4 -9 -7 -3 -10 9 7 -8 6 10 6 -3 1 -8",
            "output": "30"
        },
        {
            "input": "-7 -10 0 -2 1 -2 -3 -10 2 5 -3 10 3 7 10 5 -3 8 8",
            "output": "52"
        },
        {
            "input": "1 9",
            "output": "10"
        },
        {
            "input": "-5 -1 -4 8 8 -2 0 -10 -4 3 -1 1 -6 -4",
            "output": "16"
        },
        {
            "input": "-1 10 -3 0 8 5 -7 8 -6 0 3 -7 -2",
            "output": "21"
        },
        {
            "input": "-4 -7 -9 -4 -3 9 -1 -8 7 2 -3 -7 -10 -1 3 7",
            "output": "10"
        },
        {
            "input": "7 0 -3 -4 10 7 7 -1 3 2 3 5 0 6 4 10 3 0 4 8",
            "output": "71"
        },
        {
            "input": "4 4 -2 -9 -3 -4 5 6 -7 1 -2 2 -6 6 -9 -7 6",
            "output": "11"
        },
        {
            "input": "-4 -3 4 4 -9 -7 2",
            "output": "8"
        },
        {
            "input": "9 7 3 8 4 0 -1 4 2 3 1 1 -8 -5 9",
            "output": "41"
        },
        {
            "input": "-3 4 -10 -8 2 1 -4",
            "output": "4"
        },
        {
            "input": "-3 -9 -5 -4 -6 7 7 8 -2 0 10",
            "output": "30"
        },
        {
            "input": "4 10 -6 5 -9 -3 9 -10 -4 3 5 8 1 2 -10 -10 -8",
            "output": "19"
        },
        {
            "input": "6 -2 -6 -3 -8",
            "output": "6"
        },
        {
            "input": "5 -3 8 3 8 10 -9 5 -9 6 -9 -7 8 10 -2 1 -5 -9 -3",
            "output": "31"
        },
        {
            "input": "-9 -7 -8 -8 1 -4 -4 -4 -8 10 5 -5 -1",
            "output": "15"
        },
        {
            "input": "-8 1 -5 -1 6 2 -3 -9 1 -2 -8 0",
            "output": "8"
        },
        {
            "input": "-4 -9 -7 9 4 1 4 -8 9 9 1 -2 3 0 -4",
            "output": "30"
        }
    ]
}