{
    "id": "n_queens",
    "title": "N-Queens",
    "description": "The n-queens puzzle is the problem of placing n queens on an n x n chessboard such that no two queens attack each other. Given an integer n, return the number of distinct solutions to the n-queens puzzle.",
    "input_format": "An integer n.",
    "output_format": "An integer representing the number of distinct solutions.",
    "constraints": {
        "n": "1 <= n <= 12"
    },
    "judge_mode": "FIRST_FAIL",
    "time_limit": 2,
    "sample_test_cases": [
        {
            "input": "4",
            "output": "2"
        },
        {
            "input": "1",
            "output": "1"
        }
    ],
    "hidden_test_cases": [
        {
            "input": "2",
            "output": "0"
        },
        {
            "input": "4",
            "output": "2"
        },
        {
            "input": "3",
            "output": "0"
        },
        {
            "input": "7",
            "output": "40"
        },
        {
            "input": "1",
            "output": "1"
        },
        {
            "input": "6",
            "output": "4"
        },
        {
            "input": "8",
            "output": "92"
        },
        {
            "input": "5",
            "output": "10"
        }
    ]
}