{
    "id": "permutations",
    "title": "Permutations",
    "description": "Given an array of distinct integers, return all possible permutations. Output each permutation on a new line, space-separated. Permutations should be sorted lexicographically.",
    "input_format": "Space-separated distinct integers.",
    "output_format": "Each permutation on a new line.",
    "constraints": {
        "size": "1 <= size <= 6"
    },
    "judge_mode": "FIRST_FAIL",
    "time_limit": 1,
    "sample_test_cases": [
        {
            "input": "1 2 3",
            "output": "1 2 3\n1 3 2\n2 1 3\n2 3 1\n3 1 2\n3 2 1"
        }
    ],
    "hidden_test_cases": [
        {
            "input": "2 7",
            "output": "2 7\n7 2"
        },
        {
            "input": "4 7 9 10",
            "output": "4 7 9 10\n4 7 10 9\n4 9 7 10\n4 9 10 7\n4 10 7 9\n4 10 9 7\n7 4 9 10\n7 4 10 9\n7 9 4 10\n7 9 10 4\n7 10 4 9\n7 10 9 4\n9 4 7 10\n9 4 10 7\n9 7 4 10\n9 7 10 4\n9 10 4 7\n9 10 7 4\n10 4 7 9\n10 4 9 7\n10 7 4 9\n10 7 9 4\n10 9 4 7\n10 9 7 4"
        },
        {
            "input": "2 4",
            "output": "2 4\n4 2"
        },
        {
            "input": "3 4 9",
            "output": "3 4 9\n3 9 4\n4 3 9\n4 9 3\n9 3 4\n9 4 3"
        },
        {
            "input": "2 4 5",
            "output": "2 4 5\n2 5 4\n4 2 5\n4 5 2\n5 2 4\n5 4 2"
        },
        {
            "input": "1 2 3 4",
            "output": "1 2 3 4\n1 2 4 3\n1 3 2 4\n1 3 4 2\n1 4 2 3\n1 4 3 2\n2 1 3 4\n2 1 4 3\n2 3 1 4\n2 3 4 1\n2 4 1 3\n2 4 3 1\n3 1 2 4\n3 1 4 2\n3 2 1 4\n3 2 4 1\n3 4 1 2\n3 4 2 1\n4 1 2 3\n4 1 3 2\n4 2 1 3\n4 2 3 1\n4 3 1 2\n4 3 2 1"
        },
        {
            "input": "1 6 10",
            "output": "1 6 10\n1 10 6\n6 1 10\n6 10 1\n10 1 6\n10 6 1"
        },
        {
            "input": "1 2 7",
            "output": "1 2 7\n1 7 2\n2 1 7\n2 7 1\n7 1 2\n7 2 1"
        },
        {
            "input": "2 5 7",
            "output": "2 5 7\n2 7 5\n5 2 7\n5 7 2\n7 2 5\n7 5 2"
        },
        {
            "input": "1 8 10",
            "output": "1 8 10\n1 10 8\n8 1 10\n8 10 1\n10 1 8\n10 8 1"
        },
        {
            "input": "1 3",
            "output": "1 3\n3 1"
        },
        {
            "input": "5 6 10",
            "output": "5 6 10\n5 10 6\n6 5 10\n6 10 5\n10 5 6\n10 6 5"
        },
        {
            "input": "9 10",
            "output": "9 10\n10 9"
        },
        {
            "input": "1 2 3",
            "output": "1 2 3\n1 3 2\n2 1 3\n2 3 1\n3 1 2\n3 2 1"
        },
        {
            "input": "1 2",
            "output": "1 2\n2 1"
        },
        {
            "input": "1 8",
            "output": "1 8\n8 1"
        },
        {
            "input": "1 3 8",
            "output": "1 3 8\n1 8 3\n3 1 8\n3 8 1\n8 1 3\n8 3 1"
        },
        {
            "input": "1 4 9 10",
            "output": "1 4 9 10\n1 4 10 9\n1 9 4 10\n1 9 10 4\n1 10 4 9\n1 10 9 4\n4 1 9 10\n4 1 10 9\n4 9 1 10\n4 9 10 1\n4 10 1 9\n4 10 9 1\n9 1 4 10\n9 1 10 4\n9 4 1 10\n9 4 10 1\n9 10 1 4\n9 10 4 1\n10 1 4 9\n10 1 9 4\n10 4 1 9\n10 4 9 1\n10 9 1 4\n10 9 4 1"
        },
        {
            "input": "1 5 8",
            "output": "1 5 8\n1 8 5\n5 1 8\n5 8 1\n8 1 5\n8 5 1"
        },
        {
            "input": "5 10",
            "output": "5 10\n10 5"
        },
        {
            "input": "2 9 10",
            "output": "2 9 10\n2 10 9\n9 2 10\n9 10 2\n10 2 9\n10 9 2"
        },
        {
            "input": "3 9",
            "output": "3 9\n9 3"
        },
        {
            "input": "1 3 6",
            "output": "1 3 6\n1 6 3\n3 1 6\n3 6 1\n6 1 3\n6 3 1"
        },
        {
            "input": "1 2 6",
            "output": "1 2 6\n1 6 2\n2 1 6\n2 6 1\n6 1 2\n6 2 1"
        },
        {
            "input": "1 2 7 9",
            "output": "1 2 7 9\n1 2 9 7\n1 7 2 9\n1 7 9 2\n1 9 2 7\n1 9 7 2\n2 1 7 9\n2 1 9 7\n2 7 1 9\n2 7 9 1\n2 9 1 7\n2 9 7 1\n7 1 2 9\n7 1 9 2\n7 2 1 9\n7 2 9 1\n7 9 1 2\n7 9 2 1\n9 1 2 7\n9 1 7 2\n9 2 1 7\n9 2 7 1\n9 7 1 2\n9 7 2 1"
        },
        {
            "input": "6 7 8",
            "output": "6 7 8\n6 8 7\n7 6 8\n7 8 6\n8 6 7\n8 7 6"
        },
        {
            "input": "1 2 5 8",
            "output": "1 2 5 8\n1 2 8 5\n1 5 2 8\n1 5 8 2\n1 8 2 5\n1 8 5 2\n2 1 5 8\n2 1 8 5\n2 5 1 8\n2 5 8 1\n2 8 1 5\n2 8 5 1\n5 1 2 8\n5 1 8 2\n5 2 1 8\n5 2 8 1\n5 8 1 2\n5 8 2 1\n8 1 2 5\n8 1 5 2\n8 2 1 5\n8 2 5 1\n8 5 1 2\n8 5 2 1"
        },
        {
            "input": "3 7",
            "output": "3 7\n7 3"
        },
        {
            "input": "5 6",
            "output": "5 6\n6 5"
        },
        {
            "input": "5 7 9 10",
            "output": "5 7 9 10\n5 7 10 9\n5 9 7 10\n5 9 10 7\n5 10 7 9\n5 10 9 7\n7 5 9 10\n7 5 10 9\n7 9 5 10\n7 9 10 5\n7 10 5 9\n7 10 9 5\n9 5 7 10\n9 5 10 7\n9 7 5 10\n9 7 10 5\n9 10 5 7\n9 10 7 5\n10 5 7 9\n10 5 9 7\n10 7 5 9\n10 7 9 5\n10 9 5 7\n10 9 7 5"
        },
        {
            "input": "1 2 3 9",
            "output": "1 2 3 9\n1 2 9 3\n1 3 2 9\n1 3 9 2\n1 9 2 3\n1 9 3 2\n2 1 3 9\n2 1 9 3\n2 3 1 9\n2 3 9 1\n2 9 1 3\n2 9 3 1\n3 1 2 9\n3 1 9 2\n3 2 1 9\n3 2 9 1\n3 9 1 2\n3 9 2 1\n9 1 2 3\n9 1 3 2\n9 2 1 3\n9 2 3 1\n9 3 1 2\n9 3 2 1"
        },
        {
            "input": "1 2 4 7",
            "output": "1 2 4 7\n1 2 7 4\n1 4 2 7\n1 4 7 2\n1 7 2 4\n1 7 4 2\n2 1 4 7\n2 1 7 4\n2 4 1 7\n2 4 7 1\n2 7 1 4\n2 7 4 1\n4 1 2 7\n4 1 7 2\n4 2 1 7\n4 2 7 1\n4 7 1 2\n4 7 2 1\n7 1 2 4\n7 1 4 2\n7 2 1 4\n7 2 4 1\n7 4 1 2\n7 4 2 1"
        },
        {
            "input": "2 6 9 10",
            "output": "2 6 9 10\n2 6 10 9\n2 9 6 10\n2 9 10 6\n2 10 6 9\n2 10 9 6\n6 2 9 10\n6 2 10 9\n6 9 2 10\n6 9 10 2\n6 10 2 9\n6 10 9 2\n9 2 6 10\n9 2 10 6\n9 6 2 10\n9 6 10 2\n9 10 2 6\n9 10 6 2\n10 2 6 9\n10 2 9 6\n10 6 2 9\n10 6 9 2\n10 9 2 6\n10 9 6 2"
        },
        {
            "input": "7 8",
            "output": "7 8\n8 7"
        },
        {
            "input": "2 6 10",
            "output": "2 6 10\n2 10 6\n6 2 10\n6 10 2\n10 2 6\n10 6 2"
        },
        {
            "input": "6 8",
            "output": "6 8\n8 6"
        },
        {
            "input": "4 5 7 10",
            "output": "4 5 7 10\n4 5 10 7\n4 7 5 10\n4 7 10 5\n4 10 5 7\n4 10 7 5\n5 4 7 10\n5 4 10 7\n5 7 4 10\n5 7 10 4\n5 10 4 7\n5 10 7 4\n7 4 5 10\n7 4 10 5\n7 5 4 10\n7 5 10 4\n7 10 4 5\n7 10 5 4\n10 4 5 7\n10 4 7 5\n10 5 4 7\n10 5 7 4\n10 7 4 5\n10 7 5 4"
        },
        {
            "input": "1 5 8 10",
            "output": "1 5 8 10\n1 5 10 8\n1 8 5 10\n1 8 10 5\n1 10 5 8\n1 10 8 5\n5 1 8 10\n5 1 10 8\n5 8 1 10\n5 8 10 1\n5 10 1 8\n5 10 8 1\n8 1 5 10\n8 1 10 5\n8 5 1 10\n8 5 10 1\n8 10 1 5\n8 10 5 1\n10 1 5 8\n10 1 8 5\n10 5 1 8\n10 5 8 1\n10 8 1 5\n10 8 5 1"
        },
        {
            "input": "1 5 9",
            "output": "1 5 9\n1 9 5\n5 1 9\n5 9 1\n9 1 5\n9 5 1"
        },
        {
            "input": "5 7",
            "output": "5 7\n7 5"
        },
        {
            "input": "6 8 10",
            "output": "6 8 10\n6 10 8\n8 6 10\n8 10 6\n10 6 8\n10 8 6"
        },
        {
            "input": "1 6 7 10",
            "output": "1 6 7 10\n1 6 10 7\n1 7 6 10\n1 7 10 6\n1 10 6 7\n1 10 7 6\n6 1 7 10\n6 1 10 7\n6 7 1 10\n6 7 10 1\n6 10 1 7\n6 10 7 1\n7 1 6 10\n7 1 10 6\n7 6 1 10\n7 6 10 1\n7 10 1 6\n7 10 6 1\n10 1 6 7\n10 1 7 6\n10 6 1 7\n10 6 7 1\n10 7 1 6\n10 7 6 1"
        },
        {
            "input": "4 10",
            "output": "4 10\n10 4"
        },
        {
            "input": "4 6 10",
            "output": "4 6 10\n4 10 6\n6 4 10\n6 10 4\n10 4 6\n10 6 4"
        },
        {
            "input": "5 7 10",
            "output": "5 7 10\n5 10 7\n7 5 10\n7 10 5\n10 5 7\n10 7 5"
        },
        {
            "input": "2 4 8",
            "output": "2 4 8\n2 8 4\n4 2 8\n4 8 2\n8 2 4\n8 4 2"
        },
        {
            "input": "2 9",
            "output": "2 9\n9 2"
        },
        {
            "input": "3 7 10",
            "output": "3 7 10\n3 10 7\n7 3 10\n7 10 3\n10 3 7\n10 7 3"
        },
        {
            "input": "4 7 8",
            "output": "4 7 8\n4 8 7\n7 4 8\n7 8 4\n8 4 7\n8 7 4"
        },
        {
            "input": "3 8",
            "output": "3 8\n8 3"
        },
        {
            "input": "3 5",
            "output": "3 5\n5 3"
        },
        {
            "input": "2 6",
            "output": "2 6\n6 2"
        },
        {
            "input": "4 8",
            "output": "4 8\n8 4"
        },
        {
            "input": "2 7 9",
            "output": "2 7 9\n2 9 7\n7 2 9\n7 9 2\n9 2 7\n9 7 2"
        },
        {
            "input": "2 7 10",
            "output": "2 7 10\n2 10 7\n7 2 10\n7 10 2\n10 2 7\n10 7 2"
        },
        {
            "input": "7 9 10",
            "output": "7 9 10\n7 10 9\n9 7 10\n9 10 7\n10 7 9\n10 9 7"
        },
        {
            "input": "4 6",
            "output": "4 6\n6 4"
        },
        {
            "input": "1 2 3 8",
            "output": "1 2 3 8\n1 2 8 3\n1 3 2 8\n1 3 8 2\n1 8 2 3\n1 8 3 2\n2 1 3 8\n2 1 8 3\n2 3 1 8\n2 3 8 1\n2 8 1 3\n2 8 3 1\n3 1 2 8\n3 1 8 2\n3 2 1 8\n3 2 8 1\n3 8 1 2\n3 8 2 1\n8 1 2 3\n8 1 3 2\n8 2 1 3\n8 2 3 1\n8 3 1 2\n8 3 2 1"
        },
        {
            "input": "5 6 8",
            "output": "5 6 8\n5 8 6\n6 5 8\n6 8 5\n8 5 6\n8 6 5"
        },
        {
            "input": "1 3 10",
            "output": "1 3 10\n1 10 3\n3 1 10\n3 10 1\n10 1 3\n10 3 1"
        },
        {
            "input": "1 6 7",
            "output": "1 6 7\n1 7 6\n6 1 7\n6 7 1\n7 1 6\n7 6 1"
        },
        {
            "input": "2 4 6 10",
            "output": "2 4 6 10\n2 4 10 6\n2 6 4 10\n2 6 10 4\n2 10 4 6\n2 10 6 4\n4 2 6 10\n4 2 10 6\n4 6 2 10\n4 6 10 2\n4 10 2 6\n4 10 6 2\n6 2 4 10\n6 2 10 4\n6 4 2 10\n6 4 10 2\n6 10 2 4\n6 10 4 2\n10 2 4 6\n10 2 6 4\n10 4 2 6\n10 4 6 2\n10 6 2 4\n10 6 4 2"
        },
        {
            "input": "5 8 10",
            "output": "5 8 10\n5 10 8\n8 5 10\n8 10 5\n10 5 8\n10 8 5"
        },
        {
            "input": "1 5 7",
            "output": "1 5 7\n1 7 5\n5 1 7\n5 7 1\n7 1 5\n7 5 1"
        },
        {
            "input": "2 8 9",
            "output": "2 8 9\n2 9 8\n8 2 9\n8 9 2\n9 2 8\n9 8 2"
        },
        {
            "input": "4 5",
            "output": "4 5\n5 4"
        },
        {
            "input": "3 5 8 10",
            "output": "3 5 8 10\n3 5 10 8\n3 8 5 10\n3 8 10 5\n3 10 5 8\n3 10 8 5\n5 3 8 10\n5 3 10 8\n5 8 3 10\n5 8 10 3\n5 10 3 8\n5 10 8 3\n8 3 5 10\n8 3 10 5\n8 5 3 10\n8 5 10 3\n8 10 3 5\n8 10 5 3\n10 3 5 8\n10 3 8 5\n10 5 3 8\n10 5 8 3\n10 8 3 5\n10 8 5 3"
        },
        {
            "input": "1 6 8",
            "output": "1 6 8\n1 8 6\n6 1 8\n6 8 1\n8 1 6\n8 6 1"
        },
        {
            "input": "2 3",
            "output": "2 3\n3 2"
        },
        {
            "input": "4 9 10",
            "output": "4 9 10\n4 10 9\n9 4 10\n9 10 4\n10 4 9\n10 9 4"
        },
        {
            "input": "3 4 10",
            "output": "3 4 10\n3 10 4\n4 3 10\n4 10 3\n10 3 4\n10 4 3"
        },
        {
            "input": "8 10",
            "output": "8 10\n10 8"
        },
        {
            "input": "5 7 8 9",
            "output": "5 7 8 9\n5 7 9 8\n5 8 7 9\n5 8 9 7\n5 9 7 8\n5 9 8 7\n7 5 8 9\n7 5 9 8\n7 8 5 9\n7 8 9 5\n7 9 5 8\n7 9 8 5\n8 5 7 9\n8 5 9 7\n8 7 5 9\n8 7 9 5\n8 9 5 7\n8 9 7 5\n9 5 7 8\n9 5 8 7\n9 7 5 8\n9 7 8 5\n9 8 5 7\n9 8 7 5"
        },
        {
            "input": "3 6 9 10",
            "output": "3 6 9 10\n3 6 10 9\n3 9 6 10\n3 9 10 6\n3 10 6 9\n3 10 9 6\n6 3 9 10\n6 3 10 9\n6 9 3 10\n6 9 10 3\n6 10 3 9\n6 10 9 3\n9 3 6 10\n9 3 10 6\n9 6 3 10\n9 6 10 3\n9 10 3 6\n9 10 6 3\n10 3 6 9\n10 3 9 6\n10 6 3 9\n10 6 9 3\n10 9 3 6\n10 9 6 3"
        },
        {
            "input": "4 7 8 10",
            "output": "4 7 8 10\n4 7 10 8\n4 8 7 10\n4 8 10 7\n4 10 7 8\n4 10 8 7\n7 4 8 10\n7 4 10 8\n7 8 4 10\n7 8 10 4\n7 10 4 8\n7 10 8 4\n8 4 7 10\n8 4 10 7\n8 7 4 10\n8 7 10 4\n8 10 4 7\n8 10 7 4\n10 4 7 8\n10 4 8 7\n10 7 4 8\n10 7 8 4\n10 8 4 7\n10 8 7 4"
        },
        {
            "input": "1 3 4 8",
            "output": "1 3 4 8\n1 3 8 4\n1 4 3 8\n1 4 8 3\n1 8 3 4\n1 8 4 3\n3 1 4 8\n3 1 8 4\n3 4 1 8\n3 4 8 1\n3 8 1 4\n3 8 4 1\n4 1 3 8\n4 1 8 3\n4 3 1 8\n4 3 8 1\n4 8 1 3\n4 8 3 1\n8 1 3 4\n8 1 4 3\n8 3 1 4\n8 3 4 1\n8 4 1 3\n8 4 3 1"
        },
        {
            "input": "2 6 8",
            "output": "2 6 8\n2 8 6\n6 2 8\n6 8 2\n8 2 6\n8 6 2"
        },
        {
            "input": "1 5",
            "output": "1 5\n5 1"
        },
        {
            "input": "8 9",
            "output": "8 9\n9 8"
        },
        {
            "input": "1 9 10",
            "output": "1 9 10\n1 10 9\n9 1 10\n9 10 1\n10 1 9\n10 9 1"
        },
        {
            "input": "4 6 9 10",
            "output": "4 6 9 10\n4 6 10 9\n4 9 6 10\n4 9 10 6\n4 10 6 9\n4 10 9 6\n6 4 9 10\n6 4 10 9\n6 9 4 10\n6 9 10 4\n6 10 4 9\n6 10 9 4\n9 4 6 10\n9 4 10 6\n9 6 4 10\n9 6 10 4\n9 10 4 6\n9 10 6 4\n10 4 6 9\n10 4 9 6\n10 6 4 9\n10 6 9 4\n10 9 4 6\n10 9 6 4"
        },
        {
            "input": "1 6",
            "output": "1 6\n6 1"
        },
        {
            "input": "2 5 9",
            "output": "2 5 9\n2 9 5\n5 2 9\n5 9 2\n9 2 5\n9 5 2"
        },
        {
            "input": "4 5 7",
            "output": "4 5 7\n4 7 5\n5 4 7\n5 7 4\n7 4 5\n7 5 4"
        },
        {
            "input": "3 4",
            "output": "3 4\n4 3"
        },
        {
            "input": "6 7",
            "output": "6 7\n7 6"
        },
        {
            "input": "2 3 4 7",
            "output": "2 3 4 7\n2 3 7 4\n2 4 3 7\n2 4 7 3\n2 7 3 4\n2 7 4 3\n3 2 4 7\n3 2 7 4\n3 4 2 7\n3 4 7 2\n3 7 2 4\n3 7 4 2\n4 2 3 7\n4 2 7 3\n4 3 2 7\n4 3 7 2\n4 7 2 3\n4 7 3 2\n7 2 3 4\n7 2 4 3\n7 3 2 4\n7 3 4 2\n7 4 2 3\n7 4 3 2"
        },
        {
            "input": "3 6",
            "output": "3 6\n6 3"
        },
        {
            "input": "2 4 8 10",
            "output": "2 4 8 10\n2 4 10 8\n2 8 4 10\n2 8 10 4\n2 10 4 8\n2 10 8 4\n4 2 8 10\n4 2 10 8\n4 8 2 10\n4 8 10 2\n4 10 2 8\n4 10 8 2\n8 2 4 10\n8 2 10 4\n8 4 2 10\n8 4 10 2\n8 10 2 4\n8 10 4 2\n10 2 4 8\n10 2 8 4\n10 4 2 8\n10 4 8 2\n10 8 2 4\n10 8 4 2"
        },
        {
            "input": "1 4 8",
            "output": "1 4 8\n1 8 4\n4 1 8\n4 8 1\n8 1 4\n8 4 1"
        },
        {
            "input": "2 4 7 9",
            "output": "2 4 7 9\n2 4 9 7\n2 7 4 9\n2 7 9 4\n2 9 4 7\n2 9 7 4\n4 2 7 9\n4 2 9 7\n4 7 2 9\n4 7 9 2\n4 9 2 7\n4 9 7 2\n7 2 4 9\n7 2 9 4\n7 4 2 9\n7 4 9 2\n7 9 2 4\n7 9 4 2\n9 2 4 7\n9 2 7 4\n9 4 2 7\n9 4 7 2\n9 7 2 4\n9 7 4 2"
        },
        {
            "input": "6 9",
            "output": "6 9\n9 6"
        },
        {
            "input": "2 3 7 10",
            "output": "2 3 7 10\n2 3 10 7\n2 7 3 10\n2 7 10 3\n2 10 3 7\n2 10 7 3\n3 2 7 10\n3 2 10 7\n3 7 2 10\n3 7 10 2\n3 10 2 7\n3 10 7 2\n7 2 3 10\n7 2 10 3\n7 3 2 10\n7 3 10 2\n7 10 2 3\n7 10 3 2\n10 2 3 7\n10 2 7 3\n10 3 2 7\n10 3 7 2\n10 7 2 3\n10 7 3 2"
        },
        {
            "input": "6 10",
            "output": "6 10\n10 6"
        },
        {
            "input": "1 2 4 9",
            "output": "1 2 4 9\n1 2 9 4\n1 4 2 9\n1 4 9 2\n1 9 2 4\n1 9 4 2\n2 1 4 9\n2 1 9 4\n2 4 1 9\n2 4 9 1\n2 9 1 4\n2 9 4 1\n4 1 2 9\n4 1 9 2\n4 2 1 9\n4 2 9 1\n4 9 1 2\n4 9 2 1\n9 1 2 4\n9 1 4 2\n9 2 1 4\n9 2 4 1\n9 4 1 2\n9 4 2 1"
        },
        {
            "input": "3 10",
            "output": "3 10\n10 3"
        },
        {
            "input": "4 9",
            "output": "4 9\n9 4"
        },
        {
            "input": "2 5",
            "output": "2 5\n5 2"
        },
        {
            "input": "1 6 9",
            "output": "1 6 9\n1 9 6\n6 1 9\n6 9 1\n9 1 6\n9 6 1"
        },
        {
            "input": "3 7 9",
            "output": "3 7 9\n3 9 7\n7 3 9\n7 9 3\n9 3 7\n9 7 3"
        },
        {
            "input": "3 4 5 9",
            "output": "3 4 5 9\n3 4 9 5\n3 5 4 9\n3 5 9 4\n3 9 4 5\n3 9 5 4\n4 3 5 9\n4 3 9 5\n4 5 3 9\n4 5 9 3\n4 9 3 5\n4 9 5 3\n5 3 4 9\n5 3 9 4\n5 4 3 9\n5 4 9 3\n5 9 3 4\n5 9 4 3\n9 3 4 5\n9 3 5 4\n9 4 3 5\n9 4 5 3\n9 5 3 4\n9 5 4 3"
        },
        {
            "input": "1 4 6 9",
            "output": "1 4 6 9\n1 4 9 6\n1 6 4 9\n1 6 9 4\n1 9 4 6\n1 9 6 4\n4 1 6 9\n4 1 9 6\n4 6 1 9\n4 6 9 1\n4 9 1 6\n4 9 6 1\n6 1 4 9\n6 1 9 4\n6 4 1 9\n6 4 9 1\n6 9 1 4\n6 9 4 1\n9 1 4 6\n9 1 6 4\n9 4 1 6\n9 4 6 1\n9 6 1 4\n9 6 4 1"
        },
        {
            "input": "4 5 6",
            "output": "4 5 6\n4 6 5\n5 4 6\n5 6 4\n6 4 5\n6 5 4"
        },
        {
            "input": "2 6 9",
            "output": "2 6 9\n2 9 6\n6 2 9\n6 9 2\n9 2 6\n9 6 2"
        },
        {
            "input": "3 4 8",
            "output": "3 4 8\n3 8 4\n4 3 8\n4 8 3\n8 3 4\n8 4 3"
        },
        {
            "input": "2 10",
            "output": "2 10\n10 2"
        },
        {
            "input": "3 7 8 10",
            "output": "3 7 8 10\n3 7 10 8\n3 8 7 10\n3 8 10 7\n3 10 7 8\n3 10 8 7\n7 3 8 10\n7 3 10 8\n7 8 3 10\n7 8 10 3\n7 10 3 8\n7 10 8 3\n8 3 7 10\n8 3 10 7\n8 7 3 10\n8 7 10 3\n8 10 3 7\n8 10 7 3\n10 3 7 8\n10 3 8 7\n10 7 3 8\n10 7 8 3\n10 8 3 7\n10 8 7 3"
        },
        {
            "input": "6 7 9",
            "output": "6 7 9\n6 9 7\n7 6 9\n7 9 6\n9 6 7\n9 7 6"
        },
        {
            "input": "3 6 8",
            "output": "3 6 8\n3 8 6\n6 3 8\n6 8 3\n8 3 6\n8 6 3"
        },
        {
            "input": "4 6 7 10",
            "output": "4 6 7 10\n4 6 10 7\n4 7 6 10\n4 7 10 6\n4 10 6 7\n4 10 7 6\n6 4 7 10\n6 4 10 7\n6 7 4 10\n6 7 10 4\n6 10 4 7\n6 10 7 4\n7 4 6 10\n7 4 10 6\n7 6 4 10\n7 6 10 4\n7 10 4 6\n7 10 6 4\n10 4 6 7\n10 4 7 6\n10 6 4 7\n10 6 7 4\n10 7 4 6\n10 7 6 4"
        },
        {
            "input": "2 5 10",
            "output": "2 5 10\n2 10 5\n5 2 10\n5 10 2\n10 2 5\n10 5 2"
        },
        {
            "input": "2 4 7",
            "output": "2 4 7\n2 7 4\n4 2 7\n4 7 2\n7 2 4\n7 4 2"
        },
        {
            "input": "3 5 6 7",
            "output": "3 5 6 7\n3 5 7 6\n3 6 5 7\n3 6 7 5\n3 7 5 6\n3 7 6 5\n5 3 6 7\n5 3 7 6\n5 6 3 7\n5 6 7 3\n5 7 3 6\n5 7 6 3\n6 3 5 7\n6 3 7 5\n6 5 3 7\n6 5 7 3\n6 7 3 5\n6 7 5 3\n7 3 5 6\n7 3 6 5\n7 5 3 6\n7 5 6 3\n7 6 3 5\n7 6 5 3"
        },
        {
            "input": "1 3 6 9",
            "output": "1 3 6 9\n1 3 9 6\n1 6 3 9\n1 6 9 3\n1 9 3 6\n1 9 6 3\n3 1 6 9\n3 1 9 6\n3 6 1 9\n3 6 9 1\n3 9 1 6\n3 9 6 1\n6 1 3 9\n6 1 9 3\n6 3 1 9\n6 3 9 1\n6 9 1 3\n6 9 3 1\n9 1 3 6\n9 1 6 3\n9 3 1 6\n9 3 6 1\n9 6 1 3\n9 6 3 1"
        },
        {
            "input": "5 9 10",
            "output": "5 9 10\n5 10 9\n9 5 10\n9 10 5\n10 5 9\n10 9 5"
        },
        {
            "input": "2 3 7 8",
            "output": "2 3 7 8\n2 3 8 7\n2 7 3 8\n2 7 8 3\n2 8 3 7\n2 8 7 3\n3 2 7 8\n3 2 8 7\n3 7 2 8\n3 7 8 2\n3 8 2 7\n3 8 7 2\n7 2 3 8\n7 2 8 3\n7 3 2 8\n7 3 8 2\n7 8 2 3\n7 8 3 2\n8 2 3 7\n8 2 7 3\n8 3 2 7\n8 3 7 2\n8 7 2 3\n8 7 3 2"
        },
        {
            "input": "1 6 7 9",
            "output": "1 6 7 9\n1 6 9 7\n1 7 6 9\n1 7 9 6\n1 9 6 7\n1 9 7 6\n6 1 7 9\n6 1 9 7\n6 7 1 9\n6 7 9 1\n6 9 1 7\n6 9 7 1\n7 1 6 9\n7 1 9 6\n7 6 1 9\n7 6 9 1\n7 9 1 6\n7 9 6 1\n9 1 6 7\n9 1 7 6\n9 6 1 7\n9 6 7 1\n9 7 1 6\n9 7 6 1"
        },
        {
            "input": "3 4 6 10",
            "output": "3 4 6 10\n3 4 10 6\n3 6 4 10\n3 6 10 4\n3 10 4 6\n3 10 6 4\n4 3 6 10\n4 3 10 6\n4 6 3 10\n4 6 10 3\n4 10 3 6\n4 10 6 3\n6 3 4 10\n6 3 10 4\n6 4 3 10\n6 4 10 3\n6 10 3 4\n6 10 4 3\n10 3 4 6\n10 3 6 4\n10 4 3 6\n10 4 6 3\n10 6 3 4\n10 6 4 3"
        },
        {
            "input": "1 4 9",
            "output": "1 4 9\n1 9 4\n4 1 9\n4 9 1\n9 1 4\n9 4 1"
        },
        {
            "input": "2 8",
            "output": "2 8\n8 2"
        },
        {
            "input": "3 8 9",
            "output": "3 8 9\n3 9 8\n8 3 9\n8 9 3\n9 3 8\n9 8 3"
        },
        {
            "input": "1 7",
            "output": "1 7\n7 1"
        },
        {
            "input": "1 4 5 9",
            "output": "1 4 5 9\n1 4 9 5\n1 5 4 9\n1 5 9 4\n1 9 4 5\n1 9 5 4\n4 1 5 9\n4 1 9 5\n4 5 1 9\n4 5 9 1\n4 9 1 5\n4 9 5 1\n5 1 4 9\n5 1 9 4\n5 4 1 9\n5 4 9 1\n5 9 1 4\n5 9 4 1\n9 1 4 5\n9 1 5 4\n9 4 1 5\n9 4 5 1\n9 5 1 4\n9 5 4 1"
        },
        {
            "input": "2 4 6 7",
            "output": "2 4 6 7\n2 4 7 6\n2 6 4 7\n2 6 7 4\n2 7 4 6\n2 7 6 4\n4 2 6 7\n4 2 7 6\n4 6 2 7\n4 6 7 2\n4 7 2 6\n4 7 6 2\n6 2 4 7\n6 2 7 4\n6 4 2 7\n6 4 7 2\n6 7 2 4\n6 7 4 2\n7 2 4 6\n7 2 6 4\n7 4 2 6\n7 4 6 2\n7 6 2 4\n7 6 4 2"
        },
        {
            "input": "4 5 9",
            "output": "4 5 9\n4 9 5\n5 4 9\n5 9 4\n9 4 5\n9 5 4"
        },
        {
            "input": "2 5 7 9",
            "output": "2 5 7 9\n2 5 9 7\n2 7 5 9\n2 7 9 5\n2 9 5 7\n2 9 7 5\n5 2 7 9\n5 2 9 7\n5 7 2 9\n5 7 9 2\n5 9 2 7\n5 9 7 2\n7 2 5 9\n7 2 9 5\n7 5 2 9\n7 5 9 2\n7 9 2 5\n7 9 5 2\n9 2 5 7\n9 2 7 5\n9 5 2 7\n9 5 7 2\n9 7 2 5\n9 7 5 2"
        },
        {
            "input": "3 8 10",
            "output": "3 8 10\n3 10 8\n8 3 10\n8 10 3\n10 3 8\n10 8 3"
        },
        {
            "input": "4 5 7 8",
            "output": "4 5 7 8\n4 5 8 7\n4 7 5 8\n4 7 8 5\n4 8 5 7\n4 8 7 5\n5 4 7 8\n5 4 8 7\n5 7 4 8\n5 7 8 4\n5 8 4 7\n5 8 7 4\n7 4 5 8\n7 4 8 5\n7 5 4 8\n7 5 8 4\n7 8 4 5\n7 8 5 4\n8 4 5 7\n8 4 7 5\n8 5 4 7\n8 5 7 4\n8 7 4 5\n8 7 5 4"
        },
        {
            "input": "1 2 5",
            "output": "1 2 5\n1 5 2\n2 1 5\n2 5 1\n5 1 2\n5 2 1"
        },
        {
            "input": "4 7",
            "output": "4 7\n7 4"
        },
        {
            "input": "1 9",
            "output": "1 9\n9 1"
        },
        {
            "input": "1 7 10",
            "output": "1 7 10\n1 10 7\n7 1 10\n7 10 1\n10 1 7\n10 7 1"
        },
        {
            "input": "1 6 7 8",
            "output": "1 6 7 8\n1 6 8 7\n1 7 6 8\n1 7 8 6\n1 8 6 7\n1 8 7 6\n6 1 7 8\n6 1 8 7\n6 7 1 8\n6 7 8 1\n6 8 1 7\n6 8 7 1\n7 1 6 8\n7 1 8 6\n7 6 1 8\n7 6 8 1\n7 8 1 6\n7 8 6 1\n8 1 6 7\n8 1 7 6\n8 6 1 7\n8 6 7 1\n8 7 1 6\n8 7 6 1"
        },
        {
            "input": "4 7 9",
            "output": "4 7 9\n4 9 7\n7 4 9\n7 9 4\n9 4 7\n9 7 4"
        },
        {
            "input": "2 4 6",
            "output": "2 4 6\n2 6 4\n4 2 6\n4 6 2\n6 2 4\n6 4 2"
        },
        {
            "input": "2 6 7",
            "output": "2 6 7\n2 7 6\n6 2 7\n6 7 2\n7 2 6\n7 6 2"
        },
        {
            "input": "5 9",
            "output": "5 9\n9 5"
        },
        {
            "input": "2 4 9",
            "output": "2 4 9\n2 9 4\n4 2 9\n4 9 2\n9 2 4\n9 4 2"
        },
        {
            "input": "5 8 9",
            "output": "5 8 9\n5 9 8\n8 5 9\n8 9 5\n9 5 8\n9 8 5"
        },
        {
            "input": "5 6 8 9",
            "output": "5 6 8 9\n5 6 9 8\n5 8 6 9\n5 8 9 6\n5 9 6 8\n5 9 8 6\n6 5 8 9\n6 5 9 8\n6 8 5 9\n6 8 9 5\n6 9 5 8\n6 9 8 5\n8 5 6 9\n8 5 9 6\n8 6 5 9\n8 6 9 5\n8 9 5 6\n8 9 6 5\n9 5 6 8\n9 5 8 6\n9 6 5 8\n9 6 8 5\n9 8 5 6\n9 8 6 5"
        },
        {
            "input": "8 9 10",
            "output": "8 9 10\n8 10 9\n9 8 10\n9 10 8\n10 8 9\n10 9 8"
        },
        {
            "input": "4 8 10",
            "output": "4 8 10\n4 10 8\n8 4 10\n8 10 4\n10 4 8\n10 8 4"
        },
        {
            "input": "7 10",
            "output": "7 10\n10 7"
        },
        {
            "input": "3 4 8 9",
            "output": "3 4 8 9\n3 4 9 8\n3 8 4 9\n3 8 9 4\n3 9 4 8\n3 9 8 4\n4 3 8 9\n4 3 9 8\n4 8 3 9\n4 8 9 3\n4 9 3 8\n4 9 8 3\n8 3 4 9\n8 3 9 4\n8 4 3 9\n8 4 9 3\n8 9 3 4\n8 9 4 3\n9 3 4 8\n9 3 8 4\n9 4 3 8\n9 4 8 3\n9 8 3 4\n9 8 4 3"
        },
        {
            "input": "5 8",
            "output": "5 8\n8 5"
        },
        {
            "input": "2 6 7 8",
            "output": "2 6 7 8\n2 6 8 7\n2 7 6 8\n2 7 8 6\n2 8 6 7\n2 8 7 6\n6 2 7 8\n6 2 8 7\n6 7 2 8\n6 7 8 2\n6 8 2 7\n6 8 7 2\n7 2 6 8\n7 2 8 6\n7 6 2 8\n7 6 8 2\n7 8 2 6\n7 8 6 2\n8 2 6 7\n8 2 7 6\n8 6 2 7\n8 6 7 2\n8 7 2 6\n8 7 6 2"
        },
        {
            "input": "5 7 8",
            "output": "5 7 8\n5 8 7\n7 5 8\n7 8 5\n8 5 7\n8 7 5"
        },
        {
            "input": "1 7 8",
            "output": "1 7 8\n1 8 7\n7 1 8\n7 8 1\n8 1 7\n8 7 1"
        },
        {
            "input": "2 7 8",
            "output": "2 7 8\n2 8 7\n7 2 8\n7 8 2\n8 2 7\n8 7 2"
        },
        {
            "input": "3 7 8",
            "output": "3 7 8\n3 8 7\n7 3 8\n7 8 3\n8 3 7\n8 7 3"
        },
        {
            "input": "2 4 5 9",
            "output": "2 4 5 9\n2 4 9 5\n2 5 4 9\n2 5 9 4\n2 9 4 5\n2 9 5 4\n4 2 5 9\n4 2 9 5\n4 5 2 9\n4 5 9 2\n4 9 2 5\n4 9 5 2\n5 2 4 9\n5 2 9 4\n5 4 2 9\n5 4 9 2\n5 9 2 4\n5 9 4 2\n9 2 4 5\n9 2 5 4\n9 4 2 5\n9 4 5 2\n9 5 2 4\n9 5 4 2"
        },
        {
            "input": "3 5 10",
            "output": "3 5 10\n3 10 5\n5 3 10\n5 10 3\n10 3 5\n10 5 3"
        },
        {
            "input": "2 3 5 7",
            "output": "2 3 5 7\n2 3 7 5\n2 5 3 7\n2 5 7 3\n2 7 3 5\n2 7 5 3\n3 2 5 7\n3 2 7 5\n3 5 2 7\n3 5 7 2\n3 7 2 5\n3 7 5 2\n5 2 3 7\n5 2 7 3\n5 3 2 7\n5 3 7 2\n5 7 2 3\n5 7 3 2\n7 2 3 5\n7 2 5 3\n7 3 2 5\n7 3 5 2\n7 5 2 3\n7 5 3 2"
        },
        {
            "input": "1 3 6 10",
            "output": "1 3 6 10\n1 3 10 6\n1 6 3 10\n1 6 10 3\n1 10 3 6\n1 10 6 3\n3 1 6 10\n3 1 10 6\n3 6 1 10\n3 6 10 1\n3 10 1 6\n3 10 6 1\n6 1 3 10\n6 1 10 3\n6 3 1 10\n6 3 10 1\n6 10 1 3\n6 10 3 1\n10 1 3 6\n10 1 6 3\n10 3 1 6\n10 3 6 1\n10 6 1 3\n10 6 3 1"
        },
        {
            "input": "2 8 10",
            "output": "2 8 10\n2 10 8\n8 2 10\n8 10 2\n10 2 8\n10 8 2"
        },
        {
            "input": "3 9 10",
            "output": "3 9 10\n3 10 9\n9 3 10\n9 10 3\n10 3 9\n10 9 3"
        },
        {
            "input": "3 6 8 9",
            "output": "3 6 8 9\n3 6 9 8\n3 8 6 9\n3 8 9 6\n3 9 6 8\n3 9 8 6\n6 3 8 9\n6 3 9 8\n6 8 3 9\n6 8 9 3\n6 9 3 8\n6 9 8 3\n8 3 6 9\n8 3 9 6\n8 6 3 9\n8 6 9 3\n8 9 3 6\n8 9 6 3\n9 3 6 8\n9 3 8 6\n9 6 3 8\n9 6 8 3\n9 8 3 6\n9 8 6 3"
        },
        {
            "input": "2 3 5 10",
            "output": "2 3 5 10\n2 3 10 5\n2 5 3 10\n2 5 10 3\n2 10 3 5\n2 10 5 3\n3 2 5 10\n3 2 10 5\n3 5 2 10\n3 5 10 2\n3 10 2 5\n3 10 5 2\n5 2 3 10\n5 2 10 3\n5 3 2 10\n5 3 10 2\n5 10 2 3\n5 10 3 2\n10 2 3 5\n10 2 5 3\n10 3 2 5\n10 3 5 2\n10 5 2 3\n10 5 3 2"
        },
        {
            "input": "1 3 6 8",
            "output": "1 3 6 8\n1 3 8 6\n1 6 3 8\n1 6 8 3\n1 8 3 6\n1 8 6 3\n3 1 6 8\n3 1 8 6\n3 6 1 8\n3 6 8 1\n3 8 1 6\n3 8 6 1\n6 1 3 8\n6 1 8 3\n6 3 1 8\n6 3 8 1\n6 8 1 3\n6 8 3 1\n8 1 3 6\n8 1 6 3\n8 3 1 6\n8 3 6 1\n8 6 1 3\n8 6 3 1"
        },
        {
            "input": "2 5 7 8",
            "output": "2 5 7 8\n2 5 8 7\n2 7 5 8\n2 7 8 5\n2 8 5 7\n2 8 7 5\n5 2 7 8\n5 2 8 7\n5 7 2 8\n5 7 8 2\n5 8 2 7\n5 8 7 2\n7 2 5 8\n7 2 8 5\n7 5 2 8\n7 5 8 2\n7 8 2 5\n7 8 5 2\n8 2 5 7\n8 2 7 5\n8 5 2 7\n8 5 7 2\n8 7 2 5\n8 7 5 2"
        },
        {
            "input": "1 2 6 9",
            "output": "1 2 6 9\n1 2 9 6\n1 6 2 9\n1 6 9 2\n1 9 2 6\n1 9 6 2\n2 1 6 9\n2 1 9 6\n2 6 1 9\n2 6 9 1\n2 9 1 6\n2 9 6 1\n6 1 2 9\n6 1 9 2\n6 2 1 9\n6 2 9 1\n6 9 1 2\n6 9 2 1\n9 1 2 6\n9 1 6 2\n9 2 1 6\n9 2 6 1\n9 6 1 2\n9 6 2 1"
        },
        {
            "input": "6 7 10",
            "output": "6 7 10\n6 10 7\n7 6 10\n7 10 6\n10 6 7\n10 7 6"
        },
        {
            "input": "2 3 9",
            "output": "2 3 9\n2 9 3\n3 2 9\n3 9 2\n9 2 3\n9 3 2"
        },
        {
            "input": "2 3 5",
            "output": "2 3 5\n2 5 3\n3 2 5\n3 5 2\n5 2 3\n5 3 2"
        },
        {
            "input": "1 2 10",
            "output": "1 2 10\n1 10 2\n2 1 10\n2 10 1\n10 1 2\n10 2 1"
        },
        {
            "input": "3 4 6",
            "output": "3 4 6\n3 6 4\n4 3 6\n4 6 3\n6 3 4\n6 4 3"
        },
        {
            "input": "4 5 9 10",
            "output": "4 5 9 10\n4 5 10 9\n4 9 5 10\n4 9 10 5\n4 10 5 9\n4 10 9 5\n5 4 9 10\n5 4 10 9\n5 9 4 10\n5 9 10 4\n5 10 4 9\n5 10 9 4\n9 4 5 10\n9 4 10 5\n9 5 4 10\n9 5 10 4\n9 10 4 5\n9 10 5 4\n10 4 5 9\n10 4 9 5\n10 5 4 9\n10 5 9 4\n10 9 4 5\n10 9 5 4"
        },
        {
            "input": "5 6 7",
            "output": "5 6 7\n5 7 6\n6 5 7\n6 7 5\n7 5 6\n7 6 5"
        },
        {
            "input": "6 9 10",
            "output": "6 9 10\n6 10 9\n9 6 10\n9 10 6\n10 6 9\n10 9 6"
        },
        {
            "input": "4 6 8 9",
            "output": "4 6 8 9\n4 6 9 8\n4 8 6 9\n4 8 9 6\n4 9 6 8\n4 9 8 6\n6 4 8 9\n6 4 9 8\n6 8 4 9\n6 8 9 4\n6 9 4 8\n6 9 8 4\n8 4 6 9\n8 4 9 6\n8 6 4 9\n8 6 9 4\n8 9 4 6\n8 9 6 4\n9 4 6 8\n9 4 8 6\n9 6 4 8\n9 6 8 4\n9 8 4 6\n9 8 6 4"
        },
        {
            "input": "1 2 5 7",
            "output": "1 2 5 7\n1 2 7 5\n1 5 2 7\n1 5 7 2\n1 7 2 5\n1 7 5 2\n2 1 5 7\n2 1 7 5\n2 5 1 7\n2 5 7 1\n2 7 1 5\n2 7 5 1\n5 1 2 7\n5 1 7 2\n5 2 1 7\n5 2 7 1\n5 7 1 2\n5 7 2 1\n7 1 2 5\n7 1 5 2\n7 2 1 5\n7 2 5 1\n7 5 1 2\n7 5 2 1"
        },
        {
            "input": "3 4 7 10",
            "output": "3 4 7 10\n3 4 10 7\n3 7 4 10\n3 7 10 4\n3 10 4 7\n3 10 7 4\n4 3 7 10\n4 3 10 7\n4 7 3 10\n4 7 10 3\n4 10 3 7\n4 10 7 3\n7 3 4 10\n7 3 10 4\n7 4 3 10\n7 4 10 3\n7 10 3 4\n7 10 4 3\n10 3 4 7\n10 3 7 4\n10 4 3 7\n10 4 7 3\n10 7 3 4\n10 7 4 3"
        },
        {
            "input": "1 4 7 9",
            "output": "1 4 7 9\n1 4 9 7\n1 7 4 9\n1 7 9 4\n1 9 4 7\n1 9 7 4\n4 1 7 9\n4 1 9 7\n4 7 1 9\n4 7 9 1\n4 9 1 7\n4 9 7 1\n7 1 4 9\n7 1 9 4\n7 4 1 9\n7 4 9 1\n7 9 1 4\n7 9 4 1\n9 1 4 7\n9 1 7 4\n9 4 1 7\n9 4 7 1\n9 7 1 4\n9 7 4 1"
        },
        {
            "input": "1 2 3 7",
            "output": "1 2 3 7\n1 2 7 3\n1 3 2 7\n1 3 7 2\n1 7 2 3\n1 7 3 2\n2 1 3 7\n2 1 7 3\n2 3 1 7\n2 3 7 1\n2 7 1 3\n2 7 3 1\n3 1 2 7\n3 1 7 2\n3 2 1 7\n3 2 7 1\n3 7 1 2\n3 7 2 1\n7 1 2 3\n7 1 3 2\n7 2 1 3\n7 2 3 1\n7 3 1 2\n7 3 2 1"
        },
        {
            "input": "4 5 8",
            "output": "4 5 8\n4 8 5\n5 4 8\n5 8 4\n8 4 5\n8 5 4"
        },
        {
            "input": "2 3 6",
            "output": "2 3 6\n2 6 3\n3 2 6\n3 6 2\n6 2 3\n6 3 2"
        },
        {
            "input": "2 3 4 10",
            "output": "2 3 4 10\n2 3 10 4\n2 4 3 10\n2 4 10 3\n2 10 3 4\n2 10 4 3\n3 2 4 10\n3 2 10 4\n3 4 2 10\n3 4 10 2\n3 10 2 4\n3 10 4 2\n4 2 3 10\n4 2 10 3\n4 3 2 10\n4 3 10 2\n4 10 2 3\n4 10 3 2\n10 2 3 4\n10 2 4 3\n10 3 2 4\n10 3 4 2\n10 4 2 3\n10 4 3 2"
        },
        {
            "input": "1 2 9",
            "output": "1 2 9\n1 9 2\n2 1 9\n2 9 1\n9 1 2\n9 2 1"
        },
        {
            "input": "3 5 6",
            "output": "3 5 6\n3 6 5\n5 3 6\n5 6 3\n6 3 5\n6 5 3"
        },
        {
            "input": "1 4 5",
            "output": "1 4 5\n1 5 4\n4 1 5\n4 5 1\n5 1 4\n5 4 1"
        },
        {
            "input": "1 5 8 9",
            "output": "1 5 8 9\n1 5 9 8\n1 8 5 9\n1 8 9 5\n1 9 5 8\n1 9 8 5\n5 1 8 9\n5 1 9 8\n5 8 1 9\n5 8 9 1\n5 9 1 8\n5 9 8 1\n8 1 5 9\n8 1 9 5\n8 5 1 9\n8 5 9 1\n8 9 1 5\n8 9 5 1\n9 1 5 8\n9 1 8 5\n9 5 1 8\n9 5 8 1\n9 8 1 5\n9 8 5 1"
        },
        {
            "input": "4 6 8",
            "output": "4 6 8\n4 8 6\n6 4 8\n6 8 4\n8 4 6\n8 6 4"
        },
        {
            "input": "1 2 6 7",
            "output": "1 2 6 7\n1 2 7 6\n1 6 2 7\n1 6 7 2\n1 7 2 6\n1 7 6 2\n2 1 6 7\n2 1 7 6\n2 6 1 7\n2 6 7 1\n2 7 1 6\n2 7 6 1\n6 1 2 7\n6 1 7 2\n6 2 1 7\n6 2 7 1\n6 7 1 2\n6 7 2 1\n7 1 2 6\n7 1 6 2\n7 2 1 6\n7 2 6 1\n7 6 1 2\n7 6 2 1"
        },
        {
            "input": "7 8 9",
            "output": "7 8 9\n7 9 8\n8 7 9\n8 9 7\n9 7 8\n9 8 7"
        },
        {
            "input": "1 2 4 8",
            "output": "1 2 4 8\n1 2 8 4\n1 4 2 8\n1 4 8 2\n1 8 2 4\n1 8 4 2\n2 1 4 8\n2 1 8 4\n2 4 1 8\n2 4 8 1\n2 8 1 4\n2 8 4 1\n4 1 2 8\n4 1 8 2\n4 2 1 8\n4 2 8 1\n4 8 1 2\n4 8 2 1\n8 1 2 4\n8 1 4 2\n8 2 1 4\n8 2 4 1\n8 4 1 2\n8 4 2 1"
        },
        {
            "input": "1 3 4 5",
            "output": "1 3 4 5\n1 3 5 4\n1 4 3 5\n1 4 5 3\n1 5 3 4\n1 5 4 3\n3 1 4 5\n3 1 5 4\n3 4 1 5\n3 4 5 1\n3 5 1 4\n3 5 4 1\n4 1 3 5\n4 1 5 3\n4 3 1 5\n4 3 5 1\n4 5 1 3\n4 5 3 1\n5 1 3 4\n5 1 4 3\n5 3 1 4\n5 3 4 1\n5 4 1 3\n5 4 3 1"
        },
        {
            "input": "5 6 7 10",
            "output": "5 6 7 10\n5 6 10 7\n5 7 6 10\n5 7 10 6\n5 10 6 7\n5 10 7 6\n6 5 7 10\n6 5 10 7\n6 7 5 10\n6 7 10 5\n6 10 5 7\n6 10 7 5\n7 5 6 10\n7 5 10 6\n7 6 5 10\n7 6 10 5\n7 10 5 6\n7 10 6 5\n10 5 6 7\n10 5 7 6\n10 6 5 7\n10 6 7 5\n10 7 5 6\n10 7 6 5"
        },
        {
            "input": "7 8 9 10",
            "output": "7 8 9 10\n7 8 10 9\n7 9 8 10\n7 9 10 8\n7 10 8 9\n7 10 9 8\n8 7 9 10\n8 7 10 9\n8 9 7 10\n8 9 10 7\n8 10 7 9\n8 10 9 7\n9 7 8 10\n9 7 10 8\n9 8 7 10\n9 8 10 7\n9 10 7 8\n9 10 8 7\n10 7 8 9\n10 7 9 8\n10 8 7 9\n10 8 9 7\n10 9 7 8\n10 9 8 7"
        },
        {
            "input": "3 6 7 10",
            "output": "3 6 7 10\n3 6 10 7\n3 7 6 10\n3 7 10 6\n3 10 6 7\n3 10 7 6\n6 3 7 10\n6 3 10 7\n6 7 3 10\n6 7 10 3\n6 10 3 7\n6 10 7 3\n7 3 6 10\n7 3 10 6\n7 6 3 10\n7 6 10 3\n7 10 3 6\n7 10 6 3\n10 3 6 7\n10 3 7 6\n10 6 3 7\n10 6 7 3\n10 7 3 6\n10 7 6 3"
        },
        {
            "input": "1 6 8 9",
            "output": "1 6 8 9\n1 6 9 8\n1 8 6 9\n1 8 9 6\n1 9 6 8\n1 9 8 6\n6 1 8 9\n6 1 9 8\n6 8 1 9\n6 8 9 1\n6 9 1 8\n6 9 8 1\n8 1 6 9\n8 1 9 6\n8 6 1 9\n8 6 9 1\n8 9 1 6\n8 9 6 1\n9 1 6 8\n9 1 8 6\n9 6 1 8\n9 6 8 1\n9 8 1 6\n9 8 6 1"
        },
        {
            "input": "1 2 7 8",
            "output": "1 2 7 8\n1 2 8 7\n1 7 2 8\n1 7 8 2\n1 8 2 7\n1 8 7 2\n2 1 7 8\n2 1 8 7\n2 7 1 8\n2 7 8 1\n2 8 1 7\n2 8 7 1\n7 1 2 8\n7 1 8 2\n7 2 1 8\n7 2 8 1\n7 8 1 2\n7 8 2 1\n8 1 2 7\n8 1 7 2\n8 2 1 7\n8 2 7 1\n8 7 1 2\n8 7 2 1"
        },
        {
            "input": "1 3 4",
            "output": "1 3 4\n1 4 3\n3 1 4\n3 4 1\n4 1 3\n4 3 1"
        },
        {
            "input": "2 3 4 5",
            "output": "2 3 4 5\n2 3 5 4\n2 4 3 5\n2 4 5 3\n2 5 3 4\n2 5 4 3\n3 2 4 5\n3 2 5 4\n3 4 2 5\n3 4 5 2\n3 5 2 4\n3 5 4 2\n4 2 3 5\n4 2 5 3\n4 3 2 5\n4 3 5 2\n4 5 2 3\n4 5 3 2\n5 2 3 4\n5 2 4 3\n5 3 2 4\n5 3 4 2\n5 4 2 3\n5 4 3 2"
        },
        {
            "input": "1 8 9",
            "output": "1 8 9\n1 9 8\n8 1 9\n8 9 1\n9 1 8\n9 8 1"
        },
        {
            "input": "4 5 8 9",
            "output": "4 5 8 9\n4 5 9 8\n4 8 5 9\n4 8 9 5\n4 9 5 8\n4 9 8 5\n5 4 8 9\n5 4 9 8\n5 8 4 9\n5 8 9 4\n5 9 4 8\n5 9 8 4\n8 4 5 9\n8 4 9 5\n8 5 4 9\n8 5 9 4\n8 9 4 5\n8 9 5 4\n9 4 5 8\n9 4 8 5\n9 5 4 8\n9 5 8 4\n9 8 4 5\n9 8 5 4"
        },
        {
            "input": "1 4",
            "output": "1 4\n4 1"
        },
        {
            "input": "3 6 9",
            "output": "3 6 9\n3 9 6\n6 3 9\n6 9 3\n9 3 6\n9 6 3"
        },
        {
            "input": "1 2 6 10",
            "output": "1 2 6 10\n1 2 10 6\n1 6 2 10\n1 6 10 2\n1 10 2 6\n1 10 6 2\n2 1 6 10\n2 1 10 6\n2 6 1 10\n2 6 10 1\n2 10 1 6\n2 10 6 1\n6 1 2 10\n6 1 10 2\n6 2 1 10\n6 2 10 1\n6 10 1 2\n6 10 2 1\n10 1 2 6\n10 1 6 2\n10 2 1 6\n10 2 6 1\n10 6 1 2\n10 6 2 1"
        },
        {
            "input": "4 5 6 8",
            "output": "4 5 6 8\n4 5 8 6\n4 6 5 8\n4 6 8 5\n4 8 5 6\n4 8 6 5\n5 4 6 8\n5 4 8 6\n5 6 4 8\n5 6 8 4\n5 8 4 6\n5 8 6 4\n6 4 5 8\n6 4 8 5\n6 5 4 8\n6 5 8 4\n6 8 4 5\n6 8 5 4\n8 4 5 6\n8 4 6 5\n8 5 4 6\n8 5 6 4\n8 6 4 5\n8 6 5 4"
        },
        {
            "input": "1 3 8 9",
            "output": "1 3 8 9\n1 3 9 8\n1 8 3 9\n1 8 9 3\n1 9 3 8\n1 9 8 3\n3 1 8 9\n3 1 9 8\n3 8 1 9\n3 8 9 1\n3 9 1 8\n3 9 8 1\n8 1 3 9\n8 1 9 3\n8 3 1 9\n8 3 9 1\n8 9 1 3\n8 9 3 1\n9 1 3 8\n9 1 8 3\n9 3 1 8\n9 3 8 1\n9 8 1 3\n9 8 3 1"
        },
        {
            "input": "1 4 7 8",
            "output": "1 4 7 8\n1 4 8 7\n1 7 4 8\n1 7 8 4\n1 8 4 7\n1 8 7 4\n4 1 7 8\n4 1 8 7\n4 7 1 8\n4 7 8 1\n4 8 1 7\n4 8 7 1\n7 1 4 8\n7 1 8 4\n7 4 1 8\n7 4 8 1\n7 8 1 4\n7 8 4 1\n8 1 4 7\n8 1 7 4\n8 4 1 7\n8 4 7 1\n8 7 1 4\n8 7 4 1"
        },
        {
            "input": "2 5 8 10",
            "output": "2 5 8 10\n2 5 10 8\n2 8 5 10\n2 8 10 5\n2 10 5 8\n2 10 8 5\n5 2 8 10\n5 2 10 8\n5 8 2 10\n5 8 10 2\n5 10 2 8\n5 10 8 2\n8 2 5 10\n8 2 10 5\n8 5 2 10\n8 5 10 2\n8 10 2 5\n8 10 5 2\n10 2 5 8\n10 2 8 5\n10 5 2 8\n10 5 8 2\n10 8 2 5\n10 8 5 2"
        },
        {
            "input": "1 3 5",
            "output": "1 3 5\n1 5 3\n3 1 5\n3 5 1\n5 1 3\n5 3 1"
        },
        {
            "input": "4 5 6 9",
            "output": "4 5 6 9\n4 5 9 6\n4 6 5 9\n4 6 9 5\n4 9 5 6\n4 9 6 5\n5 4 6 9\n5 4 9 6\n5 6 4 9\n5 6 9 4\n5 9 4 6\n5 9 6 4\n6 4 5 9\n6 4 9 5\n6 5 4 9\n6 5 9 4\n6 9 4 5\n6 9 5 4\n9 4 5 6\n9 4 6 5\n9 5 4 6\n9 5 6 4\n9 6 4 5\n9 6 5 4"
        },
        {
            "input": "4 8 9",
            "output": "4 8 9\n4 9 8\n8 4 9\n8 9 4\n9 4 8\n9 8 4"
        },
        {
            "input": "3 5 6 10",
            "output": "3 5 6 10\n3 5 10 6\n3 6 5 10\n3 6 10 5\n3 10 5 6\n3 10 6 5\n5 3 6 10\n5 3 10 6\n5 6 3 10\n5 6 10 3\n5 10 3 6\n5 10 6 3\n6 3 5 10\n6 3 10 5\n6 5 3 10\n6 5 10 3\n6 10 3 5\n6 10 5 3\n10 3 5 6\n10 3 6 5\n10 5 3 6\n10 5 6 3\n10 6 3 5\n10 6 5 3"
        },
        {
            "input": "2 3 7",
            "output": "2 3 7\n2 7 3\n3 2 7\n3 7 2\n7 2 3\n7 3 2"
        },
        {
            "input": "1 2 4 10",
            "output": "1 2 4 10\n1 2 10 4\n1 4 2 10\n1 4 10 2\n1 10 2 4\n1 10 4 2\n2 1 4 10\n2 1 10 4\n2 4 1 10\n2 4 10 1\n2 10 1 4\n2 10 4 1\n4 1 2 10\n4 1 10 2\n4 2 1 10\n4 2 10 1\n4 10 1 2\n4 10 2 1\n10 1 2 4\n10 1 4 2\n10 2 1 4\n10 2 4 1\n10 4 1 2\n10 4 2 1"
        },
        {
            "input": "3 6 7",
            "output": "3 6 7\n3 7 6\n6 3 7\n6 7 3\n7 3 6\n7 6 3"
        },
        {
            "input": "3 5 7 10",
            "output": "3 5 7 10\n3 5 10 7\n3 7 5 10\n3 7 10 5\n3 10 5 7\n3 10 7 5\n5 3 7 10\n5 3 10 7\n5 7 3 10\n5 7 10 3\n5 10 3 7\n5 10 7 3\n7 3 5 10\n7 3 10 5\n7 5 3 10\n7 5 10 3\n7 10 3 5\n7 10 5 3\n10 3 5 7\n10 3 7 5\n10 5 3 7\n10 5 7 3\n10 7 3 5\n10 7 5 3"
        },
        {
            "input": "3 5 9",
            "output": "3 5 9\n3 9 5\n5 3 9\n5 9 3\n9 3 5\n9 5 3"
        },
        {
            "input": "2 5 6 7",
            "output": "2 5 6 7\n2 5 7 6\n2 6 5 7\n2 6 7 5\n2 7 5 6\n2 7 6 5\n5 2 6 7\n5 2 7 6\n5 6 2 7\n5 6 7 2\n5 7 2 6\n5 7 6 2\n6 2 5 7\n6 2 7 5\n6 5 2 7\n6 5 7 2\n6 7 2 5\n6 7 5 2\n7 2 5 6\n7 2 6 5\n7 5 2 6\n7 5 6 2\n7 6 2 5\n7 6 5 2"
        },
        {
            "input": "3 6 10",
            "output": "3 6 10\n3 10 6\n6 3 10\n6 10 3\n10 3 6\n10 6 3"
        },
        {
            "input": "7 9",
            "output": "7 9\n9 7"
        },
        {
            "input": "3 4 8 10",
            "output": "3 4 8 10\n3 4 10 8\n3 8 4 10\n3 8 10 4\n3 10 4 8\n3 10 8 4\n4 3 8 10\n4 3 10 8\n4 8 3 10\n4 8 10 3\n4 10 3 8\n4 10 8 3\n8 3 4 10\n8 3 10 4\n8 4 3 10\n8 4 10 3\n8 10 3 4\n8 10 4 3\n10 3 4 8\n10 3 8 4\n10 4 3 8\n10 4 8 3\n10 8 3 4\n10 8 4 3"
        },
        {
            "input": "1 5 6",
            "output": "1 5 6\n1 6 5\n5 1 6\n5 6 1\n6 1 5\n6 5 1"
        },
        {
            "input": "1 10",
            "output": "1 10\n10 1"
        },
        {
            "input": "3 4 5 10",
            "output": "3 4 5 10\n3 4 10 5\n3 5 4 10\n3 5 10 4\n3 10 4 5\n3 10 5 4\n4 3 5 10\n4 3 10 5\n4 5 3 10\n4 5 10 3\n4 10 3 5\n4 10 5 3\n5 3 4 10\n5 3 10 4\n5 4 3 10\n5 4 10 3\n5 10 3 4\n5 10 4 3\n10 3 4 5\n10 3 5 4\n10 4 3 5\n10 4 5 3\n10 5 3 4\n10 5 4 3"
        },
        {
            "input": "4 6 8 10",
            "output": "4 6 8 10\n4 6 10 8\n4 8 6 10\n4 8 10 6\n4 10 6 8\n4 10 8 6\n6 4 8 10\n6 4 10 8\n6 8 4 10\n6 8 10 4\n6 10 4 8\n6 10 8 4\n8 4 6 10\n8 4 10 6\n8 6 4 10\n8 6 10 4\n8 10 4 6\n8 10 6 4\n10 4 6 8\n10 4 8 6\n10 6 4 8\n10 6 8 4\n10 8 4 6\n10 8 6 4"
        },
        {
            "input": "3 4 5 7",
            "output": "3 4 5 7\n3 4 7 5\n3 5 4 7\n3 5 7 4\n3 7 4 5\n3 7 5 4\n4 3 5 7\n4 3 7 5\n4 5 3 7\n4 5 7 3\n4 7 3 5\n4 7 5 3\n5 3 4 7\n5 3 7 4\n5 4 3 7\n5 4 7 3\n5 7 3 4\n5 7 4 3\n7 3 4 5\n7 3 5 4\n7 4 3 5\n7 4 5 3\n7 5 3 4\n7 5 4 3"
        },
        {
            "input": "6 8 9",
            "output": "6 8 9\n6 9 8\n8 6 9\n8 9 6\n9 6 8\n9 8 6"
        },
        {
            "input": "2 3 8",
            "output": "2 3 8\n2 8 3\n3 2 8\n3 8 2\n8 2 3\n8 3 2"
        },
        {
            "input": "1 2 5 9",
            "output": "1 2 5 9\n1 2 9 5\n1 5 2 9\n1 5 9 2\n1 9 2 5\n1 9 5 2\n2 1 5 9\n2 1 9 5\n2 5 1 9\n2 5 9 1\n2 9 1 5\n2 9 5 1\n5 1 2 9\n5 1 9 2\n5 2 1 9\n5 2 9 1\n5 9 1 2\n5 9 2 1\n9 1 2 5\n9 1 5 2\n9 2 1 5\n9 2 5 1\n9 5 1 2\n9 5 2 1"
        },
        {
            "input": "1 2 3 5",
            "output": "1 2 3 5\n1 2 5 3\n1 3 2 5\n1 3 5 2\n1 5 2 3\n1 5 3 2\n2 1 3 5\n2 1 5 3\n2 3 1 5\n2 3 5 1\n2 5 1 3\n2 5 3 1\n3 1 2 5\n3 1 5 2\n3 2 1 5\n3 2 5 1\n3 5 1 2\n3 5 2 1\n5 1 2 3\n5 1 3 2\n5 2 1 3\n5 2 3 1\n5 3 1 2\n5 3 2 1"
        },
        {
            "input": "3 4 6 8",
            "output": "3 4 6 8\n3 4 8 6\n3 6 4 8\n3 6 8 4\n3 8 4 6\n3 8 6 4\n4 3 6 8\n4 3 8 6\n4 6 3 8\n4 6 8 3\n4 8 3 6\n4 8 6 3\n6 3 4 8\n6 3 8 4\n6 4 3 8\n6 4 8 3\n6 8 3 4\n6 8 4 3\n8 3 4 6\n8 3 6 4\n8 4 3 6\n8 4 6 3\n8 6 3 4\n8 6 4 3"
        },
        {
            "input": "3 5 8 9",
            "output": "3 5 8 9\n3 5 9 8\n3 8 5 9\n3 8 9 5\n3 9 5 8\n3 9 8 5\n5 3 8 9\n5 3 9 8\n5 8 3 9\n5 8 9 3\n5 9 3 8\n5 9 8 3\n8 3 5 9\n8 3 9 5\n8 5 3 9\n8 5 9 3\n8 9 3 5\n8 9 5 3\n9 3 5 8\n9 3 8 5\n9 5 3 8\n9 5 8 3\n9 8 3 5\n9 8 5 3"
        },
        {
            "input": "3 4 5",
            "output": "3 4 5\n3 5 4\n4 3 5\n4 5 3\n5 3 4\n5 4 3"
        },
        {
            "input": "7 8 10",
            "output": "7 8 10\n7 10 8\n8 7 10\n8 10 7\n10 7 8\n10 8 7"
        },
        {
            "input": "1 4 5 8",
            "output": "1 4 5 8\n1 4 8 5\n1 5 4 8\n1 5 8 4\n1 8 4 5\n1 8 5 4\n4 1 5 8\n4 1 8 5\n4 5 1 8\n4 5 8 1\n4 8 1 5\n4 8 5 1\n5 1 4 8\n5 1 8 4\n5 4 1 8\n5 4 8 1\n5 8 1 4\n5 8 4 1\n8 1 4 5\n8 1 5 4\n8 4 1 5\n8 4 5 1\n8 5 1 4\n8 5 4 1"
        },
        {
            "input": "4 6 7 9",
            "output": "4 6 7 9\n4 6 9 7\n4 7 6 9\n4 7 9 6\n4 9 6 7\n4 9 7 6\n6 4 7 9\n6 4 9 7\n6 7 4 9\n6 7 9 4\n6 9 4 7\n6 9 7 4\n7 4 6 9\n7 4 9 6\n7 6 4 9\n7 6 9 4\n7 9 4 6\n7 9 6 4\n9 4 6 7\n9 4 7 6\n9 6 4 7\n9 6 7 4\n9 7 4 6\n9 7 6 4"
        },
        {
            "input": "4 8 9 10",
            "output": "4 8 9 10\n4 8 10 9\n4 9 8 10\n4 9 10 8\n4 10 8 9\n4 10 9 8\n8 4 9 10\n8 4 10 9\n8 9 4 10\n8 9 10 4\n8 10 4 9\n8 10 9 4\n9 4 8 10\n9 4 10 8\n9 8 4 10\n9 8 10 4\n9 10 4 8\n9 10 8 4\n10 4 8 9\n10 4 9 8\n10 8 4 9\n10 8 9 4\n10 9 4 8\n10 9 8 4"
        },
        {
            "input": "2 4 10",
            "output": "2 4 10\n2 10 4\n4 2 10\n4 10 2\n10 2 4\n10 4 2"
        },
        {
            "input": "1 4 8 10",
            "output": "1 4 8 10\n1 4 10 8\n1 8 4 10\n1 8 10 4\n1 10 4 8\n1 10 8 4\n4 1 8 10\n4 1 10 8\n4 8 1 10\n4 8 10 1\n4 10 1 8\n4 10 8 1\n8 1 4 10\n8 1 10 4\n8 4 1 10\n8 4 10 1\n8 10 1 4\n8 10 4 1\n10 1 4 8\n10 1 8 4\n10 4 1 8\n10 4 8 1\n10 8 1 4\n10 8 4 1"
        },
        {
            "input": "1 3 5 9",
            "output": "1 3 5 9\n1 3 9 5\n1 5 3 9\n1 5 9 3\n1 9 3 5\n1 9 5 3\n3 1 5 9\n3 1 9 5\n3 5 1 9\n3 5 9 1\n3 9 1 5\n3 9 5 1\n5 1 3 9\n5 1 9 3\n5 3 1 9\n5 3 9 1\n5 9 1 3\n5 9 3 1\n9 1 3 5\n9 1 5 3\n9 3 1 5\n9 3 5 1\n9 5 1 3\n9 5 3 1"
        },
        {
            "input": "1 7 9",
            "output": "1 7 9\n1 9 7\n7 1 9\n7 9 1\n9 1 7\n9 7 1"
        },
        {
            "input": "4 7 8 9",
            "output": "4 7 8 9\n4 7 9 8\n4 8 7 9\n4 8 9 7\n4 9 7 8\n4 9 8 7\n7 4 8 9\n7 4 9 8\n7 8 4 9\n7 8 9 4\n7 9 4 8\n7 9 8 4\n8 4 7 9\n8 4 9 7\n8 7 4 9\n8 7 9 4\n8 9 4 7\n8 9 7 4\n9 4 7 8\n9 4 8 7\n9 7 4 8\n9 7 8 4\n9 8 4 7\n9 8 7 4"
        },
        {
            "input": "1 6 8 10",
            "output": "1 6 8 10\n1 6 10 8\n1 8 6 10\n1 8 10 6\n1 10 6 8\n1 10 8 6\n6 1 8 10\n6 1 10 8\n6 8 1 10\n6 8 10 1\n6 10 1 8\n6 10 8 1\n8 1 6 10\n8 1 10 6\n8 6 1 10\n8 6 10 1\n8 10 1 6\n8 10 6 1\n10 1 6 8\n10 1 8 6\n10 6 1 8\n10 6 8 1\n10 8 1 6\n10 8 6 1"
        },
        {
            "input": "5 8 9 10",
            "output": "5 8 9 10\n5 8 10 9\n5 9 8 10\n5 9 10 8\n5 10 8 9\n5 10 9 8\n8 5 9 10\n8 5 10 9\n8 9 5 10\n8 9 10 5\n8 10 5 9\n8 10 9 5\n9 5 8 10\n9 5 10 8\n9 8 5 10\n9 8 10 5\n9 10 5 8\n9 10 8 5\n10 5 8 9\n10 5 9 8\n10 8 5 9\n10 8 9 5\n10 9 5 8\n10 9 8 5"
        },
        {
            "input": "1 3 9",
            "output": "1 3 9\n1 9 3\n3 1 9\n3 9 1\n9 1 3\n9 3 1"
        },
        {
            "input": "1 5 6 10",
            "output": "1 5 6 10\n1 5 10 6\n1 6 5 10\n1 6 10 5\n1 10 5 6\n1 10 6 5\n5 1 6 10\n5 1 10 6\n5 6 1 10\n5 6 10 1\n5 10 1 6\n5 10 6 1\n6 1 5 10\n6 1 10 5\n6 5 1 10\n6 5 10 1\n6 10 1 5\n6 10 5 1\n10 1 5 6\n10 1 6 5\n10 5 1 6\n10 5 6 1\n10 6 1 5\n10 6 5 1"
        },
        {
            "input": "4 5 10",
            "output": "4 5 10\n4 10 5\n5 4 10\n5 10 4\n10 4 5\n10 5 4"
        },
        {
            "input": "1 2 4",
            "output": "1 2 4\n1 4 2\n2 1 4\n2 4 1\n4 1 2\n4 2 1"
        },
        {
            "input": "4 6 9",
            "output": "4 6 9\n4 9 6\n6 4 9\n6 9 4\n9 4 6\n9 6 4"
        },
        {
            "input": "1 2 3 10",
            "output": "1 2 3 10\n1 2 10 3\n1 3 2 10\n1 3 10 2\n1 10 2 3\n1 10 3 2\n2 1 3 10\n2 1 10 3\n2 3 1 10\n2 3 10 1\n2 10 1 3\n2 10 3 1\n3 1 2 10\n3 1 10 2\n3 2 1 10\n3 2 10 1\n3 10 1 2\n3 10 2 1\n10 1 2 3\n10 1 3 2\n10 2 1 3\n10 2 3 1\n10 3 1 2\n10 3 2 1"
        },
        {
            "input": "1 3 7",
            "output": "1 3 7\n1 7 3\n3 1 7\n3 7 1\n7 1 3\n7 3 1"
        },
        {
            "input": "1 4 6 7",
            "output": "1 4 6 7\n1 4 7 6\n1 6 4 7\n1 6 7 4\n1 7 4 6\n1 7 6 4\n4 1 6 7\n4 1 7 6\n4 6 1 7\n4 6 7 1\n4 7 1 6\n4 7 6 1\n6 1 4 7\n6 1 7 4\n6 4 1 7\n6 4 7 1\n6 7 1 4\n6 7 4 1\n7 1 4 6\n7 1 6 4\n7 4 1 6\n7 4 6 1\n7 6 1 4\n7 6 4 1"
        },
        {
            "input": "1 5 10",
            "output": "1 5 10\n1 10 5\n5 1 10\n5 10 1\n10 1 5\n10 5 1"
        },
        {
            "input": "2 3 6 7",
            "output": "2 3 6 7\n2 3 7 6\n2 6 3 7\n2 6 7 3\n2 7 3 6\n2 7 6 3\n3 2 6 7\n3 2 7 6\n3 6 2 7\n3 6 7 2\n3 7 2 6\n3 7 6 2\n6 2 3 7\n6 2 7 3\n6 3 2 7\n6 3 7 2\n6 7 2 3\n6 7 3 2\n7 2 3 6\n7 2 6 3\n7 3 2 6\n7 3 6 2\n7 6 2 3\n7 6 3 2"
        },
        {
            "input": "4 5 8 10",
            "output": "4 5 8 10\n4 5 10 8\n4 8 5 10\n4 8 10 5\n4 10 5 8\n4 10 8 5\n5 4 8 10\n5 4 10 8\n5 8 4 10\n5 8 10 4\n5 10 4 8\n5 10 8 4\n8 4 5 10\n8 4 10 5\n8 5 4 10\n8 5 10 4\n8 10 4 5\n8 10 5 4\n10 4 5 8\n10 4 8 5\n10 5 4 8\n10 5 8 4\n10 8 4 5\n10 8 5 4"
        },
        {
            "input": "3 6 7 9",
            "output": "3 6 7 9\n3 6 9 7\n3 7 6 9\n3 7 9 6\n3 9 6 7\n3 9 7 6\n6 3 7 9\n6 3 9 7\n6 7 3 9\n6 7 9 3\n6 9 3 7\n6 9 7 3\n7 3 6 9\n7 3 9 6\n7 6 3 9\n7 6 9 3\n7 9 3 6\n7 9 6 3\n9 3 6 7\n9 3 7 6\n9 6 3 7\n9 6 7 3\n9 7 3 6\n9 7 6 3"
        },
        {
            "input": "5 6 9",
            "output": "5 6 9\n5 9 6\n6 5 9\n6 9 5\n9 5 6\n9 6 5"
        },
        {
            "input": "1 4 10",
            "output": "1 4 10\n1 10 4\n4 1 10\n4 10 1\n10 1 4\n10 4 1"
        },
        {
            "input": "3 4 5 6",
            "output": "3 4 5 6\n3 4 6 5\n3 5 4 6\n3 5 6 4\n3 6 4 5\n3 6 5 4\n4 3 5 6\n4 3 6 5\n4 5 3 6\n4 5 6 3\n4 6 3 5\n4 6 5 3\n5 3 4 6\n5 3 6 4\n5 4 3 6\n5 4 6 3\n5 6 3 4\n5 6 4 3\n6 3 4 5\n6 3 5 4\n6 4 3 5\n6 4 5 3\n6 5 3 4\n6 5 4 3"
        },
        {
            "input": "5 6 9 10",
            "output": "5 6 9 10\n5 6 10 9\n5 9 6 10\n5 9 10 6\n5 10 6 9\n5 10 9 6\n6 5 9 10\n6 5 10 9\n6 9 5 10\n6 9 10 5\n6 10 5 9\n6 10 9 5\n9 5 6 10\n9 5 10 6\n9 6 5 10\n9 6 10 5\n9 10 5 6\n9 10 6 5\n10 5 6 9\n10 5 9 6\n10 6 5 9\n10 6 9 5\n10 9 5 6\n10 9 6 5"
        },
        {
            "input": "2 3 4",
            "output": "2 3 4\n2 4 3\n3 2 4\n3 4 2\n4 2 3\n4 3 2"
        },
        {
            "input": "5 6 8 10",
            "output": "5 6 8 10\n5 6 10 8\n5 8 6 10\n5 8 10 6\n5 10 6 8\n5 10 8 6\n6 5 8 10\n6 5 10 8\n6 8 5 10\n6 8 10 5\n6 10 5 8\n6 10 8 5\n8 5 6 10\n8 5 10 6\n8 6 5 10\n8 6 10 5\n8 10 5 6\n8 10 6 5\n10 5 6 8\n10 5 8 6\n10 6 5 8\n10 6 8 5\n10 8 5 6\n10 8 6 5"
        },
        {
            "input": "1 2 4 6",
            "output": "1 2 4 6\n1 2 6 4\n1 4 2 6\n1 4 6 2\n1 6 2 4\n1 6 4 2\n2 1 4 6\n2 1 6 4\n2 4 1 6\n2 4 6 1\n2 6 1 4\n2 6 4 1\n4 1 2 6\n4 1 6 2\n4 2 1 6\n4 2 6 1\n4 6 1 2\n4 6 2 1\n6 1 2 4\n6 1 4 2\n6 2 1 4\n6 2 4 1\n6 4 1 2\n6 4 2 1"
        },
        {
            "input": "2 3 5 8",
            "output": "2 3 5 8\n2 3 8 5\n2 5 3 8\n2 5 8 3\n2 8 3 5\n2 8 5 3\n3 2 5 8\n3 2 8 5\n3 5 2 8\n3 5 8 2\n3 8 2 5\n3 8 5 2\n5 2 3 8\n5 2 8 3\n5 3 2 8\n5 3 8 2\n5 8 2 3\n5 8 3 2\n8 2 3 5\n8 2 5 3\n8 3 2 5\n8 3 5 2\n8 5 2 3\n8 5 3 2"
        },
        {
            "input": "2 4 8 9",
            "output": "2 4 8 9\n2 4 9 8\n2 8 4 9\n2 8 9 4\n2 9 4 8\n2 9 8 4\n4 2 8 9\n4 2 9 8\n4 8 2 9\n4 8 9 2\n4 9 2 8\n4 9 8 2\n8 2 4 9\n8 2 9 4\n8 4 2 9\n8 4 9 2\n8 9 2 4\n8 9 4 2\n9 2 4 8\n9 2 8 4\n9 4 2 8\n9 4 8 2\n9 8 2 4\n9 8 4 2"
        },
        {
            "input": "3 5 9 10",
            "output": "3 5 9 10\n3 5 10 9\n3 9 5 10\n3 9 10 5\n3 10 5 9\n3 10 9 5\n5 3 9 10\n5 3 10 9\n5 9 3 10\n5 9 10 3\n5 10 3 9\n5 10 9 3\n9 3 5 10\n9 3 10 5\n9 5 3 10\n9 5 10 3\n9 10 3 5\n9 10 5 3\n10 3 5 9\n10 3 9 5\n10 5 3 9\n10 5 9 3\n10 9 3 5\n10 9 5 3"
        },
        {
            "input": "1 3 4 9",
            "output": "1 3 4 9\n1 3 9 4\n1 4 3 9\n1 4 9 3\n1 9 3 4\n1 9 4 3\n3 1 4 9\n3 1 9 4\n3 4 1 9\n3 4 9 1\n3 9 1 4\n3 9 4 1\n4 1 3 9\n4 1 9 3\n4 3 1 9\n4 3 9 1\n4 9 1 3\n4 9 3 1\n9 1 3 4\n9 1 4 3\n9 3 1 4\n9 3 4 1\n9 4 1 3\n9 4 3 1"
        },
        {
            "input": "2 3 5 6",
            "output": "2 3 5 6\n2 3 6 5\n2 5 3 6\n2 5 6 3\n2 6 3 5\n2 6 5 3\n3 2 5 6\n3 2 6 5\n3 5 2 6\n3 5 6 2\n3 6 2 5\n3 6 5 2\n5 2 3 6\n5 2 6 3\n5 3 2 6\n5 3 6 2\n5 6 2 3\n5 6 3 2\n6 2 3 5\n6 2 5 3\n6 3 2 5\n6 3 5 2\n6 5 2 3\n6 5 3 2"
        },
        {
            "input": "3 4 7 9",
            "output": "3 4 7 9\n3 4 9 7\n3 7 4 9\n3 7 9 4\n3 9 4 7\n3 9 7 4\n4 3 7 9\n4 3 9 7\n4 7 3 9\n4 7 9 3\n4 9 3 7\n4 9 7 3\n7 3 4 9\n7 3 9 4\n7 4 3 9\n7 4 9 3\n7 9 3 4\n7 9 4 3\n9 3 4 7\n9 3 7 4\n9 4 3 7\n9 4 7 3\n9 7 3 4\n9 7 4 3"
        },
        {
            "input": "5 6 7 8",
            "output": "5 6 7 8\n5 6 8 7\n5 7 6 8\n5 7 8 6\n5 8 6 7\n5 8 7 6\n6 5 7 8\n6 5 8 7\n6 7 5 8\n6 7 8 5\n6 8 5 7\n6 8 7 5\n7 5 6 8\n7 5 8 6\n7 6 5 8\n7 6 8 5\n7 8 5 6\n7 8 6 5\n8 5 6 7\n8 5 7 6\n8 6 5 7\n8 6 7 5\n8 7 5 6\n8 7 6 5"
        },
        {
            "input": "6 8 9 10",
            "output": "6 8 9 10\n6 8 10 9\n6 9 8 10\n6 9 10 8\n6 10 8 9\n6 10 9 8\n8 6 9 10\n8 6 10 9\n8 9 6 10\n8 9 10 6\n8 10 6 9\n8 10 9 6\n9 6 8 10\n9 6 10 8\n9 8 6 10\n9 8 10 6\n9 10 6 8\n9 10 8 6\n10 6 8 9\n10 6 9 8\n10 8 6 9\n10 8 9 6\n10 9 6 8\n10 9 8 6"
        },
        {
            "input": "3 7 8 9",
            "output": "3 7 8 9\n3 7 9 8\n3 8 7 9\n3 8 9 7\n3 9 7 8\n3 9 8 7\n7 3 8 9\n7 3 9 8\n7 8 3 9\n7 8 9 3\n7 9 3 8\n7 9 8 3\n8 3 7 9\n8 3 9 7\n8 7 3 9\n8 7 9 3\n8 9 3 7\n8 9 7 3\n9 3 7 8\n9 3 8 7\n9 7 3 8\n9 7 8 3\n9 8 3 7\n9 8 7 3"
        },
        {
            "input": "2 3 10",
            "output": "2 3 10\n2 10 3\n3 2 10\n3 10 2\n10 2 3\n10 3 2"
        },
        {
            "input": "1 4 6",
            "output": "1 4 6\n1 6 4\n4 1 6\n4 6 1\n6 1 4\n6 4 1"
        },
        {
            "input": "3 6 8 10",
            "output": "3 6 8 10\n3 6 10 8\n3 8 6 10\n3 8 10 6\n3 10 6 8\n3 10 8 6\n6 3 8 10\n6 3 10 8\n6 8 3 10\n6 8 10 3\n6 10 3 8\n6 10 8 3\n8 3 6 10\n8 3 10 6\n8 6 3 10\n8 6 10 3\n8 10 3 6\n8 10 6 3\n10 3 6 8\n10 3 8 6\n10 6 3 8\n10 6 8 3\n10 8 3 6\n10 8 6 3"
        },
        {
            "input": "1 2 8",
            "output": "1 2 8\n1 8 2\n2 1 8\n2 8 1\n8 1 2\n8 2 1"
        },
        {
            "input": "2 5 9 10",
            "output": "2 5 9 10\n2 5 10 9\n2 9 5 10\n2 9 10 5\n2 10 5 9\n2 10 9 5\n5 2 9 10\n5 2 10 9\n5 9 2 10\n5 9 10 2\n5 10 2 9\n5 10 9 2\n9 2 5 10\n9 2 10 5\n9 5 2 10\n9 5 10 2\n9 10 2 5\n9 10 5 2\n10 2 5 9\n10 2 9 5\n10 5 2 9\n10 5 9 2\n10 9 2 5\n10 9 5 2"
        },
        {
            "input": "2 5 6 8",
            "output": "2 5 6 8\n2 5 8 6\n2 6 5 8\n2 6 8 5\n2 8 5 6\n2 8 6 5\n5 2 6 8\n5 2 8 6\n5 6 2 8\n5 6 8 2\n5 8 2 6\n5 8 6 2\n6 2 5 8\n6 2 8 5\n6 5 2 8\n6 5 8 2\n6 8 2 5\n6 8 5 2\n8 2 5 6\n8 2 6 5\n8 5 2 6\n8 5 6 2\n8 6 2 5\n8 6 5 2"
        },
        {
            "input": "1 3 8 10",
            "output": "1 3 8 10\n1 3 10 8\n1 8 3 10\n1 8 10 3\n1 10 3 8\n1 10 8 3\n3 1 8 10\n3 1 10 8\n3 8 1 10\n3 8 10 1\n3 10 1 8\n3 10 8 1\n8 1 3 10\n8 1 10 3\n8 3 1 10\n8 3 10 1\n8 10 1 3\n8 10 3 1\n10 1 3 8\n10 1 8 3\n10 3 1 8\n10 3 8 1\n10 8 1 3\n10 8 3 1"
        },
        {
            "input": "1 5 6 9",
            "output": "1 5 6 9\n1 5 9 6\n1 6 5 9\n1 6 9 5\n1 9 5 6\n1 9 6 5\n5 1 6 9\n5 1 9 6\n5 6 1 9\n5 6 9 1\n5 9 1 6\n5 9 6 1\n6 1 5 9\n6 1 9 5\n6 5 1 9\n6 5 9 1\n6 9 1 5\n6 9 5 1\n9 1 5 6\n9 1 6 5\n9 5 1 6\n9 5 6 1\n9 6 1 5\n9 6 5 1"
        },
        {
            "input": "2 4 5 8",
            "output": "2 4 5 8\n2 4 8 5\n2 5 4 8\n2 5 8 4\n2 8 4 5\n2 8 5 4\n4 2 5 8\n4 2 8 5\n4 5 2 8\n4 5 8 2\n4 8 2 5\n4 8 5 2\n5 2 4 8\n5 2 8 4\n5 4 2 8\n5 4 8 2\n5 8 2 4\n5 8 4 2\n8 2 4 5\n8 2 5 4\n8 4 2 5\n8 4 5 2\n8 5 2 4\n8 5 4 2"
        },
        {
            "input": "3 5 6 9",
            "output": "3 5 6 9\n3 5 9 6\n3 6 5 9\n3 6 9 5\n3 9 5 6\n3 9 6 5\n5 3 6 9\n5 3 9 6\n5 6 3 9\n5 6 9 3\n5 9 3 6\n5 9 6 3\n6 3 5 9\n6 3 9 5\n6 5 3 9\n6 5 9 3\n6 9 3 5\n6 9 5 3\n9 3 5 6\n9 3 6 5\n9 5 3 6\n9 5 6 3\n9 6 3 5\n9 6 5 3"
        },
        {
            "input": "2 3 5 9",
            "output": "2 3 5 9\n2 3 9 5\n2 5 3 9\n2 5 9 3\n2 9 3 5\n2 9 5 3\n3 2 5 9\n3 2 9 5\n3 5 2 9\n3 5 9 2\n3 9 2 5\n3 9 5 2\n5 2 3 9\n5 2 9 3\n5 3 2 9\n5 3 9 2\n5 9 2 3\n5 9 3 2\n9 2 3 5\n9 2 5 3\n9 3 2 5\n9 3 5 2\n9 5 2 3\n9 5 3 2"
        },
        {
            "input": "1 8 9 10",
            "output": "1 8 9 10\n1 8 10 9\n1 9 8 10\n1 9 10 8\n1 10 8 9\n1 10 9 8\n8 1 9 10\n8 1 10 9\n8 9 1 10\n8 9 10 1\n8 10 1 9\n8 10 9 1\n9 1 8 10\n9 1 10 8\n9 8 1 10\n9 8 10 1\n9 10 1 8\n9 10 8 1\n10 1 8 9\n10 1 9 8\n10 8 1 9\n10 8 9 1\n10 9 1 8\n10 9 8 1"
        },
        {
            "input": "2 4 5 6",
            "output": "2 4 5 6\n2 4 6 5\n2 5 4 6\n2 5 6 4\n2 6 4 5\n2 6 5 4\n4 2 5 6\n4 2 6 5\n4 5 2 6\n4 5 6 2\n4 6 2 5\n4 6 5 2\n5 2 4 6\n5 2 6 4\n5 4 2 6\n5 4 6 2\n5 6 2 4\n5 6 4 2\n6 2 4 5\n6 2 5 4\n6 4 2 5\n6 4 5 2\n6 5 2 4\n6 5 4 2"
        },
        {
            "input": "2 3 6 9",
            "output": "2 3 6 9\n2 3 9 6\n2 6 3 9\n2 6 9 3\n2 9 3 6\n2 9 6 3\n3 2 6 9\n3 2 9 6\n3 6 2 9\n3 6 9 2\n3 9 2 6\n3 9 6 2\n6 2 3 9\n6 2 9 3\n6 3 2 9\n6 3 9 2\n6 9 2 3\n6 9 3 2\n9 2 3 6\n9 2 6 3\n9 3 2 6\n9 3 6 2\n9 6 2 3\n9 6 3 2"
        },
        {
            "input": "1 3 4 6",
            "output": "1 3 4 6\n1 3 6 4\n1 4 3 6\n1 4 6 3\n1 6 3 4\n1 6 4 3\n3 1 4 6\n3 1 6 4\n3 4 1 6\n3 4 6 1\n3 6 1 4\n3 6 4 1\n4 1 3 6\n4 1 6 3\n4 3 1 6\n4 3 6 1\n4 6 1 3\n4 6 3 1\n6 1 3 4\n6 1 4 3\n6 3 1 4\n6 3 4 1\n6 4 1 3\n6 4 3 1"
        },
        {
            "input": "2 4 6 8",
            "output": "2 4 6 8\n2 4 8 6\n2 6 4 8\n2 6 8 4\n2 8 4 6\n2 8 6 4\n4 2 6 8\n4 2 8 6\n4 6 2 8\n4 6 8 2\n4 8 2 6\n4 8 6 2\n6 2 4 8\n6 2 8 4\n6 4 2 8\n6 4 8 2\n6 8 2 4\n6 8 4 2\n8 2 4 6\n8 2 6 4\n8 4 2 6\n8 4 6 2\n8 6 2 4\n8 6 4 2"
        },
        {
            "input": "1 3 5 7",
            "output": "1 3 5 7\n1 3 7 5\n1 5 3 7\n1 5 7 3\n1 7 3 5\n1 7 5 3\n3 1 5 7\n3 1 7 5\n3 5 1 7\n3 5 7 1\n3 7 1 5\n3 7 5 1\n5 1 3 7\n5 1 7 3\n5 3 1 7\n5 3 7 1\n5 7 1 3\n5 7 3 1\n7 1 3 5\n7 1 5 3\n7 3 1 5\n7 3 5 1\n7 5 1 3\n7 5 3 1"
        },
        {
            "input": "1 3 7 10",
            "output": "1 3 7 10\n1 3 10 7\n1 7 3 10\n1 7 10 3\n1 10 3 7\n1 10 7 3\n3 1 7 10\n3 1 10 7\n3 7 1 10\n3 7 10 1\n3 10 1 7\n3 10 7 1\n7 1 3 10\n7 1 10 3\n7 3 1 10\n7 3 10 1\n7 10 1 3\n7 10 3 1\n10 1 3 7\n10 1 7 3\n10 3 1 7\n10 3 7 1\n10 7 1 3\n10 7 3 1"
        },
        {
            "input": "3 5 7",
            "output": "3 5 7\n3 7 5\n5 3 7\n5 7 3\n7 3 5\n7 5 3"
        },
        {
            "input": "1 4 7",
            "output": "1 4 7\n1 7 4\n4 1 7\n4 7 1\n7 1 4\n7 4 1"
        },
        {
            "input": "3 7 9 10",
            "output": "3 7 9 10\n3 7 10 9\n3 9 7 10\n3 9 10 7\n3 10 7 9\n3 10 9 7\n7 3 9 10\n7 3 10 9\n7 9 3 10\n7 9 10 3\n7 10 3 9\n7 10 9 3\n9 3 7 10\n9 3 10 7\n9 7 3 10\n9 7 10 3\n9 10 3 7\n9 10 7 3\n10 3 7 9\n10 3 9 7\n10 7 3 9\n10 7 9 3\n10 9 3 7\n10 9 7 3"
        },
        {
            "input": "1 2 5 10",
            "output": "1 2 5 10\n1 2 10 5\n1 5 2 10\n1 5 10 2\n1 10 2 5\n1 10 5 2\n2 1 5 10\n2 1 10 5\n2 5 1 10\n2 5 10 1\n2 10 1 5\n2 10 5 1\n5 1 2 10\n5 1 10 2\n5 2 1 10\n5 2 10 1\n5 10 1 2\n5 10 2 1\n10 1 2 5\n10 1 5 2\n10 2 1 5\n10 2 5 1\n10 5 1 2\n10 5 2 1"
        },
        {
            "input": "1 4 6 10",
            "output": "1 4 6 10\n1 4 10 6\n1 6 4 10\n1 6 10 4\n1 10 4 6\n1 10 6 4\n4 1 6 10\n4 1 10 6\n4 6 1 10\n4 6 10 1\n4 10 1 6\n4 10 6 1\n6 1 4 10\n6 1 10 4\n6 4 1 10\n6 4 10 1\n6 10 1 4\n6 10 4 1\n10 1 4 6\n10 1 6 4\n10 4 1 6\n10 4 6 1\n10 6 1 4\n10 6 4 1"
        },
        {
            "input": "3 8 9 10",
            "output": "3 8 9 10\n3 8 10 9\n3 9 8 10\n3 9 10 8\n3 10 8 9\n3 10 9 8\n8 3 9 10\n8 3 10 9\n8 9 3 10\n8 9 10 3\n8 10 3 9\n8 10 9 3\n9 3 8 10\n9 3 10 8\n9 8 3 10\n9 8 10 3\n9 10 3 8\n9 10 8 3\n10 3 8 9\n10 3 9 8\n10 8 3 9\n10 8 9 3\n10 9 3 8\n10 9 8 3"
        },
        {
            "input": "2 3 4 8",
            "output": "2 3 4 8\n2 3 8 4\n2 4 3 8\n2 4 8 3\n2 8 3 4\n2 8 4 3\n3 2 4 8\n3 2 8 4\n3 4 2 8\n3 4 8 2\n3 8 2 4\n3 8 4 2\n4 2 3 8\n4 2 8 3\n4 3 2 8\n4 3 8 2\n4 8 2 3\n4 8 3 2\n8 2 3 4\n8 2 4 3\n8 3 2 4\n8 3 4 2\n8 4 2 3\n8 4 3 2"
        },
        {
            "input": "1 3 5 10",
            "output": "1 3 5 10\n1 3 10 5\n1 5 3 10\n1 5 10 3\n1 10 3 5\n1 10 5 3\n3 1 5 10\n3 1 10 5\n3 5 1 10\n3 5 10 1\n3 10 1 5\n3 10 5 1\n5 1 3 10\n5 1 10 3\n5 3 1 10\n5 3 10 1\n5 10 1 3\n5 10 3 1\n10 1 3 5\n10 1 5 3\n10 3 1 5\n10 3 5 1\n10 5 1 3\n10 5 3 1"
        },
        {
            "input": "2 3 8 9",
            "output": "2 3 8 9\n2 3 9 8\n2 8 3 9\n2 8 9 3\n2 9 3 8\n2 9 8 3\n3 2 8 9\n3 2 9 8\n3 8 2 9\n3 8 9 2\n3 9 2 8\n3 9 8 2\n8 2 3 9\n8 2 9 3\n8 3 2 9\n8 3 9 2\n8 9 2 3\n8 9 3 2\n9 2 3 8\n9 2 8 3\n9 3 2 8\n9 3 8 2\n9 8 2 3\n9 8 3 2"
        },
        {
            "input": "2 4 7 8",
            "output": "2 4 7 8\n2 4 8 7\n2 7 4 8\n2 7 8 4\n2 8 4 7\n2 8 7 4\n4 2 7 8\n4 2 8 7\n4 7 2 8\n4 7 8 2\n4 8 2 7\n4 8 7 2\n7 2 4 8\n7 2 8 4\n7 4 2 8\n7 4 8 2\n7 8 2 4\n7 8 4 2\n8 2 4 7\n8 2 7 4\n8 4 2 7\n8 4 7 2\n8 7 2 4\n8 7 4 2"
        },
        {
            "input": "3 4 9 10",
            "output": "3 4 9 10\n3 4 10 9\n3 9 4 10\n3 9 10 4\n3 10 4 9\n3 10 9 4\n4 3 9 10\n4 3 10 9\n4 9 3 10\n4 9 10 3\n4 10 3 9\n4 10 9 3\n9 3 4 10\n9 3 10 4\n9 4 3 10\n9 4 10 3\n9 10 3 4\n9 10 4 3\n10 3 4 9\n10 3 9 4\n10 4 3 9\n10 4 9 3\n10 9 3 4\n10 9 4 3"
        },
        {
            "input": "1 7 8 9",
            "output": "1 7 8 9\n1 7 9 8\n1 8 7 9\n1 8 9 7\n1 9 7 8\n1 9 8 7\n7 1 8 9\n7 1 9 8\n7 8 1 9\n7 8 9 1\n7 9 1 8\n7 9 8 1\n8 1 7 9\n8 1 9 7\n8 7 1 9\n8 7 9 1\n8 9 1 7\n8 9 7 1\n9 1 7 8\n9 1 8 7\n9 7 1 8\n9 7 8 1\n9 8 1 7\n9 8 7 1"
        },
        {
            "input": "2 3 6 8",
            "output": "2 3 6 8\n2 3 8 6\n2 6 3 8\n2 6 8 3\n2 8 3 6\n2 8 6 3\n3 2 6 8\n3 2 8 6\n3 6 2 8\n3 6 8 2\n3 8 2 6\n3 8 6 2\n6 2 3 8\n6 2 8 3\n6 3 2 8\n6 3 8 2\n6 8 2 3\n6 8 3 2\n8 2 3 6\n8 2 6 3\n8 3 2 6\n8 3 6 2\n8 6 2 3\n8 6 3 2"
        },
        {
            "input": "4 7 10",
            "output": "4 7 10\n4 10 7\n7 4 10\n7 10 4\n10 4 7\n10 7 4"
        },
        {
            "input": "5 7 9",
            "output": "5 7 9\n5 9 7\n7 5 9\n7 9 5\n9 5 7\n9 7 5"
        },
        {
            "input": "4 6 7",
            "output": "4 6 7\n4 7 6\n6 4 7\n6 7 4\n7 4 6\n7 6 4"
        },
        {
            "input": "2 4 6 9",
            "output": "2 4 6 9\n2 4 9 6\n2 6 4 9\n2 6 9 4\n2 9 4 6\n2 9 6 4\n4 2 6 9\n4 2 9 6\n4 6 2 9\n4 6 9 2\n4 9 2 6\n4 9 6 2\n6 2 4 9\n6 2 9 4\n6 4 2 9\n6 4 9 2\n6 9 2 4\n6 9 4 2\n9 2 4 6\n9 2 6 4\n9 4 2 6\n9 4 6 2\n9 6 2 4\n9 6 4 2"
        },
        {
            "input": "3 6 7 8",
            "output": "3 6 7 8\n3 6 8 7\n3 7 6 8\n3 7 8 6\n3 8 6 7\n3 8 7 6\n6 3 7 8\n6 3 8 7\n6 7 3 8\n6 7 8 3\n6 8 3 7\n6 8 7 3\n7 3 6 8\n7 3 8 6\n7 6 3 8\n7 6 8 3\n7 8 3 6\n7 8 6 3\n8 3 6 7\n8 3 7 6\n8 6 3 7\n8 6 7 3\n8 7 3 6\n8 7 6 3"
        },
        {
            "input": "6 7 9 10",
            "output": "6 7 9 10\n6 7 10 9\n6 9 7 10\n6 9 10 7\n6 10 7 9\n6 10 9 7\n7 6 9 10\n7 6 10 9\n7 9 6 10\n7 9 10 6\n7 10 6 9\n7 10 9 6\n9 6 7 10\n9 6 10 7\n9 7 6 10\n9 7 10 6\n9 10 6 7\n9 10 7 6\n10 6 7 9\n10 6 9 7\n10 7 6 9\n10 7 9 6\n10 9 6 7\n10 9 7 6"
        },
        {
            "input": "2 6 7 9",
            "output": "2 6 7 9\n2 6 9 7\n2 7 6 9\n2 7 9 6\n2 9 6 7\n2 9 7 6\n6 2 7 9\n6 2 9 7\n6 7 2 9\n6 7 9 2\n6 9 2 7\n6 9 7 2\n7 2 6 9\n7 2 9 6\n7 6 2 9\n7 6 9 2\n7 9 2 6\n7 9 6 2\n9 2 6 7\n9 2 7 6\n9 6 2 7\n9 6 7 2\n9 7 2 6\n9 7 6 2"
        },
        {
            "input": "2 3 4 6",
            "output": "2 3 4 6\n2 3 6 4\n2 4 3 6\n2 4 6 3\n2 6 3 4\n2 6 4 3\n3 2 4 6\n3 2 6 4\n3 4 2 6\n3 4 6 2\n3 6 2 4\n3 6 4 2\n4 2 3 6\n4 2 6 3\n4 3 2 6\n4 3 6 2\n4 6 2 3\n4 6 3 2\n6 2 3 4\n6 2 4 3\n6 3 2 4\n6 3 4 2\n6 4 2 3\n6 4 3 2"
        },
        {
            "input": "1 4 5 10",
            "output": "1 4 5 10\n1 4 10 5\n1 5 4 10\n1 5 10 4\n1 10 4 5\n1 10 5 4\n4 1 5 10\n4 1 10 5\n4 5 1 10\n4 5 10 1\n4 10 1 5\n4 10 5 1\n5 1 4 10\n5 1 10 4\n5 4 1 10\n5 4 10 1\n5 10 1 4\n5 10 4 1\n10 1 4 5\n10 1 5 4\n10 4 1 5\n10 4 5 1\n10 5 1 4\n10 5 4 1"
        },
        {
            "input": "2 4 9 10",
            "output": "2 4 9 10\n2 4 10 9\n2 9 4 10\n2 9 10 4\n2 10 4 9\n2 10 9 4\n4 2 9 10\n4 2 10 9\n4 9 2 10\n4 9 10 2\n4 10 2 9\n4 10 9 2\n9 2 4 10\n9 2 10 4\n9 4 2 10\n9 4 10 2\n9 10 2 4\n9 10 4 2\n10 2 4 9\n10 2 9 4\n10 4 2 9\n10 4 9 2\n10 9 2 4\n10 9 4 2"
        },
        {
            "input": "1 2 5 6",
            "output": "1 2 5 6\n1 2 6 5\n1 5 2 6\n1 5 6 2\n1 6 2 5\n1 6 5 2\n2 1 5 6\n2 1 6 5\n2 5 1 6\n2 5 6 1\n2 6 1 5\n2 6 5 1\n5 1 2 6\n5 1 6 2\n5 2 1 6\n5 2 6 1\n5 6 1 2\n5 6 2 1\n6 1 2 5\n6 1 5 2\n6 2 1 5\n6 2 5 1\n6 5 1 2\n6 5 2 1"
        },
        {
            "input": "1 2 3 6",
            "output": "1 2 3 6\n1 2 6 3\n1 3 2 6\n1 3 6 2\n1 6 2 3\n1 6 3 2\n2 1 3 6\n2 1 6 3\n2 3 1 6\n2 3 6 1\n2 6 1 3\n2 6 3 1\n3 1 2 6\n3 1 6 2\n3 2 1 6\n3 2 6 1\n3 6 1 2\n3 6 2 1\n6 1 2 3\n6 1 3 2\n6 2 1 3\n6 2 3 1\n6 3 1 2\n6 3 2 1"
        },
        {
            "input": "1 4 5 7",
            "output": "1 4 5 7\n1 4 7 5\n1 5 4 7\n1 5 7 4\n1 7 4 5\n1 7 5 4\n4 1 5 7\n4 1 7 5\n4 5 1 7\n4 5 7 1\n4 7 1 5\n4 7 5 1\n5 1 4 7\n5 1 7 4\n5 4 1 7\n5 4 7 1\n5 7 1 4\n5 7 4 1\n7 1 4 5\n7 1 5 4\n7 4 1 5\n7 4 5 1\n7 5 1 4\n7 5 4 1"
        },
        {
            "input": "2 3 4 9",
            "output": "2 3 4 9\n2 3 9 4\n2 4 3 9\n2 4 9 3\n2 9 3 4\n2 9 4 3\n3 2 4 9\n3 2 9 4\n3 4 2 9\n3 4 9 2\n3 9 2 4\n3 9 4 2\n4 2 3 9\n4 2 9 3\n4 3 2 9\n4 3 9 2\n4 9 2 3\n4 9 3 2\n9 2 3 4\n9 2 4 3\n9 3 2 4\n9 3 4 2\n9 4 2 3\n9 4 3 2"
        },
        {
            "input": "3 4 6 9",
            "output": "3 4 6 9\n3 4 9 6\n3 6 4 9\n3 6 9 4\n3 9 4 6\n3 9 6 4\n4 3 6 9\n4 3 9 6\n4 6 3 9\n4 6 9 3\n4 9 3 6\n4 9 6 3\n6 3 4 9\n6 3 9 4\n6 4 3 9\n6 4 9 3\n6 9 3 4\n6 9 4 3\n9 3 4 6\n9 3 6 4\n9 4 3 6\n9 4 6 3\n9 6 3 4\n9 6 4 3"
        },
        {
            "input": "1 2 4 5",
            "output": "1 2 4 5\n1 2 5 4\n1 4 2 5\n1 4 5 2\n1 5 2 4\n1 5 4 2\n2 1 4 5\n2 1 5 4\n2 4 1 5\n2 4 5 1\n2 5 1 4\n2 5 4 1\n4 1 2 5\n4 1 5 2\n4 2 1 5\n4 2 5 1\n4 5 1 2\n4 5 2 1\n5 1 2 4\n5 1 4 2\n5 2 1 4\n5 2 4 1\n5 4 1 2\n5 4 2 1"
        },
        {
            "input": "3 5 6 8",
            "output": "3 5 6 8\n3 5 8 6\n3 6 5 8\n3 6 8 5\n3 8 5 6\n3 8 6 5\n5 3 6 8\n5 3 8 6\n5 6 3 8\n5 6 8 3\n5 8 3 6\n5 8 6 3\n6 3 5 8\n6 3 8 5\n6 5 3 8\n6 5 8 3\n6 8 3 5\n6 8 5 3\n8 3 5 6\n8 3 6 5\n8 5 3 6\n8 5 6 3\n8 6 3 5\n8 6 5 3"
        },
        {
            "input": "3 4 7",
            "output": "3 4 7\n3 7 4\n4 3 7\n4 7 3\n7 3 4\n7 4 3"
        },
        {
            "input": "2 3 6 10",
            "output": "2 3 6 10\n2 3 10 6\n2 6 3 10\n2 6 10 3\n2 10 3 6\n2 10 6 3\n3 2 6 10\n3 2 10 6\n3 6 2 10\n3 6 10 2\n3 10 2 6\n3 10 6 2\n6 2 3 10\n6 2 10 3\n6 3 2 10\n6 3 10 2\n6 10 2 3\n6 10 3 2\n10 2 3 6\n10 2 6 3\n10 3 2 6\n10 3 6 2\n10 6 2 3\n10 6 3 2"
        },
        {
            "input": "2 8 9 10",
            "output": "2 8 9 10\n2 8 10 9\n2 9 8 10\n2 9 10 8\n2 10 8 9\n2 10 9 8\n8 2 9 10\n8 2 10 9\n8 9 2 10\n8 9 10 2\n8 10 2 9\n8 10 9 2\n9 2 8 10\n9 2 10 8\n9 8 2 10\n9 8 10 2\n9 10 2 8\n9 10 8 2\n10 2 8 9\n10 2 9 8\n10 8 2 9\n10 8 9 2\n10 9 2 8\n10 9 8 2"
        },
        {
            "input": "2 7 8 9",
            "output": "2 7 8 9\n2 7 9 8\n2 8 7 9\n2 8 9 7\n2 9 7 8\n2 9 8 7\n7 2 8 9\n7 2 9 8\n7 8 2 9\n7 8 9 2\n7 9 2 8\n7 9 8 2\n8 2 7 9\n8 2 9 7\n8 7 2 9\n8 7 9 2\n8 9 2 7\n8 9 7 2\n9 2 7 8\n9 2 8 7\n9 7 2 8\n9 7 8 2\n9 8 2 7\n9 8 7 2"
        },
        {
            "input": "2 3 9 10",
            "output": "2 3 9 10\n2 3 10 9\n2 9 3 10\n2 9 10 3\n2 10 3 9\n2 10 9 3\n3 2 9 10\n3 2 10 9\n3 9 2 10\n3 9 10 2\n3 10 2 9\n3 10 9 2\n9 2 3 10\n9 2 10 3\n9 3 2 10\n9 3 10 2\n9 10 2 3\n9 10 3 2\n10 2 3 9\n10 2 9 3\n10 3 2 9\n10 3 9 2\n10 9 2 3\n10 9 3 2"
        },
        {
            "input": "1 4 6 8",
            "output": "1 4 6 8\n1 4 8 6\n1 6 4 8\n1 6 8 4\n1 8 4 6\n1 8 6 4\n4 1 6 8\n4 1 8 6\n4 6 1 8\n4 6 8 1\n4 8 1 6\n4 8 6 1\n6 1 4 8\n6 1 8 4\n6 4 1 8\n6 4 8 1\n6 8 1 4\n6 8 4 1\n8 1 4 6\n8 1 6 4\n8 4 1 6\n8 4 6 1\n8 6 1 4\n8 6 4 1"
        },
        {
            "input": "1 6 9 10",
            "output": "1 6 9 10\n1 6 10 9\n1 9 6 10\n1 9 10 6\n1 10 6 9\n1 10 9 6\n6 1 9 10\n6 1 10 9\n6 9 1 10\n6 9 10 1\n6 10 1 9\n6 10 9 1\n9 1 6 10\n9 1 10 6\n9 6 1 10\n9 6 10 1\n9 10 1 6\n9 10 6 1\n10 1 6 9\n10 1 9 6\n10 6 1 9\n10 6 9 1\n10 9 1 6\n10 9 6 1"
        },
        {
            "input": "1 3 4 7",
            "output": "1 3 4 7\n1 3 7 4\n1 4 3 7\n1 4 7 3\n1 7 3 4\n1 7 4 3\n3 1 4 7\n3 1 7 4\n3 4 1 7\n3 4 7 1\n3 7 1 4\n3 7 4 1\n4 1 3 7\n4 1 7 3\n4 3 1 7\n4 3 7 1\n4 7 1 3\n4 7 3 1\n7 1 3 4\n7 1 4 3\n7 3 1 4\n7 3 4 1\n7 4 1 3\n7 4 3 1"
        },
        {
            "input": "5 7 8 10",
            "output": "5 7 8 10\n5 7 10 8\n5 8 7 10\n5 8 10 7\n5 10 7 8\n5 10 8 7\n7 5 8 10\n7 5 10 8\n7 8 5 10\n7 8 10 5\n7 10 5 8\n7 10 8 5\n8 5 7 10\n8 5 10 7\n8 7 5 10\n8 7 10 5\n8 10 5 7\n8 10 7 5\n10 5 7 8\n10 5 8 7\n10 7 5 8\n10 7 8 5\n10 8 5 7\n10 8 7 5"
        },
        {
            "input": "4 5 7 9",
            "output": "4 5 7 9\n4 5 9 7\n4 7 5 9\n4 7 9 5\n4 9 5 7\n4 9 7 5\n5 4 7 9\n5 4 9 7\n5 7 4 9\n5 7 9 4\n5 9 4 7\n5 9 7 4\n7 4 5 9\n7 4 9 5\n7 5 4 9\n7 5 9 4\n7 9 4 5\n7 9 5 4\n9 4 5 7\n9 4 7 5\n9 5 4 7\n9 5 7 4\n9 7 4 5\n9 7 5 4"
        },
        {
            "input": "5 6 7 9",
            "output": "5 6 7 9\n5 6 9 7\n5 7 6 9\n5 7 9 6\n5 9 6 7\n5 9 7 6\n6 5 7 9\n6 5 9 7\n6 7 5 9\n6 7 9 5\n6 9 5 7\n6 9 7 5\n7 5 6 9\n7 5 9 6\n7 6 5 9\n7 6 9 5\n7 9 5 6\n7 9 6 5\n9 5 6 7\n9 5 7 6\n9 6 5 7\n9 6 7 5\n9 7 5 6\n9 7 6 5"
        },
        {
            "input": "2 4 5 10",
            "output": "2 4 5 10\n2 4 10 5\n2 5 4 10\n2 5 10 4\n2 10 4 5\n2 10 5 4\n4 2 5 10\n4 2 10 5\n4 5 2 10\n4 5 10 2\n4 10 2 5\n4 10 5 2\n5 2 4 10\n5 2 10 4\n5 4 2 10\n5 4 10 2\n5 10 2 4\n5 10 4 2\n10 2 4 5\n10 2 5 4\n10 4 2 5\n10 4 5 2\n10 5 2 4\n10 5 4 2"
        },
        {
            "input": "1 5 6 8",
            "output": "1 5 6 8\n1 5 8 6\n1 6 5 8\n1 6 8 5\n1 8 5 6\n1 8 6 5\n5 1 6 8\n5 1 8 6\n5 6 1 8\n5 6 8 1\n5 8 1 6\n5 8 6 1\n6 1 5 8\n6 1 8 5\n6 5 1 8\n6 5 8 1\n6 8 1 5\n6 8 5 1\n8 1 5 6\n8 1 6 5\n8 5 1 6\n8 5 6 1\n8 6 1 5\n8 6 5 1"
        },
        {
            "input": "1 7 8 10",
            "output": "1 7 8 10\n1 7 10 8\n1 8 7 10\n1 8 10 7\n1 10 7 8\n1 10 8 7\n7 1 8 10\n7 1 10 8\n7 8 1 10\n7 8 10 1\n7 10 1 8\n7 10 8 1\n8 1 7 10\n8 1 10 7\n8 7 1 10\n8 7 10 1\n8 10 1 7\n8 10 7 1\n10 1 7 8\n10 1 8 7\n10 7 1 8\n10 7 8 1\n10 8 1 7\n10 8 7 1"
        },
        {
            "input": "2 5 8",
            "output": "2 5 8\n2 8 5\n5 2 8\n5 8 2\n8 2 5\n8 5 2"
        },
        {
            "input": "3 5 7 8",
            "output": "3 5 7 8\n3 5 8 7\n3 7 5 8\n3 7 8 5\n3 8 5 7\n3 8 7 5\n5 3 7 8\n5 3 8 7\n5 7 3 8\n5 7 8 3\n5 8 3 7\n5 8 7 3\n7 3 5 8\n7 3 8 5\n7 5 3 8\n7 5 8 3\n7 8 3 5\n7 8 5 3\n8 3 5 7\n8 3 7 5\n8 5 3 7\n8 5 7 3\n8 7 3 5\n8 7 5 3"
        },
        {
            "input": "1 2 8 10",
            "output": "1 2 8 10\n1 2 10 8\n1 8 2 10\n1 8 10 2\n1 10 2 8\n1 10 8 2\n2 1 8 10\n2 1 10 8\n2 8 1 10\n2 8 10 1\n2 10 1 8\n2 10 8 1\n8 1 2 10\n8 1 10 2\n8 2 1 10\n8 2 10 1\n8 10 1 2\n8 10 2 1\n10 1 2 8\n10 1 8 2\n10 2 1 8\n10 2 8 1\n10 8 1 2\n10 8 2 1"
        },
        {
            "input": "2 5 6",
            "output": "2 5 6\n2 6 5\n5 2 6\n5 6 2\n6 2 5\n6 5 2"
        },
        {
            "input": "3 5 8",
            "output": "3 5 8\n3 8 5\n5 3 8\n5 8 3\n8 3 5\n8 5 3"
        },
        {
            "input": "1 5 6 7",
            "output": "1 5 6 7\n1 5 7 6\n1 6 5 7\n1 6 7 5\n1 7 5 6\n1 7 6 5\n5 1 6 7\n5 1 7 6\n5 6 1 7\n5 6 7 1\n5 7 1 6\n5 7 6 1\n6 1 5 7\n6 1 7 5\n6 5 1 7\n6 5 7 1\n6 7 1 5\n6 7 5 1\n7 1 5 6\n7 1 6 5\n7 5 1 6\n7 5 6 1\n7 6 1 5\n7 6 5 1"
        },
        {
            "input": "1 3 7 8",
            "output": "1 3 7 8\n1 3 8 7\n1 7 3 8\n1 7 8 3\n1 8 3 7\n1 8 7 3\n3 1 7 8\n3 1 8 7\n3 7 1 8\n3 7 8 1\n3 8 1 7\n3 8 7 1\n7 1 3 8\n7 1 8 3\n7 3 1 8\n7 3 8 1\n7 8 1 3\n7 8 3 1\n8 1 3 7\n8 1 7 3\n8 3 1 7\n8 3 7 1\n8 7 1 3\n8 7 3 1"
        },
        {
            "input": "1 3 5 6",
            "output": "1 3 5 6\n1 3 6 5\n1 5 3 6\n1 5 6 3\n1 6 3 5\n1 6 5 3\n3 1 5 6\n3 1 6 5\n3 5 1 6\n3 5 6 1\n3 6 1 5\n3 6 5 1\n5 1 3 6\n5 1 6 3\n5 3 1 6\n5 3 6 1\n5 6 1 3\n5 6 3 1\n6 1 3 5\n6 1 5 3\n6 3 1 5\n6 3 5 1\n6 5 1 3\n6 5 3 1"
        },
        {
            "input": "2 7 9 10",
            "output": "2 7 9 10\n2 7 10 9\n2 9 7 10\n2 9 10 7\n2 10 7 9\n2 10 9 7\n7 2 9 10\n7 2 10 9\n7 9 2 10\n7 9 10 2\n7 10 2 9\n7 10 9 2\n9 2 7 10\n9 2 10 7\n9 7 2 10\n9 7 10 2\n9 10 2 7\n9 10 7 2\n10 2 7 9\n10 2 9 7\n10 7 2 9\n10 7 9 2\n10 9 2 7\n10 9 7 2"
        },
        {
            "input": "4 5 6 10",
            "output": "4 5 6 10\n4 5 10 6\n4 6 5 10\n4 6 10 5\n4 10 5 6\n4 10 6 5\n5 4 6 10\n5 4 10 6\n5 6 4 10\n5 6 10 4\n5 10 4 6\n5 10 6 4\n6 4 5 10\n6 4 10 5\n6 5 4 10\n6 5 10 4\n6 10 4 5\n6 10 5 4\n10 4 5 6\n10 4 6 5\n10 5 4 6\n10 5 6 4\n10 6 4 5\n10 6 5 4"
        },
        {
            "input": "2 6 7 10",
            "output": "2 6 7 10\n2 6 10 7\n2 7 6 10\n2 7 10 6\n2 10 6 7\n2 10 7 6\n6 2 7 10\n6 2 10 7\n6 7 2 10\n6 7 10 2\n6 10 2 7\n6 10 7 2\n7 2 6 10\n7 2 10 6\n7 6 2 10\n7 6 10 2\n7 10 2 6\n7 10 6 2\n10 2 6 7\n10 2 7 6\n10 6 2 7\n10 6 7 2\n10 7 2 6\n10 7 6 2"
        }
    ]
}