{
    "id": "power_of_two",
    "title": "Power of Two",
    "description": "Check if a given positive integer N is a power of two. Output 'Yes' or 'No'.",
    "input_format": "A single integer N.",
    "output_format": "'Yes' or 'No'.",
    "constraints": {
        "N": "1 <= N <= 10^18"
    },
    "judge_mode": "FIRST_FAIL",
    "time_limit": 1,
    "sample_test_cases": [
        {
            "input": "16",
            "output": "Yes"
        },
        {
            "input": "18",
            "output": "No"
        }
    ],
    "hidden_test_cases": [
        {
            "input": "134217728",
            "output": "Yes"
        },
        {
            "input": "954099112",
            "output": "No"
        },
        {
            "input": "524288",
            "output": "Yes"
        },
        {
            "input": "272649421",
            "output": "No"
        },
        {
            "input": "262144",
            "output": "Yes"
        },
        {
            "input": "8192",
            "output": "Yes"
        },
        {
            "input": "843471925",
            "output": "No"
        },
        {
            "input": "63013436",
            "output": "No"
        },
        {
            "input": "65536",
            "output": "Yes"
        },
        {
            "input": "527234018",
            "output": "No"
        },
        {
            "input": "114359080",
            "output": "No"
        },
        {
            "input": "50889590",
            "output": "No"
        },
        {
            "input": "346313458",
            "output": "No"
        },
        {
            "input": "512",
            "output": "Yes"
        },
        {
            "input": "675767691",
            "output": "No"
        },
        {
            "input": "816685853",
            "output": "No"
        },
        {
            "input": "32768",
            "output": "Yes"
        },
        {
            "input": "67108864",
            "output": "Yes"
        },
        {
            "input": "326084029",
            "output": "No"
        },
        {
            "input": "2097152",
            "output": "Yes"
        },
        {
            "input": "16777216",
            "output": "Yes"
        },
        {
            "input": "1048576",
            "output": "Yes"
        },
        {
            "input": "230134902",
            "output": "No"
        },
        {
            "input": "769504161",
            "output": "No"
        },
        {
            "input": "8388608",
            "output": "Yes"
        },
        {
            "input": "358069076",
            "output": "No"
        },
        {
            "input": "2048",
            "output": "Yes"
        },
        {
            "input": "761320340",
            "output": "No"
        },
        {
            "input": "945472973",
            "output": "No"
        },
        {
            "input": "33554432",
            "output": "Yes"
        },
        {
            "input": "8",
            "output": "Yes"
        },
        {
            "input": "536870912",
            "output": "Yes"
        },
        {
            "input": "302011401",
            "output": "No"
        },
        {
            "input": "4096",
            "output": "Yes"
        },
        {
            "input": "1073741824",
            "output": "Yes"
        },
        {
            "input": "275696898",
            "output": "No"
        },
        {
            "input": "631125678",
            "output": "No"
        },
        {
            "input": "3764751",
            "output": "No"
        },
        {
            "input": "156505081",
            "output": "No"
        },
        {
            "input": "16384",
            "output": "Yes"
        },
        {
            "input": "600869637",
            "output": "No"
        },
        {
            "input": "2",
            "output": "Yes"
        },
        {
            "input": "646037548",
            "output": "No"
        },
        {
            "input": "291974071",
            "output": "No"
        },
        {
            "input": "338666990",
            "output": "No"
        },
        {
            "input": "452528996",
            "output": "No"
        },
        {
            "input": "4194304",
            "output": "Yes"
        },
        {
            "input": "445909879",
            "output": "No"
        },
        {
            "input": "804866046",
            "output": "No"
        },
        {
            "input": "268435456",
            "output": "Yes"
        },
        {
            "input": "256",
            "output": "Yes"
        },
        {
            "input": "419144513",
            "output": "No"
        },
        {
            "input": "558585138",
            "output": "No"
        },
        {
            "input": "16",
            "output": "Yes"
        },
        {
            "input": "131072",
            "output": "Yes"
        },
        {
            "input": "417575125",
            "output": "No"
        },
        {
            "input": "1024",
            "output": "Yes"
        },
        {
            "input": "459819907",
            "output": "No"
        },
        {
            "input": "446922889",
            "output": "No"
        },
        {
            "input": "548901121",
            "output": "No"
        },
        {
            "input": "284760239",
            "output": "No"
        },
        {
            "input": "616211607",
            "output": "No"
        },
        {
            "input": "45223555",
            "output": "No"
        },
        {
            "input": "779495455",
            "output": "No"
        },
        {
            "input": "244429652",
            "output": "No"
        },
        {
            "input": "301165691",
            "output": "No"
        },
        {
            "input": "24977452",
            "output": "No"
        },
        {
            "input": "900095688",
            "output": "No"
        },
        {
            "input": "61549786",
            "output": "No"
        },
        {
            "input": "444678909",
            "output": "No"
        },
        {
            "input": "824523469",
            "output": "No"
        },
        {
            "input": "702311019",
            "output": "No"
        },
        {
            "input": "633829307",
            "output": "No"
        },
        {
            "input": "299006988",
            "output": "No"
        },
        {
            "input": "450371946",
            "output": "No"
        },
        {
            "input": "221120886",
            "output": "No"
        },
        {
            "input": "176961459",
            "output": "No"
        },
        {
            "input": "514773318",
            "output": "No"
        },
        {
            "input": "164970990",
            "output": "No"
        },
        {
            "input": "747143100",
            "output": "No"
        },
        {
            "input": "922884129",
            "output": "No"
        },
        {
            "input": "445376609",
            "output": "No"
        },
        {
            "input": "282050516",
            "output": "No"
        },
        {
            "input": "688607208",
            "output": "No"
        },
        {
            "input": "909275049",
            "output": "No"
        },
        {
            "input": "79882798",
            "output": "No"
        },
        {
            "input": "782337280",
            "output": "No"
        },
        {
            "input": "215098929",
            "output": "No"
        },
        {
            "input": "420482740",
            "output": "No"
        },
        {
            "input": "828638174",
            "output": "No"
        },
        {
            "input": "292998682",
            "output": "No"
        },
        {
            "input": "921964127",
            "output": "No"
        },
        {
            "input": "331189931",
            "output": "No"
        },
        {
            "input": "96653144",
            "output": "No"
        },
        {
            "input": "801971405",
            "output": "No"
        },
        {
            "input": "966782302",
            "output": "No"
        },
        {
            "input": "151652391",
            "output": "No"
        },
        {
            "input": "32",
            "output": "Yes"
        },
        {
            "input": "864484541",
            "output": "No"
        },
        {
            "input": "375495797",
            "output": "No"
        },
        {
            "input": "152095827",
            "output": "No"
        },
        {
            "input": "194089495",
            "output": "No"
        },
        {
            "input": "149667662",
            "output": "No"
        },
        {
            "input": "321015415",
            "output": "No"
        },
        {
            "input": "395945177",
            "output": "No"
        },
        {
            "input": "197567501",
            "output": "No"
        },
        {
            "input": "1",
            "output": "Yes"
        },
        {
            "input": "52158593",
            "output": "No"
        },
        {
            "input": "999615528",
            "output": "No"
        },
        {
            "input": "811660021",
            "output": "No"
        },
        {
            "input": "869421600",
            "output": "No"
        },
        {
            "input": "64298085",
            "output": "No"
        },
        {
            "input": "854580433",
            "output": "No"
        },
        {
            "input": "114119629",
            "output": "No"
        },
        {
            "input": "632516847",
            "output": "No"
        },
        {
            "input": "288671522",
            "output": "No"
        },
        {
            "input": "611682254",
            "output": "No"
        },
        {
            "input": "60252257",
            "output": "No"
        },
        {
            "input": "64",
            "output": "Yes"
        },
        {
            "input": "955948054",
            "output": "No"
        },
        {
            "input": "674019479",
            "output": "No"
        },
        {
            "input": "755962486",
            "output": "No"
        },
        {
            "input": "706596502",
            "output": "No"
        },
        {
            "input": "959546000",
            "output": "No"
        },
        {
            "input": "168720549",
            "output": "No"
        },
        {
            "input": "655178239",
            "output": "No"
        },
        {
            "input": "396433686",
            "output": "No"
        },
        {
            "input": "726294133",
            "output": "No"
        },
        {
            "input": "405948500",
            "output": "No"
        },
        {
            "input": "988375071",
            "output": "No"
        },
        {
            "input": "902136765",
            "output": "No"
        },
        {
            "input": "598075728",
            "output": "No"
        },
        {
            "input": "584485433",
            "output": "No"
        },
        {
            "input": "830648864",
            "output": "No"
        },
        {
            "input": "578565907",
            "output": "No"
        },
        {
            "input": "956161719",
            "output": "No"
        },
        {
            "input": "449404066",
            "output": "No"
        },
        {
            "input": "290440262",
            "output": "No"
        },
        {
            "input": "850087505",
            "output": "No"
        },
        {
            "input": "893976677",
            "output": "No"
        },
        {
            "input": "868960411",
            "output": "No"
        },
        {
            "input": "268833766",
            "output": "No"
        },
        {
            "input": "4",
            "output": "Yes"
        },
        {
            "input": "591246102",
            "output": "No"
        },
        {
            "input": "732805080",
            "output": "No"
        },
        {
            "input": "128",
            "output": "Yes"
        },
        {
            "input": "27889669",
            "output": "No"
        },
        {
            "input": "247512384",
            "output": "No"
        },
        {
            "input": "45330972",
            "output": "No"
        },
        {
            "input": "247079304",
            "output": "No"
        },
        {
            "input": "785691553",
            "output": "No"
        },
        {
            "input": "341582352",
            "output": "No"
        },
        {
            "input": "658245842",
            "output": "No"
        },
        {
            "input": "86949360",
            "output": "No"
        },
        {
            "input": "812834903",
            "output": "No"
        },
        {
            "input": "91917361",
            "output": "No"
        },
        {
            "input": "942139639",
            "output": "No"
        },
        {
            "input": "280303289",
            "output": "No"
        },
        {
            "input": "832979897",
            "output": "No"
        },
        {
            "input": "180166521",
            "output": "No"
        },
        {
            "input": "86853056",
            "output": "No"
        },
        {
            "input": "676847396",
            "output": "No"
        },
        {
            "input": "588936850",
            "output": "No"
        },
        {
            "input": "430324645",
            "output": "No"
        },
        {
            "input": "958049231",
            "output": "No"
        },
        {
            "input": "127860481",
            "output": "No"
        },
        {
            "input": "313565812",
            "output": "No"
        },
        {
            "input": "629746238",
            "output": "No"
        },
        {
            "input": "153664519",
            "output": "No"
        },
        {
            "input": "731259780",
            "output": "No"
        },
        {
            "input": "759561098",
            "output": "No"
        },
        {
            "input": "802174709",
            "output": "No"
        },
        {
            "input": "970769430",
            "output": "No"
        },
        {
            "input": "104864992",
            "output": "No"
        },
        {
            "input": "438128622",
            "output": "No"
        },
        {
            "input": "325677786",
            "output": "No"
        },
        {
            "input": "50558038",
            "output": "No"
        },
        {
            "input": "194274275",
            "output": "No"
        },
        {
            "input": "746343198",
            "output": "No"
        },
        {
            "input": "669907663",
            "output": "No"
        },
        {
            "input": "78509909",
            "output": "No"
        },
        {
            "input": "193740540",
            "output": "No"
        },
        {
            "input": "258822090",
            "output": "No"
        },
        {
            "input": "716236845",
            "output": "No"
        },
        {
            "input": "775873741",
            "output": "No"
        },
        {
            "input": "836474699",
            "output": "No"
        },
        {
            "input": "927863267",
            "output": "No"
        },
        {
            "input": "988864681",
            "output": "No"
        },
        {
            "input": "823399784",
            "output": "No"
        },
        {
            "input": "233852194",
            "output": "No"
        },
        {
            "input": "32024663",
            "output": "No"
        },
        {
            "input": "281351608",
            "output": "No"
        },
        {
            "input": "940744972",
            "output": "No"
        },
        {
            "input": "17183100",
            "output": "No"
        },
        {
            "input": "576990170",
            "output": "No"
        },
        {
            "input": "215090215",
            "output": "No"
        },
        {
            "input": "216974320",
            "output": "No"
        },
        {
            "input": "244947873",
            "output": "No"
        },
        {
            "input": "856592200",
            "output": "No"
        },
        {
            "input": "504401629",
            "output": "No"
        },
        {
            "input": "890045062",
            "output": "No"
        },
        {
            "input": "213667669",
            "output": "No"
        },
        {
            "input": "791426844",
            "output": "No"
        },
        {
            "input": "174663514",
            "output": "No"
        },
        {
            "input": "821017171",
            "output": "No"
        },
        {
            "input": "518236810",
            "output": "No"
        },
        {
            "input": "342891597",
            "output": "No"
        },
        {
            "input": "503326166",
            "output": "No"
        },
        {
            "input": "840264717",
            "output": "No"
        },
        {
            "input": "749548813",
            "output": "No"
        },
        {
            "input": "451315213",
            "output": "No"
        },
        {
            "input": "190362260",
            "output": "No"
        },
        {
            "input": "174831912",
            "output": "No"
        },
        {
            "input": "358626489",
            "output": "No"
        },
        {
            "input": "2812078",
            "output": "No"
        },
        {
            "input": "842753771",
            "output": "No"
        },
        {
            "input": "714412729",
            "output": "No"
        },
        {
            "input": "253334603",
            "output": "No"
        },
        {
            "input": "120116275",
            "output": "No"
        },
        {
            "input": "3871495",
            "output": "No"
        },
        {
            "input": "532983595",
            "output": "No"
        },
        {
            "input": "93978792",
            "output": "No"
        },
        {
            "input": "20129859",
            "output": "No"
        },
        {
            "input": "762881729",
            "output": "No"
        },
        {
            "input": "294309882",
            "output": "No"
        },
        {
            "input": "639245723",
            "output": "No"
        },
        {
            "input": "479021358",
            "output": "No"
        },
        {
            "input": "99238862",
            "output": "No"
        },
        {
            "input": "401551854",
            "output": "No"
        },
        {
            "input": "326347321",
            "output": "No"
        },
        {
            "input": "587349761",
            "output": "No"
        },
        {
            "input": "818913093",
            "output": "No"
        },
        {
            "input": "865709630",
            "output": "No"
        },
        {
            "input": "483491727",
            "output": "No"
        },
        {
            "input": "133775408",
            "output": "No"
        },
        {
            "input": "717776135",
            "output": "No"
        },
        {
            "input": "717775211",
            "output": "No"
        },
        {
            "input": "166673836",
            "output": "No"
        },
        {
            "input": "669100523",
            "output": "No"
        },
        {
            "input": "751646245",
            "output": "No"
        },
        {
            "input": "685396956",
            "output": "No"
        },
        {
            "input": "784802010",
            "output": "No"
        },
        {
            "input": "335029114",
            "output": "No"
        },
        {
            "input": "902880172",
            "output": "No"
        },
        {
            "input": "558220773",
            "output": "No"
        },
        {
            "input": "157224640",
            "output": "No"
        },
        {
            "input": "463591380",
            "output": "No"
        },
        {
            "input": "393828701",
            "output": "No"
        },
        {
            "input": "516470777",
            "output": "No"
        },
        {
            "input": "649824282",
            "output": "No"
        },
        {
            "input": "877734484",
            "output": "No"
        },
        {
            "input": "389609363",
            "output": "No"
        },
        {
            "input": "665691730",
            "output": "No"
        },
        {
            "input": "538770100",
            "output": "No"
        },
        {
            "input": "245679542",
            "output": "No"
        },
        {
            "input": "378514185",
            "output": "No"
        },
        {
            "input": "109248004",
            "output": "No"
        },
        {
            "input": "888642378",
            "output": "No"
        },
        {
            "input": "38453859",
            "output": "No"
        },
        {
            "input": "838409091",
            "output": "No"
        },
        {
            "input": "730014501",
            "output": "No"
        },
        {
            "input": "420580833",
            "output": "No"
        },
        {
            "input": "938907815",
            "output": "No"
        },
        {
            "input": "570350025",
            "output": "No"
        },
        {
            "input": "426778271",
            "output": "No"
        },
        {
            "input": "432132895",
            "output": "No"
        },
        {
            "input": "507463863",
            "output": "No"
        },
        {
            "input": "630265508",
            "output": "No"
        },
        {
            "input": "470977755",
            "output": "No"
        },
        {
            "input": "343523181",
            "output": "No"
        },
        {
            "input": "871894455",
            "output": "No"
        },
        {
            "input": "713828989",
            "output": "No"
        },
        {
            "input": "117336031",
            "output": "No"
        },
        {
            "input": "391148024",
            "output": "No"
        },
        {
            "input": "622154383",
            "output": "No"
        },
        {
            "input": "437751088",
            "output": "No"
        },
        {
            "input": "990922365",
            "output": "No"
        },
        {
            "input": "298945383",
            "output": "No"
        },
        {
            "input": "266890966",
            "output": "No"
        },
        {
            "input": "901281946",
            "output": "No"
        },
        {
            "input": "440460325",
            "output": "No"
        },
        {
            "input": "607046888",
            "output": "No"
        },
        {
            "input": "751915940",
            "output": "No"
        },
        {
            "input": "271445429",
            "output": "No"
        },
        {
            "input": "86673803",
            "output": "No"
        },
        {
            "input": "870402490",
            "output": "No"
        },
        {
            "input": "76013122",
            "output": "No"
        },
        {
            "input": "403099768",
            "output": "No"
        },
        {
            "input": "516737264",
            "output": "No"
        },
        {
            "input": "931542681",
            "output": "No"
        },
        {
            "input": "993847707",
            "output": "No"
        },
        {
            "input": "354102138",
            "output": "No"
        },
        {
            "input": "756641573",
            "output": "No"
        },
        {
            "input": "151071415",
            "output": "No"
        },
        {
            "input": "175387753",
            "output": "No"
        },
        {
            "input": "486847685",
            "output": "No"
        },
        {
            "input": "198214622",
            "output": "No"
        },
        {
            "input": "589843271",
            "output": "No"
        },
        {
            "input": "195749046",
            "output": "No"
        },
        {
            "input": "45523535",
            "output": "No"
        },
        {
            "input": "563810003",
            "output": "No"
        },
        {
            "input": "262622905",
            "output": "No"
        },
        {
            "input": "788510917",
            "output": "No"
        },
        {
            "input": "437072737",
            "output": "No"
        },
        {
            "input": "360775673",
            "output": "No"
        },
        {
            "input": "64319357",
            "output": "No"
        },
        {
            "input": "742783089",
            "output": "No"
        },
        {
            "input": "313219013",
            "output": "No"
        },
        {
            "input": "348495899",
            "output": "No"
        },
        {
            "input": "965197840",
            "output": "No"
        },
        {
            "input": "927462166",
            "output": "No"
        },
        {
            "input": "244151657",
            "output": "No"
        },
        {
            "input": "83724687",
            "output": "No"
        },
        {
            "input": "626442163",
            "output": "No"
        },
        {
            "input": "872762558",
            "output": "No"
        },
        {
            "input": "80135314",
            "output": "No"
        },
        {
            "input": "922208531",
            "output": "No"
        },
        {
            "input": "276262296",
            "output": "No"
        },
        {
            "input": "475498145",
            "output": "No"
        },
        {
            "input": "710134924",
            "output": "No"
        },
        {
            "input": "831785804",
            "output": "No"
        },
        {
            "input": "635223232",
            "output": "No"
        },
        {
            "input": "815566541",
            "output": "No"
        },
        {
            "input": "721399095",
            "output": "No"
        },
        {
            "input": "928852433",
            "output": "No"
        },
        {
            "input": "187815691",
            "output": "No"
        },
        {
            "input": "336274260",
            "output": "No"
        },
        {
            "input": "128974427",
            "output": "No"
        },
        {
            "input": "679778991",
            "output": "No"
        },
        {
            "input": "693927943",
            "output": "No"
        },
        {
            "input": "166777659",
            "output": "No"
        },
        {
            "input": "577930943",
            "output": "No"
        },
        {
            "input": "363716118",
            "output": "No"
        },
        {
            "input": "120266093",
            "output": "No"
        },
        {
            "input": "544154413",
            "output": "No"
        },
        {
            "input": "722169370",
            "output": "No"
        },
        {
            "input": "451250731",
            "output": "No"
        },
        {
            "input": "751231000",
            "output": "No"
        },
        {
            "input": "694961393",
            "output": "No"
        },
        {
            "input": "501748206",
            "output": "No"
        },
        {
            "input": "861404266",
            "output": "No"
        },
        {
            "input": "391163681",
            "output": "No"
        },
        {
            "input": "439172898",
            "output": "No"
        },
        {
            "input": "178397350",
            "output": "No"
        },
        {
            "input": "787162465",
            "output": "No"
        },
        {
            "input": "548616916",
            "output": "No"
        },
        {
            "input": "178426448",
            "output": "No"
        },
        {
            "input": "950421218",
            "output": "No"
        },
        {
            "input": "29432815",
            "output": "No"
        },
        {
            "input": "367495345",
            "output": "No"
        },
        {
            "input": "592762845",
            "output": "No"
        },
        {
            "input": "311289878",
            "output": "No"
        },
        {
            "input": "442826526",
            "output": "No"
        },
        {
            "input": "2950873",
            "output": "No"
        },
        {
            "input": "236417354",
            "output": "No"
        },
        {
            "input": "238246425",
            "output": "No"
        },
        {
            "input": "100496973",
            "output": "No"
        },
        {
            "input": "60994240",
            "output": "No"
        },
        {
            "input": "854548637",
            "output": "No"
        },
        {
            "input": "923671822",
            "output": "No"
        },
        {
            "input": "767321210",
            "output": "No"
        },
        {
            "input": "352012008",
            "output": "No"
        },
        {
            "input": "297100472",
            "output": "No"
        },
        {
            "input": "571760648",
            "output": "No"
        },
        {
            "input": "822527828",
            "output": "No"
        },
        {
            "input": "914635498",
            "output": "No"
        },
        {
            "input": "155753927",
            "output": "No"
        },
        {
            "input": "778793440",
            "output": "No"
        },
        {
            "input": "661037017",
            "output": "No"
        },
        {
            "input": "824346523",
            "output": "No"
        },
        {
            "input": "318214697",
            "output": "No"
        },
        {
            "input": "167712739",
            "output": "No"
        },
        {
            "input": "911865317",
            "output": "No"
        },
        {
            "input": "62433004",
            "output": "No"
        },
        {
            "input": "774158764",
            "output": "No"
        },
        {
            "input": "935093174",
            "output": "No"
        },
        {
            "input": "200647181",
            "output": "No"
        },
        {
            "input": "216985540",
            "output": "No"
        },
        {
            "input": "9771099",
            "output": "No"
        },
        {
            "input": "549188997",
            "output": "No"
        },
        {
            "input": "307455808",
            "output": "No"
        },
        {
            "input": "529714374",
            "output": "No"
        },
        {
            "input": "421927448",
            "output": "No"
        },
        {
            "input": "75342694",
            "output": "No"
        },
        {
            "input": "619313928",
            "output": "No"
        },
        {
            "input": "620957091",
            "output": "No"
        },
        {
            "input": "786379347",
            "output": "No"
        },
        {
            "input": "121402762",
            "output": "No"
        },
        {
            "input": "953661658",
            "output": "No"
        },
        {
            "input": "855592457",
            "output": "No"
        },
        {
            "input": "291301872",
            "output": "No"
        },
        {
            "input": "836155565",
            "output": "No"
        },
        {
            "input": "109903478",
            "output": "No"
        },
        {
            "input": "101801453",
            "output": "No"
        },
        {
            "input": "92601702",
            "output": "No"
        },
        {
            "input": "828643880",
            "output": "No"
        },
        {
            "input": "856113948",
            "output": "No"
        },
        {
            "input": "221275819",
            "output": "No"
        },
        {
            "input": "177147715",
            "output": "No"
        },
        {
            "input": "327991952",
            "output": "No"
        },
        {
            "input": "881938526",
            "output": "No"
        },
        {
            "input": "904828399",
            "output": "No"
        },
        {
            "input": "424210449",
            "output": "No"
        },
        {
            "input": "124506474",
            "output": "No"
        },
        {
            "input": "461396334",
            "output": "No"
        },
        {
            "input": "752343171",
            "output": "No"
        },
        {
            "input": "830606915",
            "output": "No"
        },
        {
            "input": "286510024",
            "output": "No"
        },
        {
            "input": "958021458",
            "output": "No"
        },
        {
            "input": "56248783",
            "output": "No"
        },
        {
            "input": "921883632",
            "output": "No"
        },
        {
            "input": "268646017",
            "output": "No"
        },
        {
            "input": "87189343",
            "output": "No"
        },
        {
            "input": "54434059",
            "output": "No"
        },
        {
            "input": "424790924",
            "output": "No"
        },
        {
            "input": "903728859",
            "output": "No"
        },
        {
            "input": "604098511",
            "output": "No"
        },
        {
            "input": "127799137",
            "output": "No"
        },
        {
            "input": "765682974",
            "output": "No"
        },
        {
            "input": "72187935",
            "output": "No"
        },
        {
            "input": "147977105",
            "output": "No"
        },
        {
            "input": "918439524",
            "output": "No"
        },
        {
            "input": "436361610",
            "output": "No"
        },
        {
            "input": "175220437",
            "output": "No"
        },
        {
            "input": "556584173",
            "output": "No"
        },
        {
            "input": "675178637",
            "output": "No"
        },
        {
            "input": "451803090",
            "output": "No"
        },
        {
            "input": "683417678",
            "output": "No"
        },
        {
            "input": "556717786",
            "output": "No"
        },
        {
            "input": "944952949",
            "output": "No"
        },
        {
            "input": "341665413",
            "output": "No"
        },
        {
            "input": "673456437",
            "output": "No"
        },
        {
            "input": "41821543",
            "output": "No"
        },
        {
            "input": "32527259",
            "output": "No"
        },
        {
            "input": "616634731",
            "output": "No"
        },
        {
            "input": "39173748",
            "output": "No"
        },
        {
            "input": "214297018",
            "output": "No"
        },
        {
            "input": "982859299",
            "output": "No"
        },
        {
            "input": "572764632",
            "output": "No"
        },
        {
            "input": "722593664",
            "output": "No"
        },
        {
            "input": "316037054",
            "output": "No"
        },
        {
            "input": "526152614",
            "output": "No"
        },
        {
            "input": "996239905",
            "output": "No"
        },
        {
            "input": "505615617",
            "output": "No"
        },
        {
            "input": "461720331",
            "output": "No"
        },
        {
            "input": "506239045",
            "output": "No"
        },
        {
            "input": "207200367",
            "output": "No"
        },
        {
            "input": "880488947",
            "output": "No"
        },
        {
            "input": "110432029",
            "output": "No"
        },
        {
            "input": "664282551",
            "output": "No"
        },
        {
            "input": "778878252",
            "output": "No"
        },
        {
            "input": "337617461",
            "output": "No"
        },
        {
            "input": "820597585",
            "output": "No"
        },
        {
            "input": "862227098",
            "output": "No"
        },
        {
            "input": "869169519",
            "output": "No"
        },
        {
            "input": "251952872",
            "output": "No"
        },
        {
            "input": "686766866",
            "output": "No"
        },
        {
            "input": "737141297",
            "output": "No"
        },
        {
            "input": "165452434",
            "output": "No"
        },
        {
            "input": "579535398",
            "output": "No"
        },
        {
            "input": "861570716",
            "output": "No"
        },
        {
            "input": "309684242",
            "output": "No"
        },
        {
            "input": "683123768",
            "output": "No"
        },
        {
            "input": "512402237",
            "output": "No"
        },
        {
            "input": "302891593",
            "output": "No"
        },
        {
            "input": "597036907",
            "output": "No"
        },
        {
            "input": "404836954",
            "output": "No"
        },
        {
            "input": "922051502",
            "output": "No"
        },
        {
            "input": "738332409",
            "output": "No"
        },
        {
            "input": "63651699",
            "output": "No"
        },
        {
            "input": "478876143",
            "output": "No"
        },
        {
            "input": "150613185",
            "output": "No"
        },
        {
            "input": "38580596",
            "output": "No"
        },
        {
            "input": "459368678",
            "output": "No"
        },
        {
            "input": "147186770",
            "output": "No"
        },
        {
            "input": "235428296",
            "output": "No"
        },
        {
            "input": "830806323",
            "output": "No"
        },
        {
            "input": "168916951",
            "output": "No"
        },
        {
            "input": "843431064",
            "output": "No"
        },
        {
            "input": "566658471",
            "output": "No"
        },
        {
            "input": "140072722",
            "output": "No"
        },
        {
            "input": "921279956",
            "output": "No"
        },
        {
            "input": "368599204",
            "output": "No"
        },
        {
            "input": "422240002",
            "output": "No"
        },
        {
            "input": "27306102",
            "output": "No"
        },
        {
            "input": "390882655",
            "output": "No"
        },
        {
            "input": "157758209",
            "output": "No"
        },
        {
            "input": "717473216",
            "output": "No"
        },
        {
            "input": "513696087",
            "output": "No"
        },
        {
            "input": "79966734",
            "output": "No"
        },
        {
            "input": "821233281",
            "output": "No"
        },
        {
            "input": "570757342",
            "output": "No"
        },
        {
            "input": "494353275",
            "output": "No"
        },
        {
            "input": "663141931",
            "output": "No"
        },
        {
            "input": "864325019",
            "output": "No"
        },
        {
            "input": "395390319",
            "output": "No"
        },
        {
            "input": "973575894",
            "output": "No"
        },
        {
            "input": "113719214",
            "output": "No"
        },
        {
            "input": "611773518",
            "output": "No"
        },
        {
            "input": "383227260",
            "output": "No"
        }
    ]
}