{
    "id": "prime_number_check",
    "title": "Prime Number Check",
    "description": "A prime number is a natural number greater than 1 that is not a product of two smaller natural numbers. In other words, a prime number has exactly two distinct positive divisors: 1 and itself. In this problem, you are given an integer `N`. Your task is to determine whether `N` is a prime number.",
    "input_format": "A single integer N.",
    "output_format": "Output a single line containing 'Yes' if `N` is a prime number, or 'No' if it is not. The output should be case-sensitive.",
    "constraints": {
        "N": "1 <= N <= 10^9"
    },
    "judge_mode": "FIRST_FAIL",
    "time_limit": 1,
    "sample_test_cases": [
        {
            "input": "7",
            "output": "Yes"
        },
        {
            "input": "10",
            "output": "No"
        }
    ],
    "hidden_test_cases": [
        {
            "input": "397",
            "output": "Yes"
        },
        {
            "input": "300",
            "output": "No"
        },
        {
            "input": "46",
            "output": "No"
        },
        {
            "input": "327",
            "output": "No"
        },
        {
            "input": "210",
            "output": "No"
        },
        {
            "input": "306",
            "output": "No"
        },
        {
            "input": "172",
            "output": "No"
        },
        {
            "input": "232",
            "output": "No"
        },
        {
            "input": "142",
            "output": "No"
        },
        {
            "input": "312",
            "output": "No"
        },
        {
            "input": "15",
            "output": "No"
        },
        {
            "input": "449",
            "output": "Yes"
        },
        {
            "input": "275",
            "output": "No"
        },
        {
            "input": "471",
            "output": "No"
        },
        {
            "input": "250",
            "output": "No"
        },
        {
            "input": "462",
            "output": "No"
        },
        {
            "input": "133",
            "output": "No"
        },
        {
            "input": "127",
            "output": "Yes"
        },
        {
            "input": "435",
            "output": "No"
        },
        {
            "input": "173",
            "output": "Yes"
        },
        {
            "input": "387",
            "output": "No"
        },
        {
            "input": "157",
            "output": "Yes"
        },
        {
            "input": "389",
            "output": "Yes"
        },
        {
            "input": "237",
            "output": "No"
        },
        {
            "input": "88",
            "output": "No"
        },
        {
            "input": "367",
            "output": "Yes"
        },
        {
            "input": "218",
            "output": "No"
        },
        {
            "input": "69",
            "output": "No"
        },
        {
            "input": "280",
            "output": "No"
        },
        {
            "input": "339",
            "output": "No"
        },
        {
            "input": "450",
            "output": "No"
        },
        {
            "input": "395",
            "output": "No"
        },
        {
            "input": "124",
            "output": "No"
        },
        {
            "input": "479",
            "output": "Yes"
        },
        {
            "input": "322",
            "output": "No"
        },
        {
            "input": "168",
            "output": "No"
        },
        {
            "input": "464",
            "output": "No"
        },
        {
            "input": "246",
            "output": "No"
        },
        {
            "input": "166",
            "output": "No"
        },
        {
            "input": "229",
            "output": "Yes"
        },
        {
            "input": "490",
            "output": "No"
        },
        {
            "input": "17",
            "output": "Yes"
        },
        {
            "input": "432",
            "output": "No"
        },
        {
            "input": "371",
            "output": "No"
        },
        {
            "input": "36",
            "output": "No"
        },
        {
            "input": "265",
            "output": "No"
        },
        {
            "input": "68",
            "output": "No"
        },
        {
            "input": "165",
            "output": "No"
        },
        {
            "input": "468",
            "output": "No"
        },
        {
            "input": "53",
            "output": "Yes"
        },
        {
            "input": "373",
            "output": "Yes"
        },
        {
            "input": "182",
            "output": "No"
        },
        {
            "input": "499",
            "output": "Yes"
        },
        {
            "input": "392",
            "output": "No"
        },
        {
            "input": "19",
            "output": "Yes"
        },
        {
            "input": "391",
            "output": "No"
        },
        {
            "input": "153",
            "output": "No"
        },
        {
            "input": "220",
            "output": "No"
        },
        {
            "input": "31",
            "output": "Yes"
        },
        {
            "input": "268",
            "output": "No"
        },
        {
            "input": "20",
            "output": "No"
        },
        {
            "input": "272",
            "output": "No"
        },
        {
            "input": "211",
            "output": "Yes"
        },
        {
            "input": "266",
            "output": "No"
        },
        {
            "input": "481",
            "output": "No"
        },
        {
            "input": "136",
            "output": "No"
        },
        {
            "input": "491",
            "output": "Yes"
        },
        {
            "input": "433",
            "output": "Yes"
        },
        {
            "input": "262",
            "output": "No"
        },
        {
            "input": "344",
            "output": "No"
        },
        {
            "input": "393",
            "output": "No"
        },
        {
            "input": "476",
            "output": "No"
        },
        {
            "input": "320",
            "output": "No"
        },
        {
            "input": "409",
            "output": "Yes"
        },
        {
            "input": "269",
            "output": "Yes"
        },
        {
            "input": "94",
            "output": "No"
        },
        {
            "input": "351",
            "output": "No"
        },
        {
            "input": "79",
            "output": "Yes"
        },
        {
            "input": "206",
            "output": "No"
        },
        {
            "input": "231",
            "output": "No"
        },
        {
            "input": "5",
            "output": "Yes"
        },
        {
            "input": "7",
            "output": "Yes"
        },
        {
            "input": "2",
            "output": "Yes"
        },
        {
            "input": "282",
            "output": "No"
        },
        {
            "input": "190",
            "output": "No"
        },
        {
            "input": "366",
            "output": "No"
        },
        {
            "input": "154",
            "output": "No"
        },
        {
            "input": "470",
            "output": "No"
        },
        {
            "input": "405",
            "output": "No"
        },
        {
            "input": "443",
            "output": "Yes"
        },
        {
            "input": "486",
            "output": "No"
        },
        {
            "input": "155",
            "output": "No"
        },
        {
            "input": "37",
            "output": "Yes"
        },
        {
            "input": "39",
            "output": "No"
        },
        {
            "input": "152",
            "output": "No"
        },
        {
            "input": "274",
            "output": "No"
        },
        {
            "input": "102",
            "output": "No"
        },
        {
            "input": "279",
            "output": "No"
        },
        {
            "input": "333",
            "output": "No"
        },
        {
            "input": "137",
            "output": "Yes"
        },
        {
            "input": "402",
            "output": "No"
        },
        {
            "input": "120",
            "output": "No"
        },
        {
            "input": "118",
            "output": "No"
        },
        {
            "input": "27",
            "output": "No"
        },
        {
            "input": "412",
            "output": "No"
        },
        {
            "input": "340",
            "output": "No"
        },
        {
            "input": "381",
            "output": "No"
        },
        {
            "input": "444",
            "output": "No"
        },
        {
            "input": "469",
            "output": "No"
        },
        {
            "input": "230",
            "output": "No"
        },
        {
            "input": "292",
            "output": "No"
        },
        {
            "input": "364",
            "output": "No"
        },
        {
            "input": "184",
            "output": "No"
        },
        {
            "input": "407",
            "output": "No"
        },
        {
            "input": "59",
            "output": "Yes"
        },
        {
            "input": "498",
            "output": "No"
        },
        {
            "input": "106",
            "output": "No"
        },
        {
            "input": "170",
            "output": "No"
        },
        {
            "input": "355",
            "output": "No"
        },
        {
            "input": "71",
            "output": "Yes"
        },
        {
            "input": "289",
            "output": "No"
        },
        {
            "input": "298",
            "output": "No"
        },
        {
            "input": "460",
            "output": "No"
        },
        {
            "input": "492",
            "output": "No"
        },
        {
            "input": "128",
            "output": "No"
        },
        {
            "input": "129",
            "output": "No"
        },
        {
            "input": "496",
            "output": "No"
        },
        {
            "input": "297",
            "output": "No"
        },
        {
            "input": "417",
            "output": "No"
        },
        {
            "input": "174",
            "output": "No"
        },
        {
            "input": "388",
            "output": "No"
        },
        {
            "input": "91",
            "output": "No"
        },
        {
            "input": "97",
            "output": "Yes"
        },
        {
            "input": "314",
            "output": "No"
        },
        {
            "input": "441",
            "output": "No"
        },
        {
            "input": "73",
            "output": "Yes"
        },
        {
            "input": "12",
            "output": "No"
        },
        {
            "input": "255",
            "output": "No"
        },
        {
            "input": "240",
            "output": "No"
        },
        {
            "input": "117",
            "output": "No"
        },
        {
            "input": "214",
            "output": "No"
        },
        {
            "input": "259",
            "output": "No"
        },
        {
            "input": "451",
            "output": "No"
        },
        {
            "input": "16",
            "output": "No"
        },
        {
            "input": "427",
            "output": "No"
        },
        {
            "input": "248",
            "output": "No"
        },
        {
            "input": "267",
            "output": "No"
        },
        {
            "input": "437",
            "output": "No"
        },
        {
            "input": "328",
            "output": "No"
        },
        {
            "input": "185",
            "output": "No"
        },
        {
            "input": "212",
            "output": "No"
        },
        {
            "input": "257",
            "output": "Yes"
        },
        {
            "input": "104",
            "output": "No"
        },
        {
            "input": "295",
            "output": "No"
        },
        {
            "input": "9",
            "output": "No"
        },
        {
            "input": "48",
            "output": "No"
        },
        {
            "input": "107",
            "output": "Yes"
        },
        {
            "input": "290",
            "output": "No"
        },
        {
            "input": "181",
            "output": "Yes"
        },
        {
            "input": "224",
            "output": "No"
        },
        {
            "input": "423",
            "output": "No"
        },
        {
            "input": "434",
            "output": "No"
        },
        {
            "input": "197",
            "output": "Yes"
        },
        {
            "input": "394",
            "output": "No"
        },
        {
            "input": "160",
            "output": "No"
        },
        {
            "input": "424",
            "output": "No"
        },
        {
            "input": "316",
            "output": "No"
        },
        {
            "input": "239",
            "output": "Yes"
        },
        {
            "input": "426",
            "output": "No"
        },
        {
            "input": "363",
            "output": "No"
        },
        {
            "input": "286",
            "output": "No"
        },
        {
            "input": "335",
            "output": "No"
        },
        {
            "input": "345",
            "output": "No"
        },
        {
            "input": "309",
            "output": "No"
        },
        {
            "input": "50",
            "output": "No"
        },
        {
            "input": "70",
            "output": "No"
        },
        {
            "input": "64",
            "output": "No"
        },
        {
            "input": "430",
            "output": "No"
        },
        {
            "input": "487",
            "output": "Yes"
        },
        {
            "input": "179",
            "output": "Yes"
        },
        {
            "input": "374",
            "output": "No"
        },
        {
            "input": "24",
            "output": "No"
        },
        {
            "input": "23",
            "output": "Yes"
        },
        {
            "input": "96",
            "output": "No"
        },
        {
            "input": "110",
            "output": "No"
        },
        {
            "input": "213",
            "output": "No"
        },
        {
            "input": "11",
            "output": "Yes"
        },
        {
            "input": "150",
            "output": "No"
        },
        {
            "input": "216",
            "output": "No"
        },
        {
            "input": "254",
            "output": "No"
        },
        {
            "input": "193",
            "output": "Yes"
        },
        {
            "input": "472",
            "output": "No"
        },
        {
            "input": "338",
            "output": "No"
        },
        {
            "input": "111",
            "output": "No"
        },
        {
            "input": "205",
            "output": "No"
        },
        {
            "input": "473",
            "output": "No"
        },
        {
            "input": "494",
            "output": "No"
        },
        {
            "input": "296",
            "output": "No"
        },
        {
            "input": "270",
            "output": "No"
        },
        {
            "input": "264",
            "output": "No"
        },
        {
            "input": "346",
            "output": "No"
        },
        {
            "input": "313",
            "output": "Yes"
        },
        {
            "input": "89",
            "output": "Yes"
        },
        {
            "input": "403",
            "output": "No"
        },
        {
            "input": "131",
            "output": "Yes"
        },
        {
            "input": "189",
            "output": "No"
        },
        {
            "input": "180",
            "output": "No"
        },
        {
            "input": "72",
            "output": "No"
        },
        {
            "input": "58",
            "output": "No"
        },
        {
            "input": "209",
            "output": "No"
        },
        {
            "input": "145",
            "output": "No"
        },
        {
            "input": "122",
            "output": "No"
        },
        {
            "input": "331",
            "output": "Yes"
        },
        {
            "input": "404",
            "output": "No"
        },
        {
            "input": "350",
            "output": "No"
        },
        {
            "input": "263",
            "output": "Yes"
        },
        {
            "input": "100",
            "output": "No"
        },
        {
            "input": "228",
            "output": "No"
        },
        {
            "input": "284",
            "output": "No"
        },
        {
            "input": "382",
            "output": "No"
        },
        {
            "input": "390",
            "output": "No"
        },
        {
            "input": "226",
            "output": "No"
        },
        {
            "input": "495",
            "output": "No"
        },
        {
            "input": "108",
            "output": "No"
        },
        {
            "input": "138",
            "output": "No"
        },
        {
            "input": "85",
            "output": "No"
        },
        {
            "input": "411",
            "output": "No"
        },
        {
            "input": "414",
            "output": "No"
        },
        {
            "input": "141",
            "output": "No"
        },
        {
            "input": "489",
            "output": "No"
        },
        {
            "input": "61",
            "output": "Yes"
        },
        {
            "input": "396",
            "output": "No"
        },
        {
            "input": "325",
            "output": "No"
        },
        {
            "input": "463",
            "output": "Yes"
        },
        {
            "input": "75",
            "output": "No"
        },
        {
            "input": "223",
            "output": "Yes"
        },
        {
            "input": "87",
            "output": "No"
        },
        {
            "input": "74",
            "output": "No"
        },
        {
            "input": "278",
            "output": "No"
        },
        {
            "input": "90",
            "output": "No"
        },
        {
            "input": "398",
            "output": "No"
        },
        {
            "input": "276",
            "output": "No"
        },
        {
            "input": "80",
            "output": "No"
        },
        {
            "input": "438",
            "output": "No"
        },
        {
            "input": "191",
            "output": "Yes"
        },
        {
            "input": "457",
            "output": "Yes"
        },
        {
            "input": "109",
            "output": "Yes"
        },
        {
            "input": "253",
            "output": "No"
        },
        {
            "input": "301",
            "output": "No"
        },
        {
            "input": "354",
            "output": "No"
        },
        {
            "input": "360",
            "output": "No"
        },
        {
            "input": "207",
            "output": "No"
        },
        {
            "input": "429",
            "output": "No"
        },
        {
            "input": "215",
            "output": "No"
        },
        {
            "input": "372",
            "output": "No"
        },
        {
            "input": "93",
            "output": "No"
        },
        {
            "input": "42",
            "output": "No"
        },
        {
            "input": "293",
            "output": "Yes"
        },
        {
            "input": "315",
            "output": "No"
        },
        {
            "input": "323",
            "output": "No"
        },
        {
            "input": "419",
            "output": "Yes"
        },
        {
            "input": "249",
            "output": "No"
        },
        {
            "input": "162",
            "output": "No"
        },
        {
            "input": "67",
            "output": "Yes"
        },
        {
            "input": "194",
            "output": "No"
        },
        {
            "input": "362",
            "output": "No"
        },
        {
            "input": "497",
            "output": "No"
        },
        {
            "input": "134",
            "output": "No"
        },
        {
            "input": "440",
            "output": "No"
        },
        {
            "input": "260",
            "output": "No"
        },
        {
            "input": "478",
            "output": "No"
        },
        {
            "input": "116",
            "output": "No"
        },
        {
            "input": "413",
            "output": "No"
        },
        {
            "input": "18",
            "output": "No"
        },
        {
            "input": "258",
            "output": "No"
        },
        {
            "input": "384",
            "output": "No"
        },
        {
            "input": "99",
            "output": "No"
        },
        {
            "input": "43",
            "output": "Yes"
        },
        {
            "input": "6",
            "output": "No"
        },
        {
            "input": "52",
            "output": "No"
        },
        {
            "input": "217",
            "output": "No"
        },
        {
            "input": "235",
            "output": "No"
        },
        {
            "input": "208",
            "output": "No"
        },
        {
            "input": "65",
            "output": "No"
        },
        {
            "input": "125",
            "output": "No"
        },
        {
            "input": "203",
            "output": "No"
        },
        {
            "input": "329",
            "output": "No"
        },
        {
            "input": "178",
            "output": "No"
        },
        {
            "input": "188",
            "output": "No"
        },
        {
            "input": "466",
            "output": "No"
        },
        {
            "input": "459",
            "output": "No"
        },
        {
            "input": "500",
            "output": "No"
        },
        {
            "input": "29",
            "output": "Yes"
        },
        {
            "input": "132",
            "output": "No"
        },
        {
            "input": "446",
            "output": "No"
        },
        {
            "input": "287",
            "output": "No"
        },
        {
            "input": "243",
            "output": "No"
        },
        {
            "input": "233",
            "output": "Yes"
        },
        {
            "input": "167",
            "output": "Yes"
        },
        {
            "input": "45",
            "output": "No"
        },
        {
            "input": "25",
            "output": "No"
        },
        {
            "input": "60",
            "output": "No"
        },
        {
            "input": "82",
            "output": "No"
        },
        {
            "input": "445",
            "output": "No"
        },
        {
            "input": "57",
            "output": "No"
        },
        {
            "input": "273",
            "output": "No"
        },
        {
            "input": "219",
            "output": "No"
        },
        {
            "input": "41",
            "output": "Yes"
        },
        {
            "input": "143",
            "output": "No"
        },
        {
            "input": "161",
            "output": "No"
        },
        {
            "input": "234",
            "output": "No"
        },
        {
            "input": "186",
            "output": "No"
        },
        {
            "input": "302",
            "output": "No"
        },
        {
            "input": "467",
            "output": "Yes"
        },
        {
            "input": "32",
            "output": "No"
        },
        {
            "input": "317",
            "output": "Yes"
        },
        {
            "input": "54",
            "output": "No"
        },
        {
            "input": "365",
            "output": "No"
        },
        {
            "input": "169",
            "output": "No"
        },
        {
            "input": "151",
            "output": "Yes"
        },
        {
            "input": "480",
            "output": "No"
        },
        {
            "input": "385",
            "output": "No"
        },
        {
            "input": "140",
            "output": "No"
        },
        {
            "input": "311",
            "output": "Yes"
        },
        {
            "input": "377",
            "output": "No"
        },
        {
            "input": "310",
            "output": "No"
        },
        {
            "input": "447",
            "output": "No"
        },
        {
            "input": "422",
            "output": "No"
        },
        {
            "input": "454",
            "output": "No"
        },
        {
            "input": "475",
            "output": "No"
        },
        {
            "input": "78",
            "output": "No"
        },
        {
            "input": "62",
            "output": "No"
        },
        {
            "input": "114",
            "output": "No"
        },
        {
            "input": "299",
            "output": "No"
        },
        {
            "input": "294",
            "output": "No"
        },
        {
            "input": "455",
            "output": "No"
        },
        {
            "input": "431",
            "output": "Yes"
        },
        {
            "input": "399",
            "output": "No"
        },
        {
            "input": "488",
            "output": "No"
        },
        {
            "input": "66",
            "output": "No"
        },
        {
            "input": "44",
            "output": "No"
        },
        {
            "input": "98",
            "output": "No"
        },
        {
            "input": "400",
            "output": "No"
        },
        {
            "input": "227",
            "output": "Yes"
        },
        {
            "input": "406",
            "output": "No"
        },
        {
            "input": "386",
            "output": "No"
        },
        {
            "input": "225",
            "output": "No"
        },
        {
            "input": "370",
            "output": "No"
        },
        {
            "input": "285",
            "output": "No"
        },
        {
            "input": "21",
            "output": "No"
        },
        {
            "input": "113",
            "output": "Yes"
        },
        {
            "input": "204",
            "output": "No"
        },
        {
            "input": "247",
            "output": "No"
        },
        {
            "input": "281",
            "output": "Yes"
        },
        {
            "input": "199",
            "output": "Yes"
        },
        {
            "input": "200",
            "output": "No"
        },
        {
            "input": "361",
            "output": "No"
        },
        {
            "input": "318",
            "output": "No"
        },
        {
            "input": "10",
            "output": "No"
        },
        {
            "input": "241",
            "output": "Yes"
        },
        {
            "input": "291",
            "output": "No"
        },
        {
            "input": "474",
            "output": "No"
        },
        {
            "input": "105",
            "output": "No"
        },
        {
            "input": "452",
            "output": "No"
        },
        {
            "input": "352",
            "output": "No"
        },
        {
            "input": "159",
            "output": "No"
        },
        {
            "input": "119",
            "output": "No"
        },
        {
            "input": "63",
            "output": "No"
        },
        {
            "input": "222",
            "output": "No"
        },
        {
            "input": "49",
            "output": "No"
        },
        {
            "input": "38",
            "output": "No"
        },
        {
            "input": "485",
            "output": "No"
        },
        {
            "input": "336",
            "output": "No"
        },
        {
            "input": "305",
            "output": "No"
        },
        {
            "input": "415",
            "output": "No"
        },
        {
            "input": "95",
            "output": "No"
        },
        {
            "input": "33",
            "output": "No"
        },
        {
            "input": "348",
            "output": "No"
        },
        {
            "input": "368",
            "output": "No"
        },
        {
            "input": "14",
            "output": "No"
        },
        {
            "input": "103",
            "output": "Yes"
        },
        {
            "input": "77",
            "output": "No"
        },
        {
            "input": "477",
            "output": "No"
        },
        {
            "input": "456",
            "output": "No"
        },
        {
            "input": "308",
            "output": "No"
        },
        {
            "input": "439",
            "output": "Yes"
        },
        {
            "input": "40",
            "output": "No"
        },
        {
            "input": "408",
            "output": "No"
        },
        {
            "input": "458",
            "output": "No"
        },
        {
            "input": "101",
            "output": "Yes"
        },
        {
            "input": "448",
            "output": "No"
        },
        {
            "input": "146",
            "output": "No"
        },
        {
            "input": "332",
            "output": "No"
        },
        {
            "input": "149",
            "output": "Yes"
        },
        {
            "input": "319",
            "output": "No"
        },
        {
            "input": "34",
            "output": "No"
        },
        {
            "input": "401",
            "output": "Yes"
        },
        {
            "input": "436",
            "output": "No"
        },
        {
            "input": "358",
            "output": "No"
        },
        {
            "input": "115",
            "output": "No"
        },
        {
            "input": "357",
            "output": "No"
        },
        {
            "input": "30",
            "output": "No"
        },
        {
            "input": "238",
            "output": "No"
        },
        {
            "input": "76",
            "output": "No"
        },
        {
            "input": "164",
            "output": "No"
        },
        {
            "input": "28",
            "output": "No"
        },
        {
            "input": "56",
            "output": "No"
        },
        {
            "input": "13",
            "output": "Yes"
        },
        {
            "input": "420",
            "output": "No"
        },
        {
            "input": "251",
            "output": "Yes"
        },
        {
            "input": "347",
            "output": "Yes"
        },
        {
            "input": "201",
            "output": "No"
        },
        {
            "input": "356",
            "output": "No"
        },
        {
            "input": "271",
            "output": "Yes"
        },
        {
            "input": "123",
            "output": "No"
        },
        {
            "input": "326",
            "output": "No"
        },
        {
            "input": "130",
            "output": "No"
        },
        {
            "input": "196",
            "output": "No"
        },
        {
            "input": "410",
            "output": "No"
        },
        {
            "input": "380",
            "output": "No"
        },
        {
            "input": "342",
            "output": "No"
        },
        {
            "input": "369",
            "output": "No"
        },
        {
            "input": "192",
            "output": "No"
        },
        {
            "input": "195",
            "output": "No"
        },
        {
            "input": "177",
            "output": "No"
        },
        {
            "input": "465",
            "output": "No"
        },
        {
            "input": "158",
            "output": "No"
        },
        {
            "input": "453",
            "output": "No"
        },
        {
            "input": "3",
            "output": "Yes"
        },
        {
            "input": "375",
            "output": "No"
        },
        {
            "input": "288",
            "output": "No"
        },
        {
            "input": "202",
            "output": "No"
        },
        {
            "input": "242",
            "output": "No"
        },
        {
            "input": "139",
            "output": "Yes"
        },
        {
            "input": "324",
            "output": "No"
        },
        {
            "input": "283",
            "output": "Yes"
        },
        {
            "input": "175",
            "output": "No"
        },
        {
            "input": "421",
            "output": "Yes"
        },
        {
            "input": "22",
            "output": "No"
        },
        {
            "input": "493",
            "output": "No"
        },
        {
            "input": "261",
            "output": "No"
        },
        {
            "input": "277",
            "output": "Yes"
        },
        {
            "input": "461",
            "output": "Yes"
        },
        {
            "input": "425",
            "output": "No"
        },
        {
            "input": "147",
            "output": "No"
        },
        {
            "input": "245",
            "output": "No"
        },
        {
            "input": "349",
            "output": "Yes"
        },
        {
            "input": "176",
            "output": "No"
        },
        {
            "input": "482",
            "output": "No"
        },
        {
            "input": "112",
            "output": "No"
        },
        {
            "input": "252",
            "output": "No"
        },
        {
            "input": "163",
            "output": "Yes"
        },
        {
            "input": "92",
            "output": "No"
        },
        {
            "input": "244",
            "output": "No"
        },
        {
            "input": "334",
            "output": "No"
        },
        {
            "input": "156",
            "output": "No"
        },
        {
            "input": "187",
            "output": "No"
        },
        {
            "input": "183",
            "output": "No"
        },
        {
            "input": "148",
            "output": "No"
        },
        {
            "input": "51",
            "output": "No"
        },
        {
            "input": "35",
            "output": "No"
        },
        {
            "input": "378",
            "output": "No"
        },
        {
            "input": "484",
            "output": "No"
        },
        {
            "input": "121",
            "output": "No"
        },
        {
            "input": "81",
            "output": "No"
        },
        {
            "input": "126",
            "output": "No"
        },
        {
            "input": "416",
            "output": "No"
        },
        {
            "input": "303",
            "output": "No"
        },
        {
            "input": "198",
            "output": "No"
        },
        {
            "input": "55",
            "output": "No"
        },
        {
            "input": "383",
            "output": "Yes"
        },
        {
            "input": "47",
            "output": "Yes"
        },
        {
            "input": "4",
            "output": "No"
        },
        {
            "input": "86",
            "output": "No"
        },
        {
            "input": "8",
            "output": "No"
        },
        {
            "input": "341",
            "output": "No"
        },
        {
            "input": "236",
            "output": "No"
        },
        {
            "input": "428",
            "output": "No"
        },
        {
            "input": "221",
            "output": "No"
        },
        {
            "input": "418",
            "output": "No"
        },
        {
            "input": "337",
            "output": "Yes"
        },
        {
            "input": "330",
            "output": "No"
        },
        {
            "input": "376",
            "output": "No"
        },
        {
            "input": "171",
            "output": "No"
        },
        {
            "input": "483",
            "output": "No"
        },
        {
            "input": "83",
            "output": "Yes"
        },
        {
            "input": "135",
            "output": "No"
        },
        {
            "input": "304",
            "output": "No"
        },
        {
            "input": "321",
            "output": "No"
        },
        {
            "input": "359",
            "output": "Yes"
        },
        {
            "input": "343",
            "output": "No"
        },
        {
            "input": "26",
            "output": "No"
        },
        {
            "input": "144",
            "output": "No"
        },
        {
            "input": "442",
            "output": "No"
        },
        {
            "input": "353",
            "output": "Yes"
        },
        {
            "input": "84",
            "output": "No"
        },
        {
            "input": "307",
            "output": "Yes"
        }
    ]
}