{
    "id": "product_of_array_except_self",
    "title": "Product of Array Except Self",
    "description": "Given an array of integers, return an array such that each element at index i is the product of all the elements of the original array except the one at index i. Solve it without using division.",
    "input_format": "Space-separated integers representing the array.",
    "output_format": "Space-separated integers representing the product array.",
    "constraints": {
        "size": "2 <= size <= 10^5"
    },
    "judge_mode": "FIRST_FAIL",
    "time_limit": 1,
    "sample_test_cases": [
        {
            "input": "1 2 3 4",
            "output": "24 12 8 6"
        }
    ],
    "hidden_test_cases": [
        {
            "input": "3 1 2 1 2 3 2 3 1 2 4",
            "output": "576 1728 864 1728 864 576 864 576 1728 864 432"
        },
        {
            "input": "4 5 5 2 3 5 5 5 4 1 4",
            "output": "300000 240000 240000 600000 400000 240000 240000 240000 300000 1200000 300000"
        },
        {
            "input": "4 4 3",
            "output": "12 12 16"
        },
        {
            "input": "1 3 1 4 3 2 1 4",
            "output": "288 96 288 72 96 144 288 72"
        },
        {
            "input": "1 1 3",
            "output": "3 3 1"
        },
        {
            "input": "3 3 1 4",
            "output": "12 12 36 9"
        },
        {
            "input": "1 3",
            "output": "3 1"
        },
        {
            "input": "4 4 2 4 2 2 5 4 1",
            "output": "2560 2560 5120 2560 5120 5120 2048 2560 10240"
        },
        {
            "input": "3 3 4 4 4 2 2 5",
            "output": "3840 3840 2880 2880 2880 5760 5760 2304"
        },
        {
            "input": "4 1 2 5 2 2 1 5 5 3",
            "output": "3000 12000 6000 2400 6000 6000 12000 2400 2400 4000"
        },
        {
            "input": "1 1 1 5 5 3 1 5 3 3 5 4",
            "output": "67500 67500 67500 13500 13500 22500 67500 13500 22500 22500 13500 16875"
        },
        {
            "input": "2 3",
            "output": "3 2"
        },
        {
            "input": "2 1 2",
            "output": "2 4 2"
        },
        {
            "input": "3 5 3 2 5 1 3 4 3",
            "output": "5400 3240 5400 8100 3240 16200 5400 4050 5400"
        },
        {
            "input": "1 3 4 4 2 4",
            "output": "384 128 96 96 192 96"
        },
        {
            "input": "3 1 1 3 5",
            "output": "15 45 45 15 9"
        },
        {
            "input": "5 5 2 3 3 3 5 2 1",
            "output": "2700 2700 6750 4500 4500 4500 2700 6750 13500"
        },
        {
            "input": "1 5 4 3 2 2",
            "output": "240 48 60 80 120 120"
        },
        {
            "input": "4 3 2 5 3 1 5 5 2 1 5 4",
            "output": "90000 120000 180000 72000 120000 360000 72000 72000 180000 360000 72000 90000"
        },
        {
            "input": "2 1 5 4 3 2",
            "output": "120 240 48 60 80 120"
        },
        {
            "input": "2 3 4 1 5 3 2 3 3 3 2 5",
            "output": "97200 64800 48600 194400 38880 64800 97200 64800 64800 64800 97200 38880"
        },
        {
            "input": "1 1 4 1 4 3",
            "output": "48 48 12 48 12 16"
        },
        {
            "input": "5 2 5 2 1 1 5",
            "output": "100 250 100 250 500 500 100"
        },
        {
            "input": "3 3",
            "output": "3 3"
        },
        {
            "input": "1 4 5 5",
            "output": "100 25 20 20"
        },
        {
            "input": "3 1 1 1 2 4 5 1 4 1",
            "output": "160 480 480 480 240 120 96 480 120 480"
        },
        {
            "input": "5 2 5 1 1 1 2 1 3 3 1",
            "output": "180 450 180 900 900 900 450 900 300 300 900"
        },
        {
            "input": "4 4 4 1 1 5 2 2 5",
            "output": "1600 1600 1600 6400 6400 1280 3200 3200 1280"
        },
        {
            "input": "5 4 1 5 3 5 5 2 2",
            "output": "6000 7500 30000 6000 10000 6000 6000 15000 15000"
        },
        {
            "input": "4 2 1 2 5 3",
            "output": "60 120 240 120 48 80"
        },
        {
            "input": "2 1 4 3 2 1 1",
            "output": "24 48 12 16 24 48 48"
        },
        {
            "input": "4 3 1 2 3 2 5",
            "output": "180 240 720 360 240 360 144"
        },
        {
            "input": "4 4 4 2 5 5 4 2 2",
            "output": "12800 12800 12800 25600 10240 10240 12800 25600 25600"
        },
        {
            "input": "2 4 5 4 4 3 3 3 3 3 1",
            "output": "77760 38880 31104 38880 38880 51840 51840 51840 51840 51840 155520"
        },
        {
            "input": "5 2",
            "output": "2 5"
        },
        {
            "input": "5 1 5 5 4",
            "output": "100 500 100 100 125"
        },
        {
            "input": "5 5 1 1 2 3 1 4 4",
            "output": "480 480 2400 2400 1200 800 2400 600 600"
        },
        {
            "input": "5 3 3",
            "output": "9 15 15"
        },
        {
            "input": "5 3 1 1 1 2 5 2",
            "output": "60 100 300 300 300 150 60 150"
        },
        {
            "input": "1 5 1 1 1 1",
            "output": "5 1 5 5 5 5"
        },
        {
            "input": "3 5 3 2 4 4 5 1 2 1",
            "output": "4800 2880 4800 7200 3600 3600 2880 14400 7200 14400"
        },
        {
            "input": "5 3 4 5 1 2 4 2 3 5 5 4",
            "output": "288000 480000 360000 288000 1440000 720000 360000 720000 480000 288000 288000 360000"
        },
        {
            "input": "3 1 2 5 2 3 4 3 4",
            "output": "2880 8640 4320 1728 4320 2880 2160 2880 2160"
        },
        {
            "input": "4 3 5 2 3 2 1 3 2 1 2",
            "output": "2160 2880 1728 4320 2880 4320 8640 2880 4320 8640 4320"
        },
        {
            "input": "4 2 1 1 2 1 5",
            "output": "20 40 80 80 40 80 16"
        },
        {
            "input": "5 5 3 5 5 1 1 3 3 1 5",
            "output": "16875 16875 28125 16875 16875 84375 84375 28125 28125 84375 16875"
        },
        {
            "input": "2 3 3 4 3 3 4 1 3",
            "output": "3888 2592 2592 1944 2592 2592 1944 7776 2592"
        },
        {
            "input": "4 5 3 3 5 1 5 5 1 5 1",
            "output": "28125 22500 37500 37500 22500 112500 22500 22500 112500 22500 112500"
        },
        {
            "input": "2 5 1 5 5 3 3 1 4 3 1",
            "output": "13500 5400 27000 5400 5400 9000 9000 27000 6750 9000 27000"
        },
        {
            "input": "4 5 1 5 5",
            "output": "125 100 500 100 100"
        },
        {
            "input": "2 1 1 2 1 4 5 2 5",
            "output": "400 800 800 400 800 200 160 400 160"
        },
        {
            "input": "1 4 1 3 2 4 2 5 3 4 3",
            "output": "34560 8640 34560 11520 17280 8640 17280 6912 11520 8640 11520"
        },
        {
            "input": "2 3 4 2 2",
            "output": "48 32 24 48 48"
        },
        {
            "input": "4 4 3 3 2 2 5",
            "output": "720 720 960 960 1440 1440 576"
        },
        {
            "input": "2 5 5 4",
            "output": "100 40 40 50"
        },
        {
            "input": "5 5",
            "output": "5 5"
        },
        {
            "input": "5 4 4 1 3 1 4 2 2",
            "output": "768 960 960 3840 1280 3840 960 1920 1920"
        },
        {
            "input": "4 4 4",
            "output": "16 16 16"
        },
        {
            "input": "4 2 1 1 5 3 1 5 4",
            "output": "600 1200 2400 2400 480 800 2400 480 600"
        },
        {
            "input": "2 5 1 5 1 4 2 3 2 1",
            "output": "1200 480 2400 480 2400 600 1200 800 1200 2400"
        },
        {
            "input": "1 2 2 3 2 4 3 3 1 1 1 3",
            "output": "2592 1296 1296 864 1296 648 864 864 2592 2592 2592 864"
        },
        {
            "input": "1 1 2 5 3 5 5 5 4 1 4",
            "output": "60000 60000 30000 12000 20000 12000 12000 12000 15000 60000 15000"
        },
        {
            "input": "5 5 3 2 4 5 5 5 4 3 1",
            "output": "180000 180000 300000 450000 225000 180000 180000 180000 225000 300000 900000"
        },
        {
            "input": "1 5 1",
            "output": "5 1 5"
        },
        {
            "input": "3 2 5 4 2 5 5 2 3 3 4",
            "output": "144000 216000 86400 108000 216000 86400 86400 216000 144000 144000 108000"
        },
        {
            "input": "2 3 2 5 1 3 5 2 1 2 2",
            "output": "3600 2400 3600 1440 7200 2400 1440 3600 7200 3600 3600"
        },
        {
            "input": "5 3 1 2 5 3 5 3",
            "output": "1350 2250 6750 3375 1350 2250 1350 2250"
        },
        {
            "input": "2 2 2 4 4 2 2 3",
            "output": "768 768 768 384 384 768 768 512"
        },
        {
            "input": "5 3 4 5 4 2 3",
            "output": "1440 2400 1800 1440 1800 3600 2400"
        },
        {
            "input": "3 1 1 5 4 4 3",
            "output": "240 720 720 144 180 180 240"
        },
        {
            "input": "1 4 2 4 2 4 5 3",
            "output": "3840 960 1920 960 1920 960 768 1280"
        },
        {
            "input": "5 4 2",
            "output": "8 10 20"
        },
        {
            "input": "2 2 3 4 4 1 2 5 4 5 4 4",
            "output": "307200 307200 204800 153600 153600 614400 307200 122880 153600 122880 153600 153600"
        },
        {
            "input": "2 4 3 2 4 2 4",
            "output": "768 384 512 768 384 768 384"
        },
        {
            "input": "2 4 2 2 5 5 5",
            "output": "2000 1000 2000 2000 800 800 800"
        },
        {
            "input": "2 1",
            "output": "1 2"
        },
        {
            "input": "3 3 1",
            "output": "3 3 9"
        },
        {
            "input": "5 1 5 5 3 5",
            "output": "375 1875 375 375 625 375"
        },
        {
            "input": "4 2 4 1 3 4 5 5 4",
            "output": "9600 19200 9600 38400 12800 9600 7680 7680 9600"
        },
        {
            "input": "1 2 4 2 4 1",
            "output": "64 32 16 32 16 64"
        },
        {
            "input": "1 2 2 5 1",
            "output": "20 10 10 4 20"
        },
        {
            "input": "2 4 3 1 1 5 1 3 3 4",
            "output": "2160 1080 1440 4320 4320 864 4320 1440 1440 1080"
        },
        {
            "input": "4 2",
            "output": "2 4"
        },
        {
            "input": "5 2 3 3 5 2 5",
            "output": "900 2250 1500 1500 900 2250 900"
        },
        {
            "input": "1 4 2",
            "output": "8 2 4"
        },
        {
            "input": "3 2 4 5 1 2 4 2 3 2 2",
            "output": "7680 11520 5760 4608 23040 11520 5760 11520 7680 11520 11520"
        },
        {
            "input": "5 5 4 3 1 3",
            "output": "180 180 225 300 900 300"
        },
        {
            "input": "4 1 3 2 1 1",
            "output": "6 24 8 12 24 24"
        },
        {
            "input": "4 3 4",
            "output": "12 16 12"
        },
        {
            "input": "1 5 5 5 4 3 4 2 2 1 4 1",
            "output": "96000 19200 19200 19200 24000 32000 24000 48000 48000 96000 24000 96000"
        },
        {
            "input": "2 2 4 4 1 5 2 3 3 5 2",
            "output": "28800 28800 14400 14400 57600 11520 28800 19200 19200 11520 28800"
        },
        {
            "input": "1 4 5 1 5",
            "output": "100 25 20 100 20"
        },
        {
            "input": "3 5",
            "output": "5 3"
        },
        {
            "input": "2 2 2 2 1 3 4 1 2",
            "output": "192 192 192 192 384 128 96 384 192"
        },
        {
            "input": "3 1 2",
            "output": "2 6 3"
        },
        {
            "input": "2 2 2 2 1 2 2 5",
            "output": "160 160 160 160 320 160 160 64"
        },
        {
            "input": "4 2 4 3 5 4 2 1",
            "output": "960 1920 960 1280 768 960 1920 3840"
        },
        {
            "input": "4 5",
            "output": "5 4"
        },
        {
            "input": "4 1 1 1 1 5 1 1 3",
            "output": "15 60 60 60 60 12 60 60 20"
        },
        {
            "input": "3 5 5",
            "output": "25 15 15"
        },
        {
            "input": "5 2 5 1 3 5 2 2 4 5 3",
            "output": "36000 90000 36000 180000 60000 36000 90000 90000 45000 36000 60000"
        },
        {
            "input": "3 2 1 3 4 4 3 4 3",
            "output": "3456 5184 10368 3456 2592 2592 3456 2592 3456"
        },
        {
            "input": "4 5 4 4",
            "output": "80 64 80 80"
        },
        {
            "input": "2 2 5 4 2 5 5",
            "output": "2000 2000 800 1000 2000 800 800"
        },
        {
            "input": "4 5 2 4 5 4 4 2 3 2 2",
            "output": "76800 61440 153600 76800 61440 76800 76800 153600 102400 153600 153600"
        },
        {
            "input": "2 4 3 5 5",
            "output": "300 150 200 120 120"
        },
        {
            "input": "1 1 4 5 4 2 1 2 3",
            "output": "960 960 240 192 240 480 960 480 320"
        },
        {
            "input": "2 4 1 4 1 5 2 4 2 3",
            "output": "3840 1920 7680 1920 7680 1536 3840 1920 3840 2560"
        },
        {
            "input": "3 2 4 4 4 3 3 3",
            "output": "3456 5184 2592 2592 2592 3456 3456 3456"
        },
        {
            "input": "3 1",
            "output": "1 3"
        },
        {
            "input": "4 5 3",
            "output": "15 12 20"
        },
        {
            "input": "3 1 1 2 4 5 2 5 2 5 3",
            "output": "12000 36000 36000 18000 9000 7200 18000 7200 18000 7200 12000"
        },
        {
            "input": "2 2 2 5 5 3 5 2",
            "output": "3000 3000 3000 1200 1200 2000 1200 3000"
        },
        {
            "input": "2 1 3 4 3 1 2 4",
            "output": "288 576 192 144 192 576 288 144"
        },
        {
            "input": "1 4 4 1 1 4 1 4 2 2 4 5",
            "output": "20480 5120 5120 20480 20480 5120 20480 5120 10240 10240 5120 4096"
        },
        {
            "input": "3 4 2 5 2 3 4 1",
            "output": "960 720 1440 576 1440 960 720 2880"
        },
        {
            "input": "4 3 3 5 5 1 5 2 5 2",
            "output": "22500 30000 30000 18000 18000 90000 18000 45000 18000 45000"
        },
        {
            "input": "3 3 1 5",
            "output": "15 15 45 9"
        },
        {
            "input": "3 3 3 5 3 2 5 3 2",
            "output": "8100 8100 8100 4860 8100 12150 4860 8100 12150"
        },
        {
            "input": "2 1 5 2 3 4 2 2",
            "output": "480 960 192 480 320 240 480 480"
        },
        {
            "input": "3 4 4 2 3 5 4 3",
            "output": "5760 4320 4320 8640 5760 3456 4320 5760"
        },
        {
            "input": "3 5 5 3 1 3 5 5 1",
            "output": "5625 3375 3375 5625 16875 5625 3375 3375 16875"
        },
        {
            "input": "2 1 4 4 2 5 4",
            "output": "640 1280 320 320 640 256 320"
        },
        {
            "input": "5 4 4 1 4 2 1 4",
            "output": "512 640 640 2560 640 1280 2560 640"
        },
        {
            "input": "5 2 4 3 1 3 5",
            "output": "360 900 450 600 1800 600 360"
        },
        {
            "input": "5 1 3",
            "output": "3 15 5"
        },
        {
            "input": "4 4",
            "output": "4 4"
        },
        {
            "input": "5 1 2 4 2 3 1 5 4 2 1 3",
            "output": "5760 28800 14400 7200 14400 9600 28800 5760 7200 14400 28800 9600"
        },
        {
            "input": "4 4 3 2 4",
            "output": "96 96 128 192 96"
        },
        {
            "input": "3 2 3 5 2 2 1 4 2 2",
            "output": "1920 2880 1920 1152 2880 2880 5760 1440 2880 2880"
        },
        {
            "input": "1 2 4 1 3 3 5 5 3 4 1 3",
            "output": "64800 32400 16200 64800 21600 21600 12960 12960 21600 16200 64800 21600"
        },
        {
            "input": "2 5 5 1 5 5 1 3",
            "output": "1875 750 750 3750 750 750 3750 1250"
        },
        {
            "input": "4 1 5 1 3 1 1 1 1 3",
            "output": "45 180 36 180 60 180 180 180 180 60"
        },
        {
            "input": "5 3 2 5 2 1 4 5 4 1",
            "output": "4800 8000 12000 4800 12000 24000 6000 4800 6000 24000"
        },
        {
            "input": "2 5 2 3",
            "output": "30 12 30 20"
        },
        {
            "input": "3 4 1 1 2 4 5 1",
            "output": "160 120 480 480 240 120 96 480"
        },
        {
            "input": "5 2 1 5 2 2 1 5",
            "output": "200 500 1000 200 500 500 1000 200"
        },
        {
            "input": "1 3 1 5 3 2 5 3 1 5 2",
            "output": "13500 4500 13500 2700 4500 6750 2700 4500 13500 2700 6750"
        },
        {
            "input": "2 5 5 5 4 3 4",
            "output": "6000 2400 2400 2400 3000 4000 3000"
        },
        {
            "input": "4 1 4 1 5 5 4 1 2",
            "output": "800 3200 800 3200 640 640 800 3200 1600"
        },
        {
            "input": "1 2 4 1",
            "output": "8 4 2 8"
        },
        {
            "input": "4 2 2 5",
            "output": "20 40 40 16"
        },
        {
            "input": "4 4 3 1 4 2 3 4 2 5 1 5",
            "output": "57600 57600 76800 230400 57600 115200 76800 57600 115200 46080 230400 46080"
        },
        {
            "input": "1 4 5 5 2 1",
            "output": "200 50 40 40 100 200"
        },
        {
            "input": "5 4",
            "output": "4 5"
        },
        {
            "input": "3 1 2 2 2 5 5 5 4",
            "output": "4000 12000 6000 6000 6000 2400 2400 2400 3000"
        },
        {
            "input": "3 3 2 4 5 3 5 4 4",
            "output": "28800 28800 43200 21600 17280 28800 17280 21600 21600"
        },
        {
            "input": "5 1",
            "output": "1 5"
        },
        {
            "input": "1 2",
            "output": "2 1"
        },
        {
            "input": "5 1 4 2 4 5",
            "output": "160 800 200 400 200 160"
        },
        {
            "input": "5 4 1 2 2 3 4 3 4",
            "output": "2304 2880 11520 5760 5760 3840 2880 3840 2880"
        },
        {
            "input": "5 4 3 2 2 3 5 3 4",
            "output": "8640 10800 14400 21600 21600 14400 8640 14400 10800"
        },
        {
            "input": "4 2 4 2 2 1 5 3",
            "output": "480 960 480 960 960 1920 384 640"
        },
        {
            "input": "2 4 3",
            "output": "12 6 8"
        },
        {
            "input": "5 5 4 1",
            "output": "20 20 25 100"
        },
        {
            "input": "4 3 1 3 1 1 5 1",
            "output": "45 60 180 60 180 180 36 180"
        },
        {
            "input": "1 1 1 5 3",
            "output": "15 15 15 3 5"
        },
        {
            "input": "5 3 4 5 3 1 4 3",
            "output": "2160 3600 2700 2160 3600 10800 2700 3600"
        },
        {
            "input": "4 2 1 3 1 5 4 4 5 4",
            "output": "9600 19200 38400 12800 38400 7680 9600 9600 7680 9600"
        },
        {
            "input": "1 3 5 1 2 3 3 1",
            "output": "270 90 54 270 135 90 90 270"
        },
        {
            "input": "5 5 1 5",
            "output": "25 25 125 25"
        },
        {
            "input": "5 1 1 3 5 2 4 4 1 1 1 1",
            "output": "480 2400 2400 800 480 1200 600 600 2400 2400 2400 2400"
        },
        {
            "input": "2 4",
            "output": "4 2"
        },
        {
            "input": "3 4 3 3 5 3 2 2 2 2",
            "output": "8640 6480 8640 8640 5184 8640 12960 12960 12960 12960"
        },
        {
            "input": "4 3",
            "output": "3 4"
        },
        {
            "input": "1 2 3 3 1 1 1",
            "output": "18 9 6 6 18 18 18"
        },
        {
            "input": "3 5 3",
            "output": "15 9 15"
        },
        {
            "input": "1 2 1 4 2 4 1 2 1",
            "output": "128 64 128 32 64 32 128 64 128"
        },
        {
            "input": "4 1 3 1 1 2",
            "output": "6 24 8 24 24 12"
        },
        {
            "input": "3 3 1 1",
            "output": "3 3 9 9"
        },
        {
            "input": "4 4 4 5 1 4 3 2 4 2 5",
            "output": "76800 76800 76800 61440 307200 76800 102400 153600 76800 153600 61440"
        },
        {
            "input": "1 4 5 4 4 1 1 2 1 2",
            "output": "1280 320 256 320 320 1280 1280 640 1280 640"
        },
        {
            "input": "5 3 3 4",
            "output": "36 60 60 45"
        },
        {
            "input": "4 3 2 4 3 5 3 1 3 4",
            "output": "12960 17280 25920 12960 17280 10368 17280 51840 17280 12960"
        },
        {
            "input": "3 4 5 3 5 4 3 3 5 3",
            "output": "162000 121500 97200 162000 97200 121500 162000 162000 97200 162000"
        },
        {
            "input": "3 2 2 1 4 3 5",
            "output": "240 360 360 720 180 240 144"
        },
        {
            "input": "4 1 3 3 3 4 3 2 5 3 5 1",
            "output": "48600 194400 64800 64800 64800 48600 64800 97200 38880 64800 38880 194400"
        },
        {
            "input": "4 2 3 1 1 1 2 1",
            "output": "12 24 16 48 48 48 24 48"
        },
        {
            "input": "5 4 1 2",
            "output": "8 10 40 20"
        },
        {
            "input": "4 4 3 2 5 4 2 1",
            "output": "960 960 1280 1920 768 960 1920 3840"
        },
        {
            "input": "1 5 5 5 5 1",
            "output": "625 125 125 125 125 625"
        },
        {
            "input": "2 4 4 4 1 5",
            "output": "320 160 160 160 640 128"
        },
        {
            "input": "1 3 4",
            "output": "12 4 3"
        },
        {
            "input": "5 5 1 1 5 4 5 4",
            "output": "2000 2000 10000 10000 2000 2500 2000 2500"
        },
        {
            "input": "1 4 4 1 3",
            "output": "48 12 12 48 16"
        },
        {
            "input": "5 3 4 5 4",
            "output": "240 400 300 240 300"
        },
        {
            "input": "5 2 1 4",
            "output": "8 20 40 10"
        },
        {
            "input": "3 4 1 1 2 3",
            "output": "24 18 72 72 36 24"
        },
        {
            "input": "4 4 3 3 1",
            "output": "36 36 48 48 144"
        },
        {
            "input": "5 2 3 5 2 2 1 1",
            "output": "120 300 200 120 300 300 600 600"
        },
        {
            "input": "5 1 5 2 2 3 2",
            "output": "120 600 120 300 300 200 300"
        },
        {
            "input": "5 5 3 5 3 2 4 2",
            "output": "3600 3600 6000 3600 6000 9000 4500 9000"
        },
        {
            "input": "4 3 5 4",
            "output": "60 80 48 60"
        },
        {
            "input": "5 4 1 1 3 4 3 1 5 5",
            "output": "3600 4500 18000 18000 6000 4500 6000 18000 3600 3600"
        },
        {
            "input": "1 4 4 3 5 2 4",
            "output": "1920 480 480 640 384 960 480"
        },
        {
            "input": "1 3 4 5 3 3 1 4 3 5 2 1",
            "output": "64800 21600 16200 12960 21600 21600 64800 16200 21600 12960 32400 64800"
        },
        {
            "input": "3 5 3 5 1 5",
            "output": "375 225 375 225 1125 225"
        },
        {
            "input": "4 4 3 1 4 5",
            "output": "240 240 320 960 240 192"
        },
        {
            "input": "1 4 5 5 3 3 3 2 1 2 1",
            "output": "10800 2700 2160 2160 3600 3600 3600 5400 10800 5400 10800"
        },
        {
            "input": "2 3 1",
            "output": "3 2 6"
        },
        {
            "input": "4 3 3 3",
            "output": "27 36 36 36"
        },
        {
            "input": "2 5 4 2 2 4 2 4 5 2 1",
            "output": "25600 10240 12800 25600 25600 12800 25600 12800 10240 25600 51200"
        },
        {
            "input": "3 4 4 5 2 1",
            "output": "160 120 120 96 240 480"
        },
        {
            "input": "3 3 3 5 2 3",
            "output": "270 270 270 162 405 270"
        },
        {
            "input": "3 5 5 4",
            "output": "100 60 60 75"
        },
        {
            "input": "4 3 2 4 1 3 4",
            "output": "288 384 576 288 1152 384 288"
        },
        {
            "input": "3 5 4 4 1 4 5 5 2 4 4",
            "output": "256000 153600 192000 192000 768000 192000 153600 153600 384000 192000 192000"
        },
        {
            "input": "3 2 2 4 1 2 1 3 4 3 2",
            "output": "2304 3456 3456 1728 6912 3456 6912 2304 1728 2304 3456"
        },
        {
            "input": "2 1 3 2 2",
            "output": "12 24 8 12 12"
        },
        {
            "input": "2 4 1 3 2",
            "output": "24 12 48 16 24"
        },
        {
            "input": "1 5",
            "output": "5 1"
        },
        {
            "input": "1 4 4",
            "output": "16 4 4"
        },
        {
            "input": "5 4 3 3 5 2 3",
            "output": "1080 1350 1800 1800 1080 2700 1800"
        },
        {
            "input": "5 3 3 2 3 4 1 2 5 4",
            "output": "8640 14400 14400 21600 14400 10800 43200 21600 8640 10800"
        },
        {
            "input": "1 4",
            "output": "4 1"
        },
        {
            "input": "1 1 4 1 4 4 1 3 5 1 1 4",
            "output": "3840 3840 960 3840 960 960 3840 1280 768 3840 3840 960"
        },
        {
            "input": "2 2 1 1 1 3 3 4 2 5 1 4",
            "output": "2880 2880 5760 5760 5760 1920 1920 1440 2880 1152 5760 1440"
        },
        {
            "input": "3 3 1 5 1 2 1 4 2",
            "output": "240 240 720 144 720 360 720 180 360"
        },
        {
            "input": "2 3 1 1 1 1 1 4 4",
            "output": "48 32 96 96 96 96 96 24 24"
        },
        {
            "input": "3 1 5 3 3 3 4 4",
            "output": "2160 6480 1296 2160 2160 2160 1620 1620"
        },
        {
            "input": "1 1 3 5 4 3 3",
            "output": "540 540 180 108 135 180 180"
        },
        {
            "input": "4 1 1 2 2 5 3 5",
            "output": "300 1200 1200 600 600 240 400 240"
        },
        {
            "input": "4 5 3 1 1 2 3 4 3 2",
            "output": "2160 1728 2880 8640 8640 4320 2880 2160 2880 4320"
        },
        {
            "input": "4 2 5 1 4 2 5 1 3 1 1 3",
            "output": "3600 7200 2880 14400 3600 7200 2880 14400 4800 14400 14400 4800"
        },
        {
            "input": "3 1 5 2 4 4 4 4",
            "output": "2560 7680 1536 3840 1920 1920 1920 1920"
        },
        {
            "input": "5 5 2 2 5",
            "output": "100 100 250 250 100"
        },
        {
            "input": "1 4 1 5 2",
            "output": "40 10 40 8 20"
        },
        {
            "input": "3 2 4",
            "output": "8 12 6"
        },
        {
            "input": "1 4 3 5 4 4 5",
            "output": "4800 1200 1600 960 1200 1200 960"
        },
        {
            "input": "4 3 1 1 5 1 5 2 4 4 2 5",
            "output": "24000 32000 96000 96000 19200 96000 19200 48000 24000 24000 48000 19200"
        },
        {
            "input": "4 2 4",
            "output": "8 16 8"
        },
        {
            "input": "2 1 5 3 2 4 3 1 1 2",
            "output": "720 1440 288 480 720 360 480 1440 1440 720"
        },
        {
            "input": "2 2 5 3 1 3 5 4",
            "output": "1800 1800 720 1200 3600 1200 720 900"
        },
        {
            "input": "1 2 3 4 1",
            "output": "24 12 8 6 24"
        },
        {
            "input": "1 2 1 4 1 4 3 4 1 5",
            "output": "1920 960 1920 480 1920 480 640 480 1920 384"
        },
        {
            "input": "4 1 3 5 3 5 4 1 4 4 2 3",
            "output": "86400 345600 115200 69120 115200 69120 86400 345600 86400 86400 172800 115200"
        },
        {
            "input": "4 5 1 5 5 4 1 1",
            "output": "500 400 2000 400 400 500 2000 2000"
        },
        {
            "input": "3 1 4 5 2 5 4",
            "output": "800 2400 600 480 1200 480 600"
        },
        {
            "input": "5 5 4 2 5 2 5 1",
            "output": "2000 2000 2500 5000 2000 5000 2000 10000"
        },
        {
            "input": "2 1 5 2 1 2 3 1 2 5",
            "output": "600 1200 240 600 1200 600 400 1200 600 240"
        },
        {
            "input": "5 5 5 2 3 3 3 2 4 3",
            "output": "32400 32400 32400 81000 54000 54000 54000 81000 40500 54000"
        },
        {
            "input": "2 5 5 2 3 3",
            "output": "450 180 180 450 300 300"
        },
        {
            "input": "1 5 3 4 1 3 2",
            "output": "360 72 120 90 360 120 180"
        },
        {
            "input": "3 2 1 5 4 3",
            "output": "120 180 360 72 90 120"
        },
        {
            "input": "4 4 3 4 5 5 3 5 5",
            "output": "90000 90000 120000 90000 72000 72000 120000 72000 72000"
        },
        {
            "input": "2 3 1 5 4 1 4 5 3 2 3",
            "output": "21600 14400 43200 8640 10800 43200 10800 8640 14400 21600 14400"
        },
        {
            "input": "1 4 3",
            "output": "12 3 4"
        },
        {
            "input": "1 4 2 5 5 2 2 1",
            "output": "800 200 400 160 160 400 400 800"
        },
        {
            "input": "1 5 3 4 3 1 2 4 4",
            "output": "5760 1152 1920 1440 1920 5760 2880 1440 1440"
        },
        {
            "input": "3 1 4 5 4 3 2 1 4 4 3",
            "output": "23040 69120 17280 13824 17280 23040 34560 69120 17280 17280 23040"
        },
        {
            "input": "4 5 2 3",
            "output": "30 24 60 40"
        },
        {
            "input": "4 3 5 2 2 3 5 3 2 4 1 4",
            "output": "86400 115200 69120 172800 172800 115200 69120 115200 172800 86400 345600 86400"
        },
        {
            "input": "2 5 5 5 5",
            "output": "625 250 250 250 250"
        },
        {
            "input": "2 2 2 2 4 3 5 2",
            "output": "960 960 960 960 480 640 384 960"
        },
        {
            "input": "2 5 3 3 5 2 1 3",
            "output": "1350 540 900 900 540 1350 2700 900"
        },
        {
            "input": "1 1 1 5 5 1 4 1 1 1",
            "output": "100 100 100 20 20 100 25 100 100 100"
        },
        {
            "input": "1 3 5 2 1 5 3 2 4 3 5 3",
            "output": "162000 54000 32400 81000 162000 32400 54000 81000 40500 54000 32400 54000"
        },
        {
            "input": "3 4 1",
            "output": "4 3 12"
        },
        {
            "input": "1 1",
            "output": "1 1"
        },
        {
            "input": "3 3 1 2 4 2 3 5",
            "output": "720 720 2160 1080 540 1080 720 432"
        },
        {
            "input": "1 2 3 4 1 3 1",
            "output": "72 36 24 18 72 24 72"
        },
        {
            "input": "3 4 4 5 3 1 5 5 2 5 5 5",
            "output": "1500000 1125000 1125000 900000 1500000 4500000 900000 900000 2250000 900000 900000 900000"
        },
        {
            "input": "4 3 5 3 4 1",
            "output": "180 240 144 240 180 720"
        },
        {
            "input": "3 3 3 2 2 2",
            "output": "72 72 72 108 108 108"
        },
        {
            "input": "3 2 5 3 5 1 2 1 5",
            "output": "1500 2250 900 1500 900 4500 2250 4500 900"
        },
        {
            "input": "2 4 3 1 2 2 5 5 2 4",
            "output": "9600 4800 6400 19200 9600 9600 3840 3840 9600 4800"
        },
        {
            "input": "3 1 2 1 3 1 3 5",
            "output": "90 270 135 270 90 270 90 54"
        },
        {
            "input": "1 2 2 3 4 2",
            "output": "96 48 48 32 24 48"
        },
        {
            "input": "5 5 1 5 4 1 5 2 2 1 5 2",
            "output": "20000 20000 100000 20000 25000 100000 20000 50000 50000 100000 20000 50000"
        },
        {
            "input": "1 3 2",
            "output": "6 2 3"
        },
        {
            "input": "2 1 4 2 1 4 3 5 3 4",
            "output": "5760 11520 2880 5760 11520 2880 3840 2304 3840 2880"
        },
        {
            "input": "4 4 5 4 3 3 2",
            "output": "1440 1440 1152 1440 1920 1920 2880"
        },
        {
            "input": "2 2 2 5 4 1 3 1 2 2 5 5",
            "output": "24000 24000 24000 9600 12000 48000 16000 48000 24000 24000 9600 9600"
        },
        {
            "input": "3 3 5 5 2 2 3 3 4 5 2 4",
            "output": "432000 432000 259200 259200 648000 648000 432000 432000 324000 259200 648000 324000"
        },
        {
            "input": "4 3 3 1",
            "output": "9 12 12 36"
        },
        {
            "input": "4 1 3 5 3 1 4 1 1 1 3 2",
            "output": "1080 4320 1440 864 1440 4320 1080 4320 4320 4320 1440 2160"
        },
        {
            "input": "5 3 5 5 4 1 1",
            "output": "300 500 300 300 375 1500 1500"
        },
        {
            "input": "5 1 3 3 4 3 5 3 1 3 3",
            "output": "14580 72900 24300 24300 18225 24300 14580 24300 72900 24300 24300"
        },
        {
            "input": "3 2 1 2 3 2 5 5 2 2 5 1",
            "output": "12000 18000 36000 18000 12000 18000 7200 7200 18000 18000 7200 36000"
        },
        {
            "input": "5 4 4 3 2 1 3",
            "output": "288 360 360 480 720 1440 480"
        },
        {
            "input": "2 4 3 2 2 4 1 4 5",
            "output": "3840 1920 2560 3840 3840 1920 7680 1920 1536"
        },
        {
            "input": "5 1 5 4 5 3 4 3 4 2 3",
            "output": "86400 432000 86400 108000 86400 144000 108000 144000 108000 216000 144000"
        },
        {
            "input": "4 4 4 1 2",
            "output": "32 32 32 128 64"
        },
        {
            "input": "4 1 4 3 3",
            "output": "36 144 36 48 48"
        },
        {
            "input": "4 5 4 2 2 2",
            "output": "160 128 160 320 320 320"
        },
        {
            "input": "4 5 1 3 2 1 1 2 1 2",
            "output": "120 96 480 160 240 480 480 240 480 240"
        },
        {
            "input": "4 4 3 5 4 4 5 3 4 3",
            "output": "172800 172800 230400 138240 172800 172800 138240 230400 172800 230400"
        },
        {
            "input": "1 3 4 5 3 3 1 4",
            "output": "2160 720 540 432 720 720 2160 540"
        },
        {
            "input": "4 1 3",
            "output": "3 12 4"
        },
        {
            "input": "3 1 3 3",
            "output": "9 27 9 9"
        },
        {
            "input": "1 1 3 3 3 5 3 4 4 1 4 2",
            "output": "51840 51840 17280 17280 17280 10368 17280 12960 12960 51840 12960 25920"
        },
        {
            "input": "4 5 5 4 3",
            "output": "300 240 240 300 400"
        },
        {
            "input": "5 5 5 2 2",
            "output": "100 100 100 250 250"
        },
        {
            "input": "3 2 5 5 2 4 4 4 2 4 2 4",
            "output": "409600 614400 245760 245760 614400 307200 307200 307200 614400 307200 614400 307200"
        },
        {
            "input": "3 5 2 4 4 1 3 2 1 2 5",
            "output": "9600 5760 14400 7200 7200 28800 9600 14400 28800 14400 5760"
        },
        {
            "input": "3 2 5 1 2 3",
            "output": "60 90 36 180 90 60"
        },
        {
            "input": "5 4 2 4 2 2",
            "output": "128 160 320 160 320 320"
        },
        {
            "input": "1 5 2 1 5 3 3 5 4 5 2",
            "output": "90000 18000 45000 90000 18000 30000 30000 18000 22500 18000 45000"
        },
        {
            "input": "5 5 1 3 2 3 3",
            "output": "270 270 1350 450 675 450 450"
        },
        {
            "input": "2 2 2 4 2 5 3 2 1",
            "output": "960 960 960 480 960 384 640 960 1920"
        },
        {
            "input": "2 1 4 1 3 1 3 5 1 1 4 1",
            "output": "720 1440 360 1440 480 1440 480 288 1440 1440 360 1440"
        },
        {
            "input": "1 1 2",
            "output": "2 2 1"
        },
        {
            "input": "1 3 5 1 5 3 5 3 2 3 1",
            "output": "20250 6750 4050 20250 4050 6750 4050 6750 10125 6750 20250"
        },
        {
            "input": "5 1 2 3 1 4 1 5 5 1 2 2",
            "output": "2400 12000 6000 4000 12000 3000 12000 2400 2400 12000 6000 6000"
        },
        {
            "input": "1 4 5 4 5 1",
            "output": "400 100 80 100 80 400"
        },
        {
            "input": "4 3 2 5 1",
            "output": "30 40 60 24 120"
        },
        {
            "input": "4 1 2 2 5 4 1 2 3",
            "output": "480 1920 960 960 384 480 1920 960 640"
        },
        {
            "input": "2 2 2 5 3 2 5 3 2 3",
            "output": "10800 10800 10800 4320 7200 10800 4320 7200 10800 7200"
        },
        {
            "input": "4 4 4 1 2 1 5 5",
            "output": "800 800 800 3200 1600 3200 640 640"
        },
        {
            "input": "1 3 1 5",
            "output": "15 5 15 3"
        },
        {
            "input": "3 1 2 2 4 2 4",
            "output": "128 384 192 192 96 192 96"
        },
        {
            "input": "2 2 2 5 3 1 4 3 2 5 2",
            "output": "14400 14400 14400 5760 9600 28800 7200 9600 14400 5760 14400"
        },
        {
            "input": "1 4 3 5",
            "output": "60 15 20 12"
        },
        {
            "input": "1 3 4 2 1 4 2 5 2 1 5",
            "output": "9600 3200 2400 4800 9600 2400 4800 1920 4800 9600 1920"
        },
        {
            "input": "3 4 3 4 4 1 5",
            "output": "960 720 960 720 720 2880 576"
        },
        {
            "input": "2 1 5 2 4 5 4 5 2",
            "output": "8000 16000 3200 8000 4000 3200 4000 3200 8000"
        },
        {
            "input": "2 1 4 3 3 1",
            "output": "36 72 18 24 24 72"
        },
        {
            "input": "3 1 2 3 3 3 1",
            "output": "54 162 81 54 54 54 162"
        },
        {
            "input": "4 2 1 2 3 4 2 3 5 1 2 2",
            "output": "5760 11520 23040 11520 7680 5760 11520 7680 4608 23040 11520 11520"
        },
        {
            "input": "1 4 5 1 2 3",
            "output": "120 30 24 120 60 40"
        },
        {
            "input": "1 3 1 1 1 1 4 2 2 3 1",
            "output": "144 48 144 144 144 144 36 72 72 48 144"
        },
        {
            "input": "3 1 5 2 4 2 1 4 1 4",
            "output": "1280 3840 768 1920 960 1920 3840 960 3840 960"
        },
        {
            "input": "5 3 5 5 5 5 4 1 2 3 3",
            "output": "135000 225000 135000 135000 135000 135000 168750 675000 337500 225000 225000"
        },
        {
            "input": "3 2 3 2 3 3 2 3 5 4 5 1",
            "output": "64800 97200 64800 97200 64800 64800 97200 64800 38880 48600 38880 194400"
        },
        {
            "input": "3 2 1 1 2 5",
            "output": "20 30 60 60 30 12"
        },
        {
            "input": "4 1 3 4 3 5 1 2 2 4",
            "output": "2880 11520 3840 2880 3840 2304 11520 5760 5760 2880"
        },
        {
            "input": "2 2 2 1 3 3 5",
            "output": "180 180 180 360 120 120 72"
        },
        {
            "input": "1 3 5 1 2 4 3 2",
            "output": "720 240 144 720 360 180 240 360"
        },
        {
            "input": "3 3 3",
            "output": "9 9 9"
        },
        {
            "input": "3 2 3",
            "output": "6 9 6"
        },
        {
            "input": "2 2",
            "output": "2 2"
        },
        {
            "input": "5 2 3 5 3 3 4 2 4",
            "output": "8640 21600 14400 8640 14400 14400 10800 21600 10800"
        },
        {
            "input": "1 2 3 2 1",
            "output": "12 6 4 6 12"
        },
        {
            "input": "2 5 2 1",
            "output": "10 4 10 20"
        },
        {
            "input": "3 2 2 1 5 5 1 2 4 5",
            "output": "4000 6000 6000 12000 2400 2400 12000 6000 3000 2400"
        },
        {
            "input": "3 3 2 1 4",
            "output": "24 24 36 72 18"
        },
        {
            "input": "5 2 2 5 4 5 4 5 1 2 1",
            "output": "16000 40000 40000 16000 20000 16000 20000 16000 80000 40000 80000"
        },
        {
            "input": "4 3 4 4 4 5 2 3 4 1",
            "output": "23040 30720 23040 23040 23040 18432 46080 30720 23040 92160"
        },
        {
            "input": "5 4 3 2 3 4 4 4 1 1 5 2",
            "output": "46080 57600 76800 115200 76800 57600 57600 57600 230400 230400 46080 115200"
        },
        {
            "input": "5 2 3 1 1 4",
            "output": "24 60 40 120 120 30"
        },
        {
            "input": "2 3 3 2 1 5",
            "output": "90 60 60 90 180 36"
        },
        {
            "input": "2 2 4 1 4 3 1 3 3 3 5",
            "output": "12960 12960 6480 25920 6480 8640 25920 8640 8640 8640 5184"
        },
        {
            "input": "1 2 1 3 1 5 3 2 4",
            "output": "720 360 720 240 720 144 240 360 180"
        },
        {
            "input": "3 5 1 2 4 3",
            "output": "120 72 360 180 90 120"
        },
        {
            "input": "4 5 5 3 1 1 2 3 3 5 5 2",
            "output": "67500 54000 54000 90000 270000 270000 135000 90000 90000 54000 54000 135000"
        },
        {
            "input": "1 2 3 3 1",
            "output": "18 9 6 6 18"
        },
        {
            "input": "1 4 4 2",
            "output": "32 8 8 16"
        },
        {
            "input": "4 5 1 2",
            "output": "10 8 40 20"
        },
        {
            "input": "4 4 5 1 5 5",
            "output": "500 500 400 2000 400 400"
        },
        {
            "input": "3 4 2 5 5",
            "output": "200 150 300 120 120"
        },
        {
            "input": "1 2 4 1 4 5 4 4 4 3",
            "output": "30720 15360 7680 30720 7680 6144 7680 7680 7680 10240"
        },
        {
            "input": "4 1 3 5 3 5 4 5 4 2",
            "output": "36000 144000 48000 28800 48000 28800 36000 28800 36000 72000"
        },
        {
            "input": "1 3 4 2",
            "output": "24 8 6 12"
        },
        {
            "input": "4 3 2 3 5 1 4 1 3 2",
            "output": "2160 2880 4320 2880 1728 8640 2160 8640 2880 4320"
        },
        {
            "input": "5 2 5 3 4 1 3 5",
            "output": "1800 4500 1800 3000 2250 9000 3000 1800"
        },
        {
            "input": "1 1 5 3 4 1 5 1 2",
            "output": "600 600 120 200 150 600 120 600 300"
        },
        {
            "input": "3 5 4 3 4 3",
            "output": "720 432 540 720 540 720"
        },
        {
            "input": "5 3 3 2 4 5 3 2 5 3 5",
            "output": "162000 270000 270000 405000 202500 162000 270000 405000 162000 270000 162000"
        },
        {
            "input": "5 5 2 4 4 4",
            "output": "640 640 1600 800 800 800"
        },
        {
            "input": "1 1 2 4 5 1 5 3 1 5",
            "output": "3000 3000 1500 750 600 3000 600 1000 3000 600"
        },
        {
            "input": "1 2 3 5 1",
            "output": "30 15 10 6 30"
        },
        {
            "input": "4 2 1 2 4 1",
            "output": "16 32 64 32 16 64"
        },
        {
            "input": "1 2 1 1",
            "output": "2 1 2 2"
        },
        {
            "input": "4 5 5 4 3 2",
            "output": "600 480 480 600 800 1200"
        },
        {
            "input": "5 5 2 2 5 2 5 3 2 2",
            "output": "12000 12000 30000 30000 12000 30000 12000 20000 30000 30000"
        },
        {
            "input": "1 5 5 5 2",
            "output": "250 50 50 50 125"
        },
        {
            "input": "1 2 2 3 2 1 5 3 5 5 3",
            "output": "27000 13500 13500 9000 13500 27000 5400 9000 5400 5400 9000"
        },
        {
            "input": "1 5 5 5 3 2 1 3 4 1 3 2",
            "output": "54000 10800 10800 10800 18000 27000 54000 18000 13500 54000 18000 27000"
        },
        {
            "input": "1 4 3 5 3 3 4",
            "output": "2160 540 720 432 720 720 540"
        },
        {
            "input": "1 2 4 3 3 2 4 1",
            "output": "576 288 144 192 192 288 144 576"
        },
        {
            "input": "1 2 2 2 1 4 3 2 2 2",
            "output": "768 384 384 384 768 192 256 384 384 384"
        },
        {
            "input": "2 2 3 3 4",
            "output": "72 72 48 48 36"
        },
        {
            "input": "4 4 1 5 3 1 5 4 2 3 1 3",
            "output": "21600 21600 86400 17280 28800 86400 17280 21600 43200 28800 86400 28800"
        },
        {
            "input": "1 5 5 3 5 3 3",
            "output": "3375 675 675 1125 675 1125 1125"
        },
        {
            "input": "5 5 5 2 5 2",
            "output": "500 500 500 1250 500 1250"
        },
        {
            "input": "3 2 1 4 1 1 5 3 3 3 2 2",
            "output": "4320 6480 12960 3240 12960 12960 2592 4320 4320 4320 6480 6480"
        },
        {
            "input": "3 4 4",
            "output": "16 12 12"
        },
        {
            "input": "5 5 3",
            "output": "15 15 25"
        },
        {
            "input": "2 1 2 1",
            "output": "2 4 2 4"
        },
        {
            "input": "5 5 2 2 2 5 4 1 5 2",
            "output": "8000 8000 20000 20000 20000 8000 10000 40000 8000 20000"
        },
        {
            "input": "5 4 3 4 3 2",
            "output": "288 360 480 360 480 720"
        },
        {
            "input": "4 5 1 4 3 3 4 4 3 5 5",
            "output": "216000 172800 864000 216000 288000 288000 216000 216000 288000 172800 172800"
        },
        {
            "input": "1 1 4 5",
            "output": "20 20 5 4"
        },
        {
            "input": "2 2 4 5 5 1",
            "output": "200 200 100 80 80 400"
        },
        {
            "input": "4 5 3 3 3 4 3 2 5 1 1",
            "output": "16200 12960 21600 21600 21600 16200 21600 32400 12960 64800 64800"
        },
        {
            "input": "4 3 5 2 3 2 5 4 4",
            "output": "14400 19200 11520 28800 19200 28800 11520 14400 14400"
        },
        {
            "input": "3 5 2 2 2 4 3 3",
            "output": "1440 864 2160 2160 2160 1080 1440 1440"
        },
        {
            "input": "2 4 2 2 1 5 3 2 3 3",
            "output": "4320 2160 4320 4320 8640 1728 2880 4320 2880 2880"
        },
        {
            "input": "1 3 2 5 5",
            "output": "150 50 75 30 30"
        },
        {
            "input": "5 4 5 5 4 5",
            "output": "2000 2500 2000 2000 2500 2000"
        },
        {
            "input": "4 5 3 1",
            "output": "15 12 20 60"
        },
        {
            "input": "5 4 3 1 4 1 3 5 2 1 3",
            "output": "4320 5400 7200 21600 5400 21600 7200 4320 10800 21600 7200"
        },
        {
            "input": "1 5 2 2 2",
            "output": "40 8 20 20 20"
        },
        {
            "input": "3 4 1 5 3 3",
            "output": "180 135 540 108 180 180"
        },
        {
            "input": "4 3 3 2 4",
            "output": "72 96 96 144 72"
        },
        {
            "input": "2 3 2 1 3 4 1 3 3 2",
            "output": "1296 864 1296 2592 864 648 2592 864 864 1296"
        },
        {
            "input": "2 3 4 5 3 1 5 3 2 4",
            "output": "21600 14400 10800 8640 14400 43200 8640 14400 21600 10800"
        },
        {
            "input": "5 1 3 2 5 5",
            "output": "150 750 250 375 150 150"
        },
        {
            "input": "5 2 5 4 1 3 2 3 1 1",
            "output": "720 1800 720 900 3600 1200 1800 1200 3600 3600"
        },
        {
            "input": "5 2 4 2 2 2",
            "output": "64 160 80 160 160 160"
        },
        {
            "input": "3 3 5 2 1 3 5 2 4 2 3",
            "output": "21600 21600 12960 32400 64800 21600 12960 32400 16200 32400 21600"
        },
        {
            "input": "2 3 4 3 5 2 3 3 3",
            "output": "9720 6480 4860 6480 3888 9720 6480 6480 6480"
        },
        {
            "input": "4 1 5 5 4 1 4",
            "output": "400 1600 320 320 400 1600 400"
        },
        {
            "input": "4 2 5 1 4 3 4 2 1 1",
            "output": "960 1920 768 3840 960 1280 960 1920 3840 3840"
        },
        {
            "input": "5 2 3",
            "output": "6 15 10"
        },
        {
            "input": "4 2 4 1 4 1 5 2 4 1",
            "output": "1280 2560 1280 5120 1280 5120 1024 2560 1280 5120"
        },
        {
            "input": "2 4 4 3",
            "output": "48 24 24 32"
        },
        {
            "input": "4 2 5 5 3 1 5 3 5 4 3 2",
            "output": "270000 540000 216000 216000 360000 1080000 216000 360000 216000 270000 360000 540000"
        },
        {
            "input": "4 3 4 4 1 4",
            "output": "192 256 192 192 768 192"
        },
        {
            "input": "5 4 4 4 3 5 1 2",
            "output": "1920 2400 2400 2400 3200 1920 9600 4800"
        },
        {
            "input": "3 1 4 2 2 3",
            "output": "48 144 36 72 72 48"
        },
        {
            "input": "4 1 5 2 5 5 5 1 4 1 4 4",
            "output": "80000 320000 64000 160000 64000 64000 64000 320000 80000 320000 80000 80000"
        },
        {
            "input": "4 2 3 5 4 5 4 3 4 2 3",
            "output": "172800 345600 230400 138240 172800 138240 172800 230400 172800 345600 230400"
        },
        {
            "input": "4 2 5 1 5 5",
            "output": "250 500 200 1000 200 200"
        },
        {
            "input": "4 5 4 3",
            "output": "60 48 60 80"
        },
        {
            "input": "2 3 2 4",
            "output": "24 16 24 12"
        },
        {
            "input": "2 4 5 5 5 4 1 3 2 1 4 3",
            "output": "144000 72000 57600 57600 57600 72000 288000 96000 144000 288000 72000 96000"
        },
        {
            "input": "3 4 1 5 4 3",
            "output": "240 180 720 144 180 240"
        },
        {
            "input": "2 4 5 2",
            "output": "40 20 16 40"
        },
        {
            "input": "3 5 2 1 1 5 5",
            "output": "250 150 375 750 750 150 150"
        },
        {
            "input": "1 3 3 4 4 5 3",
            "output": "2160 720 720 540 540 432 720"
        },
        {
            "input": "4 5 3 1 3 1 2",
            "output": "90 72 120 360 120 360 180"
        },
        {
            "input": "4 4 3 2 5 2 2 5 1",
            "output": "2400 2400 3200 4800 1920 4800 4800 1920 9600"
        },
        {
            "input": "1 3 4 2 1 3 5 4 3 5 5 2",
            "output": "216000 72000 54000 108000 216000 72000 43200 54000 72000 43200 43200 108000"
        },
        {
            "input": "5 2 1 3 3 3 5 3",
            "output": "810 2025 4050 1350 1350 1350 810 1350"
        },
        {
            "input": "2 4 2 1 5 1",
            "output": "40 20 40 80 16 80"
        },
        {
            "input": "1 3 5 4 4 3 2 3 3 5",
            "output": "64800 21600 12960 16200 16200 21600 32400 21600 21600 12960"
        },
        {
            "input": "3 2 2 3 4 3 2 1 2 4 2 1",
            "output": "4608 6912 6912 4608 3456 4608 6912 13824 6912 3456 6912 13824"
        },
        {
            "input": "4 5 5",
            "output": "25 20 20"
        },
        {
            "input": "1 4 5 4 5 5 4 2 1 1 5 2",
            "output": "160000 40000 32000 40000 32000 32000 40000 80000 160000 160000 32000 80000"
        },
        {
            "input": "2 2 2 4 3 1",
            "output": "48 48 48 24 32 96"
        },
        {
            "input": "5 5 2 5 1 5",
            "output": "250 250 625 250 1250 250"
        },
        {
            "input": "3 1 5 3 5 5 1 5 3 4",
            "output": "22500 67500 13500 22500 13500 13500 67500 13500 22500 16875"
        },
        {
            "input": "2 4 2",
            "output": "8 4 8"
        },
        {
            "input": "4 5 3 5 2 2 2 2 2",
            "output": "2400 1920 3200 1920 4800 4800 4800 4800 4800"
        },
        {
            "input": "5 3 5 5 2 5 3 3 2 4",
            "output": "54000 90000 54000 54000 135000 54000 90000 90000 135000 67500"
        },
        {
            "input": "4 2 2 1 4 1 4",
            "output": "64 128 128 256 64 256 64"
        },
        {
            "input": "2 5 4 4 4 5 5 5 3 4",
            "output": "480000 192000 240000 240000 240000 192000 192000 192000 320000 240000"
        },
        {
            "input": "4 5 4 2 3 3 4",
            "output": "1440 1152 1440 2880 1920 1920 1440"
        },
        {
            "input": "1 2 1 2 5 2 3 5 1 4 5 2",
            "output": "24000 12000 24000 12000 4800 12000 8000 4800 24000 6000 4800 12000"
        },
        {
            "input": "1 1 4 1 4 2 3 3 2 3",
            "output": "1728 1728 432 1728 432 864 576 576 864 576"
        },
        {
            "input": "4 5 2 4 4 4 2 1 3",
            "output": "3840 3072 7680 3840 3840 3840 7680 15360 5120"
        },
        {
            "input": "4 2 3",
            "output": "6 12 8"
        },
        {
            "input": "2 2 5 4 5",
            "output": "200 200 80 100 80"
        },
        {
            "input": "1 1 5 2 4 4 1 2",
            "output": "320 320 64 160 80 80 320 160"
        },
        {
            "input": "5 5 1 2 1",
            "output": "10 10 50 25 50"
        },
        {
            "input": "5 2 1 1 1 2 3 3 2 5",
            "output": "360 900 1800 1800 1800 900 600 600 900 360"
        },
        {
            "input": "3 4 5",
            "output": "20 15 12"
        },
        {
            "input": "2 2 3 1 2 2 5 5 4 4 2 2",
            "output": "38400 38400 25600 76800 38400 38400 15360 15360 19200 19200 38400 38400"
        },
        {
            "input": "5 2 4 5",
            "output": "40 100 50 40"
        },
        {
            "input": "1 5 5 1 1 2",
            "output": "50 10 10 50 50 25"
        },
        {
            "input": "4 4 2 2 3 1",
            "output": "48 48 96 96 64 192"
        },
        {
            "input": "5 4 4 1 5",
            "output": "80 100 100 400 80"
        },
        {
            "input": "3 3 4 5 3",
            "output": "180 180 135 108 180"
        },
        {
            "input": "5 1 5 3 5 4 5 3",
            "output": "4500 22500 4500 7500 4500 5625 4500 7500"
        },
        {
            "input": "2 1 3 4",
            "output": "12 24 8 6"
        },
        {
            "input": "5 2 2 4 1",
            "output": "16 40 40 20 80"
        },
        {
            "input": "2 1 1 3 3 2 3 5 5 3",
            "output": "4050 8100 8100 2700 2700 4050 2700 1620 1620 2700"
        },
        {
            "input": "5 3 4 3 1 4 1 2 3 2 2 1",
            "output": "3456 5760 4320 5760 17280 4320 17280 8640 5760 8640 8640 17280"
        },
        {
            "input": "5 1 5 1 1 4 2",
            "output": "40 200 40 200 200 50 100"
        },
        {
            "input": "4 2 4 2",
            "output": "16 32 16 32"
        },
        {
            "input": "4 3 1 3 5 1 4",
            "output": "180 240 720 240 144 720 180"
        },
        {
            "input": "4 1 4 5",
            "output": "20 80 20 16"
        },
        {
            "input": "2 1 2 3 4 5 3 1 3 2 2",
            "output": "4320 8640 4320 2880 2160 1728 2880 8640 2880 4320 4320"
        },
        {
            "input": "3 4 2 2 5",
            "output": "80 60 120 120 48"
        },
        {
            "input": "3 3 5 5 1 4 3",
            "output": "900 900 540 540 2700 675 900"
        },
        {
            "input": "4 2 1 3",
            "output": "6 12 24 8"
        },
        {
            "input": "4 5 5 4 5 2 3",
            "output": "3000 2400 2400 3000 2400 6000 4000"
        },
        {
            "input": "3 2 4 2 3 4 2 1 4 5 1 1",
            "output": "7680 11520 5760 11520 7680 5760 11520 23040 5760 4608 23040 23040"
        },
        {
            "input": "1 3 3 4 1 5 5 1 2 4 4",
            "output": "28800 9600 9600 7200 28800 5760 5760 28800 14400 7200 7200"
        },
        {
            "input": "2 1 5 3 5 5 2 1 5",
            "output": "3750 7500 1500 2500 1500 1500 3750 7500 1500"
        },
        {
            "input": "2 1 5 2 3 5 1 3 2 3 5",
            "output": "13500 27000 5400 13500 9000 5400 27000 9000 13500 9000 5400"
        },
        {
            "input": "2 3 5 3 1 2 2",
            "output": "180 120 72 120 360 180 180"
        },
        {
            "input": "1 2 4",
            "output": "8 4 2"
        },
        {
            "input": "2 4 5 5",
            "output": "100 50 40 40"
        },
        {
            "input": "3 2 5 5 3 3 1 3 2 3 3 2",
            "output": "48600 72900 29160 29160 48600 48600 145800 48600 72900 48600 48600 72900"
        },
        {
            "input": "5 4 3 1 4 5 5 5",
            "output": "6000 7500 10000 30000 7500 6000 6000 6000"
        },
        {
            "input": "4 5 1 1 3 5 4 4 5 4",
            "output": "24000 19200 96000 96000 32000 19200 24000 24000 19200 24000"
        },
        {
            "input": "3 4 4 3 1 1 4 4 1 2 4 2",
            "output": "12288 9216 9216 12288 36864 36864 9216 9216 36864 18432 9216 18432"
        },
        {
            "input": "5 3",
            "output": "3 5"
        },
        {
            "input": "3 5 1 4 2 3 1",
            "output": "120 72 360 90 180 120 360"
        },
        {
            "input": "3 1 4 2 3 2 5 3 3",
            "output": "2160 6480 1620 3240 2160 3240 1296 2160 2160"
        },
        {
            "input": "3 3 2 4",
            "output": "24 24 36 18"
        },
        {
            "input": "1 2 3 3 3 3 5 3 1",
            "output": "2430 1215 810 810 810 810 486 810 2430"
        },
        {
            "input": "3 1 3 1 3 2 4 4",
            "output": "288 864 288 864 288 432 216 216"
        },
        {
            "input": "2 3 1 1 1 5",
            "output": "15 10 30 30 30 6"
        },
        {
            "input": "3 4 2 2 2",
            "output": "32 24 48 48 48"
        },
        {
            "input": "2 5 4 2 5 1 3 1 2 4",
            "output": "4800 1920 2400 4800 1920 9600 3200 9600 4800 2400"
        },
        {
            "input": "4 2 5 3",
            "output": "30 60 24 40"
        },
        {
            "input": "3 4 1 1 3 5 2",
            "output": "120 90 360 360 120 72 180"
        },
        {
            "input": "2 5 3 5 3 2 4",
            "output": "1800 720 1200 720 1200 1800 900"
        },
        {
            "input": "2 4 5",
            "output": "20 10 8"
        },
        {
            "input": "1 5 2 4 2 2 2 4 5 1 2",
            "output": "12800 2560 6400 3200 6400 6400 6400 3200 2560 12800 6400"
        },
        {
            "input": "3 3 3 1",
            "output": "9 9 9 27"
        },
        {
            "input": "4 2 5 3 2 2 4 4 3 2 3",
            "output": "34560 69120 27648 46080 69120 69120 34560 34560 46080 69120 46080"
        },
        {
            "input": "4 4 5 1 1 5 4 1 2 4",
            "output": "3200 3200 2560 12800 12800 2560 3200 12800 6400 3200"
        },
        {
            "input": "1 3 4 5 1 1 3 4 2",
            "output": "1440 480 360 288 1440 1440 480 360 720"
        },
        {
            "input": "2 3 3",
            "output": "9 6 6"
        },
        {
            "input": "4 4 2 4",
            "output": "32 32 64 32"
        },
        {
            "input": "1 3 1 1 3 3 1 2 3",
            "output": "162 54 162 162 54 54 162 81 54"
        }
    ]
}