{
    "id": "reverse_an_array",
    "title": "Reverse an Array",
    "description": "Output the elements of a given array in reverse order.",
    "input_format": "Space-separated integers representing the array elements.",
    "output_format": "The space-separated elements in reverse order.",
    "constraints": {
        "Array size": "1 <= N <= 100"
    },
    "judge_mode": "FIRST_FAIL",
    "time_limit": 1,
    "sample_test_cases": [
        {
            "input": "1 2 3 4 5",
            "output": "5 4 3 2 1"
        },
        {
            "input": "10 20 30",
            "output": "30 20 10"
        }
    ],
    "hidden_test_cases": [
        {
            "input": "70 55 43 100",
            "output": "100 43 55 70"
        },
        {
            "input": "27 66 18 9 48 33",
            "output": "33 48 9 18 66 27"
        },
        {
            "input": "85 93 72",
            "output": "72 93 85"
        },
        {
            "input": "88 91 34 1 50 55 58 44 61 7 84",
            "output": "84 7 61 44 58 55 50 1 34 91 88"
        },
        {
            "input": "32 81 24 99 22 25 25 85 11 94 2 22",
            "output": "22 2 94 11 85 25 25 22 99 24 81 32"
        },
        {
            "input": "2 61 57 61 2 4 14 61 68 4 70 43 69",
            "output": "69 43 70 4 68 61 14 4 2 61 57 61 2"
        },
        {
            "input": "78 28 64 74 41 2 97 72",
            "output": "72 97 2 41 74 64 28 78"
        },
        {
            "input": "6 47 53 3",
            "output": "3 53 47 6"
        },
        {
            "input": "12 19 87 42 72 24 23 51 97 40 53 47 73",
            "output": "73 47 53 40 97 51 23 24 72 42 87 19 12"
        },
        {
            "input": "45 49 30 49",
            "output": "49 30 49 45"
        },
        {
            "input": "25 54 67 71 97 81 41 70 44",
            "output": "44 70 41 81 97 71 67 54 25"
        },
        {
            "input": "52 74 41 32 75 5 24 86 95 4 22 42 51 22",
            "output": "22 51 42 22 4 95 86 24 5 75 32 41 74 52"
        },
        {
            "input": "86 17 60",
            "output": "60 17 86"
        },
        {
            "input": "85 54 61 58 6 88 33 90",
            "output": "90 33 88 6 58 61 54 85"
        },
        {
            "input": "60 89 21 1 40 60 72 70 28 42 81 22 98 85",
            "output": "85 98 22 81 42 28 70 72 60 40 1 21 89 60"
        },
        {
            "input": "15 83 70 61 59 9 2 17 62 32 13",
            "output": "13 32 62 17 2 9 59 61 70 83 15"
        },
        {
            "input": "21 49 30 13 77 60 64 31",
            "output": "31 64 60 77 13 30 49 21"
        },
        {
            "input": "60 59 45 74 6 15 53",
            "output": "53 15 6 74 45 59 60"
        },
        {
            "input": "49 89 88 71 45 41 24 49 99 94 7 84 37 83 90",
            "output": "90 83 37 84 7 94 99 49 24 41 45 71 88 89 49"
        },
        {
            "input": "46 30 84 11 92 48 93 97 24 68 36 21 60",
            "output": "60 21 36 68 24 97 93 48 92 11 84 30 46"
        },
        {
            "input": "75 90 98 72",
            "output": "72 98 90 75"
        },
        {
            "input": "17 35 99 74 57 36 69 65 83 14 34 2",
            "output": "2 34 14 83 65 69 36 57 74 99 35 17"
        },
        {
            "input": "100 53 84 9 79",
            "output": "79 9 84 53 100"
        },
        {
            "input": "27 40 5 44 47 45 56 51 56 48",
            "output": "48 56 51 56 45 47 44 5 40 27"
        },
        {
            "input": "26 79 82 25 86 20 53",
            "output": "53 20 86 25 82 79 26"
        },
        {
            "input": "5 27 81 21 15 33 28 56 73 51 39 34 43 29 82",
            "output": "82 29 43 34 39 51 73 56 28 33 15 21 81 27 5"
        },
        {
            "input": "55 82 42 10 11 17 24 2 35 78 57",
            "output": "57 78 35 2 24 17 11 10 42 82 55"
        },
        {
            "input": "85 81 59 67 8 4 36 96 47 47 26 36 61 71",
            "output": "71 61 36 26 47 47 96 36 4 8 67 59 81 85"
        },
        {
            "input": "5 50 70 44 91 29 44 34 57 60 10 59 39 22 30",
            "output": "30 22 39 59 10 60 57 34 44 29 91 44 70 50 5"
        },
        {
            "input": "37 66 64 80 52 64 13 21 16",
            "output": "16 21 13 64 52 80 64 66 37"
        },
        {
            "input": "60 78 6 65 89 46 39 59",
            "output": "59 39 46 89 65 6 78 60"
        },
        {
            "input": "14 66 89 65 100 95 28 64",
            "output": "64 28 95 100 65 89 66 14"
        },
        {
            "input": "57 95 48 60 39 53 31 9 8 11",
            "output": "11 8 9 31 53 39 60 48 95 57"
        },
        {
            "input": "1 80 59 79 10 63 8 60 93 86 62 53",
            "output": "53 62 86 93 60 8 63 10 79 59 80 1"
        },
        {
            "input": "79 97 89 24 4 81 99 36 71 48 54 99 14 65",
            "output": "65 14 99 54 48 71 36 99 81 4 24 89 97 79"
        },
        {
            "input": "57 52 54 11",
            "output": "11 54 52 57"
        },
        {
            "input": "90 38 88 79 41 58 28 75 14",
            "output": "14 75 28 58 41 79 88 38 90"
        },
        {
            "input": "66 32 23 79 35 7 22",
            "output": "22 7 35 79 23 32 66"
        },
        {
            "input": "61 63 13 89 22 53",
            "output": "53 22 89 13 63 61"
        },
        {
            "input": "87 50 74 54",
            "output": "54 74 50 87"
        },
        {
            "input": "100 53 72 50 25 56 46 49 40 74 22 21 30 16",
            "output": "16 30 21 22 74 40 49 46 56 25 50 72 53 100"
        },
        {
            "input": "95 92 35 82 83 8 36 42 61 12 12 5 69",
            "output": "69 5 12 12 61 42 36 8 83 82 35 92 95"
        },
        {
            "input": "43 81 67 13 79 30 93 10 54",
            "output": "54 10 93 30 79 13 67 81 43"
        },
        {
            "input": "27 60 53 28 55 82",
            "output": "82 55 28 53 60 27"
        },
        {
            "input": "75 49 67 26",
            "output": "26 67 49 75"
        },
        {
            "input": "55 13 50 98 12",
            "output": "12 98 50 13 55"
        },
        {
            "input": "74 94 33 72 85 79 42 93 67 86 81 44 90 26 94",
            "output": "94 26 90 44 81 86 67 93 42 79 85 72 33 94 74"
        },
        {
            "input": "31 9 67",
            "output": "67 9 31"
        },
        {
            "input": "88 51 12 37 56",
            "output": "56 37 12 51 88"
        },
        {
            "input": "61 42 97 78 23 9 50 85 88 63 76",
            "output": "76 63 88 85 50 9 23 78 97 42 61"
        },
        {
            "input": "12 29 35 13 99",
            "output": "99 13 35 29 12"
        },
        {
            "input": "21 56 35 53 80 25 97 61 43 24 14",
            "output": "14 24 43 61 97 25 80 53 35 56 21"
        },
        {
            "input": "66 15 80 62 58 87 24 72 80 96 50 49",
            "output": "49 50 96 80 72 24 87 58 62 80 15 66"
        },
        {
            "input": "16 16 37 71",
            "output": "71 37 16 16"
        },
        {
            "input": "7 10 85 23 21 63 34 64 30 11 6 14 82",
            "output": "82 14 6 11 30 64 34 63 21 23 85 10 7"
        },
        {
            "input": "57 13 19 87 47 77",
            "output": "77 47 87 19 13 57"
        },
        {
            "input": "50 81 66 81",
            "output": "81 66 81 50"
        },
        {
            "input": "21 11 94 59 73",
            "output": "73 59 94 11 21"
        },
        {
            "input": "64 46 6 40 48",
            "output": "48 40 6 46 64"
        },
        {
            "input": "68 23 35 74 16 78 84 97 51 34 92 97 48 3",
            "output": "3 48 97 92 34 51 97 84 78 16 74 35 23 68"
        },
        {
            "input": "86 61 37 13",
            "output": "13 37 61 86"
        },
        {
            "input": "43 28 17 24 17 8 76 22 89 18 66 91 51",
            "output": "51 91 66 18 89 22 76 8 17 24 17 28 43"
        },
        {
            "input": "7 71 90 55 79 78 58",
            "output": "58 78 79 55 90 71 7"
        },
        {
            "input": "77 89 26 76",
            "output": "76 26 89 77"
        },
        {
            "input": "5 67 96 50 96 93 76 47 21 17 46 75",
            "output": "75 46 17 21 47 76 93 96 50 96 67 5"
        },
        {
            "input": "31 22 83 87 12 23 1 56 30 25",
            "output": "25 30 56 1 23 12 87 83 22 31"
        },
        {
            "input": "91 25 44 7 47 90 59 35 94 45 20 99 71 12 95",
            "output": "95 12 71 99 20 45 94 35 59 90 47 7 44 25 91"
        },
        {
            "input": "77 22 42",
            "output": "42 22 77"
        },
        {
            "input": "25 86 33 74 15 97",
            "output": "97 15 74 33 86 25"
        },
        {
            "input": "9 74 34 84 24",
            "output": "24 84 34 74 9"
        },
        {
            "input": "49 21 58 38 81 6 79 100 84 31 90 13 8 26 87",
            "output": "87 26 8 13 90 31 84 100 79 6 81 38 58 21 49"
        },
        {
            "input": "99 75 36 85 9 74 53 65 43 11",
            "output": "11 43 65 53 74 9 85 36 75 99"
        },
        {
            "input": "59 2 37 97 17 33 9 92 83 29",
            "output": "29 83 92 9 33 17 97 37 2 59"
        },
        {
            "input": "66 23 59 38 7 30 22",
            "output": "22 30 7 38 59 23 66"
        },
        {
            "input": "33 44 37 77 21 15 58 46 95",
            "output": "95 46 58 15 21 77 37 44 33"
        },
        {
            "input": "38 18 68 31 77",
            "output": "77 31 68 18 38"
        },
        {
            "input": "7 96 88 77 20 27 63 90 48 28 25 71",
            "output": "71 25 28 48 90 63 27 20 77 88 96 7"
        },
        {
            "input": "47 73 93 17 42 31 57 82 62 45 81 48 52",
            "output": "52 48 81 45 62 82 57 31 42 17 93 73 47"
        },
        {
            "input": "36 23 100 36 97 83 55 49 93",
            "output": "93 49 55 83 97 36 100 23 36"
        },
        {
            "input": "11 85 47",
            "output": "47 85 11"
        },
        {
            "input": "8 51 94 43 23 64 21 2 81 52 5",
            "output": "5 52 81 2 21 64 23 43 94 51 8"
        },
        {
            "input": "77 2 72",
            "output": "72 2 77"
        },
        {
            "input": "9 6 88 50 61 96 52 71 96 74 32",
            "output": "32 74 96 71 52 96 61 50 88 6 9"
        },
        {
            "input": "55 49 1 24 68 51",
            "output": "51 68 24 1 49 55"
        },
        {
            "input": "53 68 2 35 97 89 9 65 20 51 6 5",
            "output": "5 6 51 20 65 9 89 97 35 2 68 53"
        },
        {
            "input": "63 29 18",
            "output": "18 29 63"
        },
        {
            "input": "60 15 78 67 91 87 37",
            "output": "37 87 91 67 78 15 60"
        },
        {
            "input": "100 19 29 66 61 81 28 58 85 39 51 81 25 41",
            "output": "41 25 81 51 39 85 58 28 81 61 66 29 19 100"
        },
        {
            "input": "42 59 48 29 6 24 93 23 86 51 28 67 77 64",
            "output": "64 77 67 28 51 86 23 93 24 6 29 48 59 42"
        },
        {
            "input": "3 59 30 12 52",
            "output": "52 12 30 59 3"
        },
        {
            "input": "95 71 90 60 51 20 13 64 11 80 49 87 20",
            "output": "20 87 49 80 11 64 13 20 51 60 90 71 95"
        },
        {
            "input": "91 83 58 98 38",
            "output": "38 98 58 83 91"
        },
        {
            "input": "80 44 46 88 24 6 91 57 15 50",
            "output": "50 15 57 91 6 24 88 46 44 80"
        },
        {
            "input": "67 63 44 98 29 44 62 39 11",
            "output": "11 39 62 44 29 98 44 63 67"
        },
        {
            "input": "17 39 27 28 64 44 94 87 80 71 74",
            "output": "74 71 80 87 94 44 64 28 27 39 17"
        },
        {
            "input": "50 7 71",
            "output": "71 7 50"
        },
        {
            "input": "48 22 94 32 17 9 24 28 11 66 19 95 29",
            "output": "29 95 19 66 11 28 24 9 17 32 94 22 48"
        },
        {
            "input": "70 31 3 43 24 97 64 73 89 70",
            "output": "70 89 73 64 97 24 43 3 31 70"
        },
        {
            "input": "46 40 16 45 50",
            "output": "50 45 16 40 46"
        },
        {
            "input": "85 12 81 52 53 25 34",
            "output": "34 25 53 52 81 12 85"
        },
        {
            "input": "97 44 58 52 17 85 19 89",
            "output": "89 19 85 17 52 58 44 97"
        },
        {
            "input": "10 28 19 17 46 36 63",
            "output": "63 36 46 17 19 28 10"
        },
        {
            "input": "62 47 75 96 100 49 63",
            "output": "63 49 100 96 75 47 62"
        },
        {
            "input": "3 13 89 21 37 4 62 34 18 4 44 97 82 58 17",
            "output": "17 58 82 97 44 4 18 34 62 4 37 21 89 13 3"
        },
        {
            "input": "92 82 92 66 37 54 59 63 62 20 85 27 12 19",
            "output": "19 12 27 85 20 62 63 59 54 37 66 92 82 92"
        },
        {
            "input": "7 89 48 28 64 61",
            "output": "61 64 28 48 89 7"
        },
        {
            "input": "27 30 19 41 68 85 52 75 66",
            "output": "66 75 52 85 68 41 19 30 27"
        },
        {
            "input": "23 12 35 54 64 72",
            "output": "72 64 54 35 12 23"
        },
        {
            "input": "40 2 10 65 58 57",
            "output": "57 58 65 10 2 40"
        },
        {
            "input": "74 27 13 78 36 77 71 97 66 46 100 63 5 96 67",
            "output": "67 96 5 63 100 46 66 97 71 77 36 78 13 27 74"
        },
        {
            "input": "24 59 90 39",
            "output": "39 90 59 24"
        },
        {
            "input": "2 62 13 90",
            "output": "90 13 62 2"
        },
        {
            "input": "56 92 30 60 31 34 82 19 13 42 92 71 15",
            "output": "15 71 92 42 13 19 82 34 31 60 30 92 56"
        },
        {
            "input": "72 65 17 74",
            "output": "74 17 65 72"
        },
        {
            "input": "27 5 74 9 19 77 92 56 4 92 42 44 63 57 20",
            "output": "20 57 63 44 42 92 4 56 92 77 19 9 74 5 27"
        },
        {
            "input": "72 83 77 36 27 89",
            "output": "89 27 36 77 83 72"
        },
        {
            "input": "87 22 71 61 98 42",
            "output": "42 98 61 71 22 87"
        },
        {
            "input": "20 87 30 35 34 27 76",
            "output": "76 27 34 35 30 87 20"
        },
        {
            "input": "72 71 66 75 72 41 96 42 58 8",
            "output": "8 58 42 96 41 72 75 66 71 72"
        },
        {
            "input": "54 62 2 28",
            "output": "28 2 62 54"
        },
        {
            "input": "44 58 13 70 52 30 9 77 34 30 25 53 33 10",
            "output": "10 33 53 25 30 34 77 9 30 52 70 13 58 44"
        },
        {
            "input": "26 31 27 46",
            "output": "46 27 31 26"
        },
        {
            "input": "48 37 26 89 61 14 9 8 96",
            "output": "96 8 9 14 61 89 26 37 48"
        },
        {
            "input": "97 70 69 68 92 40 11",
            "output": "11 40 92 68 69 70 97"
        },
        {
            "input": "10 100 41 29 27 28 31 51 53 66",
            "output": "66 53 51 31 28 27 29 41 100 10"
        },
        {
            "input": "36 62 15 78 97 90 28 17 40 10",
            "output": "10 40 17 28 90 97 78 15 62 36"
        },
        {
            "input": "72 40 27 5 78 55 73 14 71 28 94",
            "output": "94 28 71 14 73 55 78 5 27 40 72"
        },
        {
            "input": "24 64 73 45 2 23 63 70 66 39",
            "output": "39 66 70 63 23 2 45 73 64 24"
        },
        {
            "input": "62 57 38 37 80 64",
            "output": "64 80 37 38 57 62"
        },
        {
            "input": "78 100 33",
            "output": "33 100 78"
        },
        {
            "input": "84 54 44 71 8 87 79 96 6 77 2 95 80 52",
            "output": "52 80 95 2 77 6 96 79 87 8 71 44 54 84"
        },
        {
            "input": "51 26 63 65 52 82 67 2 32 46 22 33",
            "output": "33 22 46 32 2 67 82 52 65 63 26 51"
        },
        {
            "input": "2 87 12",
            "output": "12 87 2"
        },
        {
            "input": "85 24 49 28 43 66 83 80 62",
            "output": "62 80 83 66 43 28 49 24 85"
        },
        {
            "input": "11 65 46 62 62",
            "output": "62 62 46 65 11"
        },
        {
            "input": "31 83 33 78 41 67 1",
            "output": "1 67 41 78 33 83 31"
        },
        {
            "input": "43 35 29 27 5 54 32 89 21 77 40 17",
            "output": "17 40 77 21 89 32 54 5 27 29 35 43"
        },
        {
            "input": "46 36 80",
            "output": "80 36 46"
        },
        {
            "input": "47 46 15 32 37",
            "output": "37 32 15 46 47"
        },
        {
            "input": "47 61 98 32 16 93 89 82 1 93 72 85",
            "output": "85 72 93 1 82 89 93 16 32 98 61 47"
        },
        {
            "input": "68 13 25 29 34 17 38",
            "output": "38 17 34 29 25 13 68"
        },
        {
            "input": "54 70 59 89 60 37 53 13",
            "output": "13 53 37 60 89 59 70 54"
        },
        {
            "input": "9 37 98 34 14 58 90",
            "output": "90 58 14 34 98 37 9"
        },
        {
            "input": "22 35 33 68 15 39 19 23 88 5 74 5 37",
            "output": "37 5 74 5 88 23 19 39 15 68 33 35 22"
        },
        {
            "input": "16 66 56 48 73 40 30 14 99 57 21 87 72",
            "output": "72 87 21 57 99 14 30 40 73 48 56 66 16"
        },
        {
            "input": "1 66 83 61 32 23 65 49 63 90 93 28 26 84",
            "output": "84 26 28 93 90 63 49 65 23 32 61 83 66 1"
        },
        {
            "input": "92 55 49 58 19 11 52 43",
            "output": "43 52 11 19 58 49 55 92"
        },
        {
            "input": "10 51 68 68 30 3 71 14 42",
            "output": "42 14 71 3 30 68 68 51 10"
        },
        {
            "input": "81 18 100 69 17 70 63 75 83",
            "output": "83 75 63 70 17 69 100 18 81"
        },
        {
            "input": "90 63 20",
            "output": "20 63 90"
        },
        {
            "input": "77 44 5 79 35 51 64 98 85 90 81 86 26",
            "output": "26 86 81 90 85 98 64 51 35 79 5 44 77"
        },
        {
            "input": "94 20 25 25 66 11 32 23 49 13 6",
            "output": "6 13 49 23 32 11 66 25 25 20 94"
        },
        {
            "input": "76 86 17 55 4 86 66 83 100 100 18",
            "output": "18 100 100 83 66 86 4 55 17 86 76"
        },
        {
            "input": "34 19 89 62 4 95",
            "output": "95 4 62 89 19 34"
        },
        {
            "input": "4 69 86 86 42 38 77 8",
            "output": "8 77 38 42 86 86 69 4"
        },
        {
            "input": "84 85 49 76 82 9 78 66",
            "output": "66 78 9 82 76 49 85 84"
        },
        {
            "input": "100 90 20",
            "output": "20 90 100"
        },
        {
            "input": "11 35 92 61 64",
            "output": "64 61 92 35 11"
        },
        {
            "input": "61 9 73 100 62 53",
            "output": "53 62 100 73 9 61"
        },
        {
            "input": "18 71 35 90 64 1 52 54 46 81 29 63",
            "output": "63 29 81 46 54 52 1 64 90 35 71 18"
        },
        {
            "input": "65 10 83 97 63 28 38 78 94",
            "output": "94 78 38 28 63 97 83 10 65"
        },
        {
            "input": "48 45 3",
            "output": "3 45 48"
        },
        {
            "input": "12 36 27 54 71 31 62 82 93 62 47 10 88 58 4",
            "output": "4 58 88 10 47 62 93 82 62 31 71 54 27 36 12"
        },
        {
            "input": "73 70 14 37 58 46 4 62",
            "output": "62 4 46 58 37 14 70 73"
        },
        {
            "input": "66 6 46 10 48 50 26 42 2 48 3",
            "output": "3 48 2 42 26 50 48 10 46 6 66"
        },
        {
            "input": "17 64 73 15 79 84 74 2",
            "output": "2 74 84 79 15 73 64 17"
        },
        {
            "input": "2 14 90 22",
            "output": "22 90 14 2"
        },
        {
            "input": "93 68 43 64 29 72 36 98 80 57 15 31 100 82",
            "output": "82 100 31 15 57 80 98 36 72 29 64 43 68 93"
        },
        {
            "input": "25 5 42 4 78 6 55 22 56",
            "output": "56 22 55 6 78 4 42 5 25"
        },
        {
            "input": "61 81 69 78 29 69 30 28 93 88 13",
            "output": "13 88 93 28 30 69 29 78 69 81 61"
        },
        {
            "input": "79 33 2 78 1 50 38 19 55 52 10 25 43",
            "output": "43 25 10 52 55 19 38 50 1 78 2 33 79"
        },
        {
            "input": "46 5 64 6 88 55 11 34 86",
            "output": "86 34 11 55 88 6 64 5 46"
        },
        {
            "input": "16 57 48 33 28 24 45 78 81 29 20 55",
            "output": "55 20 29 81 78 45 24 28 33 48 57 16"
        },
        {
            "input": "88 79 34",
            "output": "34 79 88"
        },
        {
            "input": "56 60 47",
            "output": "47 60 56"
        },
        {
            "input": "37 39 25 66 66 48 10 94 1 83 78 55 4 61",
            "output": "61 4 55 78 83 1 94 10 48 66 66 25 39 37"
        },
        {
            "input": "64 58 61 30 8 32 94 74 15",
            "output": "15 74 94 32 8 30 61 58 64"
        },
        {
            "input": "9 17 56 40 40 86 52 28 77 55",
            "output": "55 77 28 52 86 40 40 56 17 9"
        },
        {
            "input": "12 14 24 29 62 92 36 99 22 29",
            "output": "29 22 99 36 92 62 29 24 14 12"
        },
        {
            "input": "75 34 85 77",
            "output": "77 85 34 75"
        },
        {
            "input": "74 66 84 76 27 97 44 99 65 94",
            "output": "94 65 99 44 97 27 76 84 66 74"
        },
        {
            "input": "76 81 80 19 19 32 85",
            "output": "85 32 19 19 80 81 76"
        },
        {
            "input": "82 80 47",
            "output": "47 80 82"
        },
        {
            "input": "65 23 26 47 43 41 80 20",
            "output": "20 80 41 43 47 26 23 65"
        },
        {
            "input": "82 37 20",
            "output": "20 37 82"
        },
        {
            "input": "26 32 71 55 89 63 34",
            "output": "34 63 89 55 71 32 26"
        },
        {
            "input": "78 16 10 78 83 37 74 100 52 28",
            "output": "28 52 100 74 37 83 78 10 16 78"
        },
        {
            "input": "32 95 40 38 31",
            "output": "31 38 40 95 32"
        },
        {
            "input": "18 85 15 36 26 51 22",
            "output": "22 51 26 36 15 85 18"
        },
        {
            "input": "38 95 76 34",
            "output": "34 76 95 38"
        },
        {
            "input": "71 36 10 21 73 97 36 32",
            "output": "32 36 97 73 21 10 36 71"
        },
        {
            "input": "85 28 88 26 77 61 12 52 37 30 16 18",
            "output": "18 16 30 37 52 12 61 77 26 88 28 85"
        },
        {
            "input": "63 91 59 85 17 46 9 57 77 54 77 23 84 21",
            "output": "21 84 23 77 54 77 57 9 46 17 85 59 91 63"
        },
        {
            "input": "70 48 20 26",
            "output": "26 20 48 70"
        },
        {
            "input": "11 86 36 71",
            "output": "71 36 86 11"
        },
        {
            "input": "83 23 94 6 64 59 99 34 34 33 45 13 70 98 91",
            "output": "91 98 70 13 45 33 34 34 99 59 64 6 94 23 83"
        },
        {
            "input": "78 88 54 73 3 89 10 99 31",
            "output": "31 99 10 89 3 73 54 88 78"
        },
        {
            "input": "17 95 32 28 79 60 62 74 12 47 13 10 74",
            "output": "74 10 13 47 12 74 62 60 79 28 32 95 17"
        },
        {
            "input": "27 93 100 32 60 24 46 56 27 76 93 9 95 21",
            "output": "21 95 9 93 76 27 56 46 24 60 32 100 93 27"
        },
        {
            "input": "64 25 52 80 89 34 92",
            "output": "92 34 89 80 52 25 64"
        },
        {
            "input": "37 73 44 95 59 51 38 63 6 64 12 72",
            "output": "72 12 64 6 63 38 51 59 95 44 73 37"
        },
        {
            "input": "93 26 99 47 5 83 11 84 100 61 86 69 92 65 43",
            "output": "43 65 92 69 86 61 100 84 11 83 5 47 99 26 93"
        },
        {
            "input": "39 92 87 84 36 28 98 59 66",
            "output": "66 59 98 28 36 84 87 92 39"
        },
        {
            "input": "16 1 39 17 60 81 42 11",
            "output": "11 42 81 60 17 39 1 16"
        },
        {
            "input": "11 94 9 90 68 62 55 22 42",
            "output": "42 22 55 62 68 90 9 94 11"
        },
        {
            "input": "74 44 11 27 85 96 95 96 54 12 27",
            "output": "27 12 54 96 95 96 85 27 11 44 74"
        },
        {
            "input": "89 28 15 1 94 15",
            "output": "15 94 1 15 28 89"
        },
        {
            "input": "21 60 61 28 85 75",
            "output": "75 85 28 61 60 21"
        },
        {
            "input": "29 67 66 87 93 3 37 12 79 24 69 98 67 33",
            "output": "33 67 98 69 24 79 12 37 3 93 87 66 67 29"
        },
        {
            "input": "37 95 87",
            "output": "87 95 37"
        },
        {
            "input": "76 5 35 40",
            "output": "40 35 5 76"
        },
        {
            "input": "36 32 72 46",
            "output": "46 72 32 36"
        },
        {
            "input": "84 4 61 41 5 59 60 28 2 69 10 13 64 46 1",
            "output": "1 46 64 13 10 69 2 28 60 59 5 41 61 4 84"
        },
        {
            "input": "85 92 27 76 24",
            "output": "24 76 27 92 85"
        },
        {
            "input": "19 79 69 18 73 13 45 78 5 28 31 82 69 8 63",
            "output": "63 8 69 82 31 28 5 78 45 13 73 18 69 79 19"
        },
        {
            "input": "14 80 95 89 86 60 35 87 83 30 28 93 29 94 21",
            "output": "21 94 29 93 28 30 83 87 35 60 86 89 95 80 14"
        },
        {
            "input": "100 20 85 60 76 11 23 44 84 73 57 77 44 44",
            "output": "44 44 77 57 73 84 44 23 11 76 60 85 20 100"
        },
        {
            "input": "90 10 40 69 32 97 54",
            "output": "54 97 32 69 40 10 90"
        },
        {
            "input": "80 79 10 88",
            "output": "88 10 79 80"
        },
        {
            "input": "87 48 72",
            "output": "72 48 87"
        },
        {
            "input": "23 100 13 77 14 92 92 21 58",
            "output": "58 21 92 92 14 77 13 100 23"
        },
        {
            "input": "99 98 16 98 83 63 79 93 28 43 95 63 21 73 15",
            "output": "15 73 21 63 95 43 28 93 79 63 83 98 16 98 99"
        },
        {
            "input": "97 26 76 16 86 80 99 8 77 27 22",
            "output": "22 27 77 8 99 80 86 16 76 26 97"
        },
        {
            "input": "51 76 34 89 88 48 27 67 20 48",
            "output": "48 20 67 27 48 88 89 34 76 51"
        },
        {
            "input": "30 7 62 77 76 43 65 29 32 66 9 90 92 73 40",
            "output": "40 73 92 90 9 66 32 29 65 43 76 77 62 7 30"
        },
        {
            "input": "1 45 2 18 41 6 39 96 67 26 62",
            "output": "62 26 67 96 39 6 41 18 2 45 1"
        },
        {
            "input": "6 68 6 35 99 84 59 2 26 56 38 7 55 52 38",
            "output": "38 52 55 7 38 56 26 2 59 84 99 35 6 68 6"
        },
        {
            "input": "42 39 12",
            "output": "12 39 42"
        },
        {
            "input": "91 2 52 68 66 4 26 7 3 32 11 5 11 100 41",
            "output": "41 100 11 5 11 32 3 7 26 4 66 68 52 2 91"
        },
        {
            "input": "73 86 74 51 87 50",
            "output": "50 87 51 74 86 73"
        },
        {
            "input": "18 72 80 33 95 49 72 62",
            "output": "62 72 49 95 33 80 72 18"
        },
        {
            "input": "100 80 39 92 78 7 81",
            "output": "81 7 78 92 39 80 100"
        },
        {
            "input": "57 10 54 65 66 76 97 3 25 14 23 93 26",
            "output": "26 93 23 14 25 3 97 76 66 65 54 10 57"
        },
        {
            "input": "23 32 22 86 64 16 89 95 70 72 32 72",
            "output": "72 32 72 70 95 89 16 64 86 22 32 23"
        },
        {
            "input": "61 59 89",
            "output": "89 59 61"
        },
        {
            "input": "51 26 65 62 15 59 57 62 10",
            "output": "10 62 57 59 15 62 65 26 51"
        },
        {
            "input": "25 64 7 7 31 85 36",
            "output": "36 85 31 7 7 64 25"
        },
        {
            "input": "65 44 81 5 16 26 80 38 80 87 55 82 4",
            "output": "4 82 55 87 80 38 80 26 16 5 81 44 65"
        },
        {
            "input": "77 6 47 83 17 82 49",
            "output": "49 82 17 83 47 6 77"
        },
        {
            "input": "55 47 9",
            "output": "9 47 55"
        },
        {
            "input": "49 56 63 29 23 7 23 11 31 6 23",
            "output": "23 6 31 11 23 7 23 29 63 56 49"
        },
        {
            "input": "33 84 31 17 27 85 95 48 92 32 57 69 53",
            "output": "53 69 57 32 92 48 95 85 27 17 31 84 33"
        },
        {
            "input": "95 63 91 97 64 94 14 14 8 76 48 20 25 49 44",
            "output": "44 49 25 20 48 76 8 14 14 94 64 97 91 63 95"
        },
        {
            "input": "30 62 56 13 10 49 9 95 95 12 94 70 43 99 20",
            "output": "20 99 43 70 94 12 95 95 9 49 10 13 56 62 30"
        },
        {
            "input": "91 9 90 85 85 62",
            "output": "62 85 85 90 9 91"
        },
        {
            "input": "62 63 89 22 35 99 45 34",
            "output": "34 45 99 35 22 89 63 62"
        },
        {
            "input": "30 48 47 37 18",
            "output": "18 37 47 48 30"
        },
        {
            "input": "51 98 26",
            "output": "26 98 51"
        },
        {
            "input": "81 53 3 14 52 18",
            "output": "18 52 14 3 53 81"
        },
        {
            "input": "86 3 98 22 89 45 66 19 32",
            "output": "32 19 66 45 89 22 98 3 86"
        },
        {
            "input": "74 33 80 49 66 68 52 74 1 10 38 64 61 67 86",
            "output": "86 67 61 64 38 10 1 74 52 68 66 49 80 33 74"
        },
        {
            "input": "48 85 19",
            "output": "19 85 48"
        },
        {
            "input": "69 46 43 11 23 97 90 78 68 35 87 42 39",
            "output": "39 42 87 35 68 78 90 97 23 11 43 46 69"
        },
        {
            "input": "76 1 63 41 39 34 24 7 74 84 70 53 21 74 76",
            "output": "76 74 21 53 70 84 74 7 24 34 39 41 63 1 76"
        },
        {
            "input": "79 10 37 18 16 86 92 65 80 13",
            "output": "13 80 65 92 86 16 18 37 10 79"
        },
        {
            "input": "75 84 64 3 92 81 95",
            "output": "95 81 92 3 64 84 75"
        },
        {
            "input": "64 62 98 59 99 38",
            "output": "38 99 59 98 62 64"
        },
        {
            "input": "37 42 5 79 26 29 43",
            "output": "43 29 26 79 5 42 37"
        },
        {
            "input": "47 85 52 3 41",
            "output": "41 3 52 85 47"
        },
        {
            "input": "66 8 23 76",
            "output": "76 23 8 66"
        },
        {
            "input": "97 57 5 27 65 95 61 18 56",
            "output": "56 18 61 95 65 27 5 57 97"
        },
        {
            "input": "10 7 11 32",
            "output": "32 11 7 10"
        },
        {
            "input": "96 66 32 65 21 63 41 99",
            "output": "99 41 63 21 65 32 66 96"
        },
        {
            "input": "57 74 27 56 82 92 26 69 45 55 40 3 48",
            "output": "48 3 40 55 45 69 26 92 82 56 27 74 57"
        },
        {
            "input": "91 32 57 87",
            "output": "87 57 32 91"
        },
        {
            "input": "3 84 73 51 58 43 3",
            "output": "3 43 58 51 73 84 3"
        },
        {
            "input": "58 54 1 53 63 19 25 50 53 47 13 64",
            "output": "64 13 47 53 50 25 19 63 53 1 54 58"
        },
        {
            "input": "47 78 13 45 19 42 69",
            "output": "69 42 19 45 13 78 47"
        },
        {
            "input": "89 48 51 1 75 73 62 87 10 52 45 94 30",
            "output": "30 94 45 52 10 87 62 73 75 1 51 48 89"
        },
        {
            "input": "50 28 42 12 63 55 98 70 55 5 17 71 13",
            "output": "13 71 17 5 55 70 98 55 63 12 42 28 50"
        },
        {
            "input": "51 7 10 39 47 93 29 22 96 27 96 27 41 88 79",
            "output": "79 88 41 27 96 27 96 22 29 93 47 39 10 7 51"
        },
        {
            "input": "78 2 80 91 45 11 28 72 63 76 58",
            "output": "58 76 63 72 28 11 45 91 80 2 78"
        },
        {
            "input": "3 11 92 21 44 26 33 12 67 61 29 100",
            "output": "100 29 61 67 12 33 26 44 21 92 11 3"
        },
        {
            "input": "54 2 66 87 72",
            "output": "72 87 66 2 54"
        },
        {
            "input": "64 30 85 84 55",
            "output": "55 84 85 30 64"
        },
        {
            "input": "11 26 60 52 40 50",
            "output": "50 40 52 60 26 11"
        },
        {
            "input": "72 44 98 23 59 16 25 81 18",
            "output": "18 81 25 16 59 23 98 44 72"
        },
        {
            "input": "43 51 33 69 8 97 31 33 75 58 8 32 77 58",
            "output": "58 77 32 8 58 75 33 31 97 8 69 33 51 43"
        },
        {
            "input": "59 41 64 92 30 22",
            "output": "22 30 92 64 41 59"
        },
        {
            "input": "97 56 13 70 91 93 52 45 52 62 31 8",
            "output": "8 31 62 52 45 52 93 91 70 13 56 97"
        },
        {
            "input": "46 9 50 75 36 74 6 45 82",
            "output": "82 45 6 74 36 75 50 9 46"
        },
        {
            "input": "57 7 34 49 82 99 28 49 95 13 15 70 40",
            "output": "40 70 15 13 95 49 28 99 82 49 34 7 57"
        },
        {
            "input": "53 42 1 88 2 22 53 24 69 29 69 80 40 72 71",
            "output": "71 72 40 80 69 29 69 24 53 22 2 88 1 42 53"
        },
        {
            "input": "53 47 29 62 33 34 20 34",
            "output": "34 20 34 33 62 29 47 53"
        },
        {
            "input": "46 20 63 46 35 66 96 94 12",
            "output": "12 94 96 66 35 46 63 20 46"
        },
        {
            "input": "18 37 69 24 2 47 39 9 10 21 94 12 45 13 21",
            "output": "21 13 45 12 94 21 10 9 39 47 2 24 69 37 18"
        },
        {
            "input": "47 31 94 10 45 58 88 44 35 87",
            "output": "87 35 44 88 58 45 10 94 31 47"
        },
        {
            "input": "98 98 66 66 69",
            "output": "69 66 66 98 98"
        },
        {
            "input": "14 43 36 100 43 88",
            "output": "88 43 100 36 43 14"
        },
        {
            "input": "50 80 100 7 61 65 80 12 71 5 74 49",
            "output": "49 74 5 71 12 80 65 61 7 100 80 50"
        },
        {
            "input": "32 12 41 13 47 35 23 25 3 56 75",
            "output": "75 56 3 25 23 35 47 13 41 12 32"
        },
        {
            "input": "90 88 43 74 41 86 77 9 22 81",
            "output": "81 22 9 77 86 41 74 43 88 90"
        },
        {
            "input": "18 19 92 70 21 100 47 58 94 56 16 78 20 61 53",
            "output": "53 61 20 78 16 56 94 58 47 100 21 70 92 19 18"
        },
        {
            "input": "54 43 57 80 25 13",
            "output": "13 25 80 57 43 54"
        },
        {
            "input": "49 62 5 50 19 31 22 70 99 31 50 11 78",
            "output": "78 11 50 31 99 70 22 31 19 50 5 62 49"
        },
        {
            "input": "4 32 35 97 57 10 7 96 96 12",
            "output": "12 96 96 7 10 57 97 35 32 4"
        },
        {
            "input": "33 74 2 83",
            "output": "83 2 74 33"
        },
        {
            "input": "99 32 95 59 77 19 90 46",
            "output": "46 90 19 77 59 95 32 99"
        },
        {
            "input": "27 37 87 88 49 58 54 41 93 30 84",
            "output": "84 30 93 41 54 58 49 88 87 37 27"
        },
        {
            "input": "18 100 56 62 19 18 40 65 38 49 11 33 48 52",
            "output": "52 48 33 11 49 38 65 40 18 19 62 56 100 18"
        },
        {
            "input": "97 42 22 34 98 10 82 3 32 29 8 68",
            "output": "68 8 29 32 3 82 10 98 34 22 42 97"
        },
        {
            "input": "64 54 4 89 85 57 37 36 87 44 40 92",
            "output": "92 40 44 87 36 37 57 85 89 4 54 64"
        },
        {
            "input": "23 23 52 67",
            "output": "67 52 23 23"
        },
        {
            "input": "54 81 87",
            "output": "87 81 54"
        },
        {
            "input": "16 31 91",
            "output": "91 31 16"
        },
        {
            "input": "97 51 53 10 64 81 19 16",
            "output": "16 19 81 64 10 53 51 97"
        },
        {
            "input": "50 54 52 52 17 75 16 18 29",
            "output": "29 18 16 75 17 52 52 54 50"
        },
        {
            "input": "50 25 9 20 32 71 60 93 19 41 15 18 15 72",
            "output": "72 15 18 15 41 19 93 60 71 32 20 9 25 50"
        },
        {
            "input": "31 76 62 85 78 71 79 65 91 64",
            "output": "64 91 65 79 71 78 85 62 76 31"
        },
        {
            "input": "38 83 34 39 37 97 92 19 57 91 29 64 23",
            "output": "23 64 29 91 57 19 92 97 37 39 34 83 38"
        },
        {
            "input": "85 18 62 45 54 11 58 8 15 54 1 18 65 18 95",
            "output": "95 18 65 18 1 54 15 8 58 11 54 45 62 18 85"
        },
        {
            "input": "24 95 14 56 100 14 11 8 12 23 46",
            "output": "46 23 12 8 11 14 100 56 14 95 24"
        },
        {
            "input": "75 75 99 75 61 66 30 22 16 14 56",
            "output": "56 14 16 22 30 66 61 75 99 75 75"
        },
        {
            "input": "44 86 29 97 53 33 74 51 35 48 59 80 83 74 29",
            "output": "29 74 83 80 59 48 35 51 74 33 53 97 29 86 44"
        },
        {
            "input": "58 9 40 35 18",
            "output": "18 35 40 9 58"
        },
        {
            "input": "49 61 95 10 30 95 76 25 8 19 39",
            "output": "39 19 8 25 76 95 30 10 95 61 49"
        },
        {
            "input": "26 36 41 25 17 29 57",
            "output": "57 29 17 25 41 36 26"
        },
        {
            "input": "86 7 24 99 59 62 7 23 72 99",
            "output": "99 72 23 7 62 59 99 24 7 86"
        },
        {
            "input": "20 16 20 41 98 49 15 30 95 69 86 85 16",
            "output": "16 85 86 69 95 30 15 49 98 41 20 16 20"
        },
        {
            "input": "15 2 53 86 31 22 90 64 42 49 86",
            "output": "86 49 42 64 90 22 31 86 53 2 15"
        },
        {
            "input": "30 25 38 9 5 84 42 76",
            "output": "76 42 84 5 9 38 25 30"
        },
        {
            "input": "91 90 18 5 26 64 44 55",
            "output": "55 44 64 26 5 18 90 91"
        },
        {
            "input": "28 7 74 81 91 44 18 92",
            "output": "92 18 44 91 81 74 7 28"
        },
        {
            "input": "60 84 10 84 94 11",
            "output": "11 94 84 10 84 60"
        },
        {
            "input": "76 54 61 16 21",
            "output": "21 16 61 54 76"
        },
        {
            "input": "61 2 60 42 89 55 83 16",
            "output": "16 83 55 89 42 60 2 61"
        },
        {
            "input": "15 70 54 53 39 55",
            "output": "55 39 53 54 70 15"
        },
        {
            "input": "55 99 45 2 12 28 2 46",
            "output": "46 2 28 12 2 45 99 55"
        },
        {
            "input": "94 74 88 28 21 100 18 74 8 71",
            "output": "71 8 74 18 100 21 28 88 74 94"
        },
        {
            "input": "85 71 54 82 62 83 89 54 36",
            "output": "36 54 89 83 62 82 54 71 85"
        },
        {
            "input": "78 30 9 91 74 78 81 62 47 20 56 63",
            "output": "63 56 20 47 62 81 78 74 91 9 30 78"
        },
        {
            "input": "23 36 65 88",
            "output": "88 65 36 23"
        },
        {
            "input": "57 85 97 9 77",
            "output": "77 9 97 85 57"
        },
        {
            "input": "48 46 67 85 18 51 31 17 1 88 44 1",
            "output": "1 44 88 1 17 31 51 18 85 67 46 48"
        },
        {
            "input": "85 30 50 7 27 4 42 62 49 30 57 25",
            "output": "25 57 30 49 62 42 4 27 7 50 30 85"
        },
        {
            "input": "67 98 7",
            "output": "7 98 67"
        },
        {
            "input": "14 26 34 31 5 70 59 65 96 2 72 46 30 51 78",
            "output": "78 51 30 46 72 2 96 65 59 70 5 31 34 26 14"
        },
        {
            "input": "59 42 98 50 76 19 41 25 14 10 71 5",
            "output": "5 71 10 14 25 41 19 76 50 98 42 59"
        },
        {
            "input": "13 96 3 86 4 79 86 53 89",
            "output": "89 53 86 79 4 86 3 96 13"
        },
        {
            "input": "5 20 84 57 52 11 92 46 89 61 35 44 44 1 62",
            "output": "62 1 44 44 35 61 89 46 92 11 52 57 84 20 5"
        },
        {
            "input": "69 17 33 80 28 44 13 77 3 76 35 66",
            "output": "66 35 76 3 77 13 44 28 80 33 17 69"
        },
        {
            "input": "51 84 16 86 9 73 38 51",
            "output": "51 38 73 9 86 16 84 51"
        },
        {
            "input": "9 55 99 19 65",
            "output": "65 19 99 55 9"
        },
        {
            "input": "62 64 34 23 98 4 25 21 21 9 19 91 16 68",
            "output": "68 16 91 19 9 21 21 25 4 98 23 34 64 62"
        },
        {
            "input": "12 75 46 49 81 53 56 95 61 87 81 25 49",
            "output": "49 25 81 87 61 95 56 53 81 49 46 75 12"
        },
        {
            "input": "86 27 54 5 98 21 6 74 11 59 97 11",
            "output": "11 97 59 11 74 6 21 98 5 54 27 86"
        },
        {
            "input": "50 45 74",
            "output": "74 45 50"
        },
        {
            "input": "87 53 8 21 51 61 28 68 26 14 64 5 81 6",
            "output": "6 81 5 64 14 26 68 28 61 51 21 8 53 87"
        },
        {
            "input": "26 69 17 65 96 8 57 15 86 66 26",
            "output": "26 66 86 15 57 8 96 65 17 69 26"
        },
        {
            "input": "77 38 31 61 29",
            "output": "29 61 31 38 77"
        },
        {
            "input": "100 38 100 93",
            "output": "93 100 38 100"
        },
        {
            "input": "84 27 93 39 7 51 84",
            "output": "84 51 7 39 93 27 84"
        },
        {
            "input": "26 82 52 15 85 22 66 88 94",
            "output": "94 88 66 22 85 15 52 82 26"
        },
        {
            "input": "12 32 8 71 39 86",
            "output": "86 39 71 8 32 12"
        },
        {
            "input": "81 39 69 64 42 59 42 24 43 87 47 25 19 72",
            "output": "72 19 25 47 87 43 24 42 59 42 64 69 39 81"
        },
        {
            "input": "78 37 79 46 44 18 80 36 85",
            "output": "85 36 80 18 44 46 79 37 78"
        },
        {
            "input": "78 33 8 30 10 59 37 54 91 52 43 31 74",
            "output": "74 31 43 52 91 54 37 59 10 30 8 33 78"
        },
        {
            "input": "30 4 97 61 17 57 60 21 57 32",
            "output": "32 57 21 60 57 17 61 97 4 30"
        },
        {
            "input": "79 90 34 88 66 90 44 55 76 42 27 46 95 8 92",
            "output": "92 8 95 46 27 42 76 55 44 90 66 88 34 90 79"
        },
        {
            "input": "66 43 19 20 93 95 7 75 11 59 44 18 43",
            "output": "43 18 44 59 11 75 7 95 93 20 19 43 66"
        },
        {
            "input": "75 89 83 72 60 96 38 83 22 44",
            "output": "44 22 83 38 96 60 72 83 89 75"
        },
        {
            "input": "53 68 55",
            "output": "55 68 53"
        },
        {
            "input": "57 96 7 30 49 73 23 50 18 80",
            "output": "80 18 50 23 73 49 30 7 96 57"
        },
        {
            "input": "42 54 3 34 6 59 11 13 75 13 55",
            "output": "55 13 75 13 11 59 6 34 3 54 42"
        },
        {
            "input": "31 17 84 83 58 14 33 93 85 84 15",
            "output": "15 84 85 93 33 14 58 83 84 17 31"
        },
        {
            "input": "24 24 50 100 98 53 70 86",
            "output": "86 70 53 98 100 50 24 24"
        },
        {
            "input": "36 58 32",
            "output": "32 58 36"
        },
        {
            "input": "89 98 89 54 9",
            "output": "9 54 89 98 89"
        },
        {
            "input": "21 8 48 94 33 14 78 22 20",
            "output": "20 22 78 14 33 94 48 8 21"
        },
        {
            "input": "38 5 72 79 64 8 55 93 64 14 69",
            "output": "69 14 64 93 55 8 64 79 72 5 38"
        },
        {
            "input": "87 64 11 46 13 51 34 95 10 96",
            "output": "96 10 95 34 51 13 46 11 64 87"
        },
        {
            "input": "38 49 12",
            "output": "12 49 38"
        },
        {
            "input": "38 98 91 13 86 79 48 54 59 24",
            "output": "24 59 54 48 79 86 13 91 98 38"
        },
        {
            "input": "84 77 46 58 31 83 40",
            "output": "40 83 31 58 46 77 84"
        },
        {
            "input": "41 63 61 82",
            "output": "82 61 63 41"
        },
        {
            "input": "92 69 99 14 45 9 48 98 85 52",
            "output": "52 85 98 48 9 45 14 99 69 92"
        },
        {
            "input": "24 10 26 92 95 93 82 100 65 36 86 56 10 91",
            "output": "91 10 56 86 36 65 100 82 93 95 92 26 10 24"
        },
        {
            "input": "73 36 43",
            "output": "43 36 73"
        },
        {
            "input": "63 1 94 9 73 42 35 27 84 35 27 90",
            "output": "90 27 35 84 27 35 42 73 9 94 1 63"
        },
        {
            "input": "87 60 7 3 16",
            "output": "16 3 7 60 87"
        },
        {
            "input": "14 79 22 39 43 84",
            "output": "84 43 39 22 79 14"
        },
        {
            "input": "45 91 12 66 11 11 97 83 76 69 67",
            "output": "67 69 76 83 97 11 11 66 12 91 45"
        },
        {
            "input": "17 40 91 63 79 55 77 10 80 45 67 53 45 54 34",
            "output": "34 54 45 53 67 45 80 10 77 55 79 63 91 40 17"
        },
        {
            "input": "87 26 59 76 94 16 39 16 68 8 4 7",
            "output": "7 4 8 68 16 39 16 94 76 59 26 87"
        },
        {
            "input": "97 18 58 68 48 22 83 87 47",
            "output": "47 87 83 22 48 68 58 18 97"
        },
        {
            "input": "88 100 30 70 21 35 42 26 9 1 42 32 19",
            "output": "19 32 42 1 9 26 42 35 21 70 30 100 88"
        },
        {
            "input": "91 48 44 34 9 1",
            "output": "1 9 34 44 48 91"
        },
        {
            "input": "46 32 99 81 9 37 77 80 99",
            "output": "99 80 77 37 9 81 99 32 46"
        },
        {
            "input": "66 62 33 67 17 57 82 16 14 68 87 43 86 46",
            "output": "46 86 43 87 68 14 16 82 57 17 67 33 62 66"
        },
        {
            "input": "41 100 75 66 26 15 2 23 48 39 90",
            "output": "90 39 48 23 2 15 26 66 75 100 41"
        },
        {
            "input": "13 34 78 67 10 31 30 95 51 82 79 31 25 69",
            "output": "69 25 31 79 82 51 95 30 31 10 67 78 34 13"
        },
        {
            "input": "15 79 95 33 72 21 68 66 41",
            "output": "41 66 68 21 72 33 95 79 15"
        },
        {
            "input": "24 97 57 9 89 19 85 78 58 73 66",
            "output": "66 73 58 78 85 19 89 9 57 97 24"
        },
        {
            "input": "87 69 96 90 35 45 47 59",
            "output": "59 47 45 35 90 96 69 87"
        },
        {
            "input": "4 21 77 6 78 59 10 55 80",
            "output": "80 55 10 59 78 6 77 21 4"
        },
        {
            "input": "97 71 28 18 52 7 87 73 71 86",
            "output": "86 71 73 87 7 52 18 28 71 97"
        },
        {
            "input": "41 3 65 23 91 20 23",
            "output": "23 20 91 23 65 3 41"
        },
        {
            "input": "89 31 35 15 63 16 96",
            "output": "96 16 63 15 35 31 89"
        },
        {
            "input": "68 34 26 60 81 87 49 16 23 60 48 99 39",
            "output": "39 99 48 60 23 16 49 87 81 60 26 34 68"
        },
        {
            "input": "62 42 88 86 26 38 12 35 38",
            "output": "38 35 12 38 26 86 88 42 62"
        },
        {
            "input": "70 74 7 22 98 69 17 13 17 3",
            "output": "3 17 13 17 69 98 22 7 74 70"
        },
        {
            "input": "60 15 87 3 5 67 48 99 29 77 20 9 73",
            "output": "73 9 20 77 29 99 48 67 5 3 87 15 60"
        },
        {
            "input": "76 95 95 52 2 31 48 20 42",
            "output": "42 20 48 31 2 52 95 95 76"
        },
        {
            "input": "78 38 80 27 76 60 62 6 72 27 49 45 32 29 35",
            "output": "35 29 32 45 49 27 72 6 62 60 76 27 80 38 78"
        },
        {
            "input": "79 44 62 97 84 69 95 32 56 54",
            "output": "54 56 32 95 69 84 97 62 44 79"
        },
        {
            "input": "55 23 32 93",
            "output": "93 32 23 55"
        },
        {
            "input": "69 71 83 45 20 36 55 21 75 99 50 23 1",
            "output": "1 23 50 99 75 21 55 36 20 45 83 71 69"
        },
        {
            "input": "75 74 98 65 39",
            "output": "39 65 98 74 75"
        },
        {
            "input": "59 87 51 3 93 100 85 40 57 41 52 61 49 51",
            "output": "51 49 61 52 41 57 40 85 100 93 3 51 87 59"
        },
        {
            "input": "64 5 69 53 80 52 15 61 80 29 99 88 63 97",
            "output": "97 63 88 99 29 80 61 15 52 80 53 69 5 64"
        },
        {
            "input": "87 41 25 83 79 9 78 25 21 99 13",
            "output": "13 99 21 25 78 9 79 83 25 41 87"
        },
        {
            "input": "81 78 52 53",
            "output": "53 52 78 81"
        },
        {
            "input": "21 38 66 3 34 55 39",
            "output": "39 55 34 3 66 38 21"
        },
        {
            "input": "52 52 62 49 57 27 82 82 5 12 63 41 49",
            "output": "49 41 63 12 5 82 82 27 57 49 62 52 52"
        },
        {
            "input": "89 12 6 61 66",
            "output": "66 61 6 12 89"
        },
        {
            "input": "53 30 41 90 10 1 3 7 48 66",
            "output": "66 48 7 3 1 10 90 41 30 53"
        },
        {
            "input": "73 8 55 7 52 33 78 56 79 8 29 72",
            "output": "72 29 8 79 56 78 33 52 7 55 8 73"
        },
        {
            "input": "42 74 78 14 58 21 30 5 8 1 88",
            "output": "88 1 8 5 30 21 58 14 78 74 42"
        },
        {
            "input": "13 55 34 23 76 60 65 53 82 95",
            "output": "95 82 53 65 60 76 23 34 55 13"
        },
        {
            "input": "64 17 30 49 70 91 72 48 43 61 23",
            "output": "23 61 43 48 72 91 70 49 30 17 64"
        },
        {
            "input": "74 44 41 44 84 86 63 39 3 70 17",
            "output": "17 70 3 39 63 86 84 44 41 44 74"
        },
        {
            "input": "63 75 67 44 16 61 63 70 68 21 87 89",
            "output": "89 87 21 68 70 63 61 16 44 67 75 63"
        },
        {
            "input": "7 93 55 84 41 86 35 86 83 82 73 56",
            "output": "56 73 82 83 86 35 86 41 84 55 93 7"
        },
        {
            "input": "96 58 86 22 21 88 51 50 25 31",
            "output": "31 25 50 51 88 21 22 86 58 96"
        },
        {
            "input": "44 2 89 48 6 72 47 53 69 61 96 57 95",
            "output": "95 57 96 61 69 53 47 72 6 48 89 2 44"
        },
        {
            "input": "4 95 59 80 36 60 36",
            "output": "36 60 36 80 59 95 4"
        },
        {
            "input": "51 40 94 59 51 29 45 51 47",
            "output": "47 51 45 29 51 59 94 40 51"
        },
        {
            "input": "99 100 1 70 50",
            "output": "50 70 1 100 99"
        },
        {
            "input": "45 16 14 22 70 27 74 59 44 34 99 9",
            "output": "9 99 34 44 59 74 27 70 22 14 16 45"
        },
        {
            "input": "83 20 95 6 35 72 6 8 95 36 3 18",
            "output": "18 3 36 95 8 6 72 35 6 95 20 83"
        },
        {
            "input": "58 49 65 98 46 1 87 23 8",
            "output": "8 23 87 1 46 98 65 49 58"
        },
        {
            "input": "17 72 76 67 86 12",
            "output": "12 86 67 76 72 17"
        },
        {
            "input": "57 85 48 99 71 99 37 16 69",
            "output": "69 16 37 99 71 99 48 85 57"
        },
        {
            "input": "63 15 14 63 77 8 95 82",
            "output": "82 95 8 77 63 14 15 63"
        },
        {
            "input": "83 74 6 35 94",
            "output": "94 35 6 74 83"
        },
        {
            "input": "27 48 12 80 85 77 70 25 28 55",
            "output": "55 28 25 70 77 85 80 12 48 27"
        },
        {
            "input": "58 48 37 73 85 93 78",
            "output": "78 93 85 73 37 48 58"
        },
        {
            "input": "56 18 98 76 60 15 59 3 97 85 51 3 10",
            "output": "10 3 51 85 97 3 59 15 60 76 98 18 56"
        },
        {
            "input": "14 53 58 49 19 8 29 69 38 67",
            "output": "67 38 69 29 8 19 49 58 53 14"
        },
        {
            "input": "59 56 68",
            "output": "68 56 59"
        },
        {
            "input": "98 85 73 19 43 18 71 4",
            "output": "4 71 18 43 19 73 85 98"
        },
        {
            "input": "14 3 54 43 74 44 53",
            "output": "53 44 74 43 54 3 14"
        },
        {
            "input": "12 61 69 20 100 21 40 39 5 79 41 28 31",
            "output": "31 28 41 79 5 39 40 21 100 20 69 61 12"
        },
        {
            "input": "86 63 39 29 24 98 20 89 61 31 28 2 98",
            "output": "98 2 28 31 61 89 20 98 24 29 39 63 86"
        },
        {
            "input": "5 50 76 21",
            "output": "21 76 50 5"
        },
        {
            "input": "72 22 8 23 70",
            "output": "70 23 8 22 72"
        },
        {
            "input": "100 91 86",
            "output": "86 91 100"
        },
        {
            "input": "83 3 46 18 66 28 72",
            "output": "72 28 66 18 46 3 83"
        },
        {
            "input": "100 43 9 12 67 98 74 21 77 33 38 73 84 78",
            "output": "78 84 73 38 33 77 21 74 98 67 12 9 43 100"
        },
        {
            "input": "8 69 74 93 71 86 68",
            "output": "68 86 71 93 74 69 8"
        },
        {
            "input": "62 100 85 44",
            "output": "44 85 100 62"
        },
        {
            "input": "88 62 92 41 7 7 26",
            "output": "26 7 7 41 92 62 88"
        },
        {
            "input": "12 1 74 41 1 2 3 14 40 79 55 97",
            "output": "97 55 79 40 14 3 2 1 41 74 1 12"
        },
        {
            "input": "49 9 50 70 54 1 4",
            "output": "4 1 54 70 50 9 49"
        },
        {
            "input": "9 59 9 15 87 19",
            "output": "19 87 15 9 59 9"
        },
        {
            "input": "100 1 37 12 60 39",
            "output": "39 60 12 37 1 100"
        },
        {
            "input": "78 51 76 65 71 27 67 21 54",
            "output": "54 21 67 27 71 65 76 51 78"
        },
        {
            "input": "28 13 20 96 31 46 96 32 11 4 78 72 95",
            "output": "95 72 78 4 11 32 96 46 31 96 20 13 28"
        },
        {
            "input": "96 37 50 62 34 20 75 95 95 100 49",
            "output": "49 100 95 95 75 20 34 62 50 37 96"
        },
        {
            "input": "4 23 42 45 55 12 21 93 96 74 91 13 51 36 95",
            "output": "95 36 51 13 91 74 96 93 21 12 55 45 42 23 4"
        },
        {
            "input": "88 55 38 84 5 21",
            "output": "21 5 84 38 55 88"
        },
        {
            "input": "91 65 5 15 33 88 32",
            "output": "32 88 33 15 5 65 91"
        },
        {
            "input": "36 80 38 34 7 25 22 25",
            "output": "25 22 25 7 34 38 80 36"
        },
        {
            "input": "99 10 64 76 69 96 61 63 37 54",
            "output": "54 37 63 61 96 69 76 64 10 99"
        },
        {
            "input": "82 63 80 29 7 89",
            "output": "89 7 29 80 63 82"
        },
        {
            "input": "77 18 75 13 41 17 9 45 68 36 78 78 92 37",
            "output": "37 92 78 78 36 68 45 9 17 41 13 75 18 77"
        },
        {
            "input": "19 94 19 32 64 29 82",
            "output": "82 29 64 32 19 94 19"
        },
        {
            "input": "77 13 38 5 19 69 41 9 2 48 91 70 34 78 69",
            "output": "69 78 34 70 91 48 2 9 41 69 19 5 38 13 77"
        },
        {
            "input": "10 90 95 10 32 18 50",
            "output": "50 18 32 10 95 90 10"
        },
        {
            "input": "91 2 50 58 97 86 99 100 9 24 96 76 56",
            "output": "56 76 96 24 9 100 99 86 97 58 50 2 91"
        },
        {
            "input": "39 99 18 50 100 55 19 77 98 97 53 84 54 71 47",
            "output": "47 71 54 84 53 97 98 77 19 55 100 50 18 99 39"
        },
        {
            "input": "18 62 44 34 68 91 1 76 39 55 90 13 29",
            "output": "29 13 90 55 39 76 1 91 68 34 44 62 18"
        },
        {
            "input": "40 58 32 3 61 1 24 44",
            "output": "44 24 1 61 3 32 58 40"
        },
        {
            "input": "73 30 2 85 55 75 22 96 30 65",
            "output": "65 30 96 22 75 55 85 2 30 73"
        },
        {
            "input": "63 100 85 20 48 40 61 59",
            "output": "59 61 40 48 20 85 100 63"
        },
        {
            "input": "7 24 53 60 69 53 57 36 87 60",
            "output": "60 87 36 57 53 69 60 53 24 7"
        },
        {
            "input": "40 20 89 61 74 64",
            "output": "64 74 61 89 20 40"
        },
        {
            "input": "19 86 39 85",
            "output": "85 39 86 19"
        },
        {
            "input": "44 89 26 99 90 79 80 55 43 13 55 3 8 68",
            "output": "68 8 3 55 13 43 55 80 79 90 99 26 89 44"
        },
        {
            "input": "33 61 4 50 61 52 17 27 33 92 11 92 38 95 34",
            "output": "34 95 38 92 11 92 33 27 17 52 61 50 4 61 33"
        },
        {
            "input": "64 19 37 44 52",
            "output": "52 44 37 19 64"
        },
        {
            "input": "38 5 83 27 33 77 63 58 67 11 25 84 54",
            "output": "54 84 25 11 67 58 63 77 33 27 83 5 38"
        },
        {
            "input": "70 84 51 6",
            "output": "6 51 84 70"
        },
        {
            "input": "75 29 26 54 61 48 83 10 48 23",
            "output": "23 48 10 83 48 61 54 26 29 75"
        },
        {
            "input": "90 52 22 82 20 17 3 76 73 74",
            "output": "74 73 76 3 17 20 82 22 52 90"
        },
        {
            "input": "28 69 48 53",
            "output": "53 48 69 28"
        },
        {
            "input": "29 8 81 36 55 70 54 41 94 33 12 40 9 82 31",
            "output": "31 82 9 40 12 33 94 41 54 70 55 36 81 8 29"
        },
        {
            "input": "52 67 98",
            "output": "98 67 52"
        },
        {
            "input": "28 97 6 17 78 83",
            "output": "83 78 17 6 97 28"
        },
        {
            "input": "1 96 94 2 60 76",
            "output": "76 60 2 94 96 1"
        },
        {
            "input": "57 38 89 49 78 22 52 6 34 50 15 83 63",
            "output": "63 83 15 50 34 6 52 22 78 49 89 38 57"
        },
        {
            "input": "55 87 91 2 33 78 80 11 60 90 98 1 13 37",
            "output": "37 13 1 98 90 60 11 80 78 33 2 91 87 55"
        },
        {
            "input": "67 7 53 60 3 91 65 14",
            "output": "14 65 91 3 60 53 7 67"
        },
        {
            "input": "5 95 3 80 5 26",
            "output": "26 5 80 3 95 5"
        },
        {
            "input": "43 48 29 3 91 51 7 5",
            "output": "5 7 51 91 3 29 48 43"
        },
        {
            "input": "10 25 89 45 48 87 95 95 59 17 89 63",
            "output": "63 89 17 59 95 95 87 48 45 89 25 10"
        },
        {
            "input": "47 32 91 13 10 90 9 98 89 60",
            "output": "60 89 98 9 90 10 13 91 32 47"
        },
        {
            "input": "70 71 2 65 59 72",
            "output": "72 59 65 2 71 70"
        },
        {
            "input": "4 1 54",
            "output": "54 1 4"
        },
        {
            "input": "10 94 26 79",
            "output": "79 26 94 10"
        }
    ]
}