{
    "id": "reverse_string",
    "title": "Reverse a String",
    "description": "Reversing a string involves arranging its characters in the opposite order. For example, 'hello' becomes 'olleh'. In this problem, you are given a string `S`. Your task is to generate and output the reversed version of this string.",
    "input_format": "A single string S.",
    "output_format": "Output a single string representing the reversed version of the input string `S`.",
    "constraints": {
        "S": "1 <= length(S) <= 1000"
    },
    "judge_mode": "FIRST_FAIL",
    "time_limit": 1,
    "sample_test_cases": [
        {
            "input": "hello",
            "output": "olleh"
        },
        {
            "input": "world",
            "output": "dlrow"
        }
    ],
    "hidden_test_cases": [
        {
            "input": "aabcd",
            "output": "dcbaa"
        },
        {
            "input": "cbdgefbgbdbcdg",
            "output": "gdcbdbgbfegdbc"
        },
        {
            "input": "cdbfc",
            "output": "cfbdc"
        },
        {
            "input": "fbfcgbfgdc",
            "output": "cdgfbgcfbf"
        },
        {
            "input": "edcgfeegaed",
            "output": "deageefgcde"
        },
        {
            "input": "gcd",
            "output": "dcg"
        },
        {
            "input": "cde",
            "output": "edc"
        },
        {
            "input": "bccgccffaaad",
            "output": "daaaffccgccb"
        },
        {
            "input": "fgfefccfg",
            "output": "gfccfefgf"
        },
        {
            "input": "fcfccdbgdfagba",
            "output": "abgafdgbdccfcf"
        },
        {
            "input": "acafa",
            "output": "afaca"
        },
        {
            "input": "cdacgabfgdb",
            "output": "bdgfbagcadc"
        },
        {
            "input": "bfcbgbfaadad",
            "output": "dadaafbgbcfb"
        },
        {
            "input": "fcbecd",
            "output": "dcebcf"
        },
        {
            "input": "eabbccfbge",
            "output": "egbfccbbae"
        },
        {
            "input": "dbcedbeeea",
            "output": "aeeebdecbd"
        },
        {
            "input": "dfbea",
            "output": "aebfd"
        },
        {
            "input": "dcfabedd",
            "output": "ddebafcd"
        },
        {
            "input": "dcaaggdccfgbe",
            "output": "ebgfccdggaacd"
        },
        {
            "input": "abfggbecdccg",
            "output": "gccdcebggfba"
        },
        {
            "input": "gacafdaeeagcgc",
            "output": "cgcgaeeadfacag"
        },
        {
            "input": "bgcgaadgegf",
            "output": "fgegdaagcgb"
        },
        {
            "input": "bdbcdacfagcadgb",
            "output": "bgdacgafcadcbdb"
        },
        {
            "input": "fcggebbeddfda",
            "output": "adfddebbeggcf"
        },
        {
            "input": "fdfcceadccdceaa",
            "output": "aaecdccdaeccfdf"
        },
        {
            "input": "bbg",
            "output": "gbb"
        },
        {
            "input": "gfdfadfbcc",
            "output": "ccbfdafdfg"
        },
        {
            "input": "bdagfb",
            "output": "bfgadb"
        },
        {
            "input": "bedebdffbeageg",
            "output": "gegaebffdbedeb"
        },
        {
            "input": "feadfaefecaaca",
            "output": "acaacefeafdaef"
        },
        {
            "input": "eebef",
            "output": "febee"
        },
        {
            "input": "gfdfebbadg",
            "output": "gdabbefdfg"
        },
        {
            "input": "dceagdcfbb",
            "output": "bbfcdgaecd"
        },
        {
            "input": "gabgfffgdadcbcg",
            "output": "gcbcdadgfffgbag"
        },
        {
            "input": "gdafg",
            "output": "gfadg"
        },
        {
            "input": "ceadccg",
            "output": "gccdaec"
        },
        {
            "input": "adgaeddef",
            "output": "feddeagda"
        },
        {
            "input": "afddbefbfcfeda",
            "output": "adefcfbfebddfa"
        },
        {
            "input": "aegggdafdgdf",
            "output": "fdgdfadgggea"
        },
        {
            "input": "dcgdcgaggaacbb",
            "output": "bbcaaggagcdgcd"
        },
        {
            "input": "cdaacdfgd",
            "output": "dgfdcaadc"
        },
        {
            "input": "bccgddacb",
            "output": "bcaddgccb"
        },
        {
            "input": "bdbeebf",
            "output": "fbeebdb"
        },
        {
            "input": "cagg",
            "output": "ggac"
        },
        {
            "input": "effaeffdaf",
            "output": "fadffeaffe"
        },
        {
            "input": "effeedecdedegfe",
            "output": "efgededcedeeffe"
        },
        {
            "input": "fbgdbgdffgffee",
            "output": "eeffgffdgbdgbf"
        },
        {
            "input": "fgbccagefba",
            "output": "abfegaccbgf"
        },
        {
            "input": "gdadagcacefaa",
            "output": "aafecacgadadg"
        },
        {
            "input": "dafdbebd",
            "output": "dbebdfad"
        },
        {
            "input": "efgdeeccbde",
            "output": "edbcceedgfe"
        },
        {
            "input": "bacadafecggee",
            "output": "eeggcefadacab"
        },
        {
            "input": "edfbdaagabca",
            "output": "acbagaadbfde"
        },
        {
            "input": "feeaa",
            "output": "aaeef"
        },
        {
            "input": "eccefdf",
            "output": "fdfecce"
        },
        {
            "input": "cecffagadfcgddf",
            "output": "fddgcfdagaffcec"
        },
        {
            "input": "gfdfgbcg",
            "output": "gcbgfdfg"
        },
        {
            "input": "bab",
            "output": "bab"
        },
        {
            "input": "ccfggd",
            "output": "dggfcc"
        },
        {
            "input": "aegebccbbbacbc",
            "output": "cbcabbbccbegea"
        },
        {
            "input": "ddffbd",
            "output": "dbffdd"
        },
        {
            "input": "agccfebgcef",
            "output": "fecgbefccga"
        },
        {
            "input": "aefbecgebfbedc",
            "output": "cdebfbegcebfea"
        },
        {
            "input": "bccfbgagc",
            "output": "cgagbfccb"
        },
        {
            "input": "fgdbbdgadfba",
            "output": "abfdagdbbdgf"
        },
        {
            "input": "ffacacdbccfd",
            "output": "dfccbdcacaff"
        },
        {
            "input": "ccbeafg",
            "output": "gfaebcc"
        },
        {
            "input": "bddd",
            "output": "dddb"
        },
        {
            "input": "fcdef",
            "output": "fedcf"
        },
        {
            "input": "cfecebfbbedad",
            "output": "dadebbfbecefc"
        },
        {
            "input": "dagbbfdffe",
            "output": "effdfbbgad"
        },
        {
            "input": "ggbfgbfgceg",
            "output": "gecgfbgfbgg"
        },
        {
            "input": "cbaagdfc",
            "output": "cfdgaabc"
        },
        {
            "input": "deacacefecfge",
            "output": "egfcefecacaed"
        },
        {
            "input": "abababg",
            "output": "gbababa"
        },
        {
            "input": "cgfbdgagaff",
            "output": "ffagagdbfgc"
        },
        {
            "input": "fcdeed",
            "output": "deedcf"
        },
        {
            "input": "ccgce",
            "output": "ecgcc"
        },
        {
            "input": "ccfacagacb",
            "output": "bcagacafcc"
        },
        {
            "input": "abegabdbefe",
            "output": "efebdbageba"
        },
        {
            "input": "bfcgce",
            "output": "ecgcfb"
        },
        {
            "input": "ebe",
            "output": "ebe"
        },
        {
            "input": "ebeeafdbdebcagc",
            "output": "cgacbedbdfaeebe"
        },
        {
            "input": "bbfbf",
            "output": "fbfbb"
        },
        {
            "input": "cbafecbdedda",
            "output": "addedbcefabc"
        },
        {
            "input": "dedgfabf",
            "output": "fbafgded"
        },
        {
            "input": "gfaebfbgaebe",
            "output": "ebeagbfbeafg"
        },
        {
            "input": "dfacg",
            "output": "gcafd"
        },
        {
            "input": "ggedfdfbcbdg",
            "output": "gdbcbfdfdegg"
        },
        {
            "input": "ddggbafcbfbaffc",
            "output": "cffabfbcfabggdd"
        },
        {
            "input": "gcdbeebeggegfca",
            "output": "acfgeggebeebdcg"
        },
        {
            "input": "bagfabebffcfa",
            "output": "afcffbebafgab"
        },
        {
            "input": "fcfc",
            "output": "cfcf"
        },
        {
            "input": "acdgaacge",
            "output": "egcaagdca"
        },
        {
            "input": "fggcegcf",
            "output": "fcgecggf"
        },
        {
            "input": "bebggdgebbdfca",
            "output": "acfdbbegdggbeb"
        },
        {
            "input": "cbaaf",
            "output": "faabc"
        },
        {
            "input": "aeadcb",
            "output": "bcdaea"
        },
        {
            "input": "bdcfeg",
            "output": "gefcdb"
        },
        {
            "input": "adgdfabdgaaga",
            "output": "agaagdbafdgda"
        },
        {
            "input": "bcfaefeeeage",
            "output": "egaeeefeafcb"
        },
        {
            "input": "cdcafaefbgd",
            "output": "dgbfeafacdc"
        },
        {
            "input": "gbbefeaebe",
            "output": "ebeaefebbg"
        },
        {
            "input": "bbf",
            "output": "fbb"
        },
        {
            "input": "bbfbcfabdcabfbf",
            "output": "fbfbacdbafcbfbb"
        },
        {
            "input": "bffeedbbe",
            "output": "ebbdeeffb"
        },
        {
            "input": "gfeadacddd",
            "output": "dddcadaefg"
        },
        {
            "input": "bgbcddgagabfbc",
            "output": "cbfbagagddcbgb"
        },
        {
            "input": "bcffcebgf",
            "output": "fgbecffcb"
        },
        {
            "input": "feafadaf",
            "output": "fadafaef"
        },
        {
            "input": "abfdgcgeacfbfaa",
            "output": "aafbfcaegcgdfba"
        },
        {
            "input": "aeeafbee",
            "output": "eebfaeea"
        },
        {
            "input": "cdebbaceb",
            "output": "becabbedc"
        },
        {
            "input": "fggdfb",
            "output": "bfdggf"
        },
        {
            "input": "ccdcbc",
            "output": "cbcdcc"
        },
        {
            "input": "dfbcfadegegeb",
            "output": "begegedafcbfd"
        },
        {
            "input": "ffdab",
            "output": "badff"
        },
        {
            "input": "cbeeddcfcecaag",
            "output": "gaacecfcddeebc"
        },
        {
            "input": "deddfcaddcc",
            "output": "ccddacfdded"
        },
        {
            "input": "eaf",
            "output": "fae"
        },
        {
            "input": "fddcfd",
            "output": "dfcddf"
        },
        {
            "input": "dbfecd",
            "output": "dcefbd"
        },
        {
            "input": "fdadga",
            "output": "agdadf"
        },
        {
            "input": "eeabddgc",
            "output": "cgddbaee"
        },
        {
            "input": "eabc",
            "output": "cbae"
        },
        {
            "input": "fadgebcgc",
            "output": "cgcbegdaf"
        },
        {
            "input": "fgfebgbfc",
            "output": "cfbgbefgf"
        },
        {
            "input": "fefbbfee",
            "output": "eefbbfef"
        },
        {
            "input": "geefeaagcdgg",
            "output": "ggdcgaaefeeg"
        },
        {
            "input": "ggaefg",
            "output": "gfeagg"
        },
        {
            "input": "fgadfffgcead",
            "output": "daecgfffdagf"
        },
        {
            "input": "gbgac",
            "output": "cagbg"
        },
        {
            "input": "caa",
            "output": "aac"
        },
        {
            "input": "gceecccgc",
            "output": "cgccceecg"
        },
        {
            "input": "ggagdbgf",
            "output": "fgbdgagg"
        },
        {
            "input": "fgcbef",
            "output": "febcgf"
        },
        {
            "input": "gbbcdde",
            "output": "eddcbbg"
        },
        {
            "input": "bdgcgegeabb",
            "output": "bbaegegcgdb"
        },
        {
            "input": "fccf",
            "output": "fccf"
        },
        {
            "input": "cddedgcfgeegge",
            "output": "eggeegfcgdeddc"
        },
        {
            "input": "gfdgfdcdgaecd",
            "output": "dceagdcdfgdfg"
        },
        {
            "input": "bcagcffdd",
            "output": "ddffcgacb"
        },
        {
            "input": "abefgdfdbdgacaf",
            "output": "facagdbdfdgfeba"
        },
        {
            "input": "cdbgg",
            "output": "ggbdc"
        },
        {
            "input": "fae",
            "output": "eaf"
        },
        {
            "input": "fggbbacfcccgf",
            "output": "fgcccfcabbggf"
        },
        {
            "input": "cbafbgdabefcedc",
            "output": "cdecfebadgbfabc"
        },
        {
            "input": "gbdbd",
            "output": "dbdbg"
        },
        {
            "input": "agfbfgagedgdgc",
            "output": "cgdgdegagfbfga"
        },
        {
            "input": "dbdccggcbg",
            "output": "gbcggccdbd"
        },
        {
            "input": "acaecbacb",
            "output": "bcabceaca"
        },
        {
            "input": "adebgac",
            "output": "cagbeda"
        },
        {
            "input": "fgcecaeccfc",
            "output": "cfcceacecgf"
        },
        {
            "input": "cdfcbbegfbgag",
            "output": "gagbfgebbcfdc"
        },
        {
            "input": "gadg",
            "output": "gdag"
        },
        {
            "input": "fdgad",
            "output": "dagdf"
        },
        {
            "input": "dfgedbafeccf",
            "output": "fccefabdegfd"
        },
        {
            "input": "fefffaeefgfdg",
            "output": "gdfgfeeafffef"
        },
        {
            "input": "agafffbddfde",
            "output": "edfddbfffaga"
        },
        {
            "input": "dgebcccafg",
            "output": "gfacccbegd"
        },
        {
            "input": "efbeeeecc",
            "output": "cceeeebfe"
        },
        {
            "input": "cdfebb",
            "output": "bbefdc"
        },
        {
            "input": "bgeebdabda",
            "output": "adbadbeegb"
        },
        {
            "input": "beaadaaeaab",
            "output": "baaeaadaaeb"
        },
        {
            "input": "cbgdbc",
            "output": "cbdgbc"
        },
        {
            "input": "efcbfbbeefgafe",
            "output": "efagfeebbfbcfe"
        },
        {
            "input": "ecaee",
            "output": "eeace"
        },
        {
            "input": "acedddgegbfdaf",
            "output": "fadfbgegdddeca"
        },
        {
            "input": "abaedgfbdafbf",
            "output": "fbfadbfgdeaba"
        },
        {
            "input": "gad",
            "output": "dag"
        },
        {
            "input": "cabgdfgfdgd",
            "output": "dgdfgfdgbac"
        },
        {
            "input": "begbabfacab",
            "output": "bacafbabgeb"
        },
        {
            "input": "aebdgbegf",
            "output": "fgebgdbea"
        },
        {
            "input": "ecg",
            "output": "gce"
        },
        {
            "input": "gedbcacg",
            "output": "gcacbdeg"
        },
        {
            "input": "cbfcagefaecccg",
            "output": "gccceafegacfbc"
        },
        {
            "input": "fddcffbd",
            "output": "dbffcddf"
        },
        {
            "input": "dfbgeeddeggaae",
            "output": "eaaggeddeegbfd"
        },
        {
            "input": "gdffeadcgad",
            "output": "dagcdaeffdg"
        },
        {
            "input": "acdfddbggc",
            "output": "cggbddfdca"
        },
        {
            "input": "ede",
            "output": "ede"
        },
        {
            "input": "gcfcafadcgac",
            "output": "cagcdafacfcg"
        },
        {
            "input": "bcd",
            "output": "dcb"
        },
        {
            "input": "fdfagbgbdfe",
            "output": "efdbgbgafdf"
        },
        {
            "input": "cbgadd",
            "output": "ddagbc"
        },
        {
            "input": "bddfbfffefcdb",
            "output": "bdcfefffbfddb"
        },
        {
            "input": "gga",
            "output": "agg"
        },
        {
            "input": "dgccbgfbddfc",
            "output": "cfddbfgbccgd"
        },
        {
            "input": "cccdbafcbd",
            "output": "dbcfabdccc"
        },
        {
            "input": "ccdcaccbcaa",
            "output": "aacbccacdcc"
        },
        {
            "input": "afgb",
            "output": "bgfa"
        },
        {
            "input": "ddffcff",
            "output": "ffcffdd"
        },
        {
            "input": "cadggbgdgagff",
            "output": "ffgagdgbggdac"
        },
        {
            "input": "egdcgf",
            "output": "fgcdge"
        },
        {
            "input": "eggda",
            "output": "adgge"
        },
        {
            "input": "ddbcefbade",
            "output": "edabfecbdd"
        },
        {
            "input": "fbbccagcd",
            "output": "dcgaccbbf"
        },
        {
            "input": "cecgbdgc",
            "output": "cgdbgcec"
        },
        {
            "input": "eggeeffg",
            "output": "gffeegge"
        },
        {
            "input": "ada",
            "output": "ada"
        },
        {
            "input": "ggcgcdef",
            "output": "fedcgcgg"
        },
        {
            "input": "gcbab",
            "output": "babcg"
        },
        {
            "input": "babfd",
            "output": "dfbab"
        },
        {
            "input": "dgacacfcac",
            "output": "cacfcacagd"
        },
        {
            "input": "gefded",
            "output": "dedfeg"
        },
        {
            "input": "fdac",
            "output": "cadf"
        },
        {
            "input": "abbadbgegeddbgd",
            "output": "dgbddegegbdabba"
        },
        {
            "input": "fegaafdddedef",
            "output": "fededddfaagef"
        },
        {
            "input": "bfdeebfgdcg",
            "output": "gcdgfbeedfb"
        },
        {
            "input": "gggbfgbacaabd",
            "output": "dbaacabgfbggg"
        },
        {
            "input": "cfdfa",
            "output": "afdfc"
        },
        {
            "input": "egbeegfadgfdgba",
            "output": "abgdfgdafgeebge"
        },
        {
            "input": "cagc",
            "output": "cgac"
        },
        {
            "input": "adgcee",
            "output": "eecgda"
        },
        {
            "input": "efda",
            "output": "adfe"
        },
        {
            "input": "ceddeceadbeeb",
            "output": "beebdaeceddec"
        },
        {
            "input": "eggdade",
            "output": "edadgge"
        },
        {
            "input": "cacdebgcd",
            "output": "dcgbedcac"
        },
        {
            "input": "bgfggdff",
            "output": "ffdggfgb"
        },
        {
            "input": "ddfdfacdce",
            "output": "ecdcafdfdd"
        },
        {
            "input": "dbfaabcd",
            "output": "dcbaafbd"
        },
        {
            "input": "faaacedgeadba",
            "output": "abdaegdecaaaf"
        },
        {
            "input": "acdbe",
            "output": "ebdca"
        },
        {
            "input": "gfccedcdgf",
            "output": "fgdcdeccfg"
        },
        {
            "input": "beafd",
            "output": "dfaeb"
        },
        {
            "input": "gggff",
            "output": "ffggg"
        },
        {
            "input": "bec",
            "output": "ceb"
        },
        {
            "input": "acgbd",
            "output": "dbgca"
        },
        {
            "input": "bgceafgcbfb",
            "output": "bfbcgfaecgb"
        },
        {
            "input": "cdcgbcgaccdga",
            "output": "agdccagcbgcdc"
        },
        {
            "input": "gfdc",
            "output": "cdfg"
        },
        {
            "input": "eadcbadfgb",
            "output": "bgfdabcdae"
        },
        {
            "input": "ddfdggcgadefagg",
            "output": "ggafedagcggdfdd"
        },
        {
            "input": "ebbgecagebdf",
            "output": "fdbegacegbbe"
        },
        {
            "input": "ebdcbafefffdf",
            "output": "fdfffefabcdbe"
        },
        {
            "input": "cagefgbffeaa",
            "output": "aaeffbgfegac"
        },
        {
            "input": "dccgbcdag",
            "output": "gadcbgccd"
        },
        {
            "input": "gfbbadagcadfdgb",
            "output": "bgdfdacgadabbfg"
        },
        {
            "input": "gcc",
            "output": "ccg"
        },
        {
            "input": "badebdd",
            "output": "ddbedab"
        },
        {
            "input": "egeg",
            "output": "gege"
        },
        {
            "input": "cbdbaddf",
            "output": "fddabdbc"
        },
        {
            "input": "gcb",
            "output": "bcg"
        },
        {
            "input": "ffgafbffcfaegad",
            "output": "dageafcffbfagff"
        },
        {
            "input": "adgdgcaedgb",
            "output": "bgdeacgdgda"
        },
        {
            "input": "deeabbbdgcebd",
            "output": "dbecgdbbbaeed"
        },
        {
            "input": "bddagaefabecg",
            "output": "gcebafeagaddb"
        },
        {
            "input": "eebg",
            "output": "gbee"
        },
        {
            "input": "fbeebfegde",
            "output": "edgefbeebf"
        },
        {
            "input": "acdccggcfaad",
            "output": "daafcggccdca"
        },
        {
            "input": "aebgbbgdcgdcac",
            "output": "cacdgcdgbbgbea"
        },
        {
            "input": "ecfge",
            "output": "egfce"
        },
        {
            "input": "cgafee",
            "output": "eefagc"
        },
        {
            "input": "fbedgadecd",
            "output": "dcedagdebf"
        },
        {
            "input": "efcbbggbdeaf",
            "output": "faedbggbbcfe"
        },
        {
            "input": "gcageb",
            "output": "begacg"
        },
        {
            "input": "acggebebbffa",
            "output": "affbbebeggca"
        },
        {
            "input": "egbcefcfdcfegd",
            "output": "dgefcdfcfecbge"
        },
        {
            "input": "ccaaacfbfaeffag",
            "output": "gaffeafbfcaaacc"
        },
        {
            "input": "gffabgddeg",
            "output": "geddgbaffg"
        },
        {
            "input": "ddeefafgdaf",
            "output": "fadgfafeedd"
        },
        {
            "input": "aacfccb",
            "output": "bccfcaa"
        },
        {
            "input": "gfcdbgfgfc",
            "output": "cfgfgbdcfg"
        },
        {
            "input": "fbcbd",
            "output": "dbcbf"
        },
        {
            "input": "cagbcgeafafbcc",
            "output": "ccbfafaegcbgac"
        },
        {
            "input": "dfbbggabd",
            "output": "dbaggbbfd"
        },
        {
            "input": "gaddaa",
            "output": "aaddag"
        },
        {
            "input": "bccgggeacfdeggc",
            "output": "cggedfcaegggccb"
        },
        {
            "input": "fcgbeddfadddaff",
            "output": "ffadddafddebgcf"
        },
        {
            "input": "dddcaeaffgbbee",
            "output": "eebbgffaeacddd"
        },
        {
            "input": "adeefbbgccb",
            "output": "bccgbbfeeda"
        },
        {
            "input": "aadfee",
            "output": "eefdaa"
        },
        {
            "input": "fceacgegccbbfa",
            "output": "afbbccgegcaecf"
        },
        {
            "input": "fafdcbebba",
            "output": "abbebcdfaf"
        },
        {
            "input": "feeacfagfa",
            "output": "afgafcaeef"
        },
        {
            "input": "bfddfd",
            "output": "dfddfb"
        },
        {
            "input": "cfacefa",
            "output": "afecafc"
        },
        {
            "input": "aaba",
            "output": "abaa"
        },
        {
            "input": "gae",
            "output": "eag"
        },
        {
            "input": "bccbafcda",
            "output": "adcfabccb"
        },
        {
            "input": "ecdabdcecbf",
            "output": "fbcecdbadce"
        },
        {
            "input": "fefedf",
            "output": "fdefef"
        },
        {
            "input": "bafaafefaafedde",
            "output": "eddefaafefaafab"
        },
        {
            "input": "gcfdcadccgbeceb",
            "output": "becebgccdacdfcg"
        },
        {
            "input": "gcefdggaee",
            "output": "eeaggdfecg"
        },
        {
            "input": "fddbeagae",
            "output": "eagaebddf"
        },
        {
            "input": "eecgefg",
            "output": "gfegcee"
        },
        {
            "input": "becbdedaegdfbdd",
            "output": "ddbfdgeadedbceb"
        },
        {
            "input": "begdbegdgccaagb",
            "output": "bgaaccgdgebdgeb"
        },
        {
            "input": "gafbebdefd",
            "output": "dfedbebfag"
        },
        {
            "input": "abcbdgcd",
            "output": "dcgdbcba"
        },
        {
            "input": "adcgfdd",
            "output": "ddfgcda"
        },
        {
            "input": "badc",
            "output": "cdab"
        },
        {
            "input": "bcbcfb",
            "output": "bfcbcb"
        },
        {
            "input": "egbfcb",
            "output": "bcfbge"
        },
        {
            "input": "ddad",
            "output": "dadd"
        },
        {
            "input": "cdbdfaaagb",
            "output": "bgaaafdbdc"
        },
        {
            "input": "eeg",
            "output": "gee"
        },
        {
            "input": "gdabebbbgfgd",
            "output": "dgfgbbbebadg"
        },
        {
            "input": "gagbcb",
            "output": "bcbgag"
        },
        {
            "input": "bgfbbcaddf",
            "output": "fddacbbfgb"
        },
        {
            "input": "fac",
            "output": "caf"
        },
        {
            "input": "ebgbeagd",
            "output": "dgaebgbe"
        },
        {
            "input": "bebbcbd",
            "output": "dbcbbeb"
        },
        {
            "input": "eaggcffbfaa",
            "output": "aafbffcggae"
        },
        {
            "input": "gebag",
            "output": "gabeg"
        },
        {
            "input": "edcf",
            "output": "fcde"
        },
        {
            "input": "daadfafd",
            "output": "dfafdaad"
        },
        {
            "input": "bfga",
            "output": "agfb"
        },
        {
            "input": "ddeabffaeaf",
            "output": "faeaffbaedd"
        },
        {
            "input": "accebdd",
            "output": "ddbecca"
        },
        {
            "input": "bcbb",
            "output": "bbcb"
        },
        {
            "input": "febdeg",
            "output": "gedbef"
        },
        {
            "input": "ebb",
            "output": "bbe"
        },
        {
            "input": "efdagbcbgegccgd",
            "output": "dgccgegbcbgadfe"
        },
        {
            "input": "dcbb",
            "output": "bbcd"
        },
        {
            "input": "fgebdabcfgfecfc",
            "output": "cfcefgfcbadbegf"
        },
        {
            "input": "bfbbb",
            "output": "bbbfb"
        },
        {
            "input": "fbceefcecc",
            "output": "ccecfeecbf"
        },
        {
            "input": "cgedbcfeebcbde",
            "output": "edbcbeefcbdegc"
        },
        {
            "input": "ffgcb",
            "output": "bcgff"
        },
        {
            "input": "feggdd",
            "output": "ddggef"
        },
        {
            "input": "ffdfbfdbbbgd",
            "output": "dgbbbdfbfdff"
        },
        {
            "input": "dcadgfb",
            "output": "bfgdacd"
        },
        {
            "input": "efcafaefdgba",
            "output": "abgdfeafacfe"
        },
        {
            "input": "gcbedff",
            "output": "ffdebcg"
        },
        {
            "input": "aaee",
            "output": "eeaa"
        },
        {
            "input": "cfegagbed",
            "output": "debgagefc"
        },
        {
            "input": "acefffaabdgec",
            "output": "cegdbaafffeca"
        },
        {
            "input": "aaffbbfc",
            "output": "cfbbffaa"
        },
        {
            "input": "geaggbbgddfd",
            "output": "dfddgbbggaeg"
        },
        {
            "input": "edg",
            "output": "gde"
        },
        {
            "input": "bffcabfccecgaab",
            "output": "baagceccfbacffb"
        },
        {
            "input": "egcbebdecbeac",
            "output": "caebcedbebcge"
        },
        {
            "input": "gbcaf",
            "output": "facbg"
        },
        {
            "input": "bfagaacaefgdgc",
            "output": "cgdgfeacaagafb"
        },
        {
            "input": "gcgegcc",
            "output": "ccgegcg"
        },
        {
            "input": "fbe",
            "output": "ebf"
        },
        {
            "input": "ebdbafdddeed",
            "output": "deedddfabdbe"
        },
        {
            "input": "dbdefaaccdbdcd",
            "output": "dcdbdccaafedbd"
        },
        {
            "input": "dffg",
            "output": "gffd"
        },
        {
            "input": "acec",
            "output": "ceca"
        },
        {
            "input": "affeafcbbcf",
            "output": "fcbbcfaeffa"
        },
        {
            "input": "acaeadgedgbb",
            "output": "bbgdegdaeaca"
        },
        {
            "input": "accfdf",
            "output": "fdfcca"
        },
        {
            "input": "becfab",
            "output": "bafceb"
        },
        {
            "input": "fbdffgbcca",
            "output": "accbgffdbf"
        },
        {
            "input": "gfbffcccc",
            "output": "ccccffbfg"
        },
        {
            "input": "cfcefd",
            "output": "dfecfc"
        },
        {
            "input": "fceefdcfa",
            "output": "afcdfeecf"
        },
        {
            "input": "efbccadbf",
            "output": "fbdaccbfe"
        },
        {
            "input": "efa",
            "output": "afe"
        },
        {
            "input": "afb",
            "output": "bfa"
        },
        {
            "input": "acecgfcbdafgcf",
            "output": "fcgfadbcfgceca"
        },
        {
            "input": "cfabdf",
            "output": "fdbafc"
        },
        {
            "input": "ebc",
            "output": "cbe"
        },
        {
            "input": "facafcdadbb",
            "output": "bbdadcfacaf"
        },
        {
            "input": "eabgddcedcf",
            "output": "fcdecddgbae"
        },
        {
            "input": "gfaebb",
            "output": "bbeafg"
        },
        {
            "input": "fccegbbcffc",
            "output": "cffcbbgeccf"
        },
        {
            "input": "cdbe",
            "output": "ebdc"
        },
        {
            "input": "cegbd",
            "output": "dbgec"
        },
        {
            "input": "bgebecgfeg",
            "output": "gefgcebegb"
        },
        {
            "input": "fcbdcgceafffcbd",
            "output": "dbcfffaecgcdbcf"
        },
        {
            "input": "agcfcfa",
            "output": "afcfcga"
        },
        {
            "input": "afegcdda",
            "output": "addcgefa"
        },
        {
            "input": "aefcdbeffce",
            "output": "ecffebdcfea"
        },
        {
            "input": "geaefac",
            "output": "cafeaeg"
        },
        {
            "input": "bgdb",
            "output": "bdgb"
        },
        {
            "input": "cgee",
            "output": "eegc"
        },
        {
            "input": "beccag",
            "output": "gacceb"
        },
        {
            "input": "bdc",
            "output": "cdb"
        },
        {
            "input": "fgcbgeaagc",
            "output": "cgaaegbcgf"
        },
        {
            "input": "cbcbcca",
            "output": "accbcbc"
        },
        {
            "input": "gfecdacc",
            "output": "ccadcefg"
        },
        {
            "input": "cggbgc",
            "output": "cgbggc"
        },
        {
            "input": "aggfaedggccccd",
            "output": "dccccggdeafgga"
        },
        {
            "input": "fafe",
            "output": "efaf"
        },
        {
            "input": "cfdeabbgcebaegd",
            "output": "dgeabecgbbaedfc"
        },
        {
            "input": "agdabdcaadbef",
            "output": "febdaacdbadga"
        },
        {
            "input": "cbgcfa",
            "output": "afcgbc"
        },
        {
            "input": "abdaeage",
            "output": "egaeadba"
        },
        {
            "input": "acfgfaccgcg",
            "output": "gcgccafgfca"
        },
        {
            "input": "edcfcfea",
            "output": "aefcfcde"
        },
        {
            "input": "abecdgb",
            "output": "bgdceba"
        },
        {
            "input": "fbeegbfbfegbd",
            "output": "dbgefbfbgeebf"
        },
        {
            "input": "cccfdb",
            "output": "bdfccc"
        },
        {
            "input": "gefge",
            "output": "egfeg"
        },
        {
            "input": "gagaafgda",
            "output": "adgfaagag"
        },
        {
            "input": "fce",
            "output": "ecf"
        },
        {
            "input": "dbcgcg",
            "output": "gcgcbd"
        },
        {
            "input": "dbececbegeaeeea",
            "output": "aeeeaegebcecebd"
        },
        {
            "input": "gbbgffceb",
            "output": "becffgbbg"
        },
        {
            "input": "dgb",
            "output": "bgd"
        },
        {
            "input": "bacbcbe",
            "output": "ebcbcab"
        },
        {
            "input": "aecbgbegf",
            "output": "fgebgbcea"
        },
        {
            "input": "ggef",
            "output": "fegg"
        },
        {
            "input": "ffaebfeeeaccccb",
            "output": "bccccaeeefbeaff"
        },
        {
            "input": "ggebe",
            "output": "ebegg"
        },
        {
            "input": "gcdebegfbebf",
            "output": "fbebfgebedcg"
        },
        {
            "input": "fcdgedfdfccdcf",
            "output": "fcdccfdfdegdcf"
        },
        {
            "input": "ebbbeace",
            "output": "ecaebbbe"
        },
        {
            "input": "ecgdafb",
            "output": "bfadgce"
        },
        {
            "input": "baeadafdcbbaaa",
            "output": "aaabbcdfadaeab"
        },
        {
            "input": "geegebbe",
            "output": "ebbegeeg"
        },
        {
            "input": "bbdba",
            "output": "abdbb"
        },
        {
            "input": "eabagfbbd",
            "output": "dbbfgabae"
        },
        {
            "input": "ggggcfg",
            "output": "gfcgggg"
        },
        {
            "input": "bcfecgegdcbbgfe",
            "output": "efgbbcdgegcefcb"
        },
        {
            "input": "deacfdaggae",
            "output": "eaggadfcaed"
        },
        {
            "input": "abagegac",
            "output": "cagegaba"
        },
        {
            "input": "ddbdfbaabfgdb",
            "output": "bdgfbaabfdbdd"
        },
        {
            "input": "dafagbffgfca",
            "output": "acfgffbgafad"
        },
        {
            "input": "agdgc",
            "output": "cgdga"
        },
        {
            "input": "ccaag",
            "output": "gaacc"
        },
        {
            "input": "gcbfagbacaae",
            "output": "eaacabgafbcg"
        },
        {
            "input": "gfagbaccfb",
            "output": "bfccabgafg"
        },
        {
            "input": "gaffgbdegddc",
            "output": "cddgedbgffag"
        },
        {
            "input": "aebeaggdeggbgdc",
            "output": "cdgbggedggaebea"
        },
        {
            "input": "ebfadgafccf",
            "output": "fccfagdafbe"
        },
        {
            "input": "acdfcfdcaacac",
            "output": "cacaacdfcfdca"
        },
        {
            "input": "cefgdebddebcae",
            "output": "eacbeddbedgfec"
        },
        {
            "input": "fbbgecb",
            "output": "bcegbbf"
        },
        {
            "input": "cggdbcfec",
            "output": "cefcbdggc"
        },
        {
            "input": "cdca",
            "output": "acdc"
        },
        {
            "input": "dfbfdefdfg",
            "output": "gfdfedfbfd"
        },
        {
            "input": "ebaa",
            "output": "aabe"
        },
        {
            "input": "ebecddfge",
            "output": "egfddcebe"
        },
        {
            "input": "bceeacecb",
            "output": "bcecaeecb"
        },
        {
            "input": "abag",
            "output": "gaba"
        },
        {
            "input": "gabdfefc",
            "output": "cfefdbag"
        },
        {
            "input": "ffaeefbfbabgee",
            "output": "eegbabfbfeeaff"
        },
        {
            "input": "cfaggdb",
            "output": "bdggafc"
        },
        {
            "input": "deg",
            "output": "ged"
        },
        {
            "input": "cgegd",
            "output": "dgegc"
        },
        {
            "input": "acdacdaefdc",
            "output": "cdfeadcadca"
        },
        {
            "input": "bdecdfgacdg",
            "output": "gdcagfdcedb"
        },
        {
            "input": "badbcf",
            "output": "fcbdab"
        },
        {
            "input": "ccgagcg",
            "output": "gcgagcc"
        },
        {
            "input": "gdebefagecdged",
            "output": "degdcegafebedg"
        },
        {
            "input": "eaggdead",
            "output": "daedggae"
        },
        {
            "input": "dabcefbfea",
            "output": "aefbfecbad"
        },
        {
            "input": "beb",
            "output": "beb"
        },
        {
            "input": "dadcc",
            "output": "ccdad"
        },
        {
            "input": "bdfacda",
            "output": "adcafdb"
        },
        {
            "input": "bgc",
            "output": "cgb"
        },
        {
            "input": "ebabegedbcebcfd",
            "output": "dfcbecbdegebabe"
        },
        {
            "input": "fcbggcbga",
            "output": "agbcggbcf"
        },
        {
            "input": "gggddbfdag",
            "output": "gadfbddggg"
        },
        {
            "input": "cadcgabagggge",
            "output": "eggggabagcdac"
        },
        {
            "input": "cfdgcdddeffe",
            "output": "effedddcgdfc"
        },
        {
            "input": "dgdcdabfg",
            "output": "gfbadcdgd"
        },
        {
            "input": "gcf",
            "output": "fcg"
        },
        {
            "input": "fbeddagcecgacc",
            "output": "ccagcecgaddebf"
        },
        {
            "input": "cceeadbd",
            "output": "dbdaeecc"
        },
        {
            "input": "acdddbbb",
            "output": "bbbdddca"
        },
        {
            "input": "fdecbacb",
            "output": "bcabcedf"
        },
        {
            "input": "gaccdcggedfccg",
            "output": "gccfdeggcdccag"
        },
        {
            "input": "cbgacbbgaddbcd",
            "output": "dcbddagbbcagbc"
        },
        {
            "input": "agg",
            "output": "gga"
        },
        {
            "input": "cfdfdec",
            "output": "cedfdfc"
        },
        {
            "input": "cae",
            "output": "eac"
        },
        {
            "input": "degbcdfcbdfcdef",
            "output": "fedcfdbcfdcbged"
        },
        {
            "input": "eef",
            "output": "fee"
        },
        {
            "input": "bdaggdgbbgccd",
            "output": "dccgbbgdggadb"
        },
        {
            "input": "agafcfdeadd",
            "output": "ddaedfcfaga"
        },
        {
            "input": "bedbbfcaacb",
            "output": "bcaacfbbdeb"
        },
        {
            "input": "ebbdbaeggf",
            "output": "fggeabdbbe"
        },
        {
            "input": "bggdcdb",
            "output": "bdcdggb"
        },
        {
            "input": "eddaffeedbcadgf",
            "output": "fgdacbdeeffadde"
        },
        {
            "input": "ceff",
            "output": "ffec"
        },
        {
            "input": "ddbfc",
            "output": "cfbdd"
        },
        {
            "input": "cgafabceedef",
            "output": "fedeecbafagc"
        },
        {
            "input": "aggga",
            "output": "aggga"
        },
        {
            "input": "bacfddbb",
            "output": "bbddfcab"
        },
        {
            "input": "abecagdde",
            "output": "eddgaceba"
        },
        {
            "input": "gabab",
            "output": "babag"
        },
        {
            "input": "afcaggbfcd",
            "output": "dcfbggacfa"
        },
        {
            "input": "dcfbddaeaeeaed",
            "output": "deaeeaeaddbfcd"
        },
        {
            "input": "debbdbgbbffafd",
            "output": "dfaffbbgbdbbed"
        },
        {
            "input": "acebgefebb",
            "output": "bbefegbeca"
        },
        {
            "input": "gdb",
            "output": "bdg"
        },
        {
            "input": "ddefcbgegab",
            "output": "bagegbcfedd"
        },
        {
            "input": "deadff",
            "output": "ffdaed"
        },
        {
            "input": "dgffeaaccfbfg",
            "output": "gfbfccaaeffgd"
        },
        {
            "input": "ecabecfaabc",
            "output": "cbaafcebace"
        },
        {
            "input": "aecbddbbecagcab",
            "output": "bacgacebbddbcea"
        },
        {
            "input": "aaffg",
            "output": "gffaa"
        },
        {
            "input": "feafc",
            "output": "cfaef"
        },
        {
            "input": "fbcfggfdc",
            "output": "cdfggfcbf"
        },
        {
            "input": "dffegf",
            "output": "fgeffd"
        },
        {
            "input": "gdddefcbe",
            "output": "ebcfedddg"
        },
        {
            "input": "bbcfcg",
            "output": "gcfcbb"
        },
        {
            "input": "ebdaa",
            "output": "aadbe"
        },
        {
            "input": "ggabegbdeegbfc",
            "output": "cfbgeedbgebagg"
        },
        {
            "input": "gcgfacfbbgd",
            "output": "dgbbfcafgcg"
        },
        {
            "input": "cgcg",
            "output": "gcgc"
        },
        {
            "input": "bggaabbbb",
            "output": "bbbbaaggb"
        },
        {
            "input": "gbgcaggb",
            "output": "bggacgbg"
        },
        {
            "input": "ceb",
            "output": "bec"
        }
    ]
}