{
    "id": "second_largest_element",
    "title": "Second Largest Element",
    "description": "Finding the largest element is common, but finding the second largest requires a bit more logic. In this problem, you are given an array of integers. Your task is to find and print the second largest distinct element in the array. If the array contains duplicates, they should not affect the ranking (e.g., in [10, 10, 5], the second largest is 5).",
    "input_format": "A single line containing space-separated integers.",
    "output_format": "Output a single integer representing the second largest element in the array.",
    "constraints": {
        "Array Elements": "-10^9 <= A[i] <= 10^9"
    },
    "judge_mode": "FIRST_FAIL",
    "time_limit": 1,
    "sample_test_cases": [
        {
            "input": "10 20 4 45 99",
            "output": "45"
        },
        {
            "input": "1 2 3 4 5 6",
            "output": "5"
        }
    ],
    "hidden_test_cases": [
        {
            "input": "1 46 58 51 60",
            "output": "58"
        },
        {
            "input": "23 15 22 49 39",
            "output": "39"
        },
        {
            "input": "97 19 62 11 66 5 88 40 53 30 100 87 82 35 72 94 16 32 69",
            "output": "97"
        },
        {
            "input": "51 90 27",
            "output": "51"
        },
        {
            "input": "60 16 63 70 30 34",
            "output": "63"
        },
        {
            "input": "40 86 44 53 50 89 38 5 23 71",
            "output": "86"
        },
        {
            "input": "74 3 13 87 88 4 72",
            "output": "87"
        },
        {
            "input": "8 67 33 69 41 97 44 37 40 56 32 62 66 100 21 49 81 76 27",
            "output": "97"
        },
        {
            "input": "36 12 96",
            "output": "36"
        },
        {
            "input": "68 79 88 70 78 94 90 25 19 45 74 18 12 96 91 98 41 83",
            "output": "96"
        },
        {
            "input": "40 7 77 47 15 82 33 26 74 55 30 24 45 35 91",
            "output": "82"
        },
        {
            "input": "31 33 47 78 65",
            "output": "65"
        },
        {
            "input": "72 25 74 14",
            "output": "72"
        },
        {
            "input": "58 91 81 39 49 60 44 98 94 24 71 29",
            "output": "94"
        },
        {
            "input": "17 10 12 83 36 90 37 68 69 33 58",
            "output": "83"
        },
        {
            "input": "27 36 32 33 9 28",
            "output": "33"
        },
        {
            "input": "73 59 71 24 65 69 10",
            "output": "71"
        },
        {
            "input": "70 69 42 85 64 26 23 99 61 3",
            "output": "85"
        },
        {
            "input": "11 37 91 22 15 41 18 90 75 92",
            "output": "91"
        },
        {
            "input": "26 35 100 4 19 43 8 75 63 21 49 17 37 62 46 93 95",
            "output": "95"
        },
        {
            "input": "44 98 2",
            "output": "44"
        },
        {
            "input": "65 61 85 30 72 68 45 71 96 2 79 23 36 39 22 87 15 19 86",
            "output": "87"
        },
        {
            "input": "39 98 12 2 80 15 49 85 81 53 87 13 4 44 77 96",
            "output": "96"
        },
        {
            "input": "13 4 61 53",
            "output": "53"
        },
        {
            "input": "92 68 54 70 100 23 1 58 14 30 88 89",
            "output": "92"
        },
        {
            "input": "48 53 69",
            "output": "53"
        },
        {
            "input": "15 43 31 28 92 53 54 59 66 62 42",
            "output": "66"
        },
        {
            "input": "9 7 20 37 93 17 13 6 65 15 76 100 45 11",
            "output": "93"
        },
        {
            "input": "43 33 77 75 86 74 1 94 56 3 48 37 65 46 79 76",
            "output": "86"
        },
        {
            "input": "54 36 21 45 8 89 39 53 11 46 6 22 50 51 79 17 62",
            "output": "79"
        },
        {
            "input": "11 38 28 75 42 34 84 5 60 94 52 79 26 35",
            "output": "84"
        },
        {
            "input": "20 85 12 15 84 9 66 37 30 91 73 98 18 31 32 88 23 19 5",
            "output": "91"
        },
        {
            "input": "39 72 50 38 9",
            "output": "50"
        },
        {
            "input": "86 34 19 13 11 54 59 20 68 88 99 12 2 60 67",
            "output": "88"
        },
        {
            "input": "47 19 94 60 86",
            "output": "86"
        },
        {
            "input": "23 10 52 50 5 67 21 57 96 65 6 64 95 77 76 63 81 89",
            "output": "95"
        },
        {
            "input": "84 37 87 99 79 47",
            "output": "87"
        },
        {
            "input": "39 48 73 36 33 64 55 67 99 94 71 79 26",
            "output": "94"
        },
        {
            "input": "78 74 83 55 79 77 86 57 4 37 70 81 52",
            "output": "83"
        },
        {
            "input": "40 62 94 55 4 51 53 60 35 31 74 52 47 17 25 10",
            "output": "74"
        },
        {
            "input": "52 58 79 89 68 51 20 80 90 43 54",
            "output": "89"
        },
        {
            "input": "60 39 62 21",
            "output": "60"
        },
        {
            "input": "82 66 23 93 60",
            "output": "82"
        },
        {
            "input": "16 58 43 2 54 95 74",
            "output": "74"
        },
        {
            "input": "94 54 47",
            "output": "54"
        },
        {
            "input": "63 44 83 85",
            "output": "83"
        },
        {
            "input": "53 74 19 32 95 55 91 76 61 85 14 41 2 75",
            "output": "91"
        },
        {
            "input": "96 2 67 45 38 15 54 34 17 64 25 65",
            "output": "67"
        },
        {
            "input": "33 13 50 73 71 56 96 17 21",
            "output": "73"
        },
        {
            "input": "10 93 54 32 62 25 1 24 48 99 52 51 49 15 70",
            "output": "93"
        },
        {
            "input": "33 73 65 55 31 28 83 63 15 47",
            "output": "73"
        },
        {
            "input": "99 28 3 93 24 66 33 73 21 63 72 43 82 76 52 68 77",
            "output": "93"
        },
        {
            "input": "61 100 20 47 29 58 73 40 41 90",
            "output": "90"
        },
        {
            "input": "33 5 56",
            "output": "33"
        },
        {
            "input": "61 45 20 57 64 32 100 47 92 49 59 87",
            "output": "92"
        },
        {
            "input": "68 26 31 76 62 33 11 72",
            "output": "72"
        },
        {
            "input": "53 11 87 24 54 12 92 75 6 91 84 50 23",
            "output": "91"
        },
        {
            "input": "61 2 3 59 52 46 77 13 50 20 92 86 80 96 9",
            "output": "92"
        },
        {
            "input": "58 48 21 47 85 69 23 22 14 96 59 70 1 44 51 30 43",
            "output": "85"
        },
        {
            "input": "69 44 95 86 77 71 85 73 43 72 47 31 49 22 32 8 68 100",
            "output": "95"
        },
        {
            "input": "62 20 100 80 98 51 16 42 64 59 4 74 25 14",
            "output": "98"
        },
        {
            "input": "40 19 59",
            "output": "40"
        },
        {
            "input": "51 71 52 46 78 23 79 41 95 77",
            "output": "79"
        },
        {
            "input": "71 67 20 44 49 72 55 98 90 77 51 37 57 30 28 16",
            "output": "90"
        },
        {
            "input": "1 28 75 53",
            "output": "53"
        },
        {
            "input": "21 61 47 76 60 6",
            "output": "61"
        },
        {
            "input": "52 71 9 39 13",
            "output": "52"
        },
        {
            "input": "13 58 23 17 56 95 49 1 26 81 75 48",
            "output": "81"
        },
        {
            "input": "84 14 62 8 39 74 77 56 23",
            "output": "77"
        },
        {
            "input": "100 87 91 5 99 94 69 12 74 28 89 66 84 6 35 30",
            "output": "99"
        },
        {
            "input": "89 51 70 98 57 87 11 83 25 96 34 58 97 46 62",
            "output": "97"
        },
        {
            "input": "81 54 11 46 24 76 20 73 93 64 21 33 29",
            "output": "81"
        },
        {
            "input": "33 97 17 58 73 63 5 88 56 30 66 72 62 21 100 20 46 93",
            "output": "97"
        },
        {
            "input": "58 91 4 27 11 23 31 37 86 74 59 1 7 79 38 42",
            "output": "86"
        },
        {
            "input": "49 48 62 82 17 5 95 1 64 96 81 79",
            "output": "95"
        },
        {
            "input": "42 57 92 100 34 95 86 44",
            "output": "95"
        },
        {
            "input": "64 3 33 1 70 73 6 46 28 43 86 29 21 83 44 32 16 38",
            "output": "83"
        },
        {
            "input": "70 23 45 10 52 59 46 88 34 78 49 95 97 84 37 51 99 66",
            "output": "97"
        },
        {
            "input": "6 27 42 8 80 41 3 53 51 74 98 44 68 67 48 32",
            "output": "80"
        },
        {
            "input": "68 79 35 94 53 31 26 82 49",
            "output": "82"
        },
        {
            "input": "66 80 27 51 26 67 9 64 79 46 98 29",
            "output": "80"
        },
        {
            "input": "91 9 21 94 37 19 58 73 76 84 5 41 23 25 88 93",
            "output": "93"
        },
        {
            "input": "19 41 5 61 38 97 20 80 3 65 23 26 64 70 46 1 53 89 21",
            "output": "89"
        },
        {
            "input": "32 11 70 64 3 10 97 31 39",
            "output": "70"
        },
        {
            "input": "61 3 16 98 79 82 93 31 8 64 14 5 99 56",
            "output": "98"
        },
        {
            "input": "77 81 83 72 76 60 42 5 71 89 66 44 52",
            "output": "83"
        },
        {
            "input": "7 41 44 68 50 72 48 38 26 10 28",
            "output": "68"
        },
        {
            "input": "90 79 57 44 21 28 26 76 27",
            "output": "79"
        },
        {
            "input": "77 22 32 87 41 17 20 50 35 31 55 93 74 49 53 86 100",
            "output": "93"
        },
        {
            "input": "50 71 40 95 18 69 7 64 2 49 56 85 3 36 83 12 35 88",
            "output": "88"
        },
        {
            "input": "52 22 92 23 28 96 91 7 48 1 3 39 87 83 43",
            "output": "92"
        },
        {
            "input": "55 67 69 66 23 20 78 85 11 72 6 4 26 21 92",
            "output": "85"
        },
        {
            "input": "71 21 94 12 4 47 78 36 31 25",
            "output": "78"
        },
        {
            "input": "12 6 25 21 36 95 19 89 26 97 24",
            "output": "95"
        },
        {
            "input": "51 4 65 45 78 72 82 17 39 12 33 79 26 23 40 38 13 25",
            "output": "79"
        },
        {
            "input": "75 70 42 32 59 9 97 6 16 25 81 61 23 63 44",
            "output": "81"
        },
        {
            "input": "21 44 5 81 75 87 28 13 77 49 1 29 48 30 55 93 6 41",
            "output": "87"
        },
        {
            "input": "78 4 94 20 42 9 73 68 19",
            "output": "78"
        },
        {
            "input": "33 24 52 13 38 65",
            "output": "52"
        },
        {
            "input": "92 54 60",
            "output": "60"
        },
        {
            "input": "64 80 7 89 63 70 65 35 18 45 24 37 47 22 100 28 83",
            "output": "89"
        },
        {
            "input": "67 24 58 93 70 8",
            "output": "70"
        },
        {
            "input": "10 52 93 34 22 1",
            "output": "52"
        },
        {
            "input": "91 99 82 76 83 29",
            "output": "91"
        },
        {
            "input": "74 42 85 82 83 34 41 94",
            "output": "85"
        },
        {
            "input": "55 77 39 2 57 51 31 97 43 21 12 1 25 5",
            "output": "77"
        },
        {
            "input": "40 36 35 78 48",
            "output": "48"
        },
        {
            "input": "32 8 85 12 88 38 60 62 52 49 25 68 86 47 36 55 61 66 57",
            "output": "86"
        },
        {
            "input": "87 58 45 92 69 67 88 3 20",
            "output": "88"
        },
        {
            "input": "19 89 20 2 45 23 6 33",
            "output": "45"
        },
        {
            "input": "76 29 34 28 27 49 23 20 1 95 61 9 86 40 75 38",
            "output": "86"
        },
        {
            "input": "63 56 87 53 60 41",
            "output": "63"
        },
        {
            "input": "86 89 24 10 31 57 88 28 22 34 20 1 54 63 46",
            "output": "88"
        },
        {
            "input": "49 47",
            "output": "47"
        },
        {
            "input": "32 74 97 66 80 61 86 33 51 9 29 45 59 82 30 48",
            "output": "86"
        },
        {
            "input": "74 4 86 13 7 36 65 93 52 53 77 97 34 38 92",
            "output": "93"
        },
        {
            "input": "7 5 18 66 62 16 83 74 88 73 17 56 15 93 78 57",
            "output": "88"
        },
        {
            "input": "91 48 19 47 61 87 24 6 96 36 40",
            "output": "91"
        },
        {
            "input": "24 65 55 36 44 9 18 12 13 70",
            "output": "65"
        },
        {
            "input": "91 21 12 13 5 51 29 88 82 85 27 1 4 25 16 44",
            "output": "88"
        },
        {
            "input": "26 46 21 88 11 85 42 36 79 71 100 96 41 87 8",
            "output": "96"
        },
        {
            "input": "94 45 22 79 27 43 46 12 23 14 60 55 1 78",
            "output": "79"
        },
        {
            "input": "97 83 21 18 12 76 68 65 45 9 26 85 78 84 3 4 5",
            "output": "85"
        },
        {
            "input": "70 86 51 63 6 100 48 56 2 29",
            "output": "86"
        },
        {
            "input": "90 78 10 76 39 71 31 67 88 40 13 68 92 33",
            "output": "90"
        },
        {
            "input": "45 64 28 18 96 86 55 59 82 54 30 80 72 5 85 56 74",
            "output": "86"
        },
        {
            "input": "13 55 32 20 40 35 38 100 95 78 10 39 31",
            "output": "95"
        },
        {
            "input": "87 73 18 95 60 68 45 20 90 3 33 91 37 36 65 88 78",
            "output": "91"
        },
        {
            "input": "95 46 13 58 22 2 49 41 38 87 54 64 92 69 50",
            "output": "92"
        },
        {
            "input": "41 78 61 70 53 4 60 24 84 8 57 39 64 51 45 94 66",
            "output": "84"
        },
        {
            "input": "55 38 27 22 21 94 30 96 12",
            "output": "94"
        },
        {
            "input": "96 60 1 41 73",
            "output": "73"
        },
        {
            "input": "3 71 8 13 77 54 76 88 61 44 79 73 4 41",
            "output": "79"
        },
        {
            "input": "48 70 73 74 43 9 83 5 77 88 4 21 22 51 66 69 45 64",
            "output": "83"
        },
        {
            "input": "33 44 94 96 77 12 34 39 8 40 50",
            "output": "94"
        },
        {
            "input": "60 35 59 58 10 65",
            "output": "60"
        },
        {
            "input": "33 61 8 19 69 82 74",
            "output": "74"
        },
        {
            "input": "49 58 97 74 51 53 68 60 16 20 70 92",
            "output": "92"
        },
        {
            "input": "90 58 84 92 12",
            "output": "90"
        },
        {
            "input": "5 53 76 42 77 3 75 47 2 96 1 35 94 33",
            "output": "94"
        },
        {
            "input": "78 17 77 53 54 61 97 39 40 29 36 46 20 12",
            "output": "78"
        },
        {
            "input": "43 50 3 9 37 21 83 45 92 31 58 23",
            "output": "83"
        },
        {
            "input": "43 60 54 66 20 17 58 79 13 91",
            "output": "79"
        },
        {
            "input": "32 6 11 38 71 46 42 16",
            "output": "46"
        },
        {
            "input": "42 2 35 7 60 58",
            "output": "58"
        },
        {
            "input": "42 20 54 60 24 94 81",
            "output": "81"
        },
        {
            "input": "95 1 26 71 33",
            "output": "71"
        },
        {
            "input": "95 94 9 33 72 64 34 87 80 8 76 60",
            "output": "94"
        },
        {
            "input": "48 21 15 74 24 94 53 34 43 11 49 47 83 70 25",
            "output": "83"
        },
        {
            "input": "83 17 92 65 84 32 30 88 96 64",
            "output": "92"
        },
        {
            "input": "64 84 78 1 46 58",
            "output": "78"
        },
        {
            "input": "100 33 98 51 9 17 90 32 80 85 15 30 63 97",
            "output": "98"
        },
        {
            "input": "95 51 41 64 99 96 9 27 7",
            "output": "96"
        },
        {
            "input": "53 84 60 85 46",
            "output": "84"
        },
        {
            "input": "59 98 80 20",
            "output": "80"
        },
        {
            "input": "34 40 33 100 59 5 39 24 87 16 65",
            "output": "87"
        },
        {
            "input": "2 66 5 42 55 15 41 17 77 81 63 72 78 30 80",
            "output": "80"
        },
        {
            "input": "12 92 87 20 73 14 70",
            "output": "87"
        },
        {
            "input": "40 96 66",
            "output": "66"
        },
        {
            "input": "57 51 70 17 98 8",
            "output": "70"
        },
        {
            "input": "18 8 5 43 39 73 57 6 31 96 33",
            "output": "73"
        },
        {
            "input": "46 18 44 80 98 21 64 9 54 89 24 55",
            "output": "89"
        },
        {
            "input": "93 28 8 76 78 53 96 54",
            "output": "93"
        },
        {
            "input": "79 75 8 63 3 44 66 96 62",
            "output": "79"
        },
        {
            "input": "55 15 51 45 10 98 65 28 87 8 14 52 69 93 92 22 32 48",
            "output": "93"
        },
        {
            "input": "69 99 76 59 98 31 5",
            "output": "98"
        },
        {
            "input": "40 22 90 73 52 84 15 20 96 16",
            "output": "90"
        },
        {
            "input": "33 55 47 99 18 2 42 62 49 3 12 53 56",
            "output": "62"
        },
        {
            "input": "82 70 11 63 48 17",
            "output": "70"
        },
        {
            "input": "82 41 95 48 57 15 30 18 58 59 79 90 32",
            "output": "90"
        },
        {
            "input": "2 89 58 33 75 71 64 18 10",
            "output": "75"
        },
        {
            "input": "88 68 72 58 22 3 29 11 41 50 49 98 83 6",
            "output": "88"
        },
        {
            "input": "71 96 75 36 55 100 72 27 93 84 74 7 6",
            "output": "96"
        },
        {
            "input": "19 91 83 17 20 74 33 55 65 27 59 95 10 97",
            "output": "95"
        },
        {
            "input": "96 61 31 98 90 67 23 16 20 81 8 64 30",
            "output": "96"
        },
        {
            "input": "84 21 78 57 9 12 55 97",
            "output": "84"
        },
        {
            "input": "28 78 71 63 45 52 35 72 8 16 15 56 53 17 44",
            "output": "72"
        },
        {
            "input": "77 59 69 8",
            "output": "69"
        },
        {
            "input": "71 90 33 8",
            "output": "71"
        },
        {
            "input": "15 52 61 53 30 57 34 98 1 55 27 47 78 79 84 80 35",
            "output": "84"
        },
        {
            "input": "86 29 44 64 9 27 90 48 30 28 67 13 16 10 11 14",
            "output": "86"
        },
        {
            "input": "97 2 20 31 12 90 70",
            "output": "90"
        },
        {
            "input": "31 97 60 79 77 4",
            "output": "79"
        },
        {
            "input": "70 40 77 1 71",
            "output": "71"
        },
        {
            "input": "47 63",
            "output": "47"
        },
        {
            "input": "27 65 51 57 66 38 77 42 15 31 43 96 9 85 32 99 76 24",
            "output": "96"
        },
        {
            "input": "87 59 80 91 8 39 7 98 34 32 56 61 11 2 25 69 79",
            "output": "91"
        },
        {
            "input": "91 55 83 73 57 18 36 82 89 8 99 61 77 38 23 65",
            "output": "91"
        },
        {
            "input": "63 36 97 56 13 50 34 55 11",
            "output": "63"
        },
        {
            "input": "57 30 99 17 65",
            "output": "65"
        },
        {
            "input": "12 77 10 2 97 52 6 25 40 85 49 83 31 21 82 76 88",
            "output": "88"
        },
        {
            "input": "64 49 96 40 39 13 95 23 5 87",
            "output": "95"
        },
        {
            "input": "44 57 2 76",
            "output": "57"
        },
        {
            "input": "79 70 6 68 66 39 34 90 17 35",
            "output": "79"
        },
        {
            "input": "93 57 7 62 23 9 69 46",
            "output": "69"
        },
        {
            "input": "46 51 43 78 13 42 76 99 62 84 23 52 6 67",
            "output": "84"
        },
        {
            "input": "98 16 9 86 35 13 58 3 56 26 52 92 55 5 36 61",
            "output": "92"
        },
        {
            "input": "34 20 100 83 6 67 96 18 54 40 2 85 21 74 93 92",
            "output": "96"
        },
        {
            "input": "14 77 40 99 9 23 28 20 61 87 37 5",
            "output": "87"
        },
        {
            "input": "19 80 55 50",
            "output": "55"
        },
        {
            "input": "48 34 35 68 25 61 46 66 82 23 11 56 32 88",
            "output": "82"
        },
        {
            "input": "72 83 89 31 86 69",
            "output": "86"
        },
        {
            "input": "71 67 9 13 44 85 73 61 32 59 75 96 38 47 54 42",
            "output": "85"
        },
        {
            "input": "15 93 8 59 61 81 34 57",
            "output": "81"
        },
        {
            "input": "29 57 74 96 83 94 10 62 99 5 15 98 38",
            "output": "98"
        },
        {
            "input": "63 2 86 31 13 80 66 42 5 47 26 11",
            "output": "80"
        },
        {
            "input": "31 77 17 25 40 45 21 1 35 94 57 71 86 67 55",
            "output": "86"
        },
        {
            "input": "46 76 83 48 67 54 95 79",
            "output": "83"
        },
        {
            "input": "94 32 85 31 44 98 88 78 18 62",
            "output": "94"
        },
        {
            "input": "28 70 93 12 25 8 18 23 39 46 52 89 48 67 82",
            "output": "89"
        },
        {
            "input": "38 33 96 15 13 83 42 44 25 14 71 98 43",
            "output": "96"
        },
        {
            "input": "71 66 21 47 12 25 82 70 60 57 45 59 94 41 34 1",
            "output": "82"
        },
        {
            "input": "28 17 18 87 44 22 45 10 50 60 12",
            "output": "60"
        },
        {
            "input": "55 3 29 95 54 37 85 67 9 22 86 100 90 65",
            "output": "95"
        },
        {
            "input": "67 92 62",
            "output": "67"
        },
        {
            "input": "71 83 74 64 65 25 9",
            "output": "74"
        },
        {
            "input": "94 58 96 3 45 22 61 24 53 50 69 34 9 52 88 42 92 47",
            "output": "94"
        },
        {
            "input": "18 31 4 59 46 76 36 94 62 68 44 20 21 38 98 56 64",
            "output": "94"
        },
        {
            "input": "75 83 69 18 1 25 37",
            "output": "75"
        },
        {
            "input": "85 4 55",
            "output": "55"
        },
        {
            "input": "48 54 89 84 12 3 99 90 39 43 62 83 18 5 60",
            "output": "90"
        },
        {
            "input": "54 24 22",
            "output": "24"
        },
        {
            "input": "27 76 13 68 35 7 70 98 44 25",
            "output": "76"
        },
        {
            "input": "73 88 74",
            "output": "74"
        },
        {
            "input": "63 44 40 78 45 99 95",
            "output": "95"
        },
        {
            "input": "22 63 62 7 20 10 64 19 15 49 85 32 81 67 39 70",
            "output": "81"
        },
        {
            "input": "19 6 37 33 98 11 99 88 23 55 74 84 20 25 79 92 42 39",
            "output": "98"
        },
        {
            "input": "84 19 29",
            "output": "29"
        },
        {
            "input": "7 9 72",
            "output": "9"
        },
        {
            "input": "47 49 66 93 2 56 9 81",
            "output": "81"
        },
        {
            "input": "31 86 87 40 84 83 56 36 9 69",
            "output": "86"
        },
        {
            "input": "84 39 11 86 66 61 77 35 12 36 37 23 81 82",
            "output": "84"
        },
        {
            "input": "61 23 97 36 96 81 64 43 82",
            "output": "96"
        },
        {
            "input": "86 88 2 89 50 96 5 4 49 14 51 69 57 16",
            "output": "89"
        },
        {
            "input": "34 51 76 68 57 24 10 73 75 92 88 100 23 84",
            "output": "92"
        },
        {
            "input": "76 9 65 48 86 95 36 77 90 5 34 40 97 7 92 50",
            "output": "95"
        },
        {
            "input": "22 1 69 41 11 36 72 83 5",
            "output": "72"
        },
        {
            "input": "43 49 92 90 18",
            "output": "90"
        },
        {
            "input": "97 24 50",
            "output": "50"
        },
        {
            "input": "29 8 35 64 28 61 74 53 66 17 13 69 14 3",
            "output": "69"
        },
        {
            "input": "76 99 88 11 33 92 83 42 48 2",
            "output": "92"
        },
        {
            "input": "29 91 19 69 47 83 36 23 72 85 99 38",
            "output": "91"
        },
        {
            "input": "71 84 50 23 24 10 72 39 36 32 5 46 67 22",
            "output": "72"
        },
        {
            "input": "95 64 84 38 34 30 32 4",
            "output": "84"
        },
        {
            "input": "17 50 79 8 2 56 64 81 7 4 28 14 78 35 99 93 44 65",
            "output": "93"
        },
        {
            "input": "48 27 21 66 89 35 98 20 95 62 55 13 1 59 17 14 40 76",
            "output": "95"
        },
        {
            "input": "8 71 68 22 20 35 79 21 99 43 89 16 88",
            "output": "89"
        },
        {
            "input": "51 41 49 32 76 73 96 33 87 79 11 24 75 45 98 28 17 20",
            "output": "96"
        },
        {
            "input": "97 20 54 95 82 24 12 94 45 71 99 69 98",
            "output": "98"
        },
        {
            "input": "15 1 46",
            "output": "15"
        },
        {
            "input": "54 28 74 27 90 31 35 16 43 96 55 48 15",
            "output": "90"
        },
        {
            "input": "35 27 6 33 96 22 40 98 51 45 32 4 75 49 36",
            "output": "96"
        },
        {
            "input": "56 30 67",
            "output": "56"
        },
        {
            "input": "91 32 77 42 26",
            "output": "77"
        },
        {
            "input": "68 70 64 18 37 7 39",
            "output": "68"
        },
        {
            "input": "95 38 96",
            "output": "95"
        },
        {
            "input": "49 40 76 50 42 89 70 63 59 33 79 24 60 30 92",
            "output": "89"
        },
        {
            "input": "55 92 94 85 80 88 84 10 98 89",
            "output": "94"
        },
        {
            "input": "57 23 25 41 8 4 54 68",
            "output": "57"
        },
        {
            "input": "98 22 24 39 38 5 68 69",
            "output": "69"
        },
        {
            "input": "75 33 5 76 55 61 18 70 57 52 79 50",
            "output": "76"
        },
        {
            "input": "38 57 62 83 46 60 86 50 41 18 54 39 58 4 48 84 79 11 32 88",
            "output": "86"
        },
        {
            "input": "12 32 46 52",
            "output": "46"
        },
        {
            "input": "3 44 76 59",
            "output": "59"
        },
        {
            "input": "68 10 64 62 84 20 57 91 66 44 48 1 56 52 8 99 11",
            "output": "91"
        },
        {
            "input": "28 6 58 24",
            "output": "28"
        },
        {
            "input": "40 19 37 64 38 12 69 4 44 87 98 43 10 34 58",
            "output": "87"
        },
        {
            "input": "92 11 21 54 32 78 71 81 77 83 5",
            "output": "83"
        },
        {
            "input": "70 88 38 76 16 61 95 48 34 32 91",
            "output": "91"
        },
        {
            "input": "57 65 32 78 89 79 67 80 10",
            "output": "80"
        },
        {
            "input": "50 32 44 80 76 90 3 59 39 20 85 53",
            "output": "85"
        },
        {
            "input": "58 33 48 80 68",
            "output": "68"
        },
        {
            "input": "40 87 24 66 35 23 89 97 55 28 21 62 52 94 77 96 16 58 81",
            "output": "96"
        },
        {
            "input": "21 8 59 43 34 87 26",
            "output": "59"
        },
        {
            "input": "93 52 59 76 22",
            "output": "76"
        },
        {
            "input": "94 25 37 80 41 87 12 26",
            "output": "87"
        },
        {
            "input": "48 7 56 72 63 2 81 23 53 93 71 97 36 15 61 31 28",
            "output": "93"
        },
        {
            "input": "79 24 11 53 20 40 96 5 1 70 62 19",
            "output": "79"
        },
        {
            "input": "13 60 55 85 96 44 23 88 54 83 16 56 58 63 82 71 25",
            "output": "88"
        },
        {
            "input": "83 63 30 38 67 84 73",
            "output": "83"
        },
        {
            "input": "25 11 33 59 46 84 13 93 37",
            "output": "84"
        },
        {
            "input": "55 66 65 89 18 22 72 83 61 25 33 76 34",
            "output": "83"
        },
        {
            "input": "81 14 80 96 2 33 87 90 61 66 75 57 34",
            "output": "90"
        },
        {
            "input": "71 58 52 22 44",
            "output": "58"
        },
        {
            "input": "22 79 93 28 24 9 73 35 78 27 23 82 37 49 43",
            "output": "82"
        },
        {
            "input": "65 32 35 14 78 16 29 1 86 79 74",
            "output": "79"
        },
        {
            "input": "54 30 8 31",
            "output": "31"
        },
        {
            "input": "42 51 33 83 16 82 31 34 25 70 18 67 7 13 28",
            "output": "82"
        },
        {
            "input": "66 62 73 22 50 48 54 11 90 20 25 63 93 99 64 100 58",
            "output": "99"
        },
        {
            "input": "85 33 32",
            "output": "33"
        },
        {
            "input": "9 93 88",
            "output": "88"
        },
        {
            "input": "82 66 75 88 76 58 22 95 64 42 31 6 68 84 37",
            "output": "88"
        },
        {
            "input": "71 26 33",
            "output": "33"
        },
        {
            "input": "95 68 35 14 58 3 48 30 20 98 51 42 7 38 12 32 69",
            "output": "95"
        },
        {
            "input": "100 79 81 55 13 45 92 87 95 94 63",
            "output": "95"
        },
        {
            "input": "9 99 28 69 94",
            "output": "94"
        },
        {
            "input": "46 61 80 4 68 44 93 91 79 82 60 47 81 96 26 87",
            "output": "93"
        },
        {
            "input": "86 50 72 47 13 27 66 20 83 59 97 31",
            "output": "86"
        },
        {
            "input": "49 97 5 36 74 30 68 46 26 19 8 78 47",
            "output": "78"
        },
        {
            "input": "35 34 97 99 16 61",
            "output": "97"
        },
        {
            "input": "11 6 18 65",
            "output": "18"
        },
        {
            "input": "24 16 41 20 2 79 100 29 53 38 31 93 42 6 86 96 54 95",
            "output": "96"
        },
        {
            "input": "71 5 85 21 60 44 40 8 19 35 23 55 11 7 22",
            "output": "71"
        },
        {
            "input": "88 68 10 25 50 95 63 12 80 3",
            "output": "88"
        },
        {
            "input": "73 67 46 34 17 50 10 88 20 93 91 36 32 72 42 29 70",
            "output": "91"
        },
        {
            "input": "11 85 35 81 36 16 71 1 31 89 8 4 60 32 79",
            "output": "85"
        },
        {
            "input": "70 36 47 29 92 65 46 83 49 66 87 59 90 89 9 60 81 68",
            "output": "90"
        },
        {
            "input": "74 76 51 48 41 65 71",
            "output": "74"
        },
        {
            "input": "22 51 99 42 50",
            "output": "51"
        },
        {
            "input": "83 78 58 38 7 33 52 37 24 11",
            "output": "78"
        },
        {
            "input": "14 99 32 18 49 5 36 60",
            "output": "60"
        },
        {
            "input": "50 11 89 53 60 64 57 28 7 88 44 68 9 31 16 66 100",
            "output": "89"
        },
        {
            "input": "48 73 8 77 6",
            "output": "73"
        },
        {
            "input": "13 100 60 99 18",
            "output": "99"
        },
        {
            "input": "45 78 6 24 50 60 25",
            "output": "60"
        },
        {
            "input": "34 14 32 2 97 38 63 48 67 70 15 76 65 84 5 75 12",
            "output": "84"
        },
        {
            "input": "43 66 27 68 3 24 53 21 31 42",
            "output": "66"
        },
        {
            "input": "75 97 31 80 56 71",
            "output": "80"
        },
        {
            "input": "40 61 44 19 38 55 91 90 84 63 58 37 60 95 70 42 85",
            "output": "91"
        },
        {
            "input": "25 27 38 75 7 41 99 33 90 93 73 19 26 31 13 66",
            "output": "93"
        },
        {
            "input": "26 23 11 22",
            "output": "23"
        },
        {
            "input": "48 90 74 23 9 54 66",
            "output": "74"
        },
        {
            "input": "80 10 33 5 57 75 40 24 97 34",
            "output": "80"
        },
        {
            "input": "74 55 41",
            "output": "55"
        },
        {
            "input": "58 100 40 17 3 95 93 26 65 84 10 70 74 55 32 48 47",
            "output": "95"
        },
        {
            "input": "31 19 39 61 46 67 79",
            "output": "67"
        },
        {
            "input": "55 42 65",
            "output": "55"
        },
        {
            "input": "84 81 44 66 61 88 25 92 24 11",
            "output": "88"
        },
        {
            "input": "83 39 72 61 42 19 26 95 91 33 16 4 98 11 75 40 92 88",
            "output": "95"
        },
        {
            "input": "76 65 4",
            "output": "65"
        },
        {
            "input": "1 4 42 86 100 79",
            "output": "86"
        },
        {
            "input": "72 83 86 52 66 14 61",
            "output": "83"
        },
        {
            "input": "62 18 41 27 81 24 76 23",
            "output": "76"
        },
        {
            "input": "2 12 25 21 58 83 43 78 37 15 54 63",
            "output": "78"
        },
        {
            "input": "99 94 85 87 28 95 57",
            "output": "95"
        },
        {
            "input": "6 38 69 46 91 72 67 54",
            "output": "72"
        },
        {
            "input": "22 86 100 47 89 32 29 78 39 93 37 54 31 58 90 66",
            "output": "93"
        },
        {
            "input": "11 37 98 27 19 100 69 52 17 21 16 60 71 5 80 43",
            "output": "98"
        },
        {
            "input": "94 58 49 87 39 66 50 81 97 15 19 2 83 79 61",
            "output": "94"
        },
        {
            "input": "62 89 50 58 72 65 6 32 51 9 20",
            "output": "72"
        },
        {
            "input": "42 69 43 53 63 44 73 77 48 58 70 92 52 35 4 75 61 80",
            "output": "80"
        },
        {
            "input": "21 54 25 68 62 37 51 41 39 29 67 53 20 86 17",
            "output": "68"
        },
        {
            "input": "64 11 20 66",
            "output": "64"
        },
        {
            "input": "52 9 92 89 22 33 37 41 78",
            "output": "89"
        },
        {
            "input": "13 87 62 59 100 66 49 26 96 76 11 19",
            "output": "96"
        },
        {
            "input": "21 68 93 20 94 99 85 86 92 10",
            "output": "94"
        },
        {
            "input": "43 89 78",
            "output": "78"
        },
        {
            "input": "28 75 95 16 77",
            "output": "77"
        },
        {
            "input": "93 86 28 30 9 70 23 11 49 13 83 72",
            "output": "86"
        },
        {
            "input": "17 32 97 29 67 24 62 63 42 54",
            "output": "67"
        },
        {
            "input": "3 26 43 52 92 18 87 29",
            "output": "87"
        },
        {
            "input": "62 59 71 47 78 99 89",
            "output": "89"
        },
        {
            "input": "92 73 5 40 87 81 28 75 2 16 19 48 64 27 59 1 61",
            "output": "87"
        },
        {
            "input": "44 28 30 77 9 48 70 95 36 83 53 10 89 21 92 51 64 41",
            "output": "92"
        },
        {
            "input": "100 59 4 88 27 73 80 60 82 21 91 16 36 54 93",
            "output": "93"
        },
        {
            "input": "73 55 30 52 5 62 13 12 81",
            "output": "73"
        },
        {
            "input": "62 94 76 79 42 33",
            "output": "79"
        },
        {
            "input": "51 24 95 65",
            "output": "65"
        },
        {
            "input": "85 44 2 43 42 38 14 13 51 76 10 79 27",
            "output": "79"
        },
        {
            "input": "61 87 91 22 40 35 13 36 24 2 54 19 28 30 20 97 23 27",
            "output": "91"
        },
        {
            "input": "42 38 57 12 99 88 27 11 64 43 21 74 95 67 32 29",
            "output": "95"
        },
        {
            "input": "74 96 58 53 63",
            "output": "74"
        },
        {
            "input": "37 6 81 35 92 40 68 39",
            "output": "81"
        },
        {
            "input": "88 96 55 52 60 54 28 18 7 40 35 70",
            "output": "88"
        },
        {
            "input": "73 77",
            "output": "73"
        },
        {
            "input": "88 53 75 82 20 97 9 74 65 26 47 34",
            "output": "88"
        },
        {
            "input": "32 87 90 95 31 93 86 77 47 71 35 58",
            "output": "93"
        },
        {
            "input": "43 75 38 92 26 50",
            "output": "75"
        },
        {
            "input": "6 88 39 20 8 47 71 42 59 78 50 93 98 62 95 94 81 15",
            "output": "95"
        },
        {
            "input": "38 51 100 57 72 79 11 64 35 39 37 42 83 47 82 22",
            "output": "83"
        },
        {
            "input": "93 1 77 2 9 66 11 49 5 7 96 57 40 22 85",
            "output": "93"
        },
        {
            "input": "83 52 44",
            "output": "52"
        },
        {
            "input": "16 33 41 52 66 54 77",
            "output": "66"
        },
        {
            "input": "15 89 41 24",
            "output": "41"
        },
        {
            "input": "42 49 85 41 9 24 29 35 82 93 3 53 5 8",
            "output": "85"
        },
        {
            "input": "76 31 37 77",
            "output": "76"
        },
        {
            "input": "65 73 62 37 77 88 43 81 95 6 58 15 13 66 75 60 89 24",
            "output": "89"
        },
        {
            "input": "82 43 56 6 39 97 76 53 37 47 15 3 99 55 12 28",
            "output": "97"
        },
        {
            "input": "17 22 81 1 24 50 66 53 36 13",
            "output": "66"
        },
        {
            "input": "2 10 46 99 40 58 74 61",
            "output": "74"
        },
        {
            "input": "83 19 69 28 36 73",
            "output": "73"
        },
        {
            "input": "65 48 26 42 92 34",
            "output": "65"
        },
        {
            "input": "92 35 22",
            "output": "35"
        },
        {
            "input": "37 80 29 42",
            "output": "42"
        },
        {
            "input": "10 34 56 68 50 14 94 49",
            "output": "68"
        },
        {
            "input": "16 95 92 86 89 21 18 34 37 13 27 11 23 22 87",
            "output": "92"
        },
        {
            "input": "52 87 19 70 25 86 88 83 31 24 14 54 42 66 12",
            "output": "87"
        },
        {
            "input": "39 99 52 27 29 63 48 20 51 75 70 100 62 19",
            "output": "99"
        },
        {
            "input": "24 75 31 20 38 68 27 46 14 6 83 95 33 53 99 47 59",
            "output": "95"
        },
        {
            "input": "76 58 90 1 61 92 73 25 39 34",
            "output": "90"
        },
        {
            "input": "73 15 57",
            "output": "57"
        },
        {
            "input": "61 84 98 6 62 43 60 31 96 17 86 33 80 94 30 91 21 45",
            "output": "96"
        },
        {
            "input": "29 16 22 42 56 38 28 80 71 19 97 69 13 59",
            "output": "80"
        },
        {
            "input": "79 89 41 13 85 17 6 87 31 72 10 19 1 15 98 94 2",
            "output": "94"
        },
        {
            "input": "43 6 44 16 31 26 23 53 84 79 32 94 92",
            "output": "92"
        },
        {
            "input": "78 83 25 34 99 54 11 6 90 40 35 30 33 53 27 36 55 31 20",
            "output": "90"
        },
        {
            "input": "1 45 44 87 65 34 64 16 76 62 57 78 42 18 69 23 86 56",
            "output": "86"
        },
        {
            "input": "32 88 84 87 18 7 94 20 39 90 71 30 9 24 49 47 70",
            "output": "90"
        },
        {
            "input": "39 61 12 19",
            "output": "39"
        },
        {
            "input": "88 48 62 17 14 93",
            "output": "88"
        },
        {
            "input": "53 87 5 93 25 47 60",
            "output": "87"
        },
        {
            "input": "68 54 75 100 99 28 39 41",
            "output": "99"
        },
        {
            "input": "99 36 29 35 30",
            "output": "36"
        },
        {
            "input": "51 24 59 16 18 84 11 76 34 6 5 28 9 41 37",
            "output": "76"
        },
        {
            "input": "40 81 15 6 56 17 21 7 29",
            "output": "56"
        },
        {
            "input": "46 34 96 89 91 13 14 29 81 92 25 61 100 98",
            "output": "98"
        },
        {
            "input": "75 14 38 96 40 56 13 22 69 71 34 61 72 88 63 16 20 41 53 17",
            "output": "88"
        },
        {
            "input": "48 25 11 9 43 10 3 84 63 61 31 57",
            "output": "63"
        },
        {
            "input": "84 23 29 15 90 80 97 73 11 13 89",
            "output": "90"
        },
        {
            "input": "95 69 37 44 60 4 21 5 97 53 30 23 54 82 58 24",
            "output": "95"
        },
        {
            "input": "22 26 81 91 69 4 61 47 79",
            "output": "81"
        },
        {
            "input": "58 7 11 50 100 30 5 82 85 62 81 86 56 6 51 4 61",
            "output": "86"
        },
        {
            "input": "34 36 56 90 35 25 43 97",
            "output": "90"
        },
        {
            "input": "16 70 98 31 24 29 10 60 62 13 92 53 75 79 96 100 21 58 34",
            "output": "98"
        },
        {
            "input": "88 9 6 32",
            "output": "32"
        },
        {
            "input": "19 78 98 62 49 61 28 71 81 35 43 11 29 30",
            "output": "81"
        },
        {
            "input": "45 75 63 82 10 1 20 47 72 78 71 44 70 74",
            "output": "78"
        },
        {
            "input": "63 38 23 4",
            "output": "38"
        },
        {
            "input": "72 53 46 65 97 50 81 1 26 56 68 61 27 74 19 60 52 85",
            "output": "85"
        },
        {
            "input": "66 24 87 58 20 35 1 8 38",
            "output": "66"
        },
        {
            "input": "24 14 58 22 16 12 56 26 2 79 89 82 15 69 77 43 67",
            "output": "82"
        },
        {
            "input": "93 19 72 57",
            "output": "72"
        },
        {
            "input": "59 58 70 33 28 54 30 16 60 40 27 50 31 78 21 49 38",
            "output": "70"
        },
        {
            "input": "94 56 85",
            "output": "85"
        },
        {
            "input": "68 94 80 24 9 11 77 51 44 66 21 15 99 3 22 20 65 49 39",
            "output": "94"
        },
        {
            "input": "89 84 38 91 39 16 50 36",
            "output": "89"
        },
        {
            "input": "64 79 75 17 41 86 94 38",
            "output": "86"
        },
        {
            "input": "22 69 95 74 83",
            "output": "83"
        },
        {
            "input": "37 77 22 18 91 58 87 65 33 78 34",
            "output": "87"
        },
        {
            "input": "4 82 49 55 67 15 26 10 28 51 52 58 17",
            "output": "67"
        },
        {
            "input": "16 10 68 96 62 6 72 87",
            "output": "87"
        },
        {
            "input": "100 68 82 43 97 33 34 9 40 19 70 90 17 35 69 22",
            "output": "97"
        },
        {
            "input": "29 71 7 16 50 8 97 24 62",
            "output": "71"
        },
        {
            "input": "32 85 65 96 73 100",
            "output": "96"
        },
        {
            "input": "92 8 40 50 97 18",
            "output": "92"
        },
        {
            "input": "63 59 15 20 24 12 79 7 21 48 60 1 68 28 78 18 98 26",
            "output": "79"
        },
        {
            "input": "49 6 57 76 78 44 4 38 93 75 100",
            "output": "93"
        },
        {
            "input": "99 91 76 3 83 35 15 28 2",
            "output": "91"
        },
        {
            "input": "91 35 73 16 7 57 25 8 42 32",
            "output": "73"
        },
        {
            "input": "32 95 24 100 2 11 10 55 53",
            "output": "95"
        },
        {
            "input": "69 6 2 17 7 12 80 4 85 58 11",
            "output": "80"
        },
        {
            "input": "88 40 41 66 77 79 11 28 91 43 51 84 85 9 1 2 69 6 20",
            "output": "88"
        },
        {
            "input": "22 64 47 6 45 89 3 97 96 73 33 23 39 44",
            "output": "96"
        },
        {
            "input": "4 75 63",
            "output": "63"
        },
        {
            "input": "17 87 70",
            "output": "70"
        },
        {
            "input": "91 79 99 46 72 11 20 39 12 78",
            "output": "91"
        },
        {
            "input": "31 86 24 45 95 37 40",
            "output": "86"
        },
        {
            "input": "42 56 65 94 75 40 84 60 43 31 69 38",
            "output": "84"
        },
        {
            "input": "42 28 97 48 26 43 9 66 74 85 69 45 12 58 16 100 15 21 75",
            "output": "97"
        },
        {
            "input": "25 4 39 48 90 8 58 27 2 87 28 75 29 47 96 32 26 93",
            "output": "93"
        },
        {
            "input": "17 84 66 94 46 8 36 42 85 70 24 95 62 78 75 20 59 93",
            "output": "94"
        },
        {
            "input": "45 93 5 43 14",
            "output": "45"
        },
        {
            "input": "30 61 76 44 29 40 37 43 23 54 91 18",
            "output": "76"
        },
        {
            "input": "4 54 12 59",
            "output": "54"
        },
        {
            "input": "56 8 24 36 91 19 74 67 70 94 73 40 12 95 45 96 99",
            "output": "96"
        },
        {
            "input": "91 50 40 84 4 35 97",
            "output": "91"
        },
        {
            "input": "57 96 4 43 51 93 21 44 56 13 45 14",
            "output": "93"
        },
        {
            "input": "44 91 92 57 98 52",
            "output": "92"
        },
        {
            "input": "40 47 92 45 42 84 1 74 88 83 5 16 49 22 46",
            "output": "88"
        },
        {
            "input": "3 58 11 47 85 34 7 9 12 63 68 83 38 66 43 4 41 45",
            "output": "83"
        },
        {
            "input": "85 87 47 50 2 21 12 94 7 37 1 39 35 96 5 10",
            "output": "94"
        },
        {
            "input": "60 91 84 21 17 5 43 63",
            "output": "84"
        },
        {
            "input": "64 41 32 87 81 68",
            "output": "81"
        },
        {
            "input": "1 97 60 5 62 96",
            "output": "96"
        },
        {
            "input": "39 13 67 25 64",
            "output": "64"
        },
        {
            "input": "19 29 60 94 80 4 70 39 17 31 16 96 52 44",
            "output": "94"
        },
        {
            "input": "60 21 70 5 10 48 27 34 71 53",
            "output": "70"
        },
        {
            "input": "62 60 44 37 72 26 18 84 28 92 5 8 77 99 52 46",
            "output": "92"
        },
        {
            "input": "10 98 21 38 88 1 50 25 99 93",
            "output": "98"
        },
        {
            "input": "24 20 37 95 38 49 21 13 72 62 23 30 54 12 78 93",
            "output": "93"
        },
        {
            "input": "83 86 54 73 27 41 72 51 35",
            "output": "83"
        },
        {
            "input": "27 2 41 85 70 25 3 37 93 69 38 20",
            "output": "85"
        },
        {
            "input": "2 64 98 94 71 74 34 36 17 22 76 9 40",
            "output": "94"
        },
        {
            "input": "81 47 61 65 34 58 25",
            "output": "65"
        },
        {
            "input": "63 23 99 59 69 68 43",
            "output": "69"
        },
        {
            "input": "75 60 94 49 47 74 76",
            "output": "76"
        },
        {
            "input": "55 87 81 21 83 10 91 34 32 72",
            "output": "87"
        },
        {
            "input": "71 43 90 18 12 56 81 54 4 75 36 98 27 17 26 59 24 23",
            "output": "90"
        },
        {
            "input": "14 88 33 57 99 68 78 12 45 70 89 15 29 82 53",
            "output": "89"
        },
        {
            "input": "1 4 60 98 58 85",
            "output": "85"
        },
        {
            "input": "26 74 56 27 37 36 73 65 35",
            "output": "73"
        },
        {
            "input": "33 30 38 22 65 62 24 66 86 49 3 19 47 8 37",
            "output": "66"
        },
        {
            "input": "15 40 79 43 81 1 6 33 51 99 39 69 37 72 45 47 97 44 24",
            "output": "97"
        },
        {
            "input": "61 100 2 52 23 28",
            "output": "61"
        },
        {
            "input": "48 29 51 38 44 40 47 99 42 8",
            "output": "51"
        },
        {
            "input": "50 90 21 31 22 48 46 25 77 24 28 85 96 88",
            "output": "90"
        },
        {
            "input": "33 100 25 28",
            "output": "33"
        },
        {
            "input": "87 42 25 44 57 12",
            "output": "57"
        },
        {
            "input": "35 14 42 55 54",
            "output": "54"
        },
        {
            "input": "80 79 59 85 81 14 33 15 49 52 92 66",
            "output": "85"
        },
        {
            "input": "11 22 92 17 54 21 20 95 85 63 97 80 59 40 41",
            "output": "95"
        },
        {
            "input": "8 50 87 76 19 13 36 58 10 38 61 99 62 75 4",
            "output": "87"
        },
        {
            "input": "49 30 62 26 20 2 95 51 40 17 55 90 96 80 23 56",
            "output": "95"
        },
        {
            "input": "23 58 84 22 6 98 60 21 10 30 74 2 29 17 52",
            "output": "84"
        },
        {
            "input": "74 59 21 61 28 40 71 10 84 76 37 53 35",
            "output": "76"
        },
        {
            "input": "22 51 10 97 5 65 71 21",
            "output": "71"
        },
        {
            "input": "79 100 93 43 97 98 81 35 20 41 61 33 56",
            "output": "98"
        },
        {
            "input": "17 38 79 61 56",
            "output": "61"
        },
        {
            "input": "62 75 32 94 4 26 67 48 14 50 82 38 49 39 7 63 96",
            "output": "94"
        },
        {
            "input": "35 40 82 78 60 20 32 52",
            "output": "78"
        }
    ]
}