{
    "id": "simple_array_sum",
    "title": "Simple Array Sum",
    "description": "This is a simple startup problem to get you familiar with array processing. You are provided with a list of integers separated by spaces. Your task is to calculate the total sum of all these integers.",
    "input_format": "A single line containing space-separated integers.",
    "output_format": "Output a single integer representing the sum of all elements in the input list.",
    "constraints": {
        "Array Elements": "-1000 <= element <= 1000",
        "Array Length": "1 <= length <= 100"
    },
    "judge_mode": "FIRST_FAIL",
    "time_limit": 1,
    "sample_test_cases": [
        {
            "input": "1 2 3 4 5",
            "output": "15"
        },
        {
            "input": "10 20 30",
            "output": "60"
        }
    ],
    "hidden_test_cases": [
        {
            "input": "16 79 88 59 95 93 57 79 29 67 56 23 58 38 66 28 67 35",
            "output": "1033"
        },
        {
            "input": "34 33 4 58 6 39 92 65 71 76 69 67 94 71 4 53 98 3 20",
            "output": "957"
        },
        {
            "input": "100 81 61 46 63 21 37 20 20 8 26 42",
            "output": "525"
        },
        {
            "input": "79 6 48",
            "output": "133"
        },
        {
            "input": "47 8 90 41 17 66 29 90 26 1 3 37 44 30 65",
            "output": "594"
        },
        {
            "input": "65 85 31 37 12 10 81 8",
            "output": "329"
        },
        {
            "input": "66 23 65 38 25 34 89 23",
            "output": "363"
        },
        {
            "input": "7 8 81 99 92 73 73",
            "output": "433"
        },
        {
            "input": "100 26 9",
            "output": "135"
        },
        {
            "input": "5 30 83 33 53 55 93 2 85 72 52 34",
            "output": "597"
        },
        {
            "input": "21 76 100 9 67 3 54 47 90 30 34 41 100 33 9 98 98 83 71 83",
            "output": "1147"
        },
        {
            "input": "29 47 67 16 28 65 96 85 5 22 33 25 30 70",
            "output": "618"
        },
        {
            "input": "96 6 98 51 89 5 80 80 75 80 42 83",
            "output": "785"
        },
        {
            "input": "45 46 93 21 10 18",
            "output": "233"
        },
        {
            "input": "57 7 78 50",
            "output": "192"
        },
        {
            "input": "85 94 12 55 81",
            "output": "327"
        },
        {
            "input": "79 43 24 19 94 55 25 20 22 10 73 92 45 59 64 15 46 32",
            "output": "817"
        },
        {
            "input": "57 72 82",
            "output": "211"
        },
        {
            "input": "2 93 76 18 24 29 73 82",
            "output": "397"
        },
        {
            "input": "91 80 22",
            "output": "193"
        },
        {
            "input": "65 12 2 2 60 78 38 38 97 42 82 52 12",
            "output": "580"
        },
        {
            "input": "82 96 27 60 81 48 50 46 37 54 55 52 14",
            "output": "702"
        },
        {
            "input": "10 100 98 69 93 18 53 27 9 28 2 65 54 36 87 89 72",
            "output": "910"
        },
        {
            "input": "29 82 43 83 63 41 84 24 5 20 75 59 32",
            "output": "640"
        },
        {
            "input": "95 20 64 79 14 29 95 34 34 12 28 73 45 18",
            "output": "640"
        },
        {
            "input": "76 94 56 53 90 48 43 84 19 6 74 7",
            "output": "650"
        },
        {
            "input": "92 56 99 58 26 34 66 44 84 98 1 7 98 88 90 20 4 43 3",
            "output": "1011"
        },
        {
            "input": "34 57 66",
            "output": "157"
        },
        {
            "input": "79 86 43 52 46 56 84 15 2 61 25 84",
            "output": "633"
        },
        {
            "input": "32 90 59 47 99",
            "output": "327"
        },
        {
            "input": "80 29 13 68 19 21 37 33 92 39 57 33 91 13 32",
            "output": "657"
        },
        {
            "input": "21 79 56 62 33 88 6 80 35 62 98 77 27 80 90",
            "output": "894"
        },
        {
            "input": "50 52 4",
            "output": "106"
        },
        {
            "input": "20 71 39 63 18 9 26 62 27 62 55 5 93 19 100 56 82 58 28",
            "output": "893"
        },
        {
            "input": "40 89 68 18 88 28 55 81 15",
            "output": "482"
        },
        {
            "input": "53 67 56 28 78 12 100 41 91 75",
            "output": "601"
        },
        {
            "input": "11 56 99 33 78 58 7 20 13 58 49 9 4 18 81",
            "output": "594"
        },
        {
            "input": "13 24 89 17 86 73 61 61 81 81 60 5 76 55",
            "output": "782"
        },
        {
            "input": "49 83 26 65 75 31 80 23 93 38 15 76 85 45 31 43 17",
            "output": "875"
        },
        {
            "input": "46 82 35 3 34 91 21 46 63 16 39 5 36",
            "output": "517"
        },
        {
            "input": "62 26 30 45 6 10 93 8 42 85 75 15 92 69 58 66 98 67",
            "output": "947"
        },
        {
            "input": "2 80 27 95 32 2 12 56 58 92 80 98 7 41 37 97 54 3 83",
            "output": "956"
        },
        {
            "input": "97 16 15 67 51 75 44 26 24 53 7 66 88 85 27 95 39 23 39",
            "output": "937"
        },
        {
            "input": "9 38 98 5",
            "output": "150"
        },
        {
            "input": "86 87 81 48 44 14 74 95 71 84 39",
            "output": "723"
        },
        {
            "input": "22 66 37 30 13 45 87 76",
            "output": "376"
        },
        {
            "input": "100 92 56 13 40 32 10 44 70 15 42 11 56 22 83 91 36 60 93 56",
            "output": "1022"
        },
        {
            "input": "77 20 79 19 1 84 85 13 5 77 100 66 48 6 75",
            "output": "755"
        },
        {
            "input": "10 50 32 43",
            "output": "135"
        },
        {
            "input": "71 81 23 65 13",
            "output": "253"
        },
        {
            "input": "34 91 8 91",
            "output": "224"
        },
        {
            "input": "12 63 63 17 20 36 37 65 80 60 4 64 36 4 12 56 60 26 55",
            "output": "770"
        },
        {
            "input": "57 44 10 42 25 20 22 14 92 79 52 20 21 41 67 31 76",
            "output": "713"
        },
        {
            "input": "77 36 23 20 18 63 44 52 65 82 39 4 83 14 70 18 1",
            "output": "709"
        },
        {
            "input": "77 36 44 23 80 62 66 65 83 88",
            "output": "624"
        },
        {
            "input": "33 75 78 20 72 89 46",
            "output": "413"
        },
        {
            "input": "46 21 73 23 66 5 90 93 74 24 74 41 82 76 54",
            "output": "842"
        },
        {
            "input": "94 8 81 10 76 66 6 2",
            "output": "343"
        },
        {
            "input": "70 27 55 89 15 9 10 31 52 53 72 29 34 20 54 32 97 36",
            "output": "785"
        },
        {
            "input": "52 60 21 85 38 92 14 48",
            "output": "410"
        },
        {
            "input": "3 26 28 14 91 6 82 19 58 36 5 54 71",
            "output": "493"
        },
        {
            "input": "8 97 90 22 99 88 39 34 34 17 26 40 12 96 21",
            "output": "723"
        },
        {
            "input": "76 50 13 80 78 21 85 38 96",
            "output": "537"
        },
        {
            "input": "49 60 14 1 79 42 35 70 89 86 44 37 21 29",
            "output": "656"
        },
        {
            "input": "99 22 27 41 47 56 57 66 48 62 84 48 6 98 15 78",
            "output": "854"
        },
        {
            "input": "88 12 9 93 89 85 36 26 84 76 33 43",
            "output": "674"
        },
        {
            "input": "99 96 98 92 82 25 45 16 78 61 52 69 54 25 59 93 81",
            "output": "1125"
        },
        {
            "input": "21 21 6 72 55 68 97 16 50",
            "output": "406"
        },
        {
            "input": "44 16 57 5 27 69 78 70 62 32 7 79 8 11 22 40 63",
            "output": "690"
        },
        {
            "input": "81 17 82 64 34 54 74",
            "output": "406"
        },
        {
            "input": "70 68 51 51 38 55 93 74 33 18 24 4 1 42 39 85",
            "output": "746"
        },
        {
            "input": "62 3 51 32 34 13 47 57 32 85 28 56 58 11 45 73",
            "output": "687"
        },
        {
            "input": "28 4 96 13 71 37 10 54 38 62 14 34 75",
            "output": "536"
        },
        {
            "input": "38 53 82",
            "output": "173"
        },
        {
            "input": "39 59 7 3 61 83 19 54 1 30 51 56 10 36 34",
            "output": "543"
        },
        {
            "input": "7 44 71 19 29 99 51 94 62 21 49 55 33 57 52 12",
            "output": "755"
        },
        {
            "input": "32 76 57 96 99 15 68 69 80 16 75 92",
            "output": "775"
        },
        {
            "input": "76 32 82 94 36 30 88 20 40 34",
            "output": "532"
        },
        {
            "input": "95 78 81 27 98",
            "output": "379"
        },
        {
            "input": "4 51 42 91 96",
            "output": "284"
        },
        {
            "input": "83 5 78 90 96 96 63 9 67 8 97",
            "output": "692"
        },
        {
            "input": "50 66 40 20 14 91 43 37",
            "output": "361"
        },
        {
            "input": "92 40 12 27 65 44 76 77",
            "output": "433"
        },
        {
            "input": "23 32 74 54 99 30 72 57",
            "output": "441"
        },
        {
            "input": "91 4 14 72 12 70 18 71 15 99",
            "output": "466"
        },
        {
            "input": "38 39 85 33 63 84 5 44 47 20 73 90 17 65",
            "output": "703"
        },
        {
            "input": "30 64 77 46 68 18 46 58 48 82",
            "output": "537"
        },
        {
            "input": "56 51 83 93 45",
            "output": "328"
        },
        {
            "input": "18 88 26 46 11 95 65 49",
            "output": "398"
        },
        {
            "input": "56 50 65 2 89 13 95 87 100 54 82",
            "output": "693"
        },
        {
            "input": "35 72 19 53 98 21 78 67 71 52 54 54 61 98 70 46 15",
            "output": "964"
        },
        {
            "input": "7 49 49",
            "output": "105"
        },
        {
            "input": "36 17 37 97 72",
            "output": "259"
        },
        {
            "input": "70 18 84 44 65 63 87 16 86 50 95 54 89",
            "output": "821"
        },
        {
            "input": "77 60 57 97",
            "output": "291"
        },
        {
            "input": "21 15 83 1 38 55 35 60 73 72 31 32 7 76 72 58 70 31",
            "output": "830"
        },
        {
            "input": "52 35 11 97 19 64 12",
            "output": "290"
        },
        {
            "input": "82 99 83 84",
            "output": "348"
        },
        {
            "input": "45 10 33 26 52 14 46",
            "output": "226"
        },
        {
            "input": "10 25 100 26",
            "output": "161"
        },
        {
            "input": "72 25 56 9 39 54 83 79 21 24 84 56 9 1 48",
            "output": "660"
        },
        {
            "input": "60 77 13 94 88 40 36 95 27 26 35 18 57 11 31",
            "output": "708"
        },
        {
            "input": "66 5 34 91 40 50 3 46 70 3 17 93 31 49 100 92 8",
            "output": "798"
        },
        {
            "input": "41 58 18 75 44",
            "output": "236"
        },
        {
            "input": "20 23 93",
            "output": "136"
        },
        {
            "input": "43 6 77 86 3 20 56 36 2",
            "output": "329"
        },
        {
            "input": "54 39 44 58 10 85 53 67 8 25 42",
            "output": "485"
        },
        {
            "input": "35 79 57 72 84 49 64 38 9 63 28 98 52 11",
            "output": "739"
        },
        {
            "input": "31 21 85 50 77 44 13 94 75 81 71 33 70 95 15 56 7",
            "output": "918"
        },
        {
            "input": "74 25 10 97 26",
            "output": "232"
        },
        {
            "input": "40 6 84 63 74 23 45 74 43 26 63 55 85 95 86",
            "output": "862"
        },
        {
            "input": "56 33 40 19 78 53 97 99 18 57 2 37 36 88 89 72 65 17",
            "output": "956"
        },
        {
            "input": "63 83 77 80 54 44 87 18 59 95 31 33 58 93 100",
            "output": "975"
        },
        {
            "input": "16 66 42 22 67 67 87 13 37 6 63 28 19",
            "output": "533"
        },
        {
            "input": "4 63 30 24 2 82",
            "output": "205"
        },
        {
            "input": "5 91 91 65 66 21 74",
            "output": "413"
        },
        {
            "input": "24 58 36 12 8 40 59 62 55 28 28 61 99 64 10 69 18",
            "output": "731"
        },
        {
            "input": "5 72 78 34 92",
            "output": "281"
        },
        {
            "input": "11 100 27 55 66 46 22 78 74 45 97 25",
            "output": "646"
        },
        {
            "input": "91 9 17 27 24 27 34 45 87 11 24 89 42",
            "output": "527"
        },
        {
            "input": "96 46 38 87 79 38 91",
            "output": "475"
        },
        {
            "input": "27 41 77 88 76 47 13 77 15 79 66 6 84 31 69 7 79 15",
            "output": "897"
        },
        {
            "input": "58 19 31 37 4 67 5 87 13 17 47 71 69",
            "output": "525"
        },
        {
            "input": "84 99 94 12 57 3 62 77 53 97 16",
            "output": "654"
        },
        {
            "input": "7 24 82 74 92 83 85 29 68",
            "output": "544"
        },
        {
            "input": "69 40 31 37 26 75 95 6 51 16 33 5 5",
            "output": "489"
        },
        {
            "input": "34 63 22 96 79 23 39 20 58 4 76 22 79",
            "output": "615"
        },
        {
            "input": "3 3 28 71 58",
            "output": "163"
        },
        {
            "input": "46 72 47 99 67 90 44 67 74 65 7 33 42 100 32 54 39 31 40",
            "output": "1049"
        },
        {
            "input": "15 82 87 73 66 43 66 53 25 64 88 14",
            "output": "676"
        },
        {
            "input": "79 98 79 7 9 79 29 31",
            "output": "411"
        },
        {
            "input": "71 22 92 31 46 42 60 92 94 41 9 89 67 17 4 57 3 53 56 51",
            "output": "997"
        },
        {
            "input": "97 48 93 81 19 62 80 25 30 67 94",
            "output": "696"
        },
        {
            "input": "60 11 65 26 6",
            "output": "168"
        },
        {
            "input": "55 85 74 20 18",
            "output": "252"
        },
        {
            "input": "61 41 96 11 36 81 83 93 27 31",
            "output": "560"
        },
        {
            "input": "29 54 44 6 5 46 65 70 15 73 89 9 33 100 20 61 56 84 100",
            "output": "959"
        },
        {
            "input": "70 30 40 96 82 65 21 34 11",
            "output": "449"
        },
        {
            "input": "25 36 68 87 62",
            "output": "278"
        },
        {
            "input": "91 100 100 16 21 82 68 5 21 18 53 65 61 69 74 89",
            "output": "933"
        },
        {
            "input": "42 82 43 89 87 19 26 24 21 72 81 86 73 59 28 22",
            "output": "854"
        },
        {
            "input": "28 30 10 31 53 55 92",
            "output": "299"
        },
        {
            "input": "71 1 4 67 40 47 73 15 43 60 6 96 43 68 94",
            "output": "728"
        },
        {
            "input": "44 66 86 77 49 7",
            "output": "329"
        },
        {
            "input": "43 4 77 93 4 56 29 31",
            "output": "337"
        },
        {
            "input": "91 7 56 89 22 3",
            "output": "268"
        },
        {
            "input": "74 42 2 27 32 46 32 42 31 97",
            "output": "425"
        },
        {
            "input": "15 1 71",
            "output": "87"
        },
        {
            "input": "43 62 3 20 29 31 22 79 48 54",
            "output": "391"
        },
        {
            "input": "6 53 76 24 34 59 96 65 99 59",
            "output": "571"
        },
        {
            "input": "53 90 30 44 82 41 36 15 86 52 100 44 77 29 71 17 86 76",
            "output": "1029"
        },
        {
            "input": "91 95 89 15 88 96 53 6 40 39 33",
            "output": "645"
        },
        {
            "input": "35 56 67 83 92 4 57 90 96",
            "output": "580"
        },
        {
            "input": "98 96 60 39 28 16",
            "output": "337"
        },
        {
            "input": "65 24 71",
            "output": "160"
        },
        {
            "input": "17 65 3 13",
            "output": "98"
        },
        {
            "input": "19 11 96 39 86 51 60 5 42 18 8 81 13 71 56",
            "output": "656"
        },
        {
            "input": "26 73 26 82 67 2 50 88 16 67 39 14 54 48 71 19 38",
            "output": "780"
        },
        {
            "input": "34 72 28",
            "output": "134"
        },
        {
            "input": "52 6 75 41 86 33 98 46 53 35 9 74 21 84 22 61 54",
            "output": "850"
        },
        {
            "input": "27 69 74 15 40 7 13 96 55 86 23 1 70",
            "output": "576"
        },
        {
            "input": "16 88 73 39",
            "output": "216"
        },
        {
            "input": "10 13 65 7 30 91 85 81 5 52",
            "output": "439"
        },
        {
            "input": "14 98 41",
            "output": "153"
        },
        {
            "input": "97 83 94 66 82 6",
            "output": "428"
        },
        {
            "input": "99 45 48 94 62",
            "output": "348"
        },
        {
            "input": "10 33 63 31 97 87 95 28 55 59 48 37 31 78 63 79",
            "output": "894"
        },
        {
            "input": "70 1 55 25 84 16 78",
            "output": "329"
        },
        {
            "input": "59 71 39",
            "output": "169"
        },
        {
            "input": "100 6 7 15 67 63 38 81 24",
            "output": "401"
        },
        {
            "input": "16 47 91 64 21 24 45 35 51 23 34 95",
            "output": "546"
        },
        {
            "input": "23 26 58 58 13 42 30 1 37 59 26 67 43 14",
            "output": "497"
        },
        {
            "input": "25 63 31 53 54 24 1 51 36 85 27 2 32 97 62 38 49 68",
            "output": "798"
        },
        {
            "input": "38 21 48 8 83 68 24 40 60 7",
            "output": "397"
        },
        {
            "input": "65 39 30 8 72 15 1 35 37 93 50",
            "output": "445"
        },
        {
            "input": "17 82 55 26 13 98 22 15 39 43 79 1 68 71 12",
            "output": "641"
        },
        {
            "input": "51 13 45 21 33 2 99 3 61 30 57 93 89",
            "output": "597"
        },
        {
            "input": "30 26 10 13 63 51 40",
            "output": "233"
        },
        {
            "input": "43 3 61 68 43 87 83 48 95 21 54 46 37",
            "output": "689"
        },
        {
            "input": "26 92 69 9 23 19 78 89 30 12 95 88 8 25",
            "output": "663"
        },
        {
            "input": "32 96 72 69 78 99 13 19 92 86 35 25 69",
            "output": "785"
        },
        {
            "input": "90 5 77 93 31 13 75 90 63 94 6 73 64 51 100 97 92 61 23 37",
            "output": "1235"
        },
        {
            "input": "86 89 65 48 80 37 77 19 3 88",
            "output": "592"
        },
        {
            "input": "73 81 37 44 69 12 17",
            "output": "333"
        },
        {
            "input": "14 21 91 22 38 21 100 2 60 69 72 76 16 66 30",
            "output": "698"
        },
        {
            "input": "34 4 7 32 95 63 51 70 89 12 66 39 58 3 34 42",
            "output": "699"
        },
        {
            "input": "13 97 37 62 61 52 43 76 54 86 70 77 68 25 50 37 9 83 88 65",
            "output": "1153"
        },
        {
            "input": "74 83 40 8 32 30 77 27 71 64 28 10 15 18 97 35",
            "output": "709"
        },
        {
            "input": "16 32 26 65 1 87 22 46 11 26 87",
            "output": "419"
        },
        {
            "input": "8 72 45 22 59",
            "output": "206"
        },
        {
            "input": "59 75 39 72 74 59 21 44 59",
            "output": "502"
        },
        {
            "input": "25 38 45 51 100 95 18 4",
            "output": "376"
        },
        {
            "input": "98 29 81 66 92 100 2 54 72 100 7 25 61 38 49 70 21 64 21 12",
            "output": "1062"
        },
        {
            "input": "87 89 56 91 47 32 67 22 38 72 88 16 93 51 50 51 80 2 32 1",
            "output": "1065"
        },
        {
            "input": "44 44 96 87 59 79 30 9 53 54 97",
            "output": "652"
        },
        {
            "input": "7 62 35 27 83 56 72",
            "output": "342"
        },
        {
            "input": "63 83 19 38",
            "output": "203"
        },
        {
            "input": "75 68 78 36 53 40 17 38 66 48 83 54 22 57 50 18",
            "output": "803"
        },
        {
            "input": "42 26 89 93 14 71 51 38 79",
            "output": "503"
        },
        {
            "input": "20 35 92 5 67 63 82",
            "output": "364"
        },
        {
            "input": "84 14 61 73 32 93 83 40 95",
            "output": "575"
        },
        {
            "input": "64 2 28 43 71 28 19 61 1 62 48 79 51 29 53 60 71 45 7 25",
            "output": "847"
        },
        {
            "input": "45 78 41 95 38 24 78 11 53",
            "output": "463"
        },
        {
            "input": "10 100 59",
            "output": "169"
        },
        {
            "input": "83 66 20 75 89 23 13 49 48 44 81 39 97 67 70 12 88 93",
            "output": "1057"
        },
        {
            "input": "67 33 53 90",
            "output": "243"
        },
        {
            "input": "76 30 9 64 34 68 32",
            "output": "313"
        },
        {
            "input": "21 4 92 7 18",
            "output": "142"
        },
        {
            "input": "66 81 91 5 72 41",
            "output": "356"
        },
        {
            "input": "18 46 42 51 73 93 73 75 9 74 63 100 100 76 94 73 53 29 96",
            "output": "1238"
        },
        {
            "input": "43 16 42 41 55 24 31 98 84 70 71 22 31 15 37 46",
            "output": "726"
        },
        {
            "input": "11 100 96 66 65 68 86 25 99 41 39 17",
            "output": "713"
        },
        {
            "input": "54 80 49 37 81 81",
            "output": "382"
        },
        {
            "input": "9 60 41 11 6 40",
            "output": "167"
        },
        {
            "input": "98 68 72 53 26 12 25",
            "output": "354"
        },
        {
            "input": "24 64 34 45 80 86 67 100 86 49 84 5 27 63 39 21 24 97",
            "output": "995"
        },
        {
            "input": "63 70 95 50 53 41 34 38 17 59 44 36 61 57",
            "output": "718"
        },
        {
            "input": "66 97 73 23 55 36 19 64 77 83 4 46",
            "output": "643"
        },
        {
            "input": "44 99 3 70 44 67 97 26 73 50 19 23 80 33 28 51 7 44 25",
            "output": "883"
        },
        {
            "input": "33 81 32 38 13 49 65 10 82 36 66 21 92 59",
            "output": "677"
        },
        {
            "input": "76 90 57 20 62 8 52 67 4",
            "output": "436"
        },
        {
            "input": "42 3 91 31 75 5 29 94 17 53 95 58 26",
            "output": "619"
        },
        {
            "input": "18 20 12 23 68 34 64 78 85",
            "output": "402"
        },
        {
            "input": "64 92 13 8 21 74 93",
            "output": "365"
        },
        {
            "input": "29 25 12 44 37 79 81 94 48 68 74 57 53 64 52 48",
            "output": "865"
        },
        {
            "input": "56 97 47 38 38 100 94 11 61",
            "output": "542"
        },
        {
            "input": "76 25 42 12 64 15 72 26 48 77 83 75 69 22 80 92 47 3 3",
            "output": "931"
        },
        {
            "input": "26 61 25 28 83 79 68 58 40 100 33 48 94 25 3",
            "output": "771"
        },
        {
            "input": "32 74 70 30 88",
            "output": "294"
        },
        {
            "input": "79 88 90 72 68 6 80 93 59 53 94 28",
            "output": "810"
        },
        {
            "input": "98 49 1 19 100 91 41 11 78 45 85 44 61 19 65",
            "output": "807"
        },
        {
            "input": "86 70 16 24 41 9 83 23 92 51 53 94 39 70 12 12 15 85 39",
            "output": "914"
        },
        {
            "input": "79 51 38 4 9 24 62 24 1 86",
            "output": "378"
        },
        {
            "input": "38 66 29 62 71 100 51 10 44 26 74 14 6 81 33",
            "output": "705"
        },
        {
            "input": "43 79 69 8 99 38 57 4 10 39 32 46 86 38 98 56 70",
            "output": "872"
        },
        {
            "input": "70 12 15 65 68 34 91 25 83 73 41 14 29",
            "output": "620"
        },
        {
            "input": "21 51 72 69",
            "output": "213"
        },
        {
            "input": "43 38 44 31 5 56 8 43 8 50 1 71 15 20 63 71 7",
            "output": "574"
        },
        {
            "input": "57 71 24 81 32",
            "output": "265"
        },
        {
            "input": "82 92 27 24 22 56 37 82 58",
            "output": "480"
        },
        {
            "input": "31 45 65 74 96 6 9 62 91 66 12 34 45 69 78 11 71 74 9",
            "output": "948"
        },
        {
            "input": "51 12 87 23 46 17",
            "output": "236"
        },
        {
            "input": "58 46 18 85 75 36 44 27 77 22 22 25 56",
            "output": "591"
        },
        {
            "input": "86 77 88",
            "output": "251"
        },
        {
            "input": "11 64 6 52 77 78 57 84 84 38 59 85 12 4 94 23 30 93 27",
            "output": "978"
        },
        {
            "input": "23 69 36 22",
            "output": "150"
        },
        {
            "input": "98 79 6 49 89 26 28",
            "output": "375"
        },
        {
            "input": "79 72 99 89 17 96 59 50 72 35 82 40 58 38",
            "output": "886"
        },
        {
            "input": "7 54 98 38 68 64 39 12 53 33",
            "output": "466"
        },
        {
            "input": "43 20 69 51 75 38 43 35 87 5 6 95 31 13 8 58",
            "output": "677"
        },
        {
            "input": "16 87 96 10 34 83 93 70 37 5 87 33 15 75 90 81",
            "output": "912"
        },
        {
            "input": "21 75 62 12 62",
            "output": "232"
        },
        {
            "input": "45 79 35 19 8 45 84 44 64 98 78 6 22",
            "output": "627"
        },
        {
            "input": "58 44 35 63 61 100 12",
            "output": "373"
        },
        {
            "input": "80 41 7 13 70 88 39 14 93 18 48 47 89 78 11 2",
            "output": "738"
        },
        {
            "input": "95 37 42 48 41 10 40",
            "output": "313"
        },
        {
            "input": "94 50 66 86 40 17 52 15 39 35",
            "output": "494"
        },
        {
            "input": "85 7 48 53 69 20 68 11 50 94 34",
            "output": "539"
        },
        {
            "input": "99 68 12 39 29 25 96 35 100 86 73 59 41 71 41",
            "output": "874"
        },
        {
            "input": "55 33 82 24 13 40",
            "output": "247"
        },
        {
            "input": "73 10 7 61 62",
            "output": "213"
        },
        {
            "input": "59 64 44 100 8 32 95 38 46",
            "output": "486"
        },
        {
            "input": "99 38 28 90 5 32 73 67 30 47 29",
            "output": "538"
        },
        {
            "input": "64 52 30 66 31 66 100 66 63 45 90 64 3",
            "output": "740"
        },
        {
            "input": "6 25 21 46 76 13 51 52 94 40 13 22 41 84 73 61 14",
            "output": "732"
        },
        {
            "input": "46 47 61 85 54 90 9 92 39 40 3 15",
            "output": "581"
        },
        {
            "input": "67 68 67 89 49",
            "output": "340"
        },
        {
            "input": "73 71 66 88 37 70 14 57",
            "output": "476"
        },
        {
            "input": "72 22 87 59",
            "output": "240"
        },
        {
            "input": "16 7 58 68 2 48 28 61 48 13 20 22 88 9 10 94 68",
            "output": "660"
        },
        {
            "input": "29 59 85",
            "output": "173"
        },
        {
            "input": "97 49 9 11 45 67 94 22 88 2 72",
            "output": "556"
        },
        {
            "input": "24 88 92 1 44 10",
            "output": "259"
        },
        {
            "input": "87 47 74 20 5 9 44",
            "output": "286"
        },
        {
            "input": "58 87 30 24 87 89 94 60 78 22 48",
            "output": "677"
        },
        {
            "input": "19 71 39 80 81 81 20 49 35 94 20 16 96 68 83 95 14 18 93",
            "output": "1072"
        },
        {
            "input": "41 22 9 33 88 90 71 4 1 67 14 65",
            "output": "505"
        },
        {
            "input": "26 7 37 92 18 40 93 72 5 57",
            "output": "447"
        },
        {
            "input": "81 94 27 11 9 53 14 54 46 70 70 44 53",
            "output": "626"
        },
        {
            "input": "58 5 68 22 38 100 68 29 96 32 79 19 93 61 87 77 88 23 100",
            "output": "1143"
        },
        {
            "input": "60 17 34 71 21 7 1 56 37 28 91 85 43 96 57 10 93 33 73 26",
            "output": "939"
        },
        {
            "input": "5 34 84 100 32 59 30 12 95 5 29 79 53 55 72 93",
            "output": "837"
        },
        {
            "input": "83 100 57 79 64 94 51 74 71",
            "output": "673"
        },
        {
            "input": "96 80 6 87 56 47",
            "output": "372"
        },
        {
            "input": "47 36 18 40 67 44",
            "output": "252"
        },
        {
            "input": "8 100 23 8",
            "output": "139"
        },
        {
            "input": "29 39 75 81 56 33 32 100",
            "output": "445"
        },
        {
            "input": "34 28 83 35",
            "output": "180"
        },
        {
            "input": "22 40 14 10 78",
            "output": "164"
        },
        {
            "input": "39 4 40",
            "output": "83"
        },
        {
            "input": "75 67 100 94 3 8 25 43 98 41 28 92 33 69 94 48 15 52 15 91",
            "output": "1091"
        },
        {
            "input": "70 62 57 97 46 72 64 49 72 88 63 19 52 31 13 96 99",
            "output": "1050"
        },
        {
            "input": "40 39 44 80 99 10 1 67 89 71 15 49 20 49 79 29 13 15 40",
            "output": "849"
        },
        {
            "input": "55 8 91 40 3 40 33 6",
            "output": "276"
        },
        {
            "input": "71 37 15 69 40 48 37 23 27 93 82 82 13",
            "output": "637"
        },
        {
            "input": "95 37 18 63",
            "output": "213"
        },
        {
            "input": "100 38 48 95 65 17 14 12 75 19 17 93 52 63 88 23 84",
            "output": "903"
        },
        {
            "input": "94 78 14 64 22 39 61 6 45 67 73 13 75 70 93 7 6",
            "output": "827"
        },
        {
            "input": "70 85 49 2 68 25 13 16 86 51 25 14 72 62 68 69 7 70 98 16",
            "output": "966"
        },
        {
            "input": "56 66 3",
            "output": "125"
        },
        {
            "input": "24 15 1 40 70 31 10 21 66 81 89 22 33 44 54 80 27 53 2 8",
            "output": "771"
        },
        {
            "input": "58 94 55 58 48 12 32 42 33 93 54 25 97 7 77 50",
            "output": "835"
        },
        {
            "input": "18 83 82 95 5 56 54 57 4 79 63 72",
            "output": "668"
        },
        {
            "input": "55 16 85 35 27 77 20 45 22 18 30 72 36 10 25 19 58 88",
            "output": "738"
        },
        {
            "input": "41 32 11 91 66 95 72 87 82 78 6 22 64 63",
            "output": "810"
        },
        {
            "input": "94 29 39 34 2",
            "output": "198"
        },
        {
            "input": "43 37 24 61 42 39 47 97 88 21 49 14 78 96 3",
            "output": "739"
        },
        {
            "input": "14 86 77 41 25 19 61 50 66 63 19 35",
            "output": "556"
        },
        {
            "input": "62 27 94 28 12 8 26 46 83 39 92 63 32 73",
            "output": "685"
        },
        {
            "input": "72 32 22 26 90 100 54 26 54 65 79 74 55 51 19 43 52 91 53",
            "output": "1058"
        },
        {
            "input": "83 20 94 82 22 80 50 90 60 93 53",
            "output": "727"
        },
        {
            "input": "100 85 82 18 16 39",
            "output": "340"
        },
        {
            "input": "64 53 97 35 12 52 13 23 78 8 95 54 2 72",
            "output": "658"
        },
        {
            "input": "84 29 33 64 9 22 25 7 60 72 33 22 10 70 84 87 90 63 37",
            "output": "901"
        },
        {
            "input": "52 48 19 64 69 60 37 57 90 87 97 75 55 72",
            "output": "882"
        },
        {
            "input": "6 99 16 93 79 8 85 23 61 35 39 31 95",
            "output": "670"
        },
        {
            "input": "27 37 59 76 23 56 70 70 12 81 54 89 93 49 75 5 59 65",
            "output": "1000"
        },
        {
            "input": "16 67 53 21 68 95 45 45 31 37 26 74 79 67 89 88 93 42 23 11",
            "output": "1070"
        },
        {
            "input": "87 17 1 1 71 2 36 13 4 97 29 15 42 17 76 19 60 100",
            "output": "687"
        },
        {
            "input": "27 39 33 51 65 47",
            "output": "262"
        },
        {
            "input": "32 23 54 77",
            "output": "186"
        },
        {
            "input": "12 37 3 21 22 97 70 19 31 73 22 55 16 77 95",
            "output": "650"
        },
        {
            "input": "74 33 37 63 33 30 82",
            "output": "352"
        },
        {
            "input": "51 80 99 60 59 65 60 94 56 41 32",
            "output": "697"
        },
        {
            "input": "2 23 70 58 49 93 36 62 12 58 59 84 77 80 83 45 43 88",
            "output": "1022"
        },
        {
            "input": "98 55 95 15 11 7 90 54",
            "output": "425"
        },
        {
            "input": "71 98 58 8 88 29 73 76 92 95 77 19 99 3 82 41 37",
            "output": "1046"
        },
        {
            "input": "42 21 96 58 37 96 29 31 72 75 14 13 38 7 96 66 31 41 55 43",
            "output": "961"
        },
        {
            "input": "95 16 5 31",
            "output": "147"
        },
        {
            "input": "87 23 34 63 13 100 60 63 16 76 59 6 21",
            "output": "621"
        },
        {
            "input": "59 56 67 83 26 13 8 67 72 53 70 18 43 57 8 1",
            "output": "701"
        },
        {
            "input": "49 80 2 67 23 65 66 48 60 33 53 34 4 5 70 75 52 34",
            "output": "820"
        },
        {
            "input": "90 85 76 38 38 59 100 25 4 79 66 55 68 79 70 48 38 18 31",
            "output": "1067"
        },
        {
            "input": "59 76 45 66 41 27 83 29 69",
            "output": "495"
        },
        {
            "input": "12 60 42 2 53 10 19 11",
            "output": "209"
        },
        {
            "input": "67 71 65 71 7 2 84 21 32 89 4 28 50 75 9 79",
            "output": "754"
        },
        {
            "input": "29 85 8 88",
            "output": "210"
        },
        {
            "input": "54 93 64 71 63 68 44 17 91 23 44 3 41 30 69 80 18 44 84 57",
            "output": "1058"
        },
        {
            "input": "45 99 40 85 45 98 2 61 78 86 60 8 43 99 62 85 45",
            "output": "1041"
        },
        {
            "input": "59 74 37 60",
            "output": "230"
        },
        {
            "input": "41 69 78 85 23 77 81 45 84",
            "output": "583"
        },
        {
            "input": "95 18 62 51 8",
            "output": "234"
        },
        {
            "input": "40 1 66 91 61 82 38",
            "output": "379"
        },
        {
            "input": "3 58 28 9 84 14 51 55 95 18 43 34 51 5 44 12 5 66 96",
            "output": "771"
        },
        {
            "input": "25 45 8 85 34 99 3 53 12 38 44 7 70 53 18 19 4 53",
            "output": "670"
        },
        {
            "input": "34 87 21 55 79 78 37 64 98 39 37 53 17 51 98 36 76 34 22",
            "output": "1016"
        },
        {
            "input": "87 91 39 78 14 51",
            "output": "360"
        },
        {
            "input": "33 20 12 100 49 10 89 82 61",
            "output": "456"
        },
        {
            "input": "95 64 42 85 44 53",
            "output": "383"
        },
        {
            "input": "46 9 52 73 89 49 95 84 84 39 42 10 33 14",
            "output": "719"
        },
        {
            "input": "65 60 100 21 10 42 82 75",
            "output": "455"
        },
        {
            "input": "33 25 3 70 9 77 73 95 33 10 66 40 17 60 33 74 92 47 86 15",
            "output": "958"
        },
        {
            "input": "15 48 22 85 71 84 66 27 3 63 50 78 92",
            "output": "704"
        },
        {
            "input": "51 61 17 98 76 43 43 50 56",
            "output": "495"
        },
        {
            "input": "14 67 77 87 13 39 9 7 2 82 99 95 34 65",
            "output": "690"
        },
        {
            "input": "37 21 80 92 53 33 48 67 73 100 77 38 12 15 38 2",
            "output": "786"
        },
        {
            "input": "27 33 93 95 8 69",
            "output": "325"
        },
        {
            "input": "40 29 30 100 49 69",
            "output": "317"
        },
        {
            "input": "52 66 93 40 45 22 85 22 18 16 94 72 28 94 100 94 38 45 69 17",
            "output": "1110"
        },
        {
            "input": "46 72 84",
            "output": "202"
        },
        {
            "input": "89 37 25 90",
            "output": "241"
        },
        {
            "input": "50 84 86 25 71 49 61 29 46 74 21 73",
            "output": "669"
        },
        {
            "input": "42 84 72 27 19",
            "output": "244"
        },
        {
            "input": "25 5 61 3 93 71 67",
            "output": "325"
        },
        {
            "input": "94 84 21 14 42 44 21 97 24 28 36 46",
            "output": "551"
        },
        {
            "input": "92 66 56 6 78 90 35 94 31 92 42 75 11 71 39 4 21 59",
            "output": "962"
        },
        {
            "input": "31 1 54 58 9 93 16 57 47 81 8 63 55 51 79 57 19",
            "output": "779"
        },
        {
            "input": "84 36 47",
            "output": "167"
        },
        {
            "input": "9 35 98",
            "output": "142"
        },
        {
            "input": "14 53 74 31 29 27 3 88 99 82 12 39 95",
            "output": "646"
        },
        {
            "input": "5 49 63 56 48 17 93 21 7",
            "output": "359"
        },
        {
            "input": "92 64 87 54",
            "output": "297"
        },
        {
            "input": "92 68 73 95 36",
            "output": "364"
        },
        {
            "input": "51 15 51 15 45 36 33 75 1 70 78 36 94 30 11 91 5 27 8 1",
            "output": "773"
        },
        {
            "input": "46 47 34 39 15 64 91",
            "output": "336"
        },
        {
            "input": "91 18 6 57 41 37 77 73",
            "output": "400"
        },
        {
            "input": "18 43 18 90 38 95 34 51 17",
            "output": "404"
        },
        {
            "input": "4 64 13 19 42 19",
            "output": "161"
        },
        {
            "input": "43 2 35 42 13 84 44 56 54 48 56 7 52 97 59 84 66 49 2 27",
            "output": "920"
        },
        {
            "input": "98 16 88 59 89 52 51 38 50 61",
            "output": "602"
        },
        {
            "input": "37 46 69 25 73",
            "output": "250"
        },
        {
            "input": "71 21 64 6 61 67 71 77 25 5 12 23 53",
            "output": "556"
        },
        {
            "input": "13 85 36 40 32 13 33 22 5 69 55 42 24",
            "output": "469"
        },
        {
            "input": "59 96 45 54 79 95 55 59 81",
            "output": "623"
        },
        {
            "input": "31 72 60 28 45 86 47 26 85 76 86 63 11 3 84",
            "output": "803"
        },
        {
            "input": "2 91 20 40 18",
            "output": "171"
        },
        {
            "input": "52 61 66 69 6 6",
            "output": "260"
        },
        {
            "input": "95 28 64 18 57 95 79 64 35 78 2 51 48",
            "output": "714"
        },
        {
            "input": "4 63 6 56 68",
            "output": "197"
        },
        {
            "input": "64 65 71 73",
            "output": "273"
        },
        {
            "input": "63 6 82 84 29 25 53 86 70 60 17 13 31 66 30 48 88",
            "output": "851"
        },
        {
            "input": "24 68 40 46 73 97 85 30 11 73 39 58 4 48 28 4 46 40 95",
            "output": "909"
        },
        {
            "input": "74 35 78 99 51 81 50 6 21 80",
            "output": "575"
        },
        {
            "input": "59 50 68 20 75 10",
            "output": "282"
        },
        {
            "input": "38 87 64 94 45 83 79 3 51 56 5 17 10 20 59 12",
            "output": "723"
        },
        {
            "input": "31 35 3 74 36 55 82 12 21 29 14 22 27 92 22 88 24 31 33",
            "output": "731"
        },
        {
            "input": "9 57 58 71 77 87 3 70 15",
            "output": "447"
        },
        {
            "input": "40 99 1 80 45 81 93 41 27 38 28 6 97 23",
            "output": "699"
        },
        {
            "input": "10 18 15 18 64 38 46 58 48",
            "output": "315"
        },
        {
            "input": "64 23 19 91 48 84 13 16 22 31 92 57 15 29 35 74 36 13 4",
            "output": "766"
        },
        {
            "input": "10 54 38 83 58 15 95 35",
            "output": "388"
        },
        {
            "input": "55 14 57 26 29 39 61 31 23 69 23 62 65 97 59 55 93",
            "output": "858"
        },
        {
            "input": "25 14 1 68 58 27 55 69 60 87 54 24 53 46 54",
            "output": "695"
        },
        {
            "input": "30 69 10 13 59 14 73 48 43 95 70 42 93 12 54",
            "output": "725"
        },
        {
            "input": "67 22 54",
            "output": "143"
        },
        {
            "input": "30 52 69",
            "output": "151"
        },
        {
            "input": "59 83 4 16 73 56 53 67 61 24 60 11 35 76 97 16 79",
            "output": "870"
        },
        {
            "input": "24 77 93 59 21 20 41 64 83 59 21 43 93 50 53 61 57 67",
            "output": "986"
        },
        {
            "input": "84 45 17",
            "output": "146"
        },
        {
            "input": "34 60 21 98 59 71 42 5 58 84 61 28 65 15 90 23 72 60 1 11",
            "output": "958"
        },
        {
            "input": "10 18 86 86 80 69 100",
            "output": "449"
        },
        {
            "input": "99 5 83 42 53 41 51 45 33 16 37 86",
            "output": "591"
        },
        {
            "input": "53 64 74 71 66 28 64 26 26 22 26 59 14 9 95",
            "output": "697"
        },
        {
            "input": "40 37 13 20 42 85 66 83 65 69 83 40 68",
            "output": "711"
        },
        {
            "input": "77 14 47 58 76 95",
            "output": "367"
        },
        {
            "input": "47 31 18 95 88 49 67 37 49 38 98 47 28 69 49",
            "output": "810"
        },
        {
            "input": "13 41 45 63 76 58 73 6",
            "output": "375"
        },
        {
            "input": "17 100 60 57 61 64 49 85 74 77 2 98 49 96 32 83 3 97 38 76",
            "output": "1218"
        },
        {
            "input": "4 14 13 83 96 91 1 55 99 59 95 66 74 79",
            "output": "829"
        },
        {
            "input": "37 47 65",
            "output": "149"
        },
        {
            "input": "84 17 68 23 79 15",
            "output": "286"
        },
        {
            "input": "18 55 52 36 84 25 50",
            "output": "320"
        },
        {
            "input": "82 60 48 6 50 10 11 29 84 63",
            "output": "443"
        },
        {
            "input": "42 92 48 11 57 14 33 23 96 92 96 16 69",
            "output": "689"
        },
        {
            "input": "36 80 79 34 33 31 41 3 83 10 10 2 47 4 73 77 28",
            "output": "671"
        },
        {
            "input": "64 11 26 85 90 64 93 82 74 30",
            "output": "619"
        },
        {
            "input": "43 58 84 17 76 85",
            "output": "363"
        },
        {
            "input": "9 55 94 15 7 71 16 12",
            "output": "279"
        },
        {
            "input": "69 82 99 99 91 29 49 75 91",
            "output": "684"
        },
        {
            "input": "63 70 93 68 95 100 7 44 7 9 35 82 92 87",
            "output": "852"
        },
        {
            "input": "45 22 60 98 2 68 28 90 23 30 94 17 83 64 61 25 14 8",
            "output": "832"
        },
        {
            "input": "86 41 41 43 30 65 38 93 33 14 24 14 6",
            "output": "528"
        },
        {
            "input": "62 96 22 51 51 73 70 36 46 37 1 74 85 68 49 59 97 5 28 31",
            "output": "1041"
        },
        {
            "input": "62 91 77 87 78 57 10 84 34 4 82 27 58 14 79",
            "output": "844"
        },
        {
            "input": "65 39 48 5 96 84 73 71 21 1 21 77 89 26 12 45 22 41",
            "output": "836"
        },
        {
            "input": "77 3 36 6 78 50 91 47 48",
            "output": "436"
        },
        {
            "input": "46 49 39 29 99 43 84 85 91 58 62 78",
            "output": "763"
        },
        {
            "input": "62 47 84 78 20 91 88 96 100 23 6 95 23 48",
            "output": "861"
        },
        {
            "input": "85 89 9 81 45 42 63 63 8 24 82 75 20 58 8 87 75 84 75 68",
            "output": "1141"
        },
        {
            "input": "40 83 37 27",
            "output": "187"
        },
        {
            "input": "90 42 54 18 86 29",
            "output": "319"
        },
        {
            "input": "43 50 8 36 29 99 92",
            "output": "357"
        },
        {
            "input": "7 30 46 81 70 53 33 46 80 84 100 25 64 61 43 38 8 54 3 1",
            "output": "927"
        },
        {
            "input": "58 16 98 8 36 48 48 44 80 46 97 3 100 78 89 35 93",
            "output": "977"
        },
        {
            "input": "64 82 92 16 56 24 31",
            "output": "365"
        },
        {
            "input": "87 87 94 56 21 83 66 73",
            "output": "567"
        },
        {
            "input": "27 29 35 48 57 60 42 51 84 41",
            "output": "474"
        },
        {
            "input": "62 29 56 94 96 81 94",
            "output": "512"
        },
        {
            "input": "67 76 64 78 66",
            "output": "351"
        },
        {
            "input": "71 90 35 95 4 5 15 41 1 50 65 4 78 27 17 94 82",
            "output": "774"
        },
        {
            "input": "9 97 100 95 52 51 100 99 22 5",
            "output": "630"
        },
        {
            "input": "35 16 31",
            "output": "82"
        },
        {
            "input": "68 31 79 20",
            "output": "198"
        },
        {
            "input": "20 31 27 14 80 59 60 59 46 65",
            "output": "461"
        },
        {
            "input": "18 44 90",
            "output": "152"
        },
        {
            "input": "20 94 50 16 68 90 36 68 5 15 83 67 46 53 98 68 59",
            "output": "936"
        },
        {
            "input": "24 89 5 49 98 74 98 73 77 61 32 65 39 37 7",
            "output": "828"
        },
        {
            "input": "99 17 65 9 98 69 31 97 41 93 36 14 1 41 35 97 79 29",
            "output": "951"
        },
        {
            "input": "25 100 41 64 33 90 43 35 50 15 60 43 57 38 67 45",
            "output": "806"
        },
        {
            "input": "61 72 56 8 55 7 58 3 42 36 58 10 4",
            "output": "470"
        },
        {
            "input": "23 48 80 91 53 18",
            "output": "313"
        },
        {
            "input": "73 3 43 38 5 7 52 43 100 64 79 17 75 21 11 85 95 85 61 62",
            "output": "1019"
        },
        {
            "input": "53 98 40 57 28 24 70 4 51 16 21 7 14 55 53 18 78 58 36",
            "output": "781"
        },
        {
            "input": "16 84 74 29 73 66 81 29 60 53 19 17 44 23 61 51 96 2 34",
            "output": "912"
        },
        {
            "input": "48 36 32 42 53 62 24 55 29 25",
            "output": "406"
        },
        {
            "input": "11 11 57 45 48 17 10 59 34 47 26 12 9 29 2",
            "output": "417"
        },
        {
            "input": "26 80 40 27 71 69 88 74 76 61 49 68 8 34",
            "output": "771"
        },
        {
            "input": "21 64 44 70 34",
            "output": "233"
        },
        {
            "input": "95 22 20 9 11 50 12 35 18 45 63 37 94",
            "output": "511"
        },
        {
            "input": "37 88 57 67 76 37 98 42 52 9 76 8 67 36 83",
            "output": "833"
        },
        {
            "input": "36 90 17 2 9 68 49",
            "output": "271"
        },
        {
            "input": "66 27 23 59 9 65 59",
            "output": "308"
        },
        {
            "input": "28 3 91 49 14 21 38 71 85 79 14 100 90 9 59 60 1 64",
            "output": "876"
        },
        {
            "input": "25 71 52 57 58 94 56 97 65 89 42 91 68",
            "output": "865"
        },
        {
            "input": "43 89 68 95 78 88 8 91 47 37",
            "output": "644"
        },
        {
            "input": "10 19 63 55 16 7 3 92 12 98 37 58 90 24 56 36",
            "output": "676"
        },
        {
            "input": "2 73 11",
            "output": "86"
        },
        {
            "input": "36 99 50 38 70 77 80 32 53 45 49 18 33 89 54 43 19",
            "output": "885"
        },
        {
            "input": "1 47 27 48 4 17 89 11 61 69 29 57 21 77 55 13",
            "output": "626"
        },
        {
            "input": "90 12 74 14 27 45 15 37 42 23 70 77 27 100 53 51 79 83 79",
            "output": "998"
        },
        {
            "input": "91 23 81 87 99 58 95 53 30 53 94 71 80 16",
            "output": "931"
        },
        {
            "input": "46 62 56 41 1 97 14 50 30 82 13 33",
            "output": "525"
        },
        {
            "input": "45 36 24 45 55 57 95 35 86 35 87 69 3",
            "output": "672"
        },
        {
            "input": "13 26 49 47 65 2 44 82 3 55 95 18",
            "output": "499"
        },
        {
            "input": "75 52 30 71 41 67 5 57 6",
            "output": "404"
        },
        {
            "input": "67 47 73 82 61 22 92 38 89 9 69 100 42 38 78 86 78 1",
            "output": "1072"
        },
        {
            "input": "81 49 1 21 26 98 50 99",
            "output": "425"
        },
        {
            "input": "2 96 78 16 77",
            "output": "269"
        },
        {
            "input": "19 89 26 26 40 68 86 35 24 43 95 7 82 33 64 85 6",
            "output": "828"
        },
        {
            "input": "67 56 88 73 34 51 19 71 3 37 18 61 96 58 54 48 16 88 91",
            "output": "1029"
        },
        {
            "input": "8 16 48 27 56 21 87 1 7 11 63 39 3 8 23 32 69 67 100",
            "output": "686"
        },
        {
            "input": "38 98 45 89 29 52 88 12 6 27 59 83 73 33 97",
            "output": "829"
        },
        {
            "input": "81 39 70 41 1 22 93",
            "output": "347"
        },
        {
            "input": "39 27 70 36 64 88 1 96 57 48 87 45 96 31 71 16 99 60",
            "output": "1031"
        },
        {
            "input": "49 26 56",
            "output": "131"
        },
        {
            "input": "83 36 60 16",
            "output": "195"
        },
        {
            "input": "70 12 66 61 42 94 91 60 13 16 71 44 98 91 64 16",
            "output": "909"
        },
        {
            "input": "72 97 84 53 28 55 62 42 32 56 99 58 71 79 11 41",
            "output": "940"
        },
        {
            "input": "4 78 12 65 71 65 28 19",
            "output": "342"
        },
        {
            "input": "40 96 32 52 88 32 94 85 40 17 84 47 50 35 38 65",
            "output": "895"
        }
    ]
}