{
    "id": "smallest_element_in_array",
    "title": "Smallest Element in Array",
    "description": "Find the smallest element in a given array of integers.",
    "input_format": "Space-separated integers representing the array elements.",
    "output_format": "The smallest integer in the array.",
    "constraints": {
        "Elements": "-1000 <= element <= 1000",
        "Array size": "1 <= N <= 100"
    },
    "judge_mode": "FIRST_FAIL",
    "time_limit": 1,
    "sample_test_cases": [
        {
            "input": "5 2 9 1 7",
            "output": "1"
        },
        {
            "input": "-5 -2 -9 -1 -7",
            "output": "-9"
        }
    ],
    "hidden_test_cases": [
        {
            "input": "618 -940 272 -919 -2 878 -878 349 769 -205 -338 364 401 157 806 -584 810",
            "output": "-940"
        },
        {
            "input": "-399 751 387 -901 628 -587",
            "output": "-901"
        },
        {
            "input": "-91 461 -133 -8 -832 760",
            "output": "-832"
        },
        {
            "input": "-349 -30 -847 298 781 -742 900 729",
            "output": "-847"
        },
        {
            "input": "527 283 85 446 42 -727 767 -848 -682",
            "output": "-848"
        },
        {
            "input": "536 132 230 798 520 760 -747 -95 226 890 431 170 -187 746 -580 278 -592",
            "output": "-747"
        },
        {
            "input": "867 38 454 -348 -754 415 407 887 -941 917 -348 603 544 579 -673 559 353 741 -368",
            "output": "-941"
        },
        {
            "input": "-563 -707 820 733 556 24 -790 887 -731 -129 421 -250",
            "output": "-790"
        },
        {
            "input": "475 -261 -324 775 -530",
            "output": "-530"
        },
        {
            "input": "80 -674 -677 -37 434 692 425 -808",
            "output": "-808"
        },
        {
            "input": "838 893 310 356 335 -228 690 -710 -674 -274 -257 10 -509 813 738 823",
            "output": "-710"
        },
        {
            "input": "474 441 -481 -980 177 -466 -348 -918 327 -742 218 -872 43",
            "output": "-980"
        },
        {
            "input": "-864 -493 623 -863 -689 551 -68 -840 812 58 766 860",
            "output": "-864"
        },
        {
            "input": "754 -937 -285 831 -487 -149 -153 -219 -235",
            "output": "-937"
        },
        {
            "input": "-28 672 418",
            "output": "-28"
        },
        {
            "input": "154 -554 927 662 -675 -739 200 703 -968 818 -113 620 721 352 385 638 494 -222 -304 -177",
            "output": "-968"
        },
        {
            "input": "-97 -387 727 -870 651 -75 -771 -338 69 731 -717 559 983",
            "output": "-870"
        },
        {
            "input": "-653 -977 -438 913 -702 -492 638 292 737",
            "output": "-977"
        },
        {
            "input": "-466 -630 -158 -733 -136 -864 -767 143 -559 851 299 -957 953 -911 -35 799 252 -180 -959",
            "output": "-959"
        },
        {
            "input": "823 -79 387",
            "output": "-79"
        },
        {
            "input": "-584 61 835 -862 209 558 -374 -263 -715 -230 -604 -765 271 -921 -806 613 -929 850",
            "output": "-929"
        },
        {
            "input": "-229 299 748 -202 -177 -9 791 -621 -831 223 -18 505 164",
            "output": "-831"
        },
        {
            "input": "277 648 975 -160 999 844 -351 -596 462 -23 762",
            "output": "-596"
        },
        {
            "input": "260 485 -997 819 -598 -786 -736",
            "output": "-997"
        },
        {
            "input": "920 -439 -778 934 217 855 490 -178 125 966 -879 645 -110 108 -370 530",
            "output": "-879"
        },
        {
            "input": "-746 -511 43 792 593 310",
            "output": "-746"
        },
        {
            "input": "470 41 -133 -434 -179 -933 -834 -685",
            "output": "-933"
        },
        {
            "input": "-849 -637 -338 -407 607 -21 930 869 -615",
            "output": "-849"
        },
        {
            "input": "-759 938 -551 -445 66 -435 -341 -715 -795 257 497 529 -12 296 -339 918 535 -398 -215 674",
            "output": "-795"
        },
        {
            "input": "262 379 -448 508 422 500 363 280 908 -993 500 -251 294",
            "output": "-993"
        },
        {
            "input": "192 -199 656 300 787 33 -151",
            "output": "-199"
        },
        {
            "input": "124 -997 490 682 838 -574 75 -80 -978 -141 4 -888",
            "output": "-997"
        },
        {
            "input": "-513 -246 410 233 -637 286 572 413 520 -667 -178 963 -561 763 -166 -755 482 432",
            "output": "-755"
        },
        {
            "input": "88 614 367 -116 -313 295 958 531 -364 -680 -641 747 626 -11 97 -770 -924 -756",
            "output": "-924"
        },
        {
            "input": "348 -232 -284 -508 -23 -931 665",
            "output": "-931"
        },
        {
            "input": "341 -388 -104 -606 955 -671 83 606 -711",
            "output": "-711"
        },
        {
            "input": "299 -141 -131 607 782 818 825",
            "output": "-141"
        },
        {
            "input": "42 286 37 -678 887 324 -906 -76 -407 971",
            "output": "-906"
        },
        {
            "input": "-898 -378 534 -871 300",
            "output": "-898"
        },
        {
            "input": "195 -128 -668 0 -910 -248 -268 -57 -423 -229",
            "output": "-910"
        },
        {
            "input": "633 -304 -475 990",
            "output": "-475"
        },
        {
            "input": "-851 70 -309 931 672",
            "output": "-851"
        },
        {
            "input": "777 654 -208 533 -97 820 757 -157 231 -16 -538 -384 537 919 -800 219 831 508",
            "output": "-800"
        },
        {
            "input": "529 -405 -266 647 -746 -65 362 762 -137",
            "output": "-746"
        },
        {
            "input": "-348 423 -696 597 5 103 -478 785 -568 121 102 -737 -75 263 -349 -626 428",
            "output": "-737"
        },
        {
            "input": "-784 159 -422 -622 640 -738 -30 387 914 648 167 -991 60 932 513 -469",
            "output": "-991"
        },
        {
            "input": "838 -123 167 225 498",
            "output": "-123"
        },
        {
            "input": "-898 -806 -109 -670 431 811 -878 -46 553 175",
            "output": "-898"
        },
        {
            "input": "-467 -679 862 500 119 -725 -750",
            "output": "-750"
        },
        {
            "input": "-305 600 138 262 945 817 910 -822 7 109 -987 -891 818",
            "output": "-987"
        },
        {
            "input": "-956 41 577 422 -333 -721 141 507 -863 571 -475",
            "output": "-956"
        },
        {
            "input": "-263 -246 467 473 -846 -583 435 -851 287 -742 -150 -118 988 122 553 491 -593 -704",
            "output": "-851"
        },
        {
            "input": "-827 -269 -444 -425 -225 507 107 -663 33 763 749 984 -717",
            "output": "-827"
        },
        {
            "input": "803 -463 338 -2 -807 692 695 663 303 -595",
            "output": "-807"
        },
        {
            "input": "-35 -457 874 -119 -881 -653",
            "output": "-881"
        },
        {
            "input": "228 83 -689 120 -547 837 499 760 278 720 502",
            "output": "-689"
        },
        {
            "input": "-450 889 965 -617 -899 643 329 552 -640 -198 -701 46",
            "output": "-899"
        },
        {
            "input": "-314 -188 -541",
            "output": "-541"
        },
        {
            "input": "-400 -404 132 -774 -630 -339 456 -445 -580 576",
            "output": "-774"
        },
        {
            "input": "-23 -776 -266 -990 781 -559 189 -974 671 -962 -785 539 633 -896 19 142 -807 -280 332",
            "output": "-990"
        },
        {
            "input": "-85 -104 839 -303 -812 -742 110 -389 -877",
            "output": "-877"
        },
        {
            "input": "-804 474 850 -190 -287 -313 89 -42 259 482 892 -887",
            "output": "-887"
        },
        {
            "input": "469 -46 777 -41 222 354 415 209 250 -30 -512 598 -116 949 494 -429 -229",
            "output": "-512"
        },
        {
            "input": "712 -928 503 -567 -834 573 -539 138 -991 98 365 -386 410 -82 -443 993 739",
            "output": "-991"
        },
        {
            "input": "-58 594 -183 931 -462 484 421 -64 162 245 208 939 479 -645 468 368 659 -322",
            "output": "-645"
        },
        {
            "input": "-298 -958 243 156 -316 -91 -504 630 -77",
            "output": "-958"
        },
        {
            "input": "94 -631 398 -959 425 528 726 -916 -109 949 -216 -139 617 145 -399 650 261 44 -539 495",
            "output": "-959"
        },
        {
            "input": "-776 189 171 911",
            "output": "-776"
        },
        {
            "input": "746 946 812 -491",
            "output": "-491"
        },
        {
            "input": "-339 594 245 -232 -247 650 500 -277 117 605 858 259 239 -342 -76 -279 568",
            "output": "-342"
        },
        {
            "input": "-67 283 -137 -151 -730 -481 -167 847 -749 31 367 -708 -855 735 429 -987 747 330 -793",
            "output": "-987"
        },
        {
            "input": "-348 -655 -85 434",
            "output": "-655"
        },
        {
            "input": "-955 690 -646 -814 -178 -193 -753 -612 -908 512 317 -906 -952",
            "output": "-955"
        },
        {
            "input": "804 -603 685 -423 714 -871 -147",
            "output": "-871"
        },
        {
            "input": "458 626 496 -315 -408 -76 -240 778 620 473 -569 167 -676 440 452 922 182",
            "output": "-676"
        },
        {
            "input": "-766 638 -964 -703 -627 328 -716 -148 645 775 184 -16 533 143 -339 84",
            "output": "-964"
        },
        {
            "input": "-73 857 892 334",
            "output": "-73"
        },
        {
            "input": "-693 554 -274 671 136 -80 -32 -469 -997 75",
            "output": "-997"
        },
        {
            "input": "484 371 663 -160 352 252 -250 -383 244 -345 210",
            "output": "-383"
        },
        {
            "input": "571 -299 -505 230 778 32",
            "output": "-505"
        },
        {
            "input": "-876 -149 -739 184 861 -786 200 -745",
            "output": "-876"
        },
        {
            "input": "-444 -331 -706 -941 415 -657 -298",
            "output": "-941"
        },
        {
            "input": "-647 -276 -844 159 851 -25 -882 -946 254 -4 -730 -899 967 100 -274",
            "output": "-946"
        },
        {
            "input": "660 55 -66 922 448 -443 760 -636",
            "output": "-636"
        },
        {
            "input": "-892 -386 -989 226 36 -176 -407 39 48 741 162 -371 -663 831 -324 -566 639 -677 850 226",
            "output": "-989"
        },
        {
            "input": "-31 368 769 867 133 627 374 -689 359 -830 -273 622 -400 -951",
            "output": "-951"
        },
        {
            "input": "-432 -872 124 542 801 -613 -487 160 66 133 647 -223 104 802",
            "output": "-872"
        },
        {
            "input": "828 631 -146",
            "output": "-146"
        },
        {
            "input": "509 865 148",
            "output": "148"
        },
        {
            "input": "531 -852 835 -470 -738 -143 188 -598",
            "output": "-852"
        },
        {
            "input": "-537 874 719 352 15 0 78 295 -467",
            "output": "-537"
        },
        {
            "input": "987 -224 -96 530 -554 -466 741 619 -835 798 -521 -414 -836 -127 799",
            "output": "-836"
        },
        {
            "input": "358 4 398 275 -796 341 -720 -759 871 -90 -191 -554 -272 949",
            "output": "-796"
        },
        {
            "input": "-995 715 697 -536 -831 534 517 979 688 381 -335 -266 -322 -516 425",
            "output": "-995"
        },
        {
            "input": "501 978 897 -25 454 645 -10 516 -20 -335 -615 -939 -857 38 411 -179 -906 -353",
            "output": "-939"
        },
        {
            "input": "-200 -688 776 -342 -633 720 -55 312 70",
            "output": "-688"
        },
        {
            "input": "766 -563 -753 575 28 -655 -955 -451 -163 -716 625 674 -537 724 427 -556 -976 -5 -357 687",
            "output": "-976"
        },
        {
            "input": "760 505 841 -984 846 -807 -137 -144 657 -585 95 305 869 -556 -844 -880 403 -703 -422",
            "output": "-984"
        },
        {
            "input": "362 -824 711 938 924",
            "output": "-824"
        },
        {
            "input": "123 100 -549 752 419 -601 -521 397 141 198 -841 356 917 872 356 626",
            "output": "-841"
        },
        {
            "input": "200 -861 -710 -766 80 968 -624 -995 344 87 102 699 -151 492 81 -950 -554 4 -155",
            "output": "-995"
        },
        {
            "input": "-649 -243 -211 -128 658 925 413 50 -408 25 -613 -522 834 -561 852 845",
            "output": "-649"
        },
        {
            "input": "-264 -905 -167 -379 -688 -648 911",
            "output": "-905"
        },
        {
            "input": "544 919 729 -502 704 -958",
            "output": "-958"
        },
        {
            "input": "-612 -97 267 -634 -600 108 798 -334 344 109 -527 337 -892 -161 505 455",
            "output": "-892"
        },
        {
            "input": "-362 58 22 -639 203 886 -875 -609 219 754 -39 324 -910 -947 -230",
            "output": "-947"
        },
        {
            "input": "-748 -517 173",
            "output": "-748"
        },
        {
            "input": "534 -689 272 -554 288 -39 631 -870",
            "output": "-870"
        },
        {
            "input": "-774 958 344 -738 28",
            "output": "-774"
        },
        {
            "input": "603 -825 404 229 -354 -393 -922 -493 -389 71 96 -90",
            "output": "-922"
        },
        {
            "input": "977 376 -440 168 -884",
            "output": "-884"
        },
        {
            "input": "352 -939 982",
            "output": "-939"
        },
        {
            "input": "536 779 -362 -469 -771 1 262 -244 253 276 952 -899 -178 -181 838",
            "output": "-899"
        },
        {
            "input": "340 785 422 247 -952 -244 -540 -460 -95 -997 -742 883 596 -581 765",
            "output": "-997"
        },
        {
            "input": "657 272 -859 -234 685 -307 276 -121 -680 -198 -41 974",
            "output": "-859"
        },
        {
            "input": "528 703 -100 -270 194 -359 551 696 -363 -699 327 299 -30 607 555 392 -566 -408",
            "output": "-699"
        },
        {
            "input": "-358 -200 674 -493",
            "output": "-493"
        },
        {
            "input": "671 473 759 138 -77 -996 -371 750 908",
            "output": "-996"
        },
        {
            "input": "856 -763 -452 300 -89 758 761 -830",
            "output": "-830"
        },
        {
            "input": "479 -691 -641 -169 80 30 -409 -761 69 448 799",
            "output": "-761"
        },
        {
            "input": "-434 812 663 793 197 -609 -18 -473 -76 -13 158",
            "output": "-609"
        },
        {
            "input": "475 -931 -123 -670 822 -173 595 802 -155 850 495 -328",
            "output": "-931"
        },
        {
            "input": "29 196 -140 714 677 882 -616 640 19 105",
            "output": "-616"
        },
        {
            "input": "131 296 -589 -109 -337 -343 201 -776 576 158",
            "output": "-776"
        },
        {
            "input": "771 630 -461 -356 345 136 -508 -836 -368 -185 -184 503 366 258 654 -457 431 -802 394",
            "output": "-836"
        },
        {
            "input": "-502 -735 24 311 -104 593 957 769",
            "output": "-735"
        },
        {
            "input": "-922 -316 -709 -787 -627 786",
            "output": "-922"
        },
        {
            "input": "-367 348 -604 958 -606 -159",
            "output": "-606"
        },
        {
            "input": "-631 929 -225 -58 -723 168 678 438 -46 190 59 -323 -273",
            "output": "-723"
        },
        {
            "input": "401 -781 388 -690 472 -862 -770 855 539 -595 -626 -645 932 -165 291 -104 -176",
            "output": "-862"
        },
        {
            "input": "-1 -823 -852",
            "output": "-852"
        },
        {
            "input": "467 726 778 333 -73 -825 -81 -786 428 406 -1 -373 460 -635 417",
            "output": "-825"
        },
        {
            "input": "784 512 415 275 667 -208 -462 -211 479 -342 806 202 485 -388 -681 198 -274",
            "output": "-681"
        },
        {
            "input": "-574 -138 553 -977 -123 -411 804 54 105 501 556 11 107 -873 -204 -836 485 -427 298",
            "output": "-977"
        },
        {
            "input": "848 -952 204 -290 -348 -557 322 -128 -850 -679 387 -89 -344 229",
            "output": "-952"
        },
        {
            "input": "295 -254 -324 -572 336 -548 -92",
            "output": "-572"
        },
        {
            "input": "-192 759 611 -890 -549 353 -941 676 -665 791 578",
            "output": "-941"
        },
        {
            "input": "-37 527 230 -489 199 678 472 -714 445 100 -942 -368 -588 815 848 -34 -689 -950",
            "output": "-950"
        },
        {
            "input": "-2 -598 710 -118 536 824 373 835 236 485 -971 -179 -966 -744 65 274 -129 218",
            "output": "-971"
        },
        {
            "input": "391 -252 95 981 -64 -54 -596 783 965 498 -725 -728 384 -839",
            "output": "-839"
        },
        {
            "input": "631 -926 -856 -432 493 357 -320 930 107 873",
            "output": "-926"
        },
        {
            "input": "223 90 -621 -198 417 -763 -161 450 -90 867 464 169 138 147 536 248 434 615",
            "output": "-763"
        },
        {
            "input": "-759 75 510 52 145 -964 -944 -177 933 -90 915 278 723",
            "output": "-964"
        },
        {
            "input": "-963 -959 187 -695 -239 839 -222 -668 789 -807 49 979 -393 882 -95 111 408",
            "output": "-963"
        },
        {
            "input": "-733 436 833 -70 -396 17 -908 881 -422 482 -77 535 -497",
            "output": "-908"
        },
        {
            "input": "-521 560 -928 656 309 -650 -314 -375 405 590 955 -925",
            "output": "-928"
        },
        {
            "input": "-515 -708 832 -885 -501 -213 280 252 -641 18 -64",
            "output": "-885"
        },
        {
            "input": "-82 -37 630 70 780 -425 631 274 228 -527 -334 699 -812",
            "output": "-812"
        },
        {
            "input": "-72 -934 704 736 -959 14 -4 664 482 785 382 -604 -31 894 72",
            "output": "-959"
        },
        {
            "input": "713 -665 -429 -112 -128 106 859",
            "output": "-665"
        },
        {
            "input": "17 517 -732 -883 -322 99 784 -344",
            "output": "-883"
        },
        {
            "input": "-525 -498 -633 971 674 948 311 825 -154 601 -75 -332 -751 971 -676 -48 414",
            "output": "-751"
        },
        {
            "input": "970 86 -640 -34 598 220 333 166 -772 -734 -330 367 864 -81 -719 -145 -355 -424 -999",
            "output": "-999"
        },
        {
            "input": "-698 -669 -844 -212 -175 4 402 479 -778 822",
            "output": "-844"
        },
        {
            "input": "-241 -791 -537 -648 99 -491 965 -870 809 733 933 947 -567 -127 478 -819 388 -496",
            "output": "-870"
        },
        {
            "input": "990 929 -841 -345 634",
            "output": "-841"
        },
        {
            "input": "77 -766 -559 -295 33 -861 806 804 132 -725",
            "output": "-861"
        },
        {
            "input": "-655 -670 848 894 -675 642 -333 -979 -362 -859 147 909 -430 889 123 -13 -503 566 462 388",
            "output": "-979"
        },
        {
            "input": "-492 503 -325 733 -672 712 356 953 890 -131 653 981 -664 806 291 -114 938 -577 -417",
            "output": "-672"
        },
        {
            "input": "727 691 343 74",
            "output": "74"
        },
        {
            "input": "-952 729 -855 906 -672 705 207 52 642 -388 -223 -981 -732 452 35 -511 -256 752 595",
            "output": "-981"
        },
        {
            "input": "233 -598 402 104 530 631 -99 -455 -115 -589 348 -433 324",
            "output": "-598"
        },
        {
            "input": "-395 -401 -65 677 -312 -729 584 414 -413 933 -282 -517 -756 -307 -556 992 864 726",
            "output": "-756"
        },
        {
            "input": "-637 -88 -151",
            "output": "-637"
        },
        {
            "input": "-199 -881 263 531 -711 319 101 -686 -445",
            "output": "-881"
        },
        {
            "input": "62 -535 -301 -747 -686 569 -812 -877 9 -504 659 831 -392 164 236 -803 961",
            "output": "-877"
        },
        {
            "input": "375 -410 -293 -590 689",
            "output": "-590"
        },
        {
            "input": "486 -719 750 -165 831 516 -300",
            "output": "-719"
        },
        {
            "input": "-736 -239 -652 331 -219 734 101 -14 -724 549 145 -554 -23 -61",
            "output": "-736"
        },
        {
            "input": "-408 606 632 -235 -299 845 589 -572 -822 -958 -251",
            "output": "-958"
        },
        {
            "input": "65 -264 426 -951 -922 -356",
            "output": "-951"
        },
        {
            "input": "730 52 234 -531 206 -402 -242 -715 -414 181 557 318 40 -387",
            "output": "-715"
        },
        {
            "input": "-229 325 -646 -851 875 162 -766 -981 -928 -515 858 296 -477 775 276 516 -180 -317 -583",
            "output": "-981"
        },
        {
            "input": "214 -731 846",
            "output": "-731"
        },
        {
            "input": "-109 975 -450 -497 544 -371 -993 -4 -217 -623 621 -52 -314 -788 376 274",
            "output": "-993"
        },
        {
            "input": "-733 -202 -170 897 969 -971 -633 116 436 -633 454",
            "output": "-971"
        },
        {
            "input": "132 -643 115 4 -802 -91 925 927 161",
            "output": "-802"
        },
        {
            "input": "-72 206 -220 -578",
            "output": "-578"
        },
        {
            "input": "-934 -746 -465 -157 733 908 261 -685 9 228 113 918 -702 -153 923 -386 647 986 747 -321",
            "output": "-934"
        },
        {
            "input": "-428 620 -670 804 543 -110 975 954 102 730 -513 30 -211 913",
            "output": "-670"
        },
        {
            "input": "-828 -552 582 -520",
            "output": "-828"
        },
        {
            "input": "952 -25 891 -231 848 -624 648 -730 -443",
            "output": "-730"
        },
        {
            "input": "780 769 -485 589 579 -557 554 -63 -684 69",
            "output": "-684"
        },
        {
            "input": "143 -823 -159 -762 -42",
            "output": "-823"
        },
        {
            "input": "-494 -80 218 -623 -740 -318 556 840 -712 912 994 -839 -122",
            "output": "-839"
        },
        {
            "input": "648 328 -954 -177",
            "output": "-954"
        },
        {
            "input": "231 870 413 -483 -569 813 -930 -729 71 -609",
            "output": "-930"
        },
        {
            "input": "-932 -556 819 106 459 -271 -483 -712 452 700 -293 228 -572 967 -992",
            "output": "-992"
        },
        {
            "input": "-165 410 -684 322 504 126 -433 -628 630 -329 -395 724 219 179 -202 -791",
            "output": "-791"
        },
        {
            "input": "-89 847 30 -734",
            "output": "-734"
        },
        {
            "input": "423 -947 -26 -753 986 -148 -376 -475 -712 -340 -133 -205 -464 180 337 84 -742",
            "output": "-947"
        },
        {
            "input": "331 -234 0 854 -484 997 50 -301 -900",
            "output": "-900"
        },
        {
            "input": "-218 540 140 351 -399 -104 -238 218 -172 185 509 686 626 -339",
            "output": "-399"
        },
        {
            "input": "467 -489 -950 605 -697 -628 214 50 804 941",
            "output": "-950"
        },
        {
            "input": "-928 504 83 947 -546 -965 -160 -737 -912 -533 876 -992 -192",
            "output": "-992"
        },
        {
            "input": "-279 107 -541 113 -807 -328 161 737",
            "output": "-807"
        },
        {
            "input": "703 30 965 248 151 759 -743 -779 -641 871 160",
            "output": "-779"
        },
        {
            "input": "769 -646 821 -265 -493 -876 744 325 -954 -926 -658 -194 585 872 993 -920 -680 894 -588",
            "output": "-954"
        },
        {
            "input": "585 -771 574 -259",
            "output": "-771"
        },
        {
            "input": "116 -693 522 -319 398 318 502",
            "output": "-693"
        },
        {
            "input": "-120 348 873 539",
            "output": "-120"
        },
        {
            "input": "-496 180 -992 439 835",
            "output": "-992"
        },
        {
            "input": "804 -669 -83 -892 266 -119 767 -101 -729 922 -122 -321 48 -20",
            "output": "-892"
        },
        {
            "input": "380 -422 576",
            "output": "-422"
        },
        {
            "input": "-420 523 -630",
            "output": "-630"
        },
        {
            "input": "-421 -148 587 -370 -855 -325 990 770 688 941 46 342 -939 -328",
            "output": "-939"
        },
        {
            "input": "-557 -200 537 407 414",
            "output": "-557"
        },
        {
            "input": "922 -531 630 -318 548",
            "output": "-531"
        },
        {
            "input": "-55 -35 -746 -406",
            "output": "-746"
        },
        {
            "input": "-680 853 -10 703 606",
            "output": "-680"
        },
        {
            "input": "-275 -562 166 162 -573 80 -498 764 -576 107 63 -438",
            "output": "-576"
        },
        {
            "input": "-766 -58 -736 316 566 -523 681 866 246 622 169 -210 -493",
            "output": "-766"
        },
        {
            "input": "-325 -535 3 -538 -239 -223 377",
            "output": "-538"
        },
        {
            "input": "-935 -176 0 -772 154 -183 -603 674 -817 645 -447 -19",
            "output": "-935"
        },
        {
            "input": "-131 -468 -641 929 -987",
            "output": "-987"
        },
        {
            "input": "691 -851 -554 452 889 616 873 544 -668 -689 745 496 432 509 -385 -112 938 978",
            "output": "-851"
        },
        {
            "input": "327 276 -225 -563",
            "output": "-563"
        },
        {
            "input": "-231 -682 366 -929 -762 -326 759 700",
            "output": "-929"
        },
        {
            "input": "17 -39 -410 -405 -609 -253 -101 -418 -826 272 266 -848 507 -553 846 -964 944 659",
            "output": "-964"
        },
        {
            "input": "-732 -996 769 -949 318 32 -337 -937 140 -412 470 -153",
            "output": "-996"
        },
        {
            "input": "-424 515 -560",
            "output": "-560"
        },
        {
            "input": "52 -145 228 4 -952 -558 -560 909 562 202 319",
            "output": "-952"
        },
        {
            "input": "-763 489 -156 598 2 674 -788 -461 -788",
            "output": "-788"
        },
        {
            "input": "736 -914 157 35 972 742",
            "output": "-914"
        },
        {
            "input": "578 -28 -916 88 -39 916 -909 201 397 263 -515 -643 751 201 26 42",
            "output": "-916"
        },
        {
            "input": "-158 333 -814 -832 440 -770 -121 -347 551",
            "output": "-832"
        },
        {
            "input": "554 -976 -745 -730 -771 475 -357 886 536 426 98 802 933 -993 -778 763 -715 -231 -534 -395",
            "output": "-993"
        },
        {
            "input": "-832 924 813 825 -182 831 26 -256 -487 122 410 417 423 829 176 214 -245",
            "output": "-832"
        },
        {
            "input": "-608 -482 -796 798 -58 45 852 -773 -643 394 73",
            "output": "-796"
        },
        {
            "input": "482 151 -152 552 795 -980",
            "output": "-980"
        },
        {
            "input": "-460 -842 -87 -980 870 232 -393 -750 -957 329 -935 113 101 -668 116 -249 418",
            "output": "-980"
        },
        {
            "input": "889 -651 274 813",
            "output": "-651"
        },
        {
            "input": "-202 -407 65 988 -269 -369 -190 -212",
            "output": "-407"
        },
        {
            "input": "121 -233 -492 -998 726 -510 -304 299 857 -497 597 544 972 705 94",
            "output": "-998"
        },
        {
            "input": "-785 766 -105 -54 930 -213 357 82 -654 681 -452 -624 398 829 320 -224 178 820 142",
            "output": "-785"
        },
        {
            "input": "-104 680 321 -371",
            "output": "-371"
        },
        {
            "input": "-168 -746 -732 -674 -702 -820 663 -603 -560 -817 -850 627 87 543 546 -1000 -565 363 -79 796",
            "output": "-1000"
        },
        {
            "input": "193 779 919 45 530 -11 -168 -157 -110 797 -644 666",
            "output": "-644"
        },
        {
            "input": "-549 -507 -963 -55 -630 537 -72 -400 -606 167",
            "output": "-963"
        },
        {
            "input": "-564 -218 241 110 -487 -115 682 414 -571 -943 43 -430 -656 -1000 -959",
            "output": "-1000"
        },
        {
            "input": "224 -645 -386 -33",
            "output": "-645"
        },
        {
            "input": "-549 716 -526 -314 158 306 452 -470",
            "output": "-549"
        },
        {
            "input": "-835 505 -377 550 -582 476 355 -714 -541",
            "output": "-835"
        },
        {
            "input": "172 -967 -941 -351",
            "output": "-967"
        },
        {
            "input": "343 772 234 998 793 -298 770 -486",
            "output": "-486"
        },
        {
            "input": "-75 -221 -920 -722 413 -133 288 -773 -80 322 582 -951 934 724 -504 330",
            "output": "-951"
        },
        {
            "input": "-628 264 631 -466 -541 958 300 721 66 628 -684 -195 158 306 -31 -385 501",
            "output": "-684"
        },
        {
            "input": "506 728 -426 307 -613 233 867 -560 -367 395",
            "output": "-613"
        },
        {
            "input": "-895 282 550 239 397 -908 435 -825 973 -471 750 171 -649 894 343 -290",
            "output": "-908"
        },
        {
            "input": "448 41 -690 614 610 765 -316 -40 -573",
            "output": "-690"
        },
        {
            "input": "423 951 -336 728 126 -614 -209",
            "output": "-614"
        },
        {
            "input": "-334 -465 308 270 -868 -508 -327 -71 668 628 665 -40",
            "output": "-868"
        },
        {
            "input": "-113 968 221 -87",
            "output": "-113"
        },
        {
            "input": "-191 267 -171 388 -870 -44 971 -889 -751 720 785 358",
            "output": "-889"
        },
        {
            "input": "582 -437 516 -923 396 786 951 468 88 -397 -650 -732 269 424 -280 590 622 -703",
            "output": "-923"
        },
        {
            "input": "29 -60 86 500 -173 61 -740 -696 -676 344 688 448 -616 -165 367 452 -935 524 -791 758",
            "output": "-935"
        },
        {
            "input": "-779 55 760 -726 182 789 -509 -760 -92 -611",
            "output": "-779"
        },
        {
            "input": "180 -927 767 226 -549 272 -705 991 281 83 737 634 -953 -760",
            "output": "-953"
        },
        {
            "input": "147 -212 616 145 -766 -208 224 94 246 -930 -565 -253 266",
            "output": "-930"
        },
        {
            "input": "-847 -228 -243 660",
            "output": "-847"
        },
        {
            "input": "703 419 -739 770 824 -813 441 776 21 371",
            "output": "-813"
        },
        {
            "input": "-950 694 -507 -873 559 234 -274 778 -631 496 77 -464 -737 -348 987 -379",
            "output": "-950"
        },
        {
            "input": "-5 -45 282 867 -935 405 426 -86 578 -199 460 -724 -341 104 499 942 97",
            "output": "-935"
        },
        {
            "input": "-600 472 12 -330 278 -503 -748 -564 599 -18 -161 231 -942 946 -557 -737 63",
            "output": "-942"
        },
        {
            "input": "199 498 335 -41 -355 -609",
            "output": "-609"
        },
        {
            "input": "-561 677 703 46 431 -669 -438 220",
            "output": "-669"
        },
        {
            "input": "137 364 484 -293 867 529 399 772 -44",
            "output": "-293"
        },
        {
            "input": "-627 418 230 -485 -925 754 -203 618",
            "output": "-925"
        },
        {
            "input": "-373 -126 176 11 667 775 -767 -197 635",
            "output": "-767"
        },
        {
            "input": "449 -343 -531 920 -798 -898 834 138 500 399 -665 -240 -254 646 311 -365 -803 -279",
            "output": "-898"
        },
        {
            "input": "-143 -981 -620 863 -46",
            "output": "-981"
        },
        {
            "input": "-203 414 821 78 -233 -867",
            "output": "-867"
        },
        {
            "input": "793 -795 438 -400 785 -214 671 429 -729 715 541 261 -207 -972 -950",
            "output": "-972"
        },
        {
            "input": "957 -187 26",
            "output": "-187"
        },
        {
            "input": "248 -668 502 762 824 -938 47 515 -931 -538 -199 63 878 30 -5 288",
            "output": "-938"
        },
        {
            "input": "683 -939 470",
            "output": "-939"
        },
        {
            "input": "97 695 -4 965 260 60 -860 -208 -263 639",
            "output": "-860"
        },
        {
            "input": "775 548 -39 -254 -756 883 135 417 -42 223 -970 -314 177 605 202 583 -999 162 -732 -270",
            "output": "-999"
        },
        {
            "input": "572 -87 -555 -125 527 784 989",
            "output": "-555"
        },
        {
            "input": "91 496 -509 583 678 -15 146 -546 -881 453 767 109 -984 208 926 -343 -483 -786",
            "output": "-984"
        },
        {
            "input": "-457 549 629 -98 740 -545 417 80 -804 -868 -439",
            "output": "-868"
        },
        {
            "input": "-932 -823 118 825 487 428 60 791 783 -809 640 -297 -985 -210 -807 736 139 142",
            "output": "-985"
        },
        {
            "input": "-861 815 -664 -922 -294 366 -526 -160 -565 909",
            "output": "-922"
        },
        {
            "input": "-710 982 -817 -802 968 301 878 527 -334 -264 69 -603 15 117 -578",
            "output": "-817"
        },
        {
            "input": "-551 -13 341 -25 332 -708 229",
            "output": "-708"
        },
        {
            "input": "-687 -723 -418 -598 844 -87 -340 -132 -878 -554 293 291 605 681",
            "output": "-878"
        },
        {
            "input": "484 983 639 -232",
            "output": "-232"
        },
        {
            "input": "-946 -34 -543 -595 -745 -885 -563 -262 -93 573 -859 761 -831 87 -182 593 954",
            "output": "-946"
        },
        {
            "input": "-413 955 810 -582 513 -654 528",
            "output": "-654"
        },
        {
            "input": "-153 -889 -137 -982 -937 -863 -526",
            "output": "-982"
        },
        {
            "input": "346 825 174 -38 901 184 -200 -661 182 -84 716 -660 820 -539 666 740",
            "output": "-661"
        },
        {
            "input": "-871 504 423",
            "output": "-871"
        },
        {
            "input": "241 -954 244 -305 391 -491 -599 -540 -200 -45 179 -73 343 414 -746 180",
            "output": "-954"
        },
        {
            "input": "-719 841 184 136 -173 820 215 565 -198",
            "output": "-719"
        },
        {
            "input": "-843 -914 -228 486 -396 245 -247 -569 -811 -823 -181 165",
            "output": "-914"
        },
        {
            "input": "689 -880 -150 491 580 161 312 91 -611 10 612 -156 819 -15 -771 502 680 -692 0 -277",
            "output": "-880"
        },
        {
            "input": "20 -233 927 -96 806 697 -149 614 453",
            "output": "-233"
        },
        {
            "input": "627 -315 -667 619 331 152 41 813 754 -391 -953 620",
            "output": "-953"
        },
        {
            "input": "787 -682 867",
            "output": "-682"
        },
        {
            "input": "-740 -990 515 16 -55 -548 765 609 430 978 937 -936 -972 453",
            "output": "-990"
        },
        {
            "input": "580 -829 -258 251 568 -606 -516 -635 -997 -313 617",
            "output": "-997"
        },
        {
            "input": "734 -906 452 -921 -534",
            "output": "-921"
        },
        {
            "input": "-376 772 -321 592 186",
            "output": "-376"
        },
        {
            "input": "-632 140 -88 -953 -567 -40 -47 -196 326 -889 398 -177 379",
            "output": "-953"
        },
        {
            "input": "837 269 -938 742 -987 816 660 -941 123 -314 443 679 -937 -751 896 -707",
            "output": "-987"
        },
        {
            "input": "-638 -29 -585 692 -980 -527 844 -758 7 929 -676 -500 860 338 515 -65 722 400",
            "output": "-980"
        },
        {
            "input": "-446 645 -962 -707 -563 193 -926 -20 867 174 -433 -569 567 149 -330 258 871 560",
            "output": "-962"
        },
        {
            "input": "-413 -210 -652 -810 328 -921 -181 574 724",
            "output": "-921"
        },
        {
            "input": "-624 -977 -453 500 84 132 893 937 -457 -999 191 -540 546 96 -896 840 -782 -4 521 -9",
            "output": "-999"
        },
        {
            "input": "10 719 -941 -442 590 -195 363 -829 820 -250 -487 -680 75",
            "output": "-941"
        },
        {
            "input": "-441 -435 -335 -493 58",
            "output": "-493"
        },
        {
            "input": "960 421 782",
            "output": "421"
        },
        {
            "input": "690 -388 -457 -1000 190 144",
            "output": "-1000"
        },
        {
            "input": "-776 -476 835 203 -37 -274 656 -420 956 300 -686 716 876 481 802",
            "output": "-776"
        },
        {
            "input": "-816 427 -204 -613 419 557 -647 -502 169",
            "output": "-816"
        },
        {
            "input": "-44 -652 659 -716 788 -44 277 -845 -414 -789 147 -32 266 921 -655 -27 657 -169 342 -661",
            "output": "-845"
        },
        {
            "input": "153 -83 -399 -800 -260 827 75 -535 -791 -329 468 -18 -382 -831 795 -470 -632 -238",
            "output": "-831"
        },
        {
            "input": "-28 472 -59 -843 -626 -268 -151 278 572 70 192 -34 -537 71 709 466 360 442 -368 84",
            "output": "-843"
        },
        {
            "input": "-960 542 276 -718 -576 -180 592 351 -911",
            "output": "-960"
        },
        {
            "input": "162 -788 170 -476 782 705 923 -229 -762 349 472 -672 -702 11",
            "output": "-788"
        },
        {
            "input": "-523 318 675 -730 75 190 -678 -504 -343",
            "output": "-730"
        },
        {
            "input": "-223 -497 536 -919",
            "output": "-919"
        },
        {
            "input": "-245 -439 -304 407 566 -631 -418 -699 -734 107 481 -908 556 -973 825 -259 -487 -196",
            "output": "-973"
        },
        {
            "input": "-827 -354 -543 361 -703 999 97 -497 -583",
            "output": "-827"
        },
        {
            "input": "841 -440 -336 357 666 -273 -283 465 -530 695 289 -723 -977 577 -714",
            "output": "-977"
        },
        {
            "input": "-441 561 324 -823 -8 98 -642 194 148 202 812 -32 -689 -428",
            "output": "-823"
        },
        {
            "input": "-443 -893 812 206 -460 759 545 -325 -453 501 769 328",
            "output": "-893"
        },
        {
            "input": "565 239 -987 538 351 -866 -807 361 824 -341 -710 406 -299",
            "output": "-987"
        },
        {
            "input": "450 816 947 828 136 368 23 -270 944 787 434 -882 -135 616 -309 233 -513 -424 -757 -658",
            "output": "-882"
        },
        {
            "input": "-851 537 -479 -821 646 507 -500 793",
            "output": "-851"
        },
        {
            "input": "259 -856 -473 -853 -61 -822 -912 420 -625 -783 246 364",
            "output": "-912"
        },
        {
            "input": "-755 703 -415 648 620 -640 -190 -996 332",
            "output": "-996"
        },
        {
            "input": "-181 802 552 -640 351 -79 836 662 726 347",
            "output": "-640"
        },
        {
            "input": "980 113 -364 -326 -468 835 -769 578 -298 -693",
            "output": "-769"
        },
        {
            "input": "540 -669 -39 -70 -37 310 74 -406 216 -162 453",
            "output": "-669"
        },
        {
            "input": "-216 -478 737 670 -759 -674 -469 -567 -138 -812 747 -318 -476 -65 397 -167",
            "output": "-812"
        },
        {
            "input": "-371 621 -371 -517 797 534 573 966 -332 -842 529 481 -127 -433 550 -875 -554 -7",
            "output": "-875"
        },
        {
            "input": "10 373 -184 957 197 -837 -464 986 52 -677 850 -371 -832 -822",
            "output": "-837"
        },
        {
            "input": "-195 729 714 687 51 483 105 991 135 -805 608 700 -47 -817 662 46",
            "output": "-817"
        },
        {
            "input": "448 935 754 396 981 885 -604",
            "output": "-604"
        },
        {
            "input": "-205 778 -53 758 -495 485 -82 -516 669 295 605 532 -221 -125 788 145 997",
            "output": "-516"
        },
        {
            "input": "-902 128 989 -255 -366 -314 993 429 -252 67 972 975 342",
            "output": "-902"
        },
        {
            "input": "-467 -874 -477 179 -746 473 -614 434 282",
            "output": "-874"
        },
        {
            "input": "-520 26 543 914 -483 742 331 650 -736 209 192 474 117 547 -505 363 420",
            "output": "-736"
        },
        {
            "input": "-598 207 -365 314 841 826 -547 131 -485 -139 949 478 -728 -761",
            "output": "-761"
        },
        {
            "input": "-222 380 -220",
            "output": "-222"
        },
        {
            "input": "-641 320 -782 -288",
            "output": "-782"
        },
        {
            "input": "-434 126 -710 -95 116 984 -316 -639 82 482 -968 713 631 -370 -916",
            "output": "-968"
        },
        {
            "input": "509 -628 949 653 92 -570 88 636 439 340 -766 434 -318 -307 -905 -16 290 -33 666 -687",
            "output": "-905"
        },
        {
            "input": "-239 314 -317 -644 -436 -501 814 26 -506 -775 953",
            "output": "-775"
        },
        {
            "input": "-190 220 34 -231 -907",
            "output": "-907"
        },
        {
            "input": "-69 123 562 -162 800",
            "output": "-162"
        },
        {
            "input": "-661 469 -238 -777 502 -850 -234 794 521 -636 -811 -422 -916 350 256",
            "output": "-916"
        },
        {
            "input": "-968 83 645 373 618 27 -778 -714 -845 985 -18 340",
            "output": "-968"
        },
        {
            "input": "-17 -774 564 -260 -207 224 -102 -484 286 -51 -628",
            "output": "-774"
        },
        {
            "input": "-447 -284 698 198 -3 751 -15 83 -111 924 61 122",
            "output": "-447"
        },
        {
            "input": "393 -677 912",
            "output": "-677"
        },
        {
            "input": "703 -739 7 -702 507",
            "output": "-739"
        },
        {
            "input": "280 -762 291 -82 -925 848 835 -750 5 218 -983 713 757 676 113 -772 -581 -683",
            "output": "-983"
        },
        {
            "input": "-110 492 -231 827 484 -452 -235 -944 58 -130 -888 87 413 -663 -39",
            "output": "-944"
        },
        {
            "input": "290 379 901 314 -194 790 4",
            "output": "-194"
        },
        {
            "input": "136 -559 817 -588",
            "output": "-588"
        },
        {
            "input": "-659 678 933 520 414 -379 944 -314 -442 121 -281 -838 138 358",
            "output": "-838"
        },
        {
            "input": "760 -593 -984 -950 -739 -458",
            "output": "-984"
        },
        {
            "input": "266 -111 490 619 359 561 -197 880 -469 -950 842 555 -950",
            "output": "-950"
        },
        {
            "input": "-143 -845 682 289 941 597 947 -242 108 101 -171 773 483 -270 314 -995",
            "output": "-995"
        },
        {
            "input": "409 -567 896 -746",
            "output": "-746"
        },
        {
            "input": "846 -354 934 -919 913 -899 -29 -457 -145 753 -365 78 -782 -316",
            "output": "-919"
        },
        {
            "input": "868 -124 983",
            "output": "-124"
        },
        {
            "input": "232 398 64 329 -364 -542 -549 315 -121 -218 566 28 -528 -436 -479",
            "output": "-549"
        },
        {
            "input": "-104 -476 626 119 -239 563",
            "output": "-476"
        },
        {
            "input": "658 -17 -251 516 -201 -211 -622 -602 766 -693 771 956 -267 -657",
            "output": "-693"
        },
        {
            "input": "-878 380 193 -914 256 -889 50 -715 -326 -976 958 499 -648 -425 -688 999 -533 -909",
            "output": "-976"
        },
        {
            "input": "80 -151 816 -407 496 37 188 -737 522 -502 935 164 -158 -233 84 283 289 89 -27",
            "output": "-737"
        },
        {
            "input": "-65 -966 84 -20 -285 446",
            "output": "-966"
        },
        {
            "input": "-900 593 -237 -67 170 59 -272 -309 -753 311 -369 127 -707 347 200 401 888 534",
            "output": "-900"
        },
        {
            "input": "-395 618 297 -632 550 -867 99 527 30 -687 757 690 -91 -111 797 -601",
            "output": "-867"
        },
        {
            "input": "91 386 -762 -242 -428 978 322",
            "output": "-762"
        },
        {
            "input": "902 -167 285 -688 511 -228 273 -918 898 452 -571 149 109 -333 -578 -641 -508 35 417",
            "output": "-918"
        },
        {
            "input": "112 757 -975 790 -41 -88 51 750 -511 294 -900 -730 286 -488 -966 -265",
            "output": "-975"
        },
        {
            "input": "-418 293 939 -588 -34 389 -978 -477 -52 -930 -666 -818 -366 638",
            "output": "-978"
        },
        {
            "input": "-952 -88 179 172 -98 370 122 52 646 -82 910 -228 206 -956",
            "output": "-956"
        },
        {
            "input": "494 689 859 -578 -68 -188 923 99 -898 153 212 -79 941 691",
            "output": "-898"
        },
        {
            "input": "-691 -829 459 625 610 -263 321 203 -626 451 403 -670",
            "output": "-829"
        },
        {
            "input": "989 -791 276 -976 271 323 -120 -301 216 54 287 -115 -757 -323 272 -553 206 715 97",
            "output": "-976"
        },
        {
            "input": "-783 -949 743 20 -177 -236 905 -9 86 -322 -670 280",
            "output": "-949"
        },
        {
            "input": "349 807 -153 686 304 692 535 -206 -353 -293 685 42 -879 -219 -288 -271 -939 397 744",
            "output": "-939"
        },
        {
            "input": "-976 -179 937 -735 -974 -230 397 -693 -958 -828 321 -663 729 -502 733 -326 799 446 739",
            "output": "-976"
        },
        {
            "input": "-794 589 -10 -579 525 18 -278",
            "output": "-794"
        },
        {
            "input": "593 -8 213 445 869 393 448 -83 -312 -985 -921 641 238 884 -676 881",
            "output": "-985"
        },
        {
            "input": "920 -821 80 691",
            "output": "-821"
        },
        {
            "input": "-749 -855 923 93 -530 -293 -754 -276 -353 736 534 -752 436 672 -767",
            "output": "-855"
        },
        {
            "input": "-944 -468 -440 -803 -496 -561",
            "output": "-944"
        },
        {
            "input": "418 -230 709 -366 -113 352 -784 414 -930",
            "output": "-930"
        },
        {
            "input": "-110 -276 -67 -616 490 261 -909 35 47 -276 443",
            "output": "-909"
        },
        {
            "input": "-920 27 -601 97 -40 674 -122 995 967 591 -299 53 963 -171 272 -47",
            "output": "-920"
        },
        {
            "input": "-148 403 758 189 -269 68 -28 -47 -567 876 180 467 -650 -956 988",
            "output": "-956"
        },
        {
            "input": "748 365 52 -163 -87 -887 740 -477 -606 -799 517 84 188 340 -759 688 -731 81 508",
            "output": "-887"
        },
        {
            "input": "-309 556 167 -289 -75 -816 698 237 723 -293",
            "output": "-816"
        },
        {
            "input": "-21 -772 735 -163 -833 -467 685 40 -917",
            "output": "-917"
        },
        {
            "input": "-925 -630 -417 230 -3 179",
            "output": "-925"
        },
        {
            "input": "80 373 -444 -419 638 511 -917 -217 474 -16 538 916 -45 123 -328 294 -783 -506 644 -185",
            "output": "-917"
        },
        {
            "input": "-122 763 265 321 724 493 84 879 -521 -960",
            "output": "-960"
        },
        {
            "input": "-559 -823 -912 -583 -28 -134 -580 -247 203 -906 566 -655 -62 -597 172 296 547 217 -142",
            "output": "-912"
        },
        {
            "input": "58 369 -317 622 34 223 636 -864 334 -958 145",
            "output": "-958"
        },
        {
            "input": "115 -764 -638 164 645 -676 -630 -419 155 -970 -119 858 656",
            "output": "-970"
        },
        {
            "input": "-596 66 -658 -566 203 -798 -292 400 624 -390 133 -174 -199 82 549 336 -312 -480",
            "output": "-798"
        },
        {
            "input": "238 -113 535 -132 611 324 39 29 502 6 121 98 -811",
            "output": "-811"
        },
        {
            "input": "825 -729 -305",
            "output": "-729"
        },
        {
            "input": "-449 744 187 479 -706 648 420 -566 345 -516 -668 230 772 36 -890",
            "output": "-890"
        },
        {
            "input": "-796 351 -86",
            "output": "-796"
        },
        {
            "input": "98 -382 648 -490 426 -64 -256 729 -106 -762 391",
            "output": "-762"
        },
        {
            "input": "850 -171 -768 310 256 -659 489 -13 712 514 -388 -321 -206 256 -420 103 -539 193 657 -272",
            "output": "-768"
        },
        {
            "input": "-889 237 530 -484 600 195 843 -509 551 818 63 -802 -709 -902 569 516 -246 -91 -390 -620",
            "output": "-902"
        },
        {
            "input": "-562 -334 -153 508 -390 -563 359 -685 -951 370 271 -777 -628 429 312 252 2",
            "output": "-951"
        },
        {
            "input": "900 950 -486 466 -237 818",
            "output": "-486"
        },
        {
            "input": "10 -159 -865 -248 690 -472 -379",
            "output": "-865"
        },
        {
            "input": "-989 -555 658 -704 -202 -392 -157 -728 250 -435",
            "output": "-989"
        },
        {
            "input": "-949 680 -545 -170 -579 -697 -448 -898 -302 -405 539 -47 547",
            "output": "-949"
        },
        {
            "input": "-92 -852 586 531 -461 763 -828 730 -807 -792 701",
            "output": "-852"
        },
        {
            "input": "-914 -852 326 -2 372 -725 459 -887 -241 579 125 -597 -663 433 -22 -462 -369 -996 -141",
            "output": "-996"
        },
        {
            "input": "158 -116 991 -730 -665 98 -326 940 847 -238 497 666 203",
            "output": "-730"
        },
        {
            "input": "-92 727 -441 -772 -473 181 811 57 -470 9 -276 489 95 418 607 337 -838 -679",
            "output": "-838"
        },
        {
            "input": "-65 -623 403 901 970 -486 -221 -848 -749 833 642 922 185 262 -837 -622 -128 -894 103 -152",
            "output": "-894"
        },
        {
            "input": "-29 -515 -262 685 -985 68 -599 207 -553 167 103 892",
            "output": "-985"
        },
        {
            "input": "-553 -609 799 364 690 911 -559 573 176",
            "output": "-609"
        },
        {
            "input": "-417 -122 894 -305 -58 559 583 -409 62 986 142 980 -515 385 -960 -835",
            "output": "-960"
        },
        {
            "input": "-46 -729 151 -407 952 533 -792 -38 460 -939",
            "output": "-939"
        },
        {
            "input": "-122 -275 -799 218 -829 469 -450 40 -238 -189 316 705 -880 -687 190 -606 628 -880 610",
            "output": "-880"
        },
        {
            "input": "-494 -286 739 -763 714 -823 629 -655 -480 -574 800",
            "output": "-823"
        },
        {
            "input": "752 -550 -400 -920 -745 591 -867 -540 838",
            "output": "-920"
        },
        {
            "input": "513 -482 214 197 -897 -551 909 793 764 615 330 355 885",
            "output": "-897"
        },
        {
            "input": "292 659 167 745 -873 805 -683 288 606 -605 -884 -436",
            "output": "-884"
        },
        {
            "input": "832 518 -285 338 -995 -683 -652 332 -471 -472 -355 737 -459 746 910 110 240",
            "output": "-995"
        },
        {
            "input": "189 305 -60 795 -555",
            "output": "-555"
        },
        {
            "input": "827 -643 471 -173 664 195 -967 -650 263 324 -35 -488 -932",
            "output": "-967"
        },
        {
            "input": "-978 -413 -251 187 -857 786 920 206 985 748",
            "output": "-978"
        },
        {
            "input": "665 -882 -269 924 -339 493 -511 -117 -220 -522 775",
            "output": "-882"
        },
        {
            "input": "-126 -311 -666 -88 -730 323 -534 -84 -727 137 772 312 -795 634 225 69",
            "output": "-795"
        },
        {
            "input": "-149 772 785 -681 -406 -222 -772 -94 373 370 139 -796 591 -581 714 756 -996 972 750",
            "output": "-996"
        },
        {
            "input": "422 983 -615 969 -697 -169",
            "output": "-697"
        },
        {
            "input": "-71 873 820 -44 -202 -628 437",
            "output": "-628"
        },
        {
            "input": "-39 -855 -940 -255 53 -550 -539 25 217 612 -786",
            "output": "-940"
        },
        {
            "input": "-598 -417 445 -3 -187 971 -717 15 90 342 -870 -67 132",
            "output": "-870"
        },
        {
            "input": "-575 452 326 -777",
            "output": "-777"
        },
        {
            "input": "720 27 -799 263 -286 997 -93 397 -304 395 172 344 -949 364",
            "output": "-949"
        },
        {
            "input": "-488 53 347",
            "output": "-488"
        },
        {
            "input": "819 -51 750 692 971 -744 -370 133 -253 -298",
            "output": "-744"
        },
        {
            "input": "-173 -791 171 818 723 957 767 -217 -941 -142 -63 -173 -837 -283 94 307 -163",
            "output": "-941"
        },
        {
            "input": "-859 257 718",
            "output": "-859"
        },
        {
            "input": "633 -313 -124 -249 571 -764 -836 512 -198 -162 284 -107 256 -971 -586 970 108 -478 757 -224",
            "output": "-971"
        },
        {
            "input": "490 -903 -208",
            "output": "-903"
        },
        {
            "input": "918 -432 867 108 375 -395 -564 538 -461 320 387 839 291 444 253 -229 930 887 397",
            "output": "-564"
        },
        {
            "input": "-63 395 -724 809 -847",
            "output": "-847"
        },
        {
            "input": "486 -912 -267 308 -796 -469 522 -244 169 -886 481 151",
            "output": "-912"
        },
        {
            "input": "187 832 852 -585 129 -553 -551 452 -152 -67 -263 492 -343 -110 247",
            "output": "-585"
        },
        {
            "input": "513 546 36 663 -798 -111 -995 -566 -578 561",
            "output": "-995"
        },
        {
            "input": "-842 -181 24 34 -570 555 -539 580",
            "output": "-842"
        },
        {
            "input": "-816 95 -468 744 779 -56 62 -615 814 -536 -233 -443 926 -377 -58 -249 164 -456 807 -731",
            "output": "-816"
        },
        {
            "input": "867 200 711 328 141 -731 33",
            "output": "-731"
        },
        {
            "input": "630 83 -270 959 -85 -65 327 0 925 -381",
            "output": "-381"
        },
        {
            "input": "42 -679 -924 460",
            "output": "-924"
        },
        {
            "input": "-645 -660 48 935 -832 797 39 -181 68 898 62 407",
            "output": "-832"
        },
        {
            "input": "168 319 -457 789 -717 542 -906 101 47 -111 127 -625 344 711 -603 881 -674 278",
            "output": "-906"
        },
        {
            "input": "125 472 535 496 800 883 83 417 688 741",
            "output": "83"
        },
        {
            "input": "-779 577 -630 -679 -772 757 432 -999 223 -379 -432 -725 -668 597 920 -693",
            "output": "-999"
        },
        {
            "input": "-438 -122 337 -847 -845 -195 -892 -674 558 464 -598 -544 91 898 -197",
            "output": "-892"
        },
        {
            "input": "932 208 -987 -764 151 378",
            "output": "-987"
        },
        {
            "input": "-372 537 898 435 -595 314 627 -344 -210 351 -356 811 -495 250 484",
            "output": "-595"
        },
        {
            "input": "-36 -134 849 -189 331 93 452 699 -418 636 380",
            "output": "-418"
        },
        {
            "input": "-400 634 980 -56 151 138 956 733 -15 931 -358 -47",
            "output": "-400"
        },
        {
            "input": "2 288 -672 -130 -969",
            "output": "-969"
        },
        {
            "input": "374 -358 -229 551 -476 -580 82 274 559 254 -760 917 664 -5 885 -173 780 -341 612",
            "output": "-760"
        },
        {
            "input": "-858 129 872 598 -345 498 797 -529 563 -166 -655 717 195 678 114 -562",
            "output": "-858"
        },
        {
            "input": "-18 431 262 -772 573 -685 -85 733 -279 -713 218 -177 560 141 -493 -278 581",
            "output": "-772"
        },
        {
            "input": "15 -641 -153 -866 -261 921 -729 -196 -672 368 442 -364 -741 497 -827 823 -688 695 843 124",
            "output": "-866"
        },
        {
            "input": "159 -224 -114 -706 -355 859 87 -512",
            "output": "-706"
        },
        {
            "input": "326 468 946 -38 794 230 -185 696",
            "output": "-185"
        },
        {
            "input": "-1000 76 -5 -920 457 876 -662 -829 890 -130 71",
            "output": "-1000"
        },
        {
            "input": "-363 -771 -667 -64 63 -451 -960 -319 288 -772 242 -173 -159 690 333 242 985 -238 -705",
            "output": "-960"
        },
        {
            "input": "88 888 -779 648",
            "output": "-779"
        },
        {
            "input": "-723 779 497",
            "output": "-723"
        },
        {
            "input": "71 141 123 -974 -803 906 254 137 624 718 207",
            "output": "-974"
        },
        {
            "input": "-503 -136 665 -420 -976 328 -602 316 709 -853",
            "output": "-976"
        },
        {
            "input": "966 797 -625 -764 -145 406 576 40",
            "output": "-764"
        },
        {
            "input": "455 -63 -992 -103 697 391 381 -650 -423 -163 724",
            "output": "-992"
        },
        {
            "input": "564 307 257 407 749 -132 243 -720",
            "output": "-720"
        },
        {
            "input": "366 -622 296 -147 -542 -639 770 871 -666 -472 -321 516 -296",
            "output": "-666"
        },
        {
            "input": "695 39 902 70 -334 555 925 631 -621 -46 -146 179 484 456 763 -462 -402 518 412 538",
            "output": "-621"
        },
        {
            "input": "-218 -489 -199",
            "output": "-489"
        },
        {
            "input": "-699 -212 -929 580 -626 -46 32 -444 -613 -761 618 654",
            "output": "-929"
        },
        {
            "input": "355 -85 -760 471 -687 -711 -494 -82 -920 533 -400 370 366 869 -642 500 -880 515 -589 246",
            "output": "-920"
        },
        {
            "input": "831 -506 -313 628 -665 606 312 799 -412 374 -715 -12 -667 545 -778 926 -78 165 301 -311",
            "output": "-778"
        },
        {
            "input": "-210 -426 -81 -514 -958 -86 443 395 233 547 -179 386 -409 -756",
            "output": "-958"
        },
        {
            "input": "781 -324 -619 660 -866 406 -558 -250 761 -737 -818",
            "output": "-866"
        },
        {
            "input": "-524 798 898 -233 -10 758 -2",
            "output": "-524"
        },
        {
            "input": "709 865 -500 572 887 -885 119",
            "output": "-885"
        },
        {
            "input": "-652 -555 550 -512 -405",
            "output": "-652"
        },
        {
            "input": "-60 -254 185 -205 344 456",
            "output": "-254"
        },
        {
            "input": "-557 -547 925 -908",
            "output": "-908"
        }
    ]
}