{
    "id": "spiral_matrix",
    "title": "Spiral Matrix",
    "description": "Given an m x n matrix, return all elements of the matrix in spiral order.",
    "input_format": "Rows and columns (m n) on the first line, followed by the matrix line by line.",
    "output_format": "Space-separated integers in spiral order.",
    "constraints": {
        "m, n": "1 <= m, n <= 10"
    },
    "judge_mode": "FIRST_FAIL",
    "time_limit": 1,
    "sample_test_cases": [
        {
            "input": "3 3\n1 2 3\n4 5 6\n7 8 9",
            "output": "1 2 3 6 9 8 7 4 5"
        }
    ],
    "hidden_test_cases": [
        {
            "input": "4 2\n14 5\n18 4\n19 9\n5 10",
            "output": "14 5 4 9 10 5 19 18"
        },
        {
            "input": "3 3\n14 2 6\n12 20 5\n12 14 10",
            "output": "14 2 6 5 10 14 12 12 20"
        },
        {
            "input": "2 3\n15 15 2\n17 20 14",
            "output": "15 15 2 14 20 17"
        },
        {
            "input": "3 3\n15 17 20\n15 11 3\n10 1 13",
            "output": "15 17 20 3 13 1 10 15 11"
        },
        {
            "input": "4 4\n8 5 4 8\n6 9 19 10\n18 5 17 14\n11 11 14 3",
            "output": "8 5 4 8 10 14 3 14 11 11 18 6 9 19 17 5"
        },
        {
            "input": "2 2\n3 1\n3 14",
            "output": "3 1 14 3"
        },
        {
            "input": "4 2\n9 14\n2 6\n17 19\n15 13",
            "output": "9 14 6 19 13 15 17 2"
        },
        {
            "input": "3 2\n9 10\n12 4\n4 6",
            "output": "9 10 4 6 4 12"
        },
        {
            "input": "2 3\n16 1 9\n17 8 14",
            "output": "16 1 9 14 8 17"
        },
        {
            "input": "2 4\n10 4 6 19\n4 14 19 11",
            "output": "10 4 6 19 11 19 14 4"
        },
        {
            "input": "3 3\n12 19 15\n20 16 4\n20 16 9",
            "output": "12 19 15 4 9 16 20 20 16"
        },
        {
            "input": "3 2\n16 12\n19 12\n19 7",
            "output": "16 12 12 7 19 19"
        },
        {
            "input": "3 3\n2 2 5\n3 8 14\n9 12 16",
            "output": "2 2 5 14 16 12 9 3 8"
        },
        {
            "input": "2 4\n10 17 11 6\n15 11 16 11",
            "output": "10 17 11 6 11 16 11 15"
        },
        {
            "input": "3 2\n10 6\n15 8\n16 16",
            "output": "10 6 8 16 16 15"
        },
        {
            "input": "2 4\n17 4 9 1\n2 5 6 2",
            "output": "17 4 9 1 2 6 5 2"
        },
        {
            "input": "3 2\n2 3\n16 3\n7 10",
            "output": "2 3 3 10 7 16"
        },
        {
            "input": "4 4\n9 6 13 6\n2 5 2 10\n4 3 5 12\n10 9 4 2",
            "output": "9 6 13 6 10 12 2 4 9 10 4 2 5 2 5 3"
        },
        {
            "input": "3 3\n3 20 13\n3 5 6\n20 9 19",
            "output": "3 20 13 6 19 9 20 3 5"
        },
        {
            "input": "2 3\n6 7 1\n17 18 19",
            "output": "6 7 1 19 18 17"
        },
        {
            "input": "3 3\n17 6 20\n5 16 11\n13 10 13",
            "output": "17 6 20 11 13 10 13 5 16"
        },
        {
            "input": "2 4\n14 9 17 14\n2 16 5 4",
            "output": "14 9 17 14 4 5 16 2"
        },
        {
            "input": "3 2\n2 8\n3 16\n5 20",
            "output": "2 8 16 20 5 3"
        },
        {
            "input": "3 2\n15 13\n8 18\n6 6",
            "output": "15 13 18 6 6 8"
        },
        {
            "input": "4 3\n17 9 11\n12 6 19\n17 13 13\n20 3 2",
            "output": "17 9 11 19 13 2 3 20 17 12 6 13"
        },
        {
            "input": "4 2\n5 16\n17 14\n16 18\n5 5",
            "output": "5 16 14 18 5 5 16 17"
        },
        {
            "input": "4 2\n6 7\n7 12\n7 17\n9 19",
            "output": "6 7 12 17 19 9 7 7"
        },
        {
            "input": "4 4\n5 1 12 16\n11 7 20 19\n15 10 4 19\n15 8 14 18",
            "output": "5 1 12 16 19 19 18 14 8 15 15 11 7 20 4 10"
        },
        {
            "input": "2 3\n2 5 16\n20 16 17",
            "output": "2 5 16 17 16 20"
        },
        {
            "input": "2 2\n10 10\n13 9",
            "output": "10 10 9 13"
        },
        {
            "input": "4 2\n11 6\n17 15\n10 18\n16 6",
            "output": "11 6 15 18 6 16 10 17"
        },
        {
            "input": "2 2\n14 19\n6 9",
            "output": "14 19 9 6"
        },
        {
            "input": "4 2\n8 12\n6 12\n15 11\n19 9",
            "output": "8 12 12 11 9 19 15 6"
        },
        {
            "input": "2 3\n7 7 4\n6 7 16",
            "output": "7 7 4 16 7 6"
        },
        {
            "input": "2 2\n14 16\n18 4",
            "output": "14 16 4 18"
        },
        {
            "input": "2 4\n14 11 9 9\n8 10 14 9",
            "output": "14 11 9 9 9 14 10 8"
        },
        {
            "input": "2 3\n1 2 4\n9 12 17",
            "output": "1 2 4 17 12 9"
        },
        {
            "input": "3 4\n9 10 5 8\n3 2 18 5\n16 11 4 12",
            "output": "9 10 5 8 5 12 4 11 16 3 2 18"
        },
        {
            "input": "2 2\n6 19\n17 2",
            "output": "6 19 2 17"
        },
        {
            "input": "2 2\n5 7\n5 14",
            "output": "5 7 14 5"
        },
        {
            "input": "2 2\n3 2\n11 3",
            "output": "3 2 3 11"
        },
        {
            "input": "3 4\n13 5 15 2\n1 3 6 16\n1 6 10 10",
            "output": "13 5 15 2 16 10 10 6 1 1 3 6"
        },
        {
            "input": "3 3\n4 3 12\n20 8 10\n4 2 9",
            "output": "4 3 12 10 9 2 4 20 8"
        },
        {
            "input": "3 2\n13 13\n6 10\n13 2",
            "output": "13 13 10 2 13 6"
        },
        {
            "input": "3 2\n14 14\n7 10\n3 19",
            "output": "14 14 10 19 3 7"
        },
        {
            "input": "2 3\n6 1 18\n1 7 15",
            "output": "6 1 18 15 7 1"
        },
        {
            "input": "2 4\n13 1 9 6\n19 18 7 17",
            "output": "13 1 9 6 17 7 18 19"
        },
        {
            "input": "3 3\n16 17 5\n2 18 2\n14 16 3",
            "output": "16 17 5 2 3 16 14 2 18"
        },
        {
            "input": "4 3\n16 7 11\n3 1 15\n15 14 3\n8 20 16",
            "output": "16 7 11 15 3 16 20 8 15 3 1 14"
        },
        {
            "input": "3 4\n11 4 11 8\n7 1 12 5\n20 8 1 4",
            "output": "11 4 11 8 5 4 1 8 20 7 1 12"
        },
        {
            "input": "4 3\n18 14 7\n8 9 13\n3 4 4\n4 13 13",
            "output": "18 14 7 13 4 13 13 4 3 8 9 4"
        },
        {
            "input": "3 2\n2 13\n2 2\n7 16",
            "output": "2 13 2 16 7 2"
        },
        {
            "input": "4 2\n14 10\n15 3\n7 6\n5 4",
            "output": "14 10 3 6 4 5 7 15"
        },
        {
            "input": "2 3\n1 1 16\n17 1 13",
            "output": "1 1 16 13 1 17"
        },
        {
            "input": "3 3\n19 8 4\n6 5 4\n7 1 4",
            "output": "19 8 4 4 4 1 7 6 5"
        },
        {
            "input": "3 4\n4 20 16 5\n13 16 19 17\n11 15 14 15",
            "output": "4 20 16 5 17 15 14 15 11 13 16 19"
        },
        {
            "input": "3 3\n1 11 7\n7 2 13\n15 15 18",
            "output": "1 11 7 13 18 15 15 7 2"
        },
        {
            "input": "2 3\n20 12 3\n8 20 14",
            "output": "20 12 3 14 20 8"
        },
        {
            "input": "4 2\n8 20\n18 1\n8 6\n20 12",
            "output": "8 20 1 6 12 20 8 18"
        },
        {
            "input": "2 4\n7 2 4 13\n5 5 19 9",
            "output": "7 2 4 13 9 19 5 5"
        },
        {
            "input": "2 2\n16 3\n13 3",
            "output": "16 3 3 13"
        },
        {
            "input": "2 2\n19 8\n19 7",
            "output": "19 8 7 19"
        },
        {
            "input": "3 2\n14 13\n5 3\n2 4",
            "output": "14 13 3 4 2 5"
        },
        {
            "input": "4 2\n14 5\n19 14\n4 20\n8 10",
            "output": "14 5 14 20 10 8 4 19"
        },
        {
            "input": "3 3\n6 5 17\n19 6 16\n14 4 1",
            "output": "6 5 17 16 1 4 14 19 6"
        },
        {
            "input": "4 2\n4 2\n20 9\n13 4\n10 18",
            "output": "4 2 9 4 18 10 13 20"
        },
        {
            "input": "2 2\n14 7\n15 18",
            "output": "14 7 18 15"
        },
        {
            "input": "4 3\n6 7 4\n11 18 8\n1 11 20\n14 5 15",
            "output": "6 7 4 8 20 15 5 14 1 11 18 11"
        },
        {
            "input": "3 3\n16 6 3\n12 9 18\n20 16 15",
            "output": "16 6 3 18 15 16 20 12 9"
        },
        {
            "input": "4 4\n20 11 18 7\n16 1 8 13\n8 10 9 9\n8 12 3 20",
            "output": "20 11 18 7 13 9 20 3 12 8 8 16 1 8 9 10"
        },
        {
            "input": "3 4\n17 13 3 20\n5 6 4 2\n15 2 5 16",
            "output": "17 13 3 20 2 16 5 2 15 5 6 4"
        },
        {
            "input": "4 3\n9 11 9\n10 16 8\n11 14 16\n12 8 1",
            "output": "9 11 9 8 16 1 8 12 11 10 16 14"
        },
        {
            "input": "2 2\n7 19\n8 11",
            "output": "7 19 11 8"
        },
        {
            "input": "3 4\n15 20 1 13\n11 12 5 7\n12 7 16 3",
            "output": "15 20 1 13 7 3 16 7 12 11 12 5"
        },
        {
            "input": "3 2\n10 20\n7 1\n18 13",
            "output": "10 20 1 13 18 7"
        },
        {
            "input": "3 4\n14 9 10 1\n5 3 14 18\n9 11 13 8",
            "output": "14 9 10 1 18 8 13 11 9 5 3 14"
        },
        {
            "input": "3 3\n18 17 3\n10 20 1\n6 7 16",
            "output": "18 17 3 1 16 7 6 10 20"
        },
        {
            "input": "2 4\n20 5 13 4\n12 19 4 20",
            "output": "20 5 13 4 20 4 19 12"
        },
        {
            "input": "4 2\n12 9\n7 12\n19 7\n8 4",
            "output": "12 9 12 7 4 8 19 7"
        },
        {
            "input": "4 3\n3 10 2\n9 7 12\n6 12 5\n12 6 17",
            "output": "3 10 2 12 5 17 6 12 6 9 7 12"
        },
        {
            "input": "4 4\n1 19 5 12\n15 3 19 17\n3 6 1 10\n7 8 2 18",
            "output": "1 19 5 12 17 10 18 2 8 7 3 15 3 19 1 6"
        },
        {
            "input": "3 2\n4 5\n20 16\n17 2",
            "output": "4 5 16 2 17 20"
        },
        {
            "input": "3 4\n2 5 19 13\n3 6 7 4\n16 20 16 7",
            "output": "2 5 19 13 4 7 16 20 16 3 6 7"
        },
        {
            "input": "4 2\n9 16\n19 4\n18 14\n15 10",
            "output": "9 16 4 14 10 15 18 19"
        },
        {
            "input": "4 4\n2 10 9 13\n8 9 17 7\n19 2 11 8\n2 20 10 15",
            "output": "2 10 9 13 7 8 15 10 20 2 19 8 9 17 11 2"
        },
        {
            "input": "3 3\n2 13 15\n2 16 16\n9 8 1",
            "output": "2 13 15 16 1 8 9 2 16"
        },
        {
            "input": "2 3\n4 12 6\n11 12 2",
            "output": "4 12 6 2 12 11"
        },
        {
            "input": "3 3\n1 1 9\n16 19 6\n9 18 3",
            "output": "1 1 9 6 3 18 9 16 19"
        },
        {
            "input": "2 3\n2 14 20\n14 20 18",
            "output": "2 14 20 18 20 14"
        },
        {
            "input": "2 4\n1 15 15 17\n17 13 12 10",
            "output": "1 15 15 17 10 12 13 17"
        },
        {
            "input": "2 2\n10 6\n12 4",
            "output": "10 6 4 12"
        },
        {
            "input": "3 3\n9 9 2\n1 14 10\n3 17 4",
            "output": "9 9 2 10 4 17 3 1 14"
        },
        {
            "input": "4 3\n1 2 20\n9 13 11\n16 14 15\n15 8 2",
            "output": "1 2 20 11 15 2 8 15 16 9 13 14"
        },
        {
            "input": "4 4\n1 9 16 7\n3 8 11 13\n11 9 6 19\n1 13 4 19",
            "output": "1 9 16 7 13 19 19 4 13 1 11 3 8 11 6 9"
        },
        {
            "input": "3 4\n3 9 11 19\n10 7 7 2\n11 11 12 4",
            "output": "3 9 11 19 2 4 12 11 11 10 7 7"
        },
        {
            "input": "4 4\n12 4 19 10\n5 6 17 3\n1 5 16 13\n7 17 11 10",
            "output": "12 4 19 10 3 13 10 11 17 7 1 5 6 17 16 5"
        },
        {
            "input": "3 2\n16 11\n19 6\n20 6",
            "output": "16 11 6 6 20 19"
        },
        {
            "input": "4 3\n2 13 13\n3 11 5\n7 13 17\n12 14 16",
            "output": "2 13 13 5 17 16 14 12 7 3 11 13"
        },
        {
            "input": "4 3\n15 18 15\n4 15 15\n5 13 1\n8 11 4",
            "output": "15 18 15 15 1 4 11 8 5 4 15 13"
        },
        {
            "input": "2 4\n19 15 7 20\n8 4 11 13",
            "output": "19 15 7 20 13 11 4 8"
        },
        {
            "input": "2 4\n19 20 19 12\n3 17 2 1",
            "output": "19 20 19 12 1 2 17 3"
        },
        {
            "input": "4 3\n9 7 11\n14 14 18\n7 15 2\n7 2 19",
            "output": "9 7 11 18 2 19 2 7 7 14 14 15"
        },
        {
            "input": "4 3\n12 5 9\n6 10 9\n16 9 2\n13 17 8",
            "output": "12 5 9 9 2 8 17 13 16 6 10 9"
        },
        {
            "input": "3 4\n2 4 11 3\n5 6 6 8\n12 12 16 13",
            "output": "2 4 11 3 8 13 16 12 12 5 6 6"
        },
        {
            "input": "4 2\n17 2\n3 17\n10 3\n20 8",
            "output": "17 2 17 3 8 20 10 3"
        },
        {
            "input": "3 2\n6 20\n4 18\n5 1",
            "output": "6 20 18 1 5 4"
        },
        {
            "input": "3 2\n6 18\n20 16\n13 20",
            "output": "6 18 16 20 13 20"
        },
        {
            "input": "4 3\n15 8 11\n3 6 19\n7 6 18\n4 20 14",
            "output": "15 8 11 19 18 14 20 4 7 3 6 6"
        },
        {
            "input": "4 2\n18 5\n12 1\n16 4\n15 6",
            "output": "18 5 1 4 6 15 16 12"
        },
        {
            "input": "3 2\n10 16\n9 7\n12 17",
            "output": "10 16 7 17 12 9"
        },
        {
            "input": "4 4\n13 17 17 5\n1 17 12 11\n11 19 13 14\n6 11 1 17",
            "output": "13 17 17 5 11 14 17 1 11 6 11 1 17 12 13 19"
        },
        {
            "input": "3 4\n8 18 14 3\n7 4 13 17\n9 6 8 8",
            "output": "8 18 14 3 17 8 8 6 9 7 4 13"
        },
        {
            "input": "3 4\n12 10 6 10\n10 14 14 18\n7 15 16 15",
            "output": "12 10 6 10 18 15 16 15 7 10 14 14"
        },
        {
            "input": "3 2\n3 10\n4 16\n19 16",
            "output": "3 10 16 16 19 4"
        },
        {
            "input": "4 2\n9 11\n18 11\n18 11\n10 4",
            "output": "9 11 11 11 4 10 18 18"
        },
        {
            "input": "2 2\n3 17\n7 8",
            "output": "3 17 8 7"
        },
        {
            "input": "3 3\n16 1 12\n18 17 20\n6 5 17",
            "output": "16 1 12 20 17 5 6 18 17"
        },
        {
            "input": "4 2\n18 20\n17 13\n6 13\n19 9",
            "output": "18 20 13 13 9 19 6 17"
        },
        {
            "input": "3 3\n6 16 17\n10 16 9\n20 17 12",
            "output": "6 16 17 9 12 17 20 10 16"
        },
        {
            "input": "3 4\n13 3 15 4\n8 5 14 15\n19 3 13 6",
            "output": "13 3 15 4 15 6 13 3 19 8 5 14"
        },
        {
            "input": "3 3\n5 10 16\n13 6 19\n14 14 5",
            "output": "5 10 16 19 5 14 14 13 6"
        },
        {
            "input": "2 3\n18 10 11\n7 17 2",
            "output": "18 10 11 2 17 7"
        },
        {
            "input": "4 2\n12 13\n15 4\n20 2\n14 18",
            "output": "12 13 4 2 18 14 20 15"
        },
        {
            "input": "3 2\n14 14\n16 10\n20 5",
            "output": "14 14 10 5 20 16"
        },
        {
            "input": "4 2\n15 17\n14 17\n16 2\n17 15",
            "output": "15 17 17 2 15 17 16 14"
        },
        {
            "input": "3 4\n4 16 19 11\n2 11 13 9\n11 6 10 15",
            "output": "4 16 19 11 9 15 10 6 11 2 11 13"
        },
        {
            "input": "4 2\n15 1\n8 19\n4 14\n9 12",
            "output": "15 1 19 14 12 9 4 8"
        },
        {
            "input": "3 2\n18 19\n10 13\n9 9",
            "output": "18 19 13 9 9 10"
        },
        {
            "input": "4 2\n20 12\n16 18\n18 16\n19 16",
            "output": "20 12 18 16 16 19 18 16"
        },
        {
            "input": "4 3\n5 10 5\n16 13 4\n8 19 3\n20 17 7",
            "output": "5 10 5 4 3 7 17 20 8 16 13 19"
        },
        {
            "input": "3 2\n4 10\n1 5\n10 12",
            "output": "4 10 5 12 10 1"
        },
        {
            "input": "3 3\n1 8 10\n3 14 5\n20 4 12",
            "output": "1 8 10 5 12 4 20 3 14"
        },
        {
            "input": "2 4\n2 15 13 17\n14 9 1 19",
            "output": "2 15 13 17 19 1 9 14"
        },
        {
            "input": "2 4\n17 5 16 20\n8 11 8 15",
            "output": "17 5 16 20 15 8 11 8"
        },
        {
            "input": "2 4\n10 6 6 1\n1 15 10 7",
            "output": "10 6 6 1 7 10 15 1"
        },
        {
            "input": "4 3\n6 5 19\n18 13 14\n14 19 12\n15 7 11",
            "output": "6 5 19 14 12 11 7 15 14 18 13 19"
        },
        {
            "input": "2 4\n15 18 13 10\n15 1 11 8",
            "output": "15 18 13 10 8 11 1 15"
        },
        {
            "input": "3 2\n11 3\n8 12\n14 13",
            "output": "11 3 12 13 14 8"
        },
        {
            "input": "3 4\n6 18 17 3\n4 10 16 13\n8 2 19 9",
            "output": "6 18 17 3 13 9 19 2 8 4 10 16"
        },
        {
            "input": "4 3\n6 1 7\n20 10 6\n15 16 20\n11 17 17",
            "output": "6 1 7 6 20 17 17 11 15 20 10 16"
        },
        {
            "input": "2 2\n1 5\n19 14",
            "output": "1 5 14 19"
        },
        {
            "input": "2 3\n16 18 16\n15 1 3",
            "output": "16 18 16 3 1 15"
        },
        {
            "input": "4 4\n13 11 16 16\n6 2 13 10\n10 19 6 15\n5 9 16 17",
            "output": "13 11 16 16 10 15 17 16 9 5 10 6 2 13 6 19"
        },
        {
            "input": "4 2\n17 12\n3 19\n14 13\n7 10",
            "output": "17 12 19 13 10 7 14 3"
        },
        {
            "input": "2 3\n8 8 14\n16 14 20",
            "output": "8 8 14 20 14 16"
        },
        {
            "input": "2 2\n4 20\n2 19",
            "output": "4 20 19 2"
        },
        {
            "input": "3 2\n20 7\n17 6\n2 13",
            "output": "20 7 6 13 2 17"
        },
        {
            "input": "2 4\n14 20 14 9\n4 2 5 18",
            "output": "14 20 14 9 18 5 2 4"
        },
        {
            "input": "3 3\n6 6 5\n15 14 20\n16 6 6",
            "output": "6 6 5 20 6 6 16 15 14"
        },
        {
            "input": "2 3\n12 15 2\n1 8 15",
            "output": "12 15 2 15 8 1"
        },
        {
            "input": "3 3\n20 10 1\n12 6 13\n3 4 7",
            "output": "20 10 1 13 7 4 3 12 6"
        },
        {
            "input": "3 2\n9 6\n12 7\n7 18",
            "output": "9 6 7 18 7 12"
        },
        {
            "input": "3 4\n5 20 12 4\n10 9 10 18\n7 19 1 13",
            "output": "5 20 12 4 18 13 1 19 7 10 9 10"
        },
        {
            "input": "2 3\n8 19 16\n3 11 15",
            "output": "8 19 16 15 11 3"
        },
        {
            "input": "4 3\n4 13 16\n16 18 13\n3 13 16\n10 4 3",
            "output": "4 13 16 13 16 3 4 10 3 16 18 13"
        },
        {
            "input": "3 2\n11 4\n13 12\n13 20",
            "output": "11 4 12 20 13 13"
        },
        {
            "input": "2 2\n7 4\n14 16",
            "output": "7 4 16 14"
        },
        {
            "input": "3 4\n15 9 14 19\n9 4 14 1\n9 9 6 10",
            "output": "15 9 14 19 1 10 6 9 9 9 4 14"
        },
        {
            "input": "3 3\n20 1 16\n2 2 3\n20 19 15",
            "output": "20 1 16 3 15 19 20 2 2"
        },
        {
            "input": "2 2\n13 11\n2 19",
            "output": "13 11 19 2"
        },
        {
            "input": "3 3\n16 2 12\n9 8 18\n11 9 7",
            "output": "16 2 12 18 7 9 11 9 8"
        },
        {
            "input": "4 3\n11 12 6\n17 19 7\n15 6 17\n14 6 6",
            "output": "11 12 6 7 17 6 6 14 15 17 19 6"
        },
        {
            "input": "2 3\n6 11 17\n3 7 5",
            "output": "6 11 17 5 7 3"
        },
        {
            "input": "2 2\n3 4\n12 16",
            "output": "3 4 16 12"
        },
        {
            "input": "2 4\n6 14 4 11\n9 13 19 12",
            "output": "6 14 4 11 12 19 13 9"
        },
        {
            "input": "3 4\n12 15 15 14\n11 4 13 1\n10 14 6 18",
            "output": "12 15 15 14 1 18 6 14 10 11 4 13"
        },
        {
            "input": "2 4\n17 3 8 13\n12 2 7 14",
            "output": "17 3 8 13 14 7 2 12"
        },
        {
            "input": "2 3\n16 17 4\n10 4 2",
            "output": "16 17 4 2 4 10"
        },
        {
            "input": "3 3\n20 1 9\n11 19 18\n9 3 5",
            "output": "20 1 9 18 5 3 9 11 19"
        },
        {
            "input": "2 2\n19 2\n4 18",
            "output": "19 2 18 4"
        },
        {
            "input": "3 3\n14 9 16\n10 9 18\n15 11 14",
            "output": "14 9 16 18 14 11 15 10 9"
        },
        {
            "input": "2 2\n18 13\n15 16",
            "output": "18 13 16 15"
        },
        {
            "input": "3 4\n18 20 3 16\n4 11 6 1\n3 11 9 5",
            "output": "18 20 3 16 1 5 9 11 3 4 11 6"
        },
        {
            "input": "3 3\n16 4 17\n2 10 19\n15 9 13",
            "output": "16 4 17 19 13 9 15 2 10"
        },
        {
            "input": "2 2\n10 2\n15 7",
            "output": "10 2 7 15"
        },
        {
            "input": "2 3\n13 3 18\n5 5 2",
            "output": "13 3 18 2 5 5"
        },
        {
            "input": "4 3\n20 5 7\n6 13 14\n5 6 6\n10 20 6",
            "output": "20 5 7 14 6 6 20 10 5 6 13 6"
        },
        {
            "input": "4 2\n7 20\n4 6\n16 16\n7 3",
            "output": "7 20 6 16 3 7 16 4"
        },
        {
            "input": "2 2\n7 17\n14 12",
            "output": "7 17 12 14"
        },
        {
            "input": "3 3\n5 12 16\n12 18 4\n14 4 9",
            "output": "5 12 16 4 9 4 14 12 18"
        },
        {
            "input": "3 3\n3 17 7\n6 20 3\n6 8 4",
            "output": "3 17 7 3 4 8 6 6 20"
        },
        {
            "input": "3 4\n8 8 4 10\n19 16 20 14\n1 8 6 15",
            "output": "8 8 4 10 14 15 6 8 1 19 16 20"
        },
        {
            "input": "4 4\n15 9 6 4\n5 4 17 6\n1 20 13 12\n6 18 18 1",
            "output": "15 9 6 4 6 12 1 18 18 6 1 5 4 17 13 20"
        },
        {
            "input": "3 2\n10 16\n4 10\n6 15",
            "output": "10 16 10 15 6 4"
        },
        {
            "input": "2 2\n2 16\n1 11",
            "output": "2 16 11 1"
        },
        {
            "input": "2 4\n6 17 11 17\n20 16 5 9",
            "output": "6 17 11 17 9 5 16 20"
        },
        {
            "input": "2 2\n18 8\n4 9",
            "output": "18 8 9 4"
        },
        {
            "input": "2 2\n9 7\n14 6",
            "output": "9 7 6 14"
        },
        {
            "input": "4 4\n7 5 2 8\n3 5 4 18\n3 10 4 2\n14 16 2 4",
            "output": "7 5 2 8 18 2 4 2 16 14 3 3 5 4 4 10"
        },
        {
            "input": "2 3\n1 19 8\n10 20 14",
            "output": "1 19 8 14 20 10"
        },
        {
            "input": "4 4\n11 16 14 20\n5 11 4 12\n15 14 3 4\n9 15 19 17",
            "output": "11 16 14 20 12 4 17 19 15 9 15 5 11 4 3 14"
        },
        {
            "input": "3 4\n9 13 13 11\n15 19 17 8\n4 5 12 5",
            "output": "9 13 13 11 8 5 12 5 4 15 19 17"
        },
        {
            "input": "2 2\n9 4\n9 15",
            "output": "9 4 15 9"
        },
        {
            "input": "4 2\n6 9\n4 8\n16 16\n2 6",
            "output": "6 9 8 16 6 2 16 4"
        },
        {
            "input": "3 3\n13 16 14\n16 15 8\n12 14 13",
            "output": "13 16 14 8 13 14 12 16 15"
        },
        {
            "input": "2 2\n16 18\n5 4",
            "output": "16 18 4 5"
        },
        {
            "input": "2 4\n20 18 5 18\n5 17 5 15",
            "output": "20 18 5 18 15 5 17 5"
        },
        {
            "input": "4 3\n9 20 13\n16 9 10\n16 2 15\n10 10 4",
            "output": "9 20 13 10 15 4 10 10 16 16 9 2"
        },
        {
            "input": "2 3\n17 4 9\n4 18 4",
            "output": "17 4 9 4 18 4"
        },
        {
            "input": "3 4\n3 18 14 6\n7 13 11 8\n19 8 6 9",
            "output": "3 18 14 6 8 9 6 8 19 7 13 11"
        },
        {
            "input": "4 3\n10 6 10\n19 14 6\n18 15 10\n8 4 6",
            "output": "10 6 10 6 10 6 4 8 18 19 14 15"
        },
        {
            "input": "2 4\n7 10 3 19\n7 8 3 8",
            "output": "7 10 3 19 8 3 8 7"
        },
        {
            "input": "2 2\n17 4\n15 20",
            "output": "17 4 20 15"
        },
        {
            "input": "2 3\n6 15 16\n1 3 3",
            "output": "6 15 16 3 3 1"
        },
        {
            "input": "3 4\n13 3 4 8\n7 6 2 1\n1 13 19 6",
            "output": "13 3 4 8 1 6 19 13 1 7 6 2"
        },
        {
            "input": "4 2\n14 11\n1 8\n2 4\n3 2",
            "output": "14 11 8 4 2 3 2 1"
        },
        {
            "input": "2 2\n11 6\n7 7",
            "output": "11 6 7 7"
        },
        {
            "input": "4 4\n13 20 9 2\n16 18 2 14\n13 19 7 17\n14 18 10 20",
            "output": "13 20 9 2 14 17 20 10 18 14 13 16 18 2 7 19"
        },
        {
            "input": "4 4\n3 20 12 16\n12 18 14 1\n12 18 18 6\n15 20 20 11",
            "output": "3 20 12 16 1 6 11 20 20 15 12 12 18 14 18 18"
        },
        {
            "input": "2 3\n14 10 7\n7 6 20",
            "output": "14 10 7 20 6 7"
        },
        {
            "input": "4 2\n19 16\n12 16\n17 17\n11 16",
            "output": "19 16 16 17 16 11 17 12"
        },
        {
            "input": "4 3\n7 2 17\n20 17 12\n2 7 13\n13 13 1",
            "output": "7 2 17 12 13 1 13 13 2 20 17 7"
        },
        {
            "input": "3 3\n3 19 6\n5 16 12\n2 10 19",
            "output": "3 19 6 12 19 10 2 5 16"
        },
        {
            "input": "2 2\n11 7\n16 10",
            "output": "11 7 10 16"
        },
        {
            "input": "4 2\n15 12\n3 9\n16 10\n14 15",
            "output": "15 12 9 10 15 14 16 3"
        },
        {
            "input": "2 2\n19 15\n13 15",
            "output": "19 15 15 13"
        },
        {
            "input": "4 3\n19 4 13\n3 9 10\n5 16 18\n1 18 11",
            "output": "19 4 13 10 18 11 18 1 5 3 9 16"
        },
        {
            "input": "3 4\n12 12 2 6\n18 8 10 4\n19 8 1 20",
            "output": "12 12 2 6 4 20 1 8 19 18 8 10"
        },
        {
            "input": "2 4\n16 11 12 13\n9 7 1 8",
            "output": "16 11 12 13 8 1 7 9"
        },
        {
            "input": "4 2\n3 10\n8 12\n16 19\n3 1",
            "output": "3 10 12 19 1 3 16 8"
        },
        {
            "input": "4 4\n12 17 12 1\n17 9 9 17\n17 16 18 18\n3 13 18 11",
            "output": "12 17 12 1 17 18 11 18 13 3 17 17 9 9 18 16"
        },
        {
            "input": "2 3\n16 1 20\n16 17 17",
            "output": "16 1 20 17 17 16"
        },
        {
            "input": "4 3\n2 4 11\n3 4 3\n19 14 16\n14 16 7",
            "output": "2 4 11 3 16 7 16 14 19 3 4 14"
        },
        {
            "input": "2 4\n9 3 8 13\n12 7 12 17",
            "output": "9 3 8 13 17 12 7 12"
        },
        {
            "input": "3 3\n17 20 17\n9 6 13\n20 3 2",
            "output": "17 20 17 13 2 3 20 9 6"
        },
        {
            "input": "2 2\n6 12\n1 20",
            "output": "6 12 20 1"
        },
        {
            "input": "4 3\n4 10 17\n19 7 11\n5 5 20\n9 15 1",
            "output": "4 10 17 11 20 1 15 9 5 19 7 5"
        },
        {
            "input": "2 2\n16 17\n13 4",
            "output": "16 17 4 13"
        },
        {
            "input": "3 3\n14 17 13\n16 9 10\n11 8 3",
            "output": "14 17 13 10 3 8 11 16 9"
        },
        {
            "input": "4 3\n11 16 9\n1 15 14\n19 19 12\n3 1 11",
            "output": "11 16 9 14 12 11 1 3 19 1 15 19"
        },
        {
            "input": "2 2\n17 12\n20 9",
            "output": "17 12 9 20"
        },
        {
            "input": "4 4\n2 14 15 18\n4 3 15 16\n14 3 16 10\n6 13 20 18",
            "output": "2 14 15 18 16 10 18 20 13 6 14 4 3 15 16 3"
        },
        {
            "input": "3 3\n13 20 13\n2 17 8\n13 19 8",
            "output": "13 20 13 8 8 19 13 2 17"
        },
        {
            "input": "2 3\n17 12 5\n12 5 14",
            "output": "17 12 5 14 5 12"
        },
        {
            "input": "3 4\n19 12 8 3\n8 2 7 20\n14 17 11 3",
            "output": "19 12 8 3 20 3 11 17 14 8 2 7"
        },
        {
            "input": "4 3\n20 7 3\n6 6 14\n15 10 15\n15 14 17",
            "output": "20 7 3 14 15 17 14 15 15 6 6 10"
        },
        {
            "input": "4 2\n4 7\n6 8\n3 10\n2 8",
            "output": "4 7 8 10 8 2 3 6"
        },
        {
            "input": "2 3\n17 17 16\n7 15 10",
            "output": "17 17 16 10 15 7"
        },
        {
            "input": "2 4\n11 14 17 17\n17 2 2 13",
            "output": "11 14 17 17 13 2 2 17"
        },
        {
            "input": "4 3\n17 18 18\n20 6 13\n8 14 11\n9 4 8",
            "output": "17 18 18 13 11 8 4 9 8 20 6 14"
        },
        {
            "input": "3 4\n10 17 14 20\n5 5 13 10\n4 5 18 14",
            "output": "10 17 14 20 10 14 18 5 4 5 5 13"
        },
        {
            "input": "4 3\n20 2 12\n14 8 17\n8 18 4\n12 4 6",
            "output": "20 2 12 17 4 6 4 12 8 14 8 18"
        },
        {
            "input": "4 4\n5 17 4 3\n9 8 8 18\n6 16 18 20\n16 17 20 18",
            "output": "5 17 4 3 18 20 18 20 17 16 6 9 8 8 18 16"
        },
        {
            "input": "3 2\n7 1\n12 11\n3 3",
            "output": "7 1 11 3 3 12"
        },
        {
            "input": "4 3\n2 13 11\n5 10 2\n11 15 14\n19 2 9",
            "output": "2 13 11 2 14 9 2 19 11 5 10 15"
        },
        {
            "input": "3 3\n12 12 1\n10 9 15\n7 5 3",
            "output": "12 12 1 15 3 5 7 10 9"
        },
        {
            "input": "4 3\n7 9 6\n7 8 2\n9 12 6\n3 5 17",
            "output": "7 9 6 2 6 17 5 3 9 7 8 12"
        },
        {
            "input": "4 4\n12 8 5 6\n3 12 14 2\n16 19 16 2\n12 9 15 20",
            "output": "12 8 5 6 2 2 20 15 9 12 16 3 12 14 16 19"
        },
        {
            "input": "4 2\n8 4\n17 8\n19 8\n7 3",
            "output": "8 4 8 8 3 7 19 17"
        },
        {
            "input": "3 4\n7 8 7 13\n4 8 6 8\n5 2 15 9",
            "output": "7 8 7 13 8 9 15 2 5 4 8 6"
        },
        {
            "input": "3 2\n10 13\n18 14\n20 17",
            "output": "10 13 14 17 20 18"
        },
        {
            "input": "4 3\n9 14 3\n9 1 16\n18 10 4\n20 9 17",
            "output": "9 14 3 16 4 17 9 20 18 9 1 10"
        },
        {
            "input": "3 3\n6 16 6\n6 13 4\n16 6 3",
            "output": "6 16 6 4 3 6 16 6 13"
        },
        {
            "input": "4 2\n14 13\n4 11\n11 8\n16 7",
            "output": "14 13 11 8 7 16 11 4"
        },
        {
            "input": "2 3\n15 4 7\n8 13 19",
            "output": "15 4 7 19 13 8"
        },
        {
            "input": "3 4\n20 9 17 19\n5 12 15 3\n7 6 19 3",
            "output": "20 9 17 19 3 3 19 6 7 5 12 15"
        },
        {
            "input": "2 4\n2 14 18 10\n20 10 11 14",
            "output": "2 14 18 10 14 11 10 20"
        },
        {
            "input": "3 4\n17 2 6 7\n13 10 5 11\n15 16 5 11",
            "output": "17 2 6 7 11 11 5 16 15 13 10 5"
        },
        {
            "input": "4 4\n4 15 15 14\n18 3 2 14\n4 9 16 12\n1 12 7 15",
            "output": "4 15 15 14 14 12 15 7 12 1 4 18 3 2 16 9"
        },
        {
            "input": "4 3\n5 17 12\n8 6 3\n6 6 9\n5 15 7",
            "output": "5 17 12 3 9 7 15 5 6 8 6 6"
        },
        {
            "input": "2 3\n1 16 20\n9 7 6",
            "output": "1 16 20 6 7 9"
        },
        {
            "input": "3 2\n7 20\n15 1\n19 4",
            "output": "7 20 1 4 19 15"
        },
        {
            "input": "2 2\n17 12\n12 12",
            "output": "17 12 12 12"
        },
        {
            "input": "2 2\n20 1\n10 16",
            "output": "20 1 16 10"
        },
        {
            "input": "3 3\n13 8 14\n5 9 16\n15 17 4",
            "output": "13 8 14 16 4 17 15 5 9"
        },
        {
            "input": "2 4\n1 13 12 16\n3 12 13 19",
            "output": "1 13 12 16 19 13 12 3"
        },
        {
            "input": "2 3\n7 19 20\n19 4 7",
            "output": "7 19 20 7 4 19"
        },
        {
            "input": "4 4\n7 20 13 12\n16 3 10 10\n13 16 9 9\n20 8 17 4",
            "output": "7 20 13 12 10 9 4 17 8 20 13 16 3 10 9 16"
        },
        {
            "input": "4 4\n7 9 16 8\n10 12 8 3\n15 20 5 5\n14 17 3 19",
            "output": "7 9 16 8 3 5 19 3 17 14 15 10 12 8 5 20"
        },
        {
            "input": "4 4\n9 7 16 12\n9 10 1 9\n15 10 13 10\n16 20 4 2",
            "output": "9 7 16 12 9 10 2 4 20 16 15 9 10 1 13 10"
        },
        {
            "input": "2 2\n12 14\n17 12",
            "output": "12 14 12 17"
        },
        {
            "input": "3 4\n11 2 11 16\n6 20 14 4\n18 9 18 11",
            "output": "11 2 11 16 4 11 18 9 18 6 20 14"
        },
        {
            "input": "2 2\n13 12\n7 4",
            "output": "13 12 4 7"
        },
        {
            "input": "4 2\n20 7\n6 13\n17 9\n10 4",
            "output": "20 7 13 9 4 10 17 6"
        },
        {
            "input": "3 2\n3 17\n10 16\n10 14",
            "output": "3 17 16 14 10 10"
        },
        {
            "input": "4 4\n4 16 4 4\n13 7 12 16\n18 20 13 6\n16 19 19 3",
            "output": "4 16 4 4 16 6 3 19 19 16 18 13 7 12 13 20"
        },
        {
            "input": "4 3\n11 10 6\n7 12 4\n17 6 15\n13 7 10",
            "output": "11 10 6 4 15 10 7 13 17 7 12 6"
        },
        {
            "input": "3 3\n1 19 14\n14 10 1\n8 8 15",
            "output": "1 19 14 1 15 8 8 14 10"
        },
        {
            "input": "4 3\n16 4 3\n18 2 2\n17 18 15\n3 15 12",
            "output": "16 4 3 2 15 12 15 3 17 18 2 18"
        },
        {
            "input": "4 2\n4 2\n7 4\n8 1\n5 9",
            "output": "4 2 4 1 9 5 8 7"
        },
        {
            "input": "3 2\n4 15\n2 17\n11 2",
            "output": "4 15 17 2 11 2"
        },
        {
            "input": "4 4\n10 6 20 7\n3 7 10 8\n15 2 4 19\n19 13 7 18",
            "output": "10 6 20 7 8 19 18 7 13 19 15 3 7 10 4 2"
        },
        {
            "input": "4 2\n16 19\n5 4\n19 1\n16 3",
            "output": "16 19 4 1 3 16 19 5"
        },
        {
            "input": "2 4\n2 9 1 11\n1 14 11 6",
            "output": "2 9 1 11 6 11 14 1"
        },
        {
            "input": "2 3\n16 7 14\n2 11 14",
            "output": "16 7 14 14 11 2"
        },
        {
            "input": "3 2\n8 1\n8 10\n3 18",
            "output": "8 1 10 18 3 8"
        },
        {
            "input": "4 3\n1 13 13\n6 15 9\n16 3 2\n7 1 6",
            "output": "1 13 13 9 2 6 1 7 16 6 15 3"
        },
        {
            "input": "3 3\n16 17 20\n17 10 7\n15 6 1",
            "output": "16 17 20 7 1 6 15 17 10"
        },
        {
            "input": "3 4\n17 17 18 18\n8 1 18 12\n12 3 16 18",
            "output": "17 17 18 18 12 18 16 3 12 8 1 18"
        },
        {
            "input": "4 4\n13 8 9 11\n10 8 13 11\n9 14 16 1\n20 9 8 7",
            "output": "13 8 9 11 11 1 7 8 9 20 9 10 8 13 16 14"
        },
        {
            "input": "2 3\n13 6 19\n3 18 2",
            "output": "13 6 19 2 18 3"
        },
        {
            "input": "3 4\n4 10 17 12\n11 15 13 1\n6 17 3 16",
            "output": "4 10 17 12 1 16 3 17 6 11 15 13"
        },
        {
            "input": "2 2\n11 14\n8 17",
            "output": "11 14 17 8"
        },
        {
            "input": "2 3\n5 19 10\n15 13 14",
            "output": "5 19 10 14 13 15"
        },
        {
            "input": "4 4\n10 16 2 9\n20 1 3 4\n17 11 8 1\n5 14 5 8",
            "output": "10 16 2 9 4 1 8 5 14 5 17 20 1 3 8 11"
        },
        {
            "input": "4 2\n17 13\n19 12\n18 11\n20 19",
            "output": "17 13 12 11 19 20 18 19"
        },
        {
            "input": "3 2\n2 3\n4 16\n10 17",
            "output": "2 3 16 17 10 4"
        },
        {
            "input": "2 4\n6 9 11 9\n7 10 7 14",
            "output": "6 9 11 9 14 7 10 7"
        },
        {
            "input": "4 4\n12 6 9 2\n6 15 3 16\n4 15 4 15\n10 7 11 6",
            "output": "12 6 9 2 16 15 6 11 7 10 4 6 15 3 4 15"
        },
        {
            "input": "3 2\n12 19\n1 14\n11 9",
            "output": "12 19 14 9 11 1"
        },
        {
            "input": "2 3\n8 4 6\n7 10 14",
            "output": "8 4 6 14 10 7"
        },
        {
            "input": "4 3\n12 20 3\n18 17 1\n9 4 18\n1 5 7",
            "output": "12 20 3 1 18 7 5 1 9 18 17 4"
        },
        {
            "input": "4 3\n20 19 20\n7 5 7\n17 13 17\n14 19 7",
            "output": "20 19 20 7 17 7 19 14 17 7 5 13"
        },
        {
            "input": "2 3\n10 18 8\n13 11 5",
            "output": "10 18 8 5 11 13"
        },
        {
            "input": "4 3\n3 8 18\n9 9 11\n7 6 15\n9 14 6",
            "output": "3 8 18 11 15 6 14 9 7 9 9 6"
        },
        {
            "input": "3 3\n17 18 2\n5 7 5\n10 2 8",
            "output": "17 18 2 5 8 2 10 5 7"
        },
        {
            "input": "4 3\n3 6 11\n5 13 16\n20 17 18\n12 18 4",
            "output": "3 6 11 16 18 4 18 12 20 5 13 17"
        },
        {
            "input": "2 2\n18 16\n2 18",
            "output": "18 16 18 2"
        },
        {
            "input": "2 4\n11 15 8 15\n14 19 5 13",
            "output": "11 15 8 15 13 5 19 14"
        },
        {
            "input": "4 4\n14 20 13 6\n9 6 6 10\n5 20 14 4\n14 5 3 9",
            "output": "14 20 13 6 10 4 9 3 5 14 5 9 6 6 14 20"
        },
        {
            "input": "3 2\n14 2\n9 8\n18 17",
            "output": "14 2 8 17 18 9"
        },
        {
            "input": "2 4\n4 13 10 14\n13 10 12 20",
            "output": "4 13 10 14 20 12 10 13"
        },
        {
            "input": "2 4\n5 17 4 15\n4 12 4 1",
            "output": "5 17 4 15 1 4 12 4"
        },
        {
            "input": "3 4\n5 7 2 6\n4 11 9 14\n5 18 11 17",
            "output": "5 7 2 6 14 17 11 18 5 4 11 9"
        },
        {
            "input": "3 2\n4 11\n9 12\n1 17",
            "output": "4 11 12 17 1 9"
        },
        {
            "input": "3 2\n9 16\n20 5\n12 10",
            "output": "9 16 5 10 12 20"
        },
        {
            "input": "4 2\n20 1\n10 16\n9 11\n8 16",
            "output": "20 1 16 11 16 8 9 10"
        },
        {
            "input": "2 4\n11 17 15 10\n18 2 12 11",
            "output": "11 17 15 10 11 12 2 18"
        },
        {
            "input": "2 3\n12 11 1\n20 18 1",
            "output": "12 11 1 1 18 20"
        },
        {
            "input": "3 4\n16 18 8 4\n4 1 15 13\n18 20 6 17",
            "output": "16 18 8 4 13 17 6 20 18 4 1 15"
        },
        {
            "input": "3 4\n17 10 4 11\n12 10 7 16\n7 16 15 4",
            "output": "17 10 4 11 16 4 15 16 7 12 10 7"
        },
        {
            "input": "3 3\n1 20 15\n20 13 7\n1 15 13",
            "output": "1 20 15 7 13 15 1 20 13"
        },
        {
            "input": "3 2\n1 4\n11 7\n3 1",
            "output": "1 4 7 1 3 11"
        },
        {
            "input": "4 2\n15 9\n12 8\n19 6\n7 6",
            "output": "15 9 8 6 6 7 19 12"
        },
        {
            "input": "3 4\n9 15 20 16\n12 8 14 18\n6 17 16 16",
            "output": "9 15 20 16 18 16 16 17 6 12 8 14"
        },
        {
            "input": "2 3\n13 6 8\n16 5 11",
            "output": "13 6 8 11 5 16"
        },
        {
            "input": "4 3\n15 5 9\n3 7 3\n13 2 12\n4 11 15",
            "output": "15 5 9 3 12 15 11 4 13 3 7 2"
        },
        {
            "input": "2 2\n5 20\n15 19",
            "output": "5 20 19 15"
        },
        {
            "input": "4 2\n7 13\n12 1\n12 12\n8 14",
            "output": "7 13 1 12 14 8 12 12"
        },
        {
            "input": "2 3\n12 16 1\n13 10 20",
            "output": "12 16 1 20 10 13"
        },
        {
            "input": "2 2\n8 19\n4 1",
            "output": "8 19 1 4"
        },
        {
            "input": "2 4\n1 6 4 3\n12 5 9 10",
            "output": "1 6 4 3 10 9 5 12"
        },
        {
            "input": "2 3\n9 9 12\n18 20 10",
            "output": "9 9 12 10 20 18"
        },
        {
            "input": "3 3\n6 6 4\n14 9 8\n15 1 5",
            "output": "6 6 4 8 5 1 15 14 9"
        },
        {
            "input": "2 3\n13 2 4\n3 20 19",
            "output": "13 2 4 19 20 3"
        },
        {
            "input": "4 4\n18 11 9 5\n10 4 13 9\n3 1 11 4\n10 4 7 5",
            "output": "18 11 9 5 9 4 5 7 4 10 3 10 4 13 11 1"
        },
        {
            "input": "2 2\n12 4\n8 3",
            "output": "12 4 3 8"
        },
        {
            "input": "2 4\n4 9 12 2\n14 10 13 11",
            "output": "4 9 12 2 11 13 10 14"
        },
        {
            "input": "4 3\n20 19 7\n10 12 18\n12 16 18\n13 18 7",
            "output": "20 19 7 18 18 7 18 13 12 10 12 16"
        },
        {
            "input": "3 3\n3 16 13\n12 13 13\n11 20 18",
            "output": "3 16 13 13 18 20 11 12 13"
        },
        {
            "input": "2 2\n8 3\n19 11",
            "output": "8 3 11 19"
        },
        {
            "input": "3 2\n6 10\n11 6\n4 15",
            "output": "6 10 6 15 4 11"
        },
        {
            "input": "4 2\n3 15\n16 5\n20 16\n11 18",
            "output": "3 15 5 16 18 11 20 16"
        },
        {
            "input": "4 3\n7 6 19\n13 19 13\n6 3 1\n1 10 13",
            "output": "7 6 19 13 1 13 10 1 6 13 19 3"
        },
        {
            "input": "4 3\n18 12 19\n17 18 4\n4 11 2\n4 13 19",
            "output": "18 12 19 4 2 19 13 4 4 17 18 11"
        },
        {
            "input": "3 3\n9 5 19\n8 8 16\n15 8 20",
            "output": "9 5 19 16 20 8 15 8 8"
        },
        {
            "input": "3 2\n6 8\n11 6\n7 16",
            "output": "6 8 6 16 7 11"
        },
        {
            "input": "2 4\n16 10 12 1\n1 18 18 3",
            "output": "16 10 12 1 3 18 18 1"
        },
        {
            "input": "3 3\n13 12 20\n2 12 18\n18 9 16",
            "output": "13 12 20 18 16 9 18 2 12"
        },
        {
            "input": "4 4\n10 11 8 13\n6 12 3 10\n4 7 6 13\n10 13 2 8",
            "output": "10 11 8 13 10 13 8 2 13 10 4 6 12 3 6 7"
        },
        {
            "input": "4 2\n7 8\n3 19\n8 8\n9 4",
            "output": "7 8 19 8 4 9 8 3"
        },
        {
            "input": "3 4\n11 16 2 18\n14 14 13 12\n10 2 20 10",
            "output": "11 16 2 18 12 10 20 2 10 14 14 13"
        },
        {
            "input": "2 4\n15 20 17 6\n8 11 17 15",
            "output": "15 20 17 6 15 17 11 8"
        },
        {
            "input": "2 2\n17 2\n18 20",
            "output": "17 2 20 18"
        },
        {
            "input": "4 3\n9 16 6\n14 9 2\n7 20 20\n3 10 13",
            "output": "9 16 6 2 20 13 10 3 7 14 9 20"
        },
        {
            "input": "4 4\n17 15 17 13\n12 5 18 11\n6 7 5 5\n14 13 4 18",
            "output": "17 15 17 13 11 5 18 4 13 14 6 12 5 18 5 7"
        },
        {
            "input": "3 3\n20 5 15\n2 20 20\n7 4 1",
            "output": "20 5 15 20 1 4 7 2 20"
        },
        {
            "input": "3 4\n15 20 20 19\n8 7 2 1\n14 11 2 16",
            "output": "15 20 20 19 1 16 2 11 14 8 7 2"
        },
        {
            "input": "3 2\n4 1\n20 17\n10 18",
            "output": "4 1 17 18 10 20"
        },
        {
            "input": "3 2\n9 8\n7 15\n8 15",
            "output": "9 8 15 15 8 7"
        },
        {
            "input": "3 4\n16 17 11 16\n8 20 4 4\n17 19 17 12",
            "output": "16 17 11 16 4 12 17 19 17 8 20 4"
        },
        {
            "input": "4 3\n18 3 5\n20 3 18\n16 13 14\n8 12 18",
            "output": "18 3 5 18 14 18 12 8 16 20 3 13"
        },
        {
            "input": "4 2\n10 15\n17 16\n5 17\n2 20",
            "output": "10 15 16 17 20 2 5 17"
        },
        {
            "input": "2 3\n15 13 4\n9 1 10",
            "output": "15 13 4 10 1 9"
        },
        {
            "input": "3 2\n17 11\n2 7\n14 1",
            "output": "17 11 7 1 14 2"
        },
        {
            "input": "3 2\n20 4\n12 2\n8 3",
            "output": "20 4 2 3 8 12"
        },
        {
            "input": "2 3\n16 1 5\n7 11 7",
            "output": "16 1 5 7 11 7"
        },
        {
            "input": "4 2\n12 15\n15 14\n7 8\n4 11",
            "output": "12 15 14 8 11 4 7 15"
        },
        {
            "input": "3 2\n7 2\n9 15\n5 6",
            "output": "7 2 15 6 5 9"
        },
        {
            "input": "3 3\n18 18 6\n8 2 3\n10 10 3",
            "output": "18 18 6 3 3 10 10 8 2"
        },
        {
            "input": "2 4\n2 7 3 1\n13 1 8 14",
            "output": "2 7 3 1 14 8 1 13"
        },
        {
            "input": "4 3\n14 15 18\n6 18 2\n13 9 10\n18 13 4",
            "output": "14 15 18 2 10 4 13 18 13 6 18 9"
        },
        {
            "input": "4 4\n14 20 14 20\n19 2 2 13\n2 8 19 5\n12 15 8 17",
            "output": "14 20 14 20 13 5 17 8 15 12 2 19 2 2 19 8"
        },
        {
            "input": "3 2\n5 11\n9 9\n11 19",
            "output": "5 11 9 19 11 9"
        },
        {
            "input": "4 2\n3 19\n14 14\n13 10\n4 18",
            "output": "3 19 14 10 18 4 13 14"
        },
        {
            "input": "4 2\n3 19\n18 18\n12 16\n17 12",
            "output": "3 19 18 16 12 17 12 18"
        },
        {
            "input": "2 4\n1 13 17 2\n17 6 6 9",
            "output": "1 13 17 2 9 6 6 17"
        },
        {
            "input": "2 4\n5 7 4 16\n12 18 18 6",
            "output": "5 7 4 16 6 18 18 12"
        },
        {
            "input": "3 2\n20 14\n9 13\n20 11",
            "output": "20 14 13 11 20 9"
        },
        {
            "input": "2 2\n7 6\n2 16",
            "output": "7 6 16 2"
        },
        {
            "input": "3 4\n18 13 11 20\n9 17 2 18\n19 18 14 5",
            "output": "18 13 11 20 18 5 14 18 19 9 17 2"
        },
        {
            "input": "2 3\n16 10 17\n11 20 4",
            "output": "16 10 17 4 20 11"
        },
        {
            "input": "2 4\n19 16 8 4\n3 13 1 6",
            "output": "19 16 8 4 6 1 13 3"
        },
        {
            "input": "4 2\n9 13\n2 10\n19 5\n8 18",
            "output": "9 13 10 5 18 8 19 2"
        },
        {
            "input": "2 2\n1 17\n13 12",
            "output": "1 17 12 13"
        },
        {
            "input": "2 2\n20 17\n6 12",
            "output": "20 17 12 6"
        },
        {
            "input": "2 3\n7 3 14\n7 2 5",
            "output": "7 3 14 5 2 7"
        },
        {
            "input": "3 4\n5 18 10 14\n15 12 17 18\n6 12 9 6",
            "output": "5 18 10 14 18 6 9 12 6 15 12 17"
        },
        {
            "input": "4 4\n6 19 7 7\n15 11 10 6\n10 13 11 17\n5 5 6 10",
            "output": "6 19 7 7 6 17 10 6 5 5 10 15 11 10 11 13"
        },
        {
            "input": "2 4\n6 19 16 2\n11 17 4 13",
            "output": "6 19 16 2 13 4 17 11"
        },
        {
            "input": "4 2\n12 6\n13 1\n8 18\n10 3",
            "output": "12 6 1 18 3 10 8 13"
        },
        {
            "input": "2 4\n15 1 9 6\n6 10 17 7",
            "output": "15 1 9 6 7 17 10 6"
        },
        {
            "input": "2 4\n14 5 2 7\n4 6 17 3",
            "output": "14 5 2 7 3 17 6 4"
        },
        {
            "input": "2 2\n2 3\n15 14",
            "output": "2 3 14 15"
        },
        {
            "input": "2 4\n20 15 16 6\n15 1 4 14",
            "output": "20 15 16 6 14 4 1 15"
        },
        {
            "input": "3 4\n12 7 20 3\n10 7 20 10\n12 6 14 11",
            "output": "12 7 20 3 10 11 14 6 12 10 7 20"
        },
        {
            "input": "4 2\n10 8\n9 20\n3 7\n11 4",
            "output": "10 8 20 7 4 11 3 9"
        },
        {
            "input": "4 2\n17 5\n6 4\n14 14\n17 11",
            "output": "17 5 4 14 11 17 14 6"
        },
        {
            "input": "3 3\n3 7 17\n10 2 3\n13 4 2",
            "output": "3 7 17 3 2 4 13 10 2"
        },
        {
            "input": "4 4\n15 14 5 6\n6 19 8 10\n20 20 12 19\n6 6 3 10",
            "output": "15 14 5 6 10 19 10 3 6 6 20 6 19 8 12 20"
        },
        {
            "input": "3 2\n17 12\n8 9\n9 9",
            "output": "17 12 9 9 9 8"
        },
        {
            "input": "2 3\n14 11 16\n13 17 14",
            "output": "14 11 16 14 17 13"
        },
        {
            "input": "4 2\n3 2\n11 5\n19 10\n16 4",
            "output": "3 2 5 10 4 16 19 11"
        },
        {
            "input": "2 3\n17 6 3\n16 13 5",
            "output": "17 6 3 5 13 16"
        },
        {
            "input": "3 2\n7 6\n15 3\n16 18",
            "output": "7 6 3 18 16 15"
        },
        {
            "input": "3 2\n12 4\n15 4\n4 15",
            "output": "12 4 4 15 4 15"
        },
        {
            "input": "3 2\n20 13\n15 2\n3 9",
            "output": "20 13 2 9 3 15"
        },
        {
            "input": "3 3\n20 18 19\n12 13 1\n1 8 18",
            "output": "20 18 19 1 18 8 1 12 13"
        },
        {
            "input": "4 4\n8 6 9 18\n13 1 3 3\n11 9 2 3\n19 17 12 3",
            "output": "8 6 9 18 3 3 3 12 17 19 11 13 1 3 2 9"
        },
        {
            "input": "2 2\n15 2\n20 8",
            "output": "15 2 8 20"
        },
        {
            "input": "4 3\n4 18 11\n2 20 3\n6 18 19\n18 15 14",
            "output": "4 18 11 3 19 14 15 18 6 2 20 18"
        },
        {
            "input": "4 3\n17 7 2\n19 12 4\n1 5 7\n15 10 9",
            "output": "17 7 2 4 7 9 10 15 1 19 12 5"
        },
        {
            "input": "2 2\n14 18\n4 15",
            "output": "14 18 15 4"
        },
        {
            "input": "2 4\n17 5 18 3\n16 3 7 15",
            "output": "17 5 18 3 15 7 3 16"
        },
        {
            "input": "4 4\n11 2 12 11\n18 6 4 19\n18 11 17 9\n6 12 7 8",
            "output": "11 2 12 11 19 9 8 7 12 6 18 18 6 4 17 11"
        },
        {
            "input": "4 2\n19 15\n15 4\n20 14\n1 16",
            "output": "19 15 4 14 16 1 20 15"
        },
        {
            "input": "4 2\n15 16\n12 4\n2 8\n11 18",
            "output": "15 16 4 8 18 11 2 12"
        },
        {
            "input": "4 3\n19 13 3\n2 2 10\n10 6 2\n16 13 15",
            "output": "19 13 3 10 2 15 13 16 10 2 2 6"
        },
        {
            "input": "2 2\n6 7\n11 1",
            "output": "6 7 1 11"
        },
        {
            "input": "4 2\n15 11\n8 4\n12 12\n20 18",
            "output": "15 11 4 12 18 20 12 8"
        },
        {
            "input": "2 2\n3 5\n6 20",
            "output": "3 5 20 6"
        },
        {
            "input": "2 3\n17 16 3\n16 11 20",
            "output": "17 16 3 20 11 16"
        },
        {
            "input": "3 4\n16 19 19 8\n15 1 17 3\n7 8 1 13",
            "output": "16 19 19 8 3 13 1 8 7 15 1 17"
        },
        {
            "input": "3 4\n14 2 20 16\n8 13 1 8\n7 13 5 14",
            "output": "14 2 20 16 8 14 5 13 7 8 13 1"
        },
        {
            "input": "3 2\n19 10\n7 2\n11 15",
            "output": "19 10 2 15 11 7"
        },
        {
            "input": "4 2\n14 16\n4 14\n10 15\n9 11",
            "output": "14 16 14 15 11 9 10 4"
        },
        {
            "input": "3 3\n7 16 1\n11 15 17\n5 16 18",
            "output": "7 16 1 17 18 16 5 11 15"
        },
        {
            "input": "4 2\n14 15\n3 6\n18 9\n11 8",
            "output": "14 15 6 9 8 11 18 3"
        },
        {
            "input": "2 3\n14 11 15\n2 1 20",
            "output": "14 11 15 20 1 2"
        },
        {
            "input": "4 4\n20 16 9 16\n18 9 3 2\n6 19 5 9\n9 19 4 11",
            "output": "20 16 9 16 2 9 11 4 19 9 6 18 9 3 5 19"
        },
        {
            "input": "3 2\n17 2\n12 3\n9 11",
            "output": "17 2 3 11 9 12"
        },
        {
            "input": "4 4\n19 18 11 6\n1 17 8 17\n5 18 13 5\n3 14 20 11",
            "output": "19 18 11 6 17 5 11 20 14 3 5 1 17 8 13 18"
        },
        {
            "input": "4 4\n2 2 7 8\n8 10 13 3\n19 1 4 19\n5 2 8 5",
            "output": "2 2 7 8 3 19 5 8 2 5 19 8 10 13 4 1"
        },
        {
            "input": "3 3\n14 12 14\n1 11 18\n9 18 10",
            "output": "14 12 14 18 10 18 9 1 11"
        },
        {
            "input": "4 2\n7 16\n18 17\n7 17\n17 1",
            "output": "7 16 17 17 1 17 7 18"
        },
        {
            "input": "4 4\n12 4 20 3\n19 4 17 4\n13 8 16 15\n1 14 5 9",
            "output": "12 4 20 3 4 15 9 5 14 1 13 19 4 17 16 8"
        },
        {
            "input": "2 3\n19 9 14\n16 10 20",
            "output": "19 9 14 20 10 16"
        },
        {
            "input": "2 3\n12 9 10\n14 4 16",
            "output": "12 9 10 16 4 14"
        },
        {
            "input": "3 2\n12 14\n2 17\n15 14",
            "output": "12 14 17 14 15 2"
        },
        {
            "input": "2 4\n6 20 16 2\n5 19 17 9",
            "output": "6 20 16 2 9 17 19 5"
        },
        {
            "input": "2 3\n9 10 2\n19 7 12",
            "output": "9 10 2 12 7 19"
        },
        {
            "input": "3 3\n8 10 5\n12 2 6\n9 17 7",
            "output": "8 10 5 6 7 17 9 12 2"
        },
        {
            "input": "3 3\n13 15 10\n19 14 11\n9 4 7",
            "output": "13 15 10 11 7 4 9 19 14"
        },
        {
            "input": "2 3\n7 16 8\n10 5 17",
            "output": "7 16 8 17 5 10"
        },
        {
            "input": "3 3\n20 2 9\n10 16 5\n18 15 13",
            "output": "20 2 9 5 13 15 18 10 16"
        },
        {
            "input": "4 4\n18 13 8 4\n15 3 7 19\n19 11 11 16\n9 18 3 14",
            "output": "18 13 8 4 19 16 14 3 18 9 19 15 3 7 11 11"
        },
        {
            "input": "2 4\n17 1 5 16\n14 18 18 3",
            "output": "17 1 5 16 3 18 18 14"
        },
        {
            "input": "3 4\n7 13 8 12\n3 15 5 10\n3 12 15 11",
            "output": "7 13 8 12 10 11 15 12 3 3 15 5"
        },
        {
            "input": "2 3\n9 10 3\n9 8 11",
            "output": "9 10 3 11 8 9"
        },
        {
            "input": "3 2\n2 15\n15 20\n14 6",
            "output": "2 15 20 6 14 15"
        },
        {
            "input": "3 2\n20 1\n6 5\n20 14",
            "output": "20 1 5 14 20 6"
        },
        {
            "input": "3 3\n19 8 1\n6 20 20\n19 8 15",
            "output": "19 8 1 20 15 8 19 6 20"
        },
        {
            "input": "4 4\n11 2 5 11\n9 11 16 6\n7 2 14 3\n17 11 20 14",
            "output": "11 2 5 11 6 3 14 20 11 17 7 9 11 16 14 2"
        },
        {
            "input": "3 2\n10 12\n4 19\n11 20",
            "output": "10 12 19 20 11 4"
        },
        {
            "input": "2 4\n9 6 7 20\n20 9 1 7",
            "output": "9 6 7 20 7 1 9 20"
        },
        {
            "input": "2 4\n3 1 2 3\n7 17 8 15",
            "output": "3 1 2 3 15 8 17 7"
        },
        {
            "input": "3 4\n11 10 10 11\n12 14 13 7\n20 5 11 2",
            "output": "11 10 10 11 7 2 11 5 20 12 14 13"
        },
        {
            "input": "3 4\n14 13 18 10\n6 12 5 3\n17 19 8 4",
            "output": "14 13 18 10 3 4 8 19 17 6 12 5"
        },
        {
            "input": "3 3\n7 12 7\n10 5 19\n10 20 11",
            "output": "7 12 7 19 11 20 10 10 5"
        },
        {
            "input": "3 2\n17 1\n17 7\n15 17",
            "output": "17 1 7 17 15 17"
        },
        {
            "input": "4 4\n14 17 3 3\n1 15 6 4\n15 12 4 3\n3 5 2 20",
            "output": "14 17 3 3 4 3 20 2 5 3 15 1 15 6 4 12"
        },
        {
            "input": "3 4\n5 12 5 2\n9 3 17 4\n6 8 20 8",
            "output": "5 12 5 2 4 8 20 8 6 9 3 17"
        },
        {
            "input": "3 4\n15 2 1 14\n11 6 9 10\n9 20 9 6",
            "output": "15 2 1 14 10 6 9 20 9 11 6 9"
        },
        {
            "input": "4 3\n12 14 19\n15 17 6\n11 2 5\n8 3 12",
            "output": "12 14 19 6 5 12 3 8 11 15 17 2"
        },
        {
            "input": "4 3\n1 6 20\n1 10 7\n13 17 20\n11 3 9",
            "output": "1 6 20 7 20 9 3 11 13 1 10 17"
        },
        {
            "input": "4 2\n8 3\n4 17\n6 18\n9 19",
            "output": "8 3 17 18 19 9 6 4"
        },
        {
            "input": "4 4\n11 18 7 1\n4 11 1 8\n2 2 19 7\n5 10 11 10",
            "output": "11 18 7 1 8 7 10 11 10 5 2 4 11 1 19 2"
        },
        {
            "input": "3 4\n4 15 16 19\n18 15 17 20\n20 11 6 20",
            "output": "4 15 16 19 20 20 6 11 20 18 15 17"
        },
        {
            "input": "3 2\n6 4\n8 10\n4 8",
            "output": "6 4 10 8 4 8"
        },
        {
            "input": "4 4\n3 9 17 4\n20 17 1 14\n3 5 2 16\n10 14 10 6",
            "output": "3 9 17 4 14 16 6 10 14 10 3 20 17 1 2 5"
        },
        {
            "input": "2 3\n11 7 1\n7 18 6",
            "output": "11 7 1 6 18 7"
        },
        {
            "input": "3 4\n10 1 20 4\n8 2 14 8\n19 13 5 9",
            "output": "10 1 20 4 8 9 5 13 19 8 2 14"
        },
        {
            "input": "2 2\n13 19\n3 6",
            "output": "13 19 6 3"
        },
        {
            "input": "3 4\n7 6 3 8\n5 18 15 9\n7 18 4 9",
            "output": "7 6 3 8 9 9 4 18 7 5 18 15"
        },
        {
            "input": "4 3\n11 4 4\n3 1 13\n9 16 20\n8 4 17",
            "output": "11 4 4 13 20 17 4 8 9 3 1 16"
        },
        {
            "input": "2 3\n15 4 15\n10 4 20",
            "output": "15 4 15 20 4 10"
        },
        {
            "input": "3 2\n19 4\n5 9\n8 19",
            "output": "19 4 9 19 8 5"
        },
        {
            "input": "3 3\n4 13 10\n15 13 18\n19 12 5",
            "output": "4 13 10 18 5 12 19 15 13"
        },
        {
            "input": "2 3\n11 17 13\n3 5 7",
            "output": "11 17 13 7 5 3"
        },
        {
            "input": "3 4\n11 12 7 19\n3 3 1 19\n11 6 6 10",
            "output": "11 12 7 19 19 10 6 6 11 3 3 1"
        },
        {
            "input": "4 2\n11 2\n20 8\n1 8\n9 9",
            "output": "11 2 8 8 9 9 1 20"
        },
        {
            "input": "4 4\n5 12 19 16\n10 19 12 17\n3 12 15 6\n14 8 18 6",
            "output": "5 12 19 16 17 6 6 18 8 14 3 10 19 12 15 12"
        },
        {
            "input": "3 2\n19 19\n9 7\n10 5",
            "output": "19 19 7 5 10 9"
        },
        {
            "input": "2 2\n9 11\n10 8",
            "output": "9 11 8 10"
        },
        {
            "input": "3 4\n12 15 18 19\n13 1 18 8\n11 7 15 6",
            "output": "12 15 18 19 8 6 15 7 11 13 1 18"
        },
        {
            "input": "4 4\n4 4 8 2\n12 10 11 13\n1 3 14 3\n17 20 2 16",
            "output": "4 4 8 2 13 3 16 2 20 17 1 12 10 11 14 3"
        },
        {
            "input": "3 3\n11 19 16\n16 17 13\n14 2 4",
            "output": "11 19 16 13 4 2 14 16 17"
        },
        {
            "input": "3 4\n19 6 2 15\n18 15 13 7\n6 13 7 2",
            "output": "19 6 2 15 7 2 7 13 6 18 15 13"
        },
        {
            "input": "4 2\n5 6\n10 4\n7 2\n9 9",
            "output": "5 6 4 2 9 9 7 10"
        },
        {
            "input": "4 2\n17 18\n5 11\n18 4\n16 13",
            "output": "17 18 11 4 13 16 18 5"
        },
        {
            "input": "3 2\n6 20\n20 11\n8 10",
            "output": "6 20 11 10 8 20"
        },
        {
            "input": "4 4\n15 7 9 5\n4 17 2 14\n11 18 7 14\n16 15 6 12",
            "output": "15 7 9 5 14 14 12 6 15 16 11 4 17 2 7 18"
        },
        {
            "input": "4 3\n16 5 5\n14 1 18\n3 18 16\n14 2 17",
            "output": "16 5 5 18 16 17 2 14 3 14 1 18"
        },
        {
            "input": "2 4\n18 18 10 2\n13 2 9 19",
            "output": "18 18 10 2 19 9 2 13"
        },
        {
            "input": "3 2\n14 9\n9 3\n1 4",
            "output": "14 9 3 4 1 9"
        },
        {
            "input": "4 4\n14 5 13 6\n19 16 2 15\n9 12 16 18\n1 9 20 14",
            "output": "14 5 13 6 15 18 14 20 9 1 9 19 16 2 16 12"
        },
        {
            "input": "4 3\n3 11 9\n13 3 12\n9 18 15\n20 5 9",
            "output": "3 11 9 12 15 9 5 20 9 13 3 18"
        },
        {
            "input": "3 4\n11 19 1 3\n19 19 13 14\n2 7 15 7",
            "output": "11 19 1 3 14 7 15 7 2 19 19 13"
        },
        {
            "input": "3 4\n17 13 17 19\n16 4 1 2\n17 6 11 1",
            "output": "17 13 17 19 2 1 11 6 17 16 4 1"
        },
        {
            "input": "4 3\n5 16 14\n17 8 15\n5 20 2\n14 6 15",
            "output": "5 16 14 15 2 15 6 14 5 17 8 20"
        }
    ]
}