{
    "id": "square_of_a_number",
    "title": "Square of a Number",
    "description": "Calculate the square of a given integer N.",
    "input_format": "A single integer N.",
    "output_format": "A single integer representing N * N.",
    "constraints": {
        "N": "1 <= N <= 1000"
    },
    "judge_mode": "FIRST_FAIL",
    "time_limit": 1,
    "sample_test_cases": [
        {
            "input": "5",
            "output": "25"
        },
        {
            "input": "10",
            "output": "100"
        }
    ],
    "hidden_test_cases": [
        {
            "input": "640",
            "output": "409600"
        },
        {
            "input": "77",
            "output": "5929"
        },
        {
            "input": "604",
            "output": "364816"
        },
        {
            "input": "907",
            "output": "822649"
        },
        {
            "input": "148",
            "output": "21904"
        },
        {
            "input": "965",
            "output": "931225"
        },
        {
            "input": "987",
            "output": "974169"
        },
        {
            "input": "689",
            "output": "474721"
        },
        {
            "input": "940",
            "output": "883600"
        },
        {
            "input": "737",
            "output": "543169"
        },
        {
            "input": "124",
            "output": "15376"
        },
        {
            "input": "525",
            "output": "275625"
        },
        {
            "input": "401",
            "output": "160801"
        },
        {
            "input": "488",
            "output": "238144"
        },
        {
            "input": "289",
            "output": "83521"
        },
        {
            "input": "177",
            "output": "31329"
        },
        {
            "input": "951",
            "output": "904401"
        },
        {
            "input": "682",
            "output": "465124"
        },
        {
            "input": "406",
            "output": "164836"
        },
        {
            "input": "404",
            "output": "163216"
        },
        {
            "input": "773",
            "output": "597529"
        },
        {
            "input": "211",
            "output": "44521"
        },
        {
            "input": "846",
            "output": "715716"
        },
        {
            "input": "667",
            "output": "444889"
        },
        {
            "input": "385",
            "output": "148225"
        },
        {
            "input": "997",
            "output": "994009"
        },
        {
            "input": "662",
            "output": "438244"
        },
        {
            "input": "78",
            "output": "6084"
        },
        {
            "input": "795",
            "output": "632025"
        },
        {
            "input": "567",
            "output": "321489"
        },
        {
            "input": "564",
            "output": "318096"
        },
        {
            "input": "673",
            "output": "452929"
        },
        {
            "input": "44",
            "output": "1936"
        },
        {
            "input": "753",
            "output": "567009"
        },
        {
            "input": "301",
            "output": "90601"
        },
        {
            "input": "875",
            "output": "765625"
        },
        {
            "input": "175",
            "output": "30625"
        },
        {
            "input": "166",
            "output": "27556"
        },
        {
            "input": "312",
            "output": "97344"
        },
        {
            "input": "889",
            "output": "790321"
        },
        {
            "input": "734",
            "output": "538756"
        },
        {
            "input": "92",
            "output": "8464"
        },
        {
            "input": "676",
            "output": "456976"
        },
        {
            "input": "876",
            "output": "767376"
        },
        {
            "input": "716",
            "output": "512656"
        },
        {
            "input": "226",
            "output": "51076"
        },
        {
            "input": "686",
            "output": "470596"
        },
        {
            "input": "866",
            "output": "749956"
        },
        {
            "input": "356",
            "output": "126736"
        },
        {
            "input": "646",
            "output": "417316"
        },
        {
            "input": "543",
            "output": "294849"
        },
        {
            "input": "86",
            "output": "7396"
        },
        {
            "input": "278",
            "output": "77284"
        },
        {
            "input": "869",
            "output": "755161"
        },
        {
            "input": "993",
            "output": "986049"
        },
        {
            "input": "285",
            "output": "81225"
        },
        {
            "input": "872",
            "output": "760384"
        },
        {
            "input": "859",
            "output": "737881"
        },
        {
            "input": "960",
            "output": "921600"
        },
        {
            "input": "884",
            "output": "781456"
        },
        {
            "input": "782",
            "output": "611524"
        },
        {
            "input": "461",
            "output": "212521"
        },
        {
            "input": "336",
            "output": "112896"
        },
        {
            "input": "502",
            "output": "252004"
        },
        {
            "input": "325",
            "output": "105625"
        },
        {
            "input": "82",
            "output": "6724"
        },
        {
            "input": "809",
            "output": "654481"
        },
        {
            "input": "477",
            "output": "227529"
        },
        {
            "input": "952",
            "output": "906304"
        },
        {
            "input": "373",
            "output": "139129"
        },
        {
            "input": "70",
            "output": "4900"
        },
        {
            "input": "199",
            "output": "39601"
        },
        {
            "input": "690",
            "output": "476100"
        },
        {
            "input": "155",
            "output": "24025"
        },
        {
            "input": "535",
            "output": "286225"
        },
        {
            "input": "761",
            "output": "579121"
        },
        {
            "input": "83",
            "output": "6889"
        },
        {
            "input": "950",
            "output": "902500"
        },
        {
            "input": "277",
            "output": "76729"
        },
        {
            "input": "820",
            "output": "672400"
        },
        {
            "input": "398",
            "output": "158404"
        },
        {
            "input": "799",
            "output": "638401"
        },
        {
            "input": "915",
            "output": "837225"
        },
        {
            "input": "402",
            "output": "161604"
        },
        {
            "input": "117",
            "output": "13689"
        },
        {
            "input": "222",
            "output": "49284"
        },
        {
            "input": "615",
            "output": "378225"
        },
        {
            "input": "927",
            "output": "859329"
        },
        {
            "input": "396",
            "output": "156816"
        },
        {
            "input": "621",
            "output": "385641"
        },
        {
            "input": "949",
            "output": "900601"
        },
        {
            "input": "180",
            "output": "32400"
        },
        {
            "input": "426",
            "output": "181476"
        },
        {
            "input": "999",
            "output": "998001"
        },
        {
            "input": "190",
            "output": "36100"
        },
        {
            "input": "484",
            "output": "234256"
        },
        {
            "input": "710",
            "output": "504100"
        },
        {
            "input": "265",
            "output": "70225"
        },
        {
            "input": "74",
            "output": "5476"
        },
        {
            "input": "178",
            "output": "31684"
        },
        {
            "input": "738",
            "output": "544644"
        },
        {
            "input": "910",
            "output": "828100"
        },
        {
            "input": "293",
            "output": "85849"
        },
        {
            "input": "109",
            "output": "11881"
        },
        {
            "input": "735",
            "output": "540225"
        },
        {
            "input": "518",
            "output": "268324"
        },
        {
            "input": "59",
            "output": "3481"
        },
        {
            "input": "97",
            "output": "9409"
        },
        {
            "input": "976",
            "output": "952576"
        },
        {
            "input": "819",
            "output": "670761"
        },
        {
            "input": "577",
            "output": "332929"
        },
        {
            "input": "897",
            "output": "804609"
        },
        {
            "input": "864",
            "output": "746496"
        },
        {
            "input": "504",
            "output": "254016"
        },
        {
            "input": "684",
            "output": "467856"
        },
        {
            "input": "19",
            "output": "361"
        },
        {
            "input": "521",
            "output": "271441"
        },
        {
            "input": "369",
            "output": "136161"
        },
        {
            "input": "612",
            "output": "374544"
        },
        {
            "input": "711",
            "output": "505521"
        },
        {
            "input": "308",
            "output": "94864"
        },
        {
            "input": "41",
            "output": "1681"
        },
        {
            "input": "283",
            "output": "80089"
        },
        {
            "input": "26",
            "output": "676"
        },
        {
            "input": "582",
            "output": "338724"
        },
        {
            "input": "702",
            "output": "492804"
        },
        {
            "input": "52",
            "output": "2704"
        },
        {
            "input": "893",
            "output": "797449"
        },
        {
            "input": "992",
            "output": "984064"
        },
        {
            "input": "514",
            "output": "264196"
        },
        {
            "input": "945",
            "output": "893025"
        },
        {
            "input": "670",
            "output": "448900"
        },
        {
            "input": "901",
            "output": "811801"
        },
        {
            "input": "232",
            "output": "53824"
        },
        {
            "input": "286",
            "output": "81796"
        },
        {
            "input": "762",
            "output": "580644"
        },
        {
            "input": "413",
            "output": "170569"
        },
        {
            "input": "303",
            "output": "91809"
        },
        {
            "input": "896",
            "output": "802816"
        },
        {
            "input": "122",
            "output": "14884"
        },
        {
            "input": "858",
            "output": "736164"
        },
        {
            "input": "196",
            "output": "38416"
        },
        {
            "input": "908",
            "output": "824464"
        },
        {
            "input": "597",
            "output": "356409"
        },
        {
            "input": "784",
            "output": "614656"
        },
        {
            "input": "419",
            "output": "175561"
        },
        {
            "input": "540",
            "output": "291600"
        },
        {
            "input": "468",
            "output": "219024"
        },
        {
            "input": "760",
            "output": "577600"
        },
        {
            "input": "297",
            "output": "88209"
        },
        {
            "input": "708",
            "output": "501264"
        },
        {
            "input": "904",
            "output": "817216"
        },
        {
            "input": "73",
            "output": "5329"
        },
        {
            "input": "292",
            "output": "85264"
        },
        {
            "input": "202",
            "output": "40804"
        },
        {
            "input": "363",
            "output": "131769"
        },
        {
            "input": "606",
            "output": "367236"
        },
        {
            "input": "791",
            "output": "625681"
        },
        {
            "input": "817",
            "output": "667489"
        },
        {
            "input": "137",
            "output": "18769"
        },
        {
            "input": "490",
            "output": "240100"
        },
        {
            "input": "295",
            "output": "87025"
        },
        {
            "input": "506",
            "output": "256036"
        },
        {
            "input": "423",
            "output": "178929"
        },
        {
            "input": "659",
            "output": "434281"
        },
        {
            "input": "139",
            "output": "19321"
        },
        {
            "input": "34",
            "output": "1156"
        },
        {
            "input": "360",
            "output": "129600"
        },
        {
            "input": "852",
            "output": "725904"
        },
        {
            "input": "739",
            "output": "546121"
        },
        {
            "input": "657",
            "output": "431649"
        },
        {
            "input": "39",
            "output": "1521"
        },
        {
            "input": "48",
            "output": "2304"
        },
        {
            "input": "198",
            "output": "39204"
        },
        {
            "input": "720",
            "output": "518400"
        },
        {
            "input": "939",
            "output": "881721"
        },
        {
            "input": "587",
            "output": "344569"
        },
        {
            "input": "754",
            "output": "568516"
        },
        {
            "input": "600",
            "output": "360000"
        },
        {
            "input": "69",
            "output": "4761"
        },
        {
            "input": "72",
            "output": "5184"
        },
        {
            "input": "96",
            "output": "9216"
        },
        {
            "input": "367",
            "output": "134689"
        },
        {
            "input": "631",
            "output": "398161"
        },
        {
            "input": "700",
            "output": "490000"
        },
        {
            "input": "160",
            "output": "25600"
        },
        {
            "input": "573",
            "output": "328329"
        },
        {
            "input": "813",
            "output": "660969"
        },
        {
            "input": "56",
            "output": "3136"
        },
        {
            "input": "602",
            "output": "362404"
        },
        {
            "input": "20",
            "output": "400"
        },
        {
            "input": "370",
            "output": "136900"
        },
        {
            "input": "62",
            "output": "3844"
        },
        {
            "input": "695",
            "output": "483025"
        },
        {
            "input": "871",
            "output": "758641"
        },
        {
            "input": "435",
            "output": "189225"
        },
        {
            "input": "395",
            "output": "156025"
        },
        {
            "input": "921",
            "output": "848241"
        },
        {
            "input": "764",
            "output": "583696"
        },
        {
            "input": "565",
            "output": "319225"
        },
        {
            "input": "176",
            "output": "30976"
        },
        {
            "input": "556",
            "output": "309136"
        },
        {
            "input": "489",
            "output": "239121"
        },
        {
            "input": "442",
            "output": "195364"
        },
        {
            "input": "509",
            "output": "259081"
        },
        {
            "input": "790",
            "output": "624100"
        },
        {
            "input": "415",
            "output": "172225"
        },
        {
            "input": "704",
            "output": "495616"
        },
        {
            "input": "878",
            "output": "770884"
        },
        {
            "input": "7",
            "output": "49"
        },
        {
            "input": "832",
            "output": "692224"
        },
        {
            "input": "508",
            "output": "258064"
        },
        {
            "input": "267",
            "output": "71289"
        },
        {
            "input": "281",
            "output": "78961"
        },
        {
            "input": "770",
            "output": "592900"
        },
        {
            "input": "231",
            "output": "53361"
        },
        {
            "input": "237",
            "output": "56169"
        },
        {
            "input": "981",
            "output": "962361"
        },
        {
            "input": "585",
            "output": "342225"
        },
        {
            "input": "840",
            "output": "705600"
        },
        {
            "input": "53",
            "output": "2809"
        },
        {
            "input": "451",
            "output": "203401"
        },
        {
            "input": "590",
            "output": "348100"
        },
        {
            "input": "263",
            "output": "69169"
        },
        {
            "input": "156",
            "output": "24336"
        },
        {
            "input": "891",
            "output": "793881"
        },
        {
            "input": "91",
            "output": "8281"
        },
        {
            "input": "76",
            "output": "5776"
        },
        {
            "input": "183",
            "output": "33489"
        },
        {
            "input": "756",
            "output": "571536"
        },
        {
            "input": "980",
            "output": "960400"
        },
        {
            "input": "658",
            "output": "432964"
        },
        {
            "input": "350",
            "output": "122500"
        },
        {
            "input": "829",
            "output": "687241"
        },
        {
            "input": "935",
            "output": "874225"
        },
        {
            "input": "536",
            "output": "287296"
        },
        {
            "input": "551",
            "output": "303601"
        },
        {
            "input": "315",
            "output": "99225"
        },
        {
            "input": "421",
            "output": "177241"
        },
        {
            "input": "270",
            "output": "72900"
        },
        {
            "input": "104",
            "output": "10816"
        },
        {
            "input": "208",
            "output": "43264"
        },
        {
            "input": "679",
            "output": "461041"
        },
        {
            "input": "685",
            "output": "469225"
        },
        {
            "input": "107",
            "output": "11449"
        },
        {
            "input": "780",
            "output": "608400"
        },
        {
            "input": "593",
            "output": "351649"
        },
        {
            "input": "721",
            "output": "519841"
        },
        {
            "input": "249",
            "output": "62001"
        },
        {
            "input": "98",
            "output": "9604"
        },
        {
            "input": "189",
            "output": "35721"
        },
        {
            "input": "911",
            "output": "829921"
        },
        {
            "input": "45",
            "output": "2025"
        },
        {
            "input": "242",
            "output": "58564"
        },
        {
            "input": "193",
            "output": "37249"
        },
        {
            "input": "205",
            "output": "42025"
        },
        {
            "input": "106",
            "output": "11236"
        },
        {
            "input": "89",
            "output": "7921"
        },
        {
            "input": "15",
            "output": "225"
        },
        {
            "input": "655",
            "output": "429025"
        },
        {
            "input": "318",
            "output": "101124"
        },
        {
            "input": "559",
            "output": "312481"
        },
        {
            "input": "694",
            "output": "481636"
        },
        {
            "input": "797",
            "output": "635209"
        },
        {
            "input": "879",
            "output": "772641"
        },
        {
            "input": "683",
            "output": "466489"
        },
        {
            "input": "464",
            "output": "215296"
        },
        {
            "input": "847",
            "output": "717409"
        },
        {
            "input": "307",
            "output": "94249"
        },
        {
            "input": "14",
            "output": "196"
        },
        {
            "input": "973",
            "output": "946729"
        },
        {
            "input": "696",
            "output": "484416"
        },
        {
            "input": "200",
            "output": "40000"
        },
        {
            "input": "713",
            "output": "508369"
        },
        {
            "input": "322",
            "output": "103684"
        },
        {
            "input": "698",
            "output": "487204"
        },
        {
            "input": "456",
            "output": "207936"
        },
        {
            "input": "807",
            "output": "651249"
        },
        {
            "input": "771",
            "output": "594441"
        },
        {
            "input": "724",
            "output": "524176"
        },
        {
            "input": "774",
            "output": "599076"
        },
        {
            "input": "917",
            "output": "840889"
        },
        {
            "input": "224",
            "output": "50176"
        },
        {
            "input": "3",
            "output": "9"
        },
        {
            "input": "215",
            "output": "46225"
        },
        {
            "input": "393",
            "output": "154449"
        },
        {
            "input": "118",
            "output": "13924"
        },
        {
            "input": "465",
            "output": "216225"
        },
        {
            "input": "500",
            "output": "250000"
        },
        {
            "input": "838",
            "output": "702244"
        },
        {
            "input": "873",
            "output": "762129"
        },
        {
            "input": "959",
            "output": "919681"
        },
        {
            "input": "428",
            "output": "183184"
        },
        {
            "input": "575",
            "output": "330625"
        },
        {
            "input": "110",
            "output": "12100"
        },
        {
            "input": "661",
            "output": "436921"
        },
        {
            "input": "759",
            "output": "576081"
        },
        {
            "input": "523",
            "output": "273529"
        },
        {
            "input": "705",
            "output": "497025"
        },
        {
            "input": "778",
            "output": "605284"
        },
        {
            "input": "46",
            "output": "2116"
        },
        {
            "input": "835",
            "output": "697225"
        },
        {
            "input": "372",
            "output": "138384"
        },
        {
            "input": "25",
            "output": "625"
        },
        {
            "input": "334",
            "output": "111556"
        },
        {
            "input": "496",
            "output": "246016"
        },
        {
            "input": "588",
            "output": "345744"
        },
        {
            "input": "943",
            "output": "889249"
        },
        {
            "input": "785",
            "output": "616225"
        },
        {
            "input": "963",
            "output": "927369"
        },
        {
            "input": "313",
            "output": "97969"
        },
        {
            "input": "458",
            "output": "209764"
        },
        {
            "input": "153",
            "output": "23409"
        },
        {
            "input": "626",
            "output": "391876"
        },
        {
            "input": "660",
            "output": "435600"
        },
        {
            "input": "595",
            "output": "354025"
        },
        {
            "input": "100",
            "output": "10000"
        },
        {
            "input": "219",
            "output": "47961"
        },
        {
            "input": "729",
            "output": "531441"
        },
        {
            "input": "905",
            "output": "819025"
        },
        {
            "input": "417",
            "output": "173889"
        },
        {
            "input": "592",
            "output": "350464"
        },
        {
            "input": "375",
            "output": "140625"
        },
        {
            "input": "941",
            "output": "885481"
        },
        {
            "input": "629",
            "output": "395641"
        },
        {
            "input": "459",
            "output": "210681"
        },
        {
            "input": "818",
            "output": "669124"
        },
        {
            "input": "355",
            "output": "126025"
        },
        {
            "input": "12",
            "output": "144"
        },
        {
            "input": "381",
            "output": "145161"
        },
        {
            "input": "744",
            "output": "553536"
        },
        {
            "input": "978",
            "output": "956484"
        },
        {
            "input": "133",
            "output": "17689"
        },
        {
            "input": "625",
            "output": "390625"
        },
        {
            "input": "804",
            "output": "646416"
        },
        {
            "input": "210",
            "output": "44100"
        },
        {
            "input": "171",
            "output": "29241"
        },
        {
            "input": "925",
            "output": "855625"
        },
        {
            "input": "357",
            "output": "127449"
        },
        {
            "input": "248",
            "output": "61504"
        },
        {
            "input": "332",
            "output": "110224"
        },
        {
            "input": "35",
            "output": "1225"
        },
        {
            "input": "781",
            "output": "609961"
        },
        {
            "input": "478",
            "output": "228484"
        },
        {
            "input": "84",
            "output": "7056"
        },
        {
            "input": "450",
            "output": "202500"
        },
        {
            "input": "438",
            "output": "191844"
        },
        {
            "input": "195",
            "output": "38025"
        },
        {
            "input": "243",
            "output": "59049"
        },
        {
            "input": "163",
            "output": "26569"
        },
        {
            "input": "970",
            "output": "940900"
        },
        {
            "input": "642",
            "output": "412164"
        },
        {
            "input": "650",
            "output": "422500"
        },
        {
            "input": "27",
            "output": "729"
        },
        {
            "input": "213",
            "output": "45369"
        },
        {
            "input": "47",
            "output": "2209"
        },
        {
            "input": "165",
            "output": "27225"
        },
        {
            "input": "638",
            "output": "407044"
        },
        {
            "input": "247",
            "output": "61009"
        },
        {
            "input": "38",
            "output": "1444"
        },
        {
            "input": "962",
            "output": "925444"
        },
        {
            "input": "358",
            "output": "128164"
        },
        {
            "input": "483",
            "output": "233289"
        },
        {
            "input": "613",
            "output": "375769"
        },
        {
            "input": "58",
            "output": "3364"
        },
        {
            "input": "709",
            "output": "502681"
        },
        {
            "input": "671",
            "output": "450241"
        },
        {
            "input": "643",
            "output": "413449"
        },
        {
            "input": "934",
            "output": "872356"
        },
        {
            "input": "747",
            "output": "558009"
        },
        {
            "input": "227",
            "output": "51529"
        },
        {
            "input": "380",
            "output": "144400"
        },
        {
            "input": "158",
            "output": "24964"
        },
        {
            "input": "486",
            "output": "236196"
        },
        {
            "input": "170",
            "output": "28900"
        },
        {
            "input": "103",
            "output": "10609"
        },
        {
            "input": "967",
            "output": "935089"
        },
        {
            "input": "186",
            "output": "34596"
        },
        {
            "input": "101",
            "output": "10201"
        },
        {
            "input": "862",
            "output": "743044"
        },
        {
            "input": "767",
            "output": "588289"
        },
        {
            "input": "703",
            "output": "494209"
        },
        {
            "input": "331",
            "output": "109561"
        },
        {
            "input": "460",
            "output": "211600"
        },
        {
            "input": "853",
            "output": "727609"
        },
        {
            "input": "732",
            "output": "535824"
        },
        {
            "input": "515",
            "output": "265225"
        },
        {
            "input": "316",
            "output": "99856"
        },
        {
            "input": "958",
            "output": "917764"
        },
        {
            "input": "814",
            "output": "662596"
        },
        {
            "input": "235",
            "output": "55225"
        },
        {
            "input": "65",
            "output": "4225"
        },
        {
            "input": "826",
            "output": "682276"
        },
        {
            "input": "977",
            "output": "954529"
        },
        {
            "input": "32",
            "output": "1024"
        },
        {
            "input": "757",
            "output": "573049"
        },
        {
            "input": "955",
            "output": "912025"
        },
        {
            "input": "494",
            "output": "244036"
        },
        {
            "input": "204",
            "output": "41616"
        },
        {
            "input": "932",
            "output": "868624"
        },
        {
            "input": "956",
            "output": "913936"
        },
        {
            "input": "877",
            "output": "769129"
        },
        {
            "input": "605",
            "output": "366025"
        },
        {
            "input": "881",
            "output": "776161"
        },
        {
            "input": "827",
            "output": "683929"
        },
        {
            "input": "212",
            "output": "44944"
        },
        {
            "input": "888",
            "output": "788544"
        },
        {
            "input": "218",
            "output": "47524"
        },
        {
            "input": "645",
            "output": "416025"
        },
        {
            "input": "279",
            "output": "77841"
        },
        {
            "input": "644",
            "output": "414736"
        },
        {
            "input": "803",
            "output": "644809"
        },
        {
            "input": "6",
            "output": "36"
        },
        {
            "input": "868",
            "output": "753424"
        },
        {
            "input": "99",
            "output": "9801"
        },
        {
            "input": "707",
            "output": "499849"
        },
        {
            "input": "505",
            "output": "255025"
        },
        {
            "input": "527",
            "output": "277729"
        },
        {
            "input": "611",
            "output": "373321"
        },
        {
            "input": "162",
            "output": "26244"
        },
        {
            "input": "467",
            "output": "218089"
        },
        {
            "input": "327",
            "output": "106929"
        },
        {
            "input": "463",
            "output": "214369"
        },
        {
            "input": "998",
            "output": "996004"
        },
        {
            "input": "4",
            "output": "16"
        },
        {
            "input": "850",
            "output": "722500"
        },
        {
            "input": "346",
            "output": "119716"
        },
        {
            "input": "348",
            "output": "121104"
        },
        {
            "input": "933",
            "output": "870489"
        },
        {
            "input": "181",
            "output": "32761"
        },
        {
            "input": "623",
            "output": "388129"
        },
        {
            "input": "114",
            "output": "12996"
        },
        {
            "input": "765",
            "output": "585225"
        },
        {
            "input": "991",
            "output": "982081"
        },
        {
            "input": "845",
            "output": "714025"
        },
        {
            "input": "447",
            "output": "199809"
        },
        {
            "input": "857",
            "output": "734449"
        },
        {
            "input": "246",
            "output": "60516"
        },
        {
            "input": "449",
            "output": "201601"
        },
        {
            "input": "454",
            "output": "206116"
        },
        {
            "input": "865",
            "output": "748225"
        },
        {
            "input": "806",
            "output": "649636"
        },
        {
            "input": "534",
            "output": "285156"
        },
        {
            "input": "837",
            "output": "700569"
        },
        {
            "input": "376",
            "output": "141376"
        },
        {
            "input": "825",
            "output": "680625"
        },
        {
            "input": "388",
            "output": "150544"
        },
        {
            "input": "599",
            "output": "358801"
        },
        {
            "input": "335",
            "output": "112225"
        },
        {
            "input": "272",
            "output": "73984"
        },
        {
            "input": "408",
            "output": "166464"
        },
        {
            "input": "736",
            "output": "541696"
        },
        {
            "input": "271",
            "output": "73441"
        },
        {
            "input": "580",
            "output": "336400"
        },
        {
            "input": "126",
            "output": "15876"
        },
        {
            "input": "513",
            "output": "263169"
        },
        {
            "input": "669",
            "output": "447561"
        },
        {
            "input": "591",
            "output": "349281"
        },
        {
            "input": "147",
            "output": "21609"
        },
        {
            "input": "306",
            "output": "93636"
        },
        {
            "input": "802",
            "output": "643204"
        },
        {
            "input": "333",
            "output": "110889"
        },
        {
            "input": "409",
            "output": "167281"
        },
        {
            "input": "568",
            "output": "322624"
        },
        {
            "input": "37",
            "output": "1369"
        },
        {
            "input": "328",
            "output": "107584"
        },
        {
            "input": "957",
            "output": "915849"
        },
        {
            "input": "121",
            "output": "14641"
        },
        {
            "input": "197",
            "output": "38809"
        },
        {
            "input": "570",
            "output": "324900"
        },
        {
            "input": "192",
            "output": "36864"
        },
        {
            "input": "674",
            "output": "454276"
        },
        {
            "input": "499",
            "output": "249001"
        },
        {
            "input": "831",
            "output": "690561"
        },
        {
            "input": "479",
            "output": "229441"
        },
        {
            "input": "245",
            "output": "60025"
        },
        {
            "input": "715",
            "output": "511225"
        },
        {
            "input": "920",
            "output": "846400"
        },
        {
            "input": "964",
            "output": "929296"
        },
        {
            "input": "687",
            "output": "471969"
        },
        {
            "input": "362",
            "output": "131044"
        },
        {
            "input": "919",
            "output": "844561"
        },
        {
            "input": "688",
            "output": "473344"
        },
        {
            "input": "697",
            "output": "485809"
        },
        {
            "input": "154",
            "output": "23716"
        },
        {
            "input": "379",
            "output": "143641"
        },
        {
            "input": "794",
            "output": "630436"
        },
        {
            "input": "883",
            "output": "779689"
        },
        {
            "input": "746",
            "output": "556516"
        },
        {
            "input": "300",
            "output": "90000"
        },
        {
            "input": "256",
            "output": "65536"
        },
        {
            "input": "885",
            "output": "783225"
        },
        {
            "input": "648",
            "output": "419904"
        },
        {
            "input": "922",
            "output": "850084"
        },
        {
            "input": "251",
            "output": "63001"
        },
        {
            "input": "5",
            "output": "25"
        },
        {
            "input": "723",
            "output": "522729"
        },
        {
            "input": "88",
            "output": "7744"
        },
        {
            "input": "699",
            "output": "488601"
        },
        {
            "input": "236",
            "output": "55696"
        }
    ]
}