{
    "id": "subarray_sum_equals_k",
    "title": "Subarray Sum Equals K",
    "description": "Given an array of integers and an integer k, return the total number of continuous subarrays whose sum equals to k.",
    "input_format": "Space-separated integers representing the array on the first line, and the integer k on the second line.",
    "output_format": "An integer representing the count of subarrays.",
    "constraints": {
        "size": "1 <= size <= 2 * 10^4",
        "values": "-1000 <= val <= 1000",
        "k": "-10^7 <= k <= 10^7"
    },
    "judge_mode": "FIRST_FAIL",
    "time_limit": 1,
    "sample_test_cases": [
        {
            "input": "1 1 1\n2",
            "output": "2"
        }
    ],
    "hidden_test_cases": [
        {
            "input": "1 -1 -3 -3 -5 -4 -5\n10",
            "output": "0"
        },
        {
            "input": "-3 -3 -4 4\n0",
            "output": "1"
        },
        {
            "input": "5 4 4 1 -1 2 -4 -4 3 1 1\n4",
            "output": "4"
        },
        {
            "input": "-4 5 1\n5",
            "output": "1"
        },
        {
            "input": "-1 -5 -4 1 0 -3 4 -4 4 3 2 0\n8",
            "output": "0"
        },
        {
            "input": "4 1 -5 -1 -3 4 4 3\n-8",
            "output": "1"
        },
        {
            "input": "-5 -3 4 -2 -2 5 -3 -4 0 3 4 -1\n-1",
            "output": "6"
        },
        {
            "input": "5 -3 3 -4 2 2 -1 -2 5 1\n-5",
            "output": "0"
        },
        {
            "input": "-1 0 -3 -2 0 -1\n0",
            "output": "2"
        },
        {
            "input": "-4 0 -4 1 4 -4 0 -3 1 -5\n5",
            "output": "1"
        },
        {
            "input": "-3 -2 -3 -4 0 -4 -2 -3 -3 -3 -5 2 4 5 2\n-4",
            "output": "4"
        },
        {
            "input": "-5 5 -2\n8",
            "output": "0"
        },
        {
            "input": "-5 -1 4 4 3 4 -5 3 -4 -1\n-7",
            "output": "1"
        },
        {
            "input": "3 -3 -3 -1 -1 1 1 5 1 1\n-1",
            "output": "4"
        },
        {
            "input": "-4 -2 -1 1 5\n-6",
            "output": "2"
        },
        {
            "input": "1 4 -3 4 3 3 5 -1 -3 -5 4 -2\n-8",
            "output": "1"
        },
        {
            "input": "5 -1 5 -4 -1 -3\n3",
            "output": "0"
        },
        {
            "input": "-2 -2 -2 4 4\n0",
            "output": "1"
        },
        {
            "input": "2 -1 -2\n-7",
            "output": "0"
        },
        {
            "input": "-1 2 3 4\n-7",
            "output": "0"
        },
        {
            "input": "-4 -4 -1 -2 4 4 5 3\n2",
            "output": "2"
        },
        {
            "input": "0 0 -5\n-5",
            "output": "3"
        },
        {
            "input": "-3 0 -5 0 5 3\n-10",
            "output": "0"
        },
        {
            "input": "-4 5 0 1 -3 0 -1 1 3 3 -5\n10",
            "output": "0"
        },
        {
            "input": "2 -3 2 3 -1 4 -1\n-10",
            "output": "0"
        },
        {
            "input": "-3 -5 1 -1 -5 0 5 -5 -1 3 4 1 0 2\n7",
            "output": "8"
        },
        {
            "input": "-5 -4 0 -5\n-8",
            "output": "0"
        },
        {
            "input": "-5 -2 2 1 1\n3",
            "output": "1"
        },
        {
            "input": "4 1 1 -3 -4 -3 -2\n-8",
            "output": "1"
        },
        {
            "input": "-2 -1 1 -5 -1 5 -3\n-4",
            "output": "3"
        },
        {
            "input": "3 5 2 4 -5\n6",
            "output": "2"
        },
        {
            "input": "-5 5 1 1 2 4 4 3 3 2 -4 -1\n-1",
            "output": "1"
        },
        {
            "input": "5 5 -3 4 3 1 0 -5 3 5 1 -3 3\n-10",
            "output": "0"
        },
        {
            "input": "3 -2 4 1 -4\n-7",
            "output": "0"
        },
        {
            "input": "2 -3 -5 5 -4 3 1 1 -1 -3 -2 4 -5\n-4",
            "output": "7"
        },
        {
            "input": "-5 0 -5\n-10",
            "output": "1"
        },
        {
            "input": "3 4 2 1 0 1 -1 -3 -4 -2 -5 -3 3 -4 -3\n-4",
            "output": "8"
        },
        {
            "input": "-5 1 -2 -3 -4 -1 3 -2 -5 -5\n9",
            "output": "0"
        },
        {
            "input": "1 2 2\n0",
            "output": "0"
        },
        {
            "input": "-5 -5 1 -4 0 4 -2 3 -4 2 5 4 2 -3\n-4",
            "output": "5"
        },
        {
            "input": "-1 0 4 -4 -3 -3 3 4 2 3 1 5 -5\n-1",
            "output": "4"
        },
        {
            "input": "-2 4 -2 -5 -2 -3 0 -3 -5 3 -4 -3 -3 -1 2\n-3",
            "output": "7"
        },
        {
            "input": "-1 4 2 -2 -1 2 3 -4 2 -1 -3 -5 0 -2\n3",
            "output": "6"
        },
        {
            "input": "1 4 -2 2 1 -3 4\n4",
            "output": "4"
        },
        {
            "input": "-5 -1 3 -5\n7",
            "output": "0"
        },
        {
            "input": "4 5 3 1 -5 -3 1 2 3 3 -4 0\n7",
            "output": "1"
        },
        {
            "input": "1 3 4 3 -2 1 -4 -5 5 5 -1 -1 2 -4\n-3",
            "output": "5"
        },
        {
            "input": "5 2 0 2 -1\n4",
            "output": "1"
        },
        {
            "input": "1 4 -3 5 -3 -3\n-10",
            "output": "0"
        },
        {
            "input": "-1 -1 5 0 2 -2 2 3 0 0 -5 3 -4 4 2\n1",
            "output": "4"
        },
        {
            "input": "-1 2 -5 -4 4 5 -5 4 3 -3 0\n-7",
            "output": "1"
        },
        {
            "input": "2 -3 -1 3 5 1\n6",
            "output": "2"
        },
        {
            "input": "5 5 3 0 5 -3 5 -3\n10",
            "output": "3"
        },
        {
            "input": "-5 -4 4 -4 4 -4 0 -5 -3 5 -1 2 -1 1\n9",
            "output": "0"
        },
        {
            "input": "0 0 2 1\n-5",
            "output": "0"
        },
        {
            "input": "-3 -2 2\n-8",
            "output": "0"
        },
        {
            "input": "-1 -2 4 -1 0 0\n4",
            "output": "1"
        },
        {
            "input": "2 2 5 3 0 -2 4 1 2 1 0 3 -3 3\n10",
            "output": "4"
        },
        {
            "input": "-1 5 4 5\n-8",
            "output": "0"
        },
        {
            "input": "4 0 -2 -5 1 4\n7",
            "output": "0"
        },
        {
            "input": "-2 -2 -4 -3 -3 -1 1 -4 3 1 -2\n10",
            "output": "0"
        },
        {
            "input": "-3 5 0 -3 -4 3 1 3 1\n-8",
            "output": "0"
        },
        {
            "input": "0 2 1 -1 -1 -4 3 0\n8",
            "output": "0"
        },
        {
            "input": "2 0 -1 -5 3\n5",
            "output": "0"
        },
        {
            "input": "-5 4 -4 -1 -3 0 -3 1 -1 -3 5 -2 0 0\n-5",
            "output": "6"
        },
        {
            "input": "-1 3 -5 -5 5 -5 -3 -4 2 4 5 0 4\n3",
            "output": "3"
        },
        {
            "input": "2 -3 0 -5 5 0 4 -4 2 2 -3 -3\n6",
            "output": "1"
        },
        {
            "input": "-2 1 1 3\n3",
            "output": "2"
        },
        {
            "input": "3 4 1 -2 -4 -1 -3 4 2\n-8",
            "output": "1"
        },
        {
            "input": "-4 1 0\n9",
            "output": "0"
        },
        {
            "input": "0 -5 4 -5 4 -4 1 5 5 -1 -1\n1",
            "output": "3"
        },
        {
            "input": "-4 1 -4 -5 2 5 -2 5 3 -2 4 3 -3\n-10",
            "output": "1"
        },
        {
            "input": "-1 5 -5 3 5 -1 -1 3 5 -4 -3 3 -2\n10",
            "output": "4"
        },
        {
            "input": "-3 -2 -5 1 2 4 4 -3 -3 4 -2 2 -5 4\n8",
            "output": "5"
        },
        {
            "input": "-2 4 5 2 -5\n2",
            "output": "3"
        },
        {
            "input": "1 -4 -4\n3",
            "output": "0"
        },
        {
            "input": "1 4 -2 -3 4 2 -1 2 2 -2\n2",
            "output": "8"
        },
        {
            "input": "-3 3 -5 -5 -1 5 -3 -3 2 -4\n2",
            "output": "2"
        },
        {
            "input": "4 1 -5 5 -5\n5",
            "output": "3"
        },
        {
            "input": "-5 1 -1 -4\n-5",
            "output": "3"
        },
        {
            "input": "-4 3 1 -1 -1 5 -1 5 0 2 1 4 3 -2\n5",
            "output": "5"
        },
        {
            "input": "-2 -1 3 -1 5 -5 3 -3 5\n-6",
            "output": "0"
        },
        {
            "input": "1 -3 3 3 2 -2 -4 1 5\n-3",
            "output": "3"
        },
        {
            "input": "1 1 2\n-5",
            "output": "0"
        },
        {
            "input": "-4 -2 0 -5 -3\n-1",
            "output": "0"
        },
        {
            "input": "-5 -5 -1 -1 3\n6",
            "output": "0"
        },
        {
            "input": "1 -4 -4 -2 -4 4\n-7",
            "output": "1"
        },
        {
            "input": "0 -4 0 -1 0 2 -3 3 0 -3 1 5\n-10",
            "output": "0"
        },
        {
            "input": "0 -3 4 -1 -1 -4\n9",
            "output": "0"
        },
        {
            "input": "2 -5 -2 3 3 2 2 5 -3\n-9",
            "output": "0"
        },
        {
            "input": "-1 2 -5 4 -4 -5 2 4\n4",
            "output": "2"
        },
        {
            "input": "-4 2 4 4 5 0 -1 -5 -2 5 -4 4 -4 2 5\n-9",
            "output": "0"
        },
        {
            "input": "3 5 1\n0",
            "output": "0"
        },
        {
            "input": "4 -1 3 -1 -1 3 -3 4 5 4 0 2 -1\n-5",
            "output": "0"
        },
        {
            "input": "-1 -1 5 -5 -5 3 -3 4 -5 2\n9",
            "output": "0"
        },
        {
            "input": "2 -3 5 -5\n-7",
            "output": "0"
        },
        {
            "input": "5 -2 5 1 -2 2 -4\n7",
            "output": "1"
        },
        {
            "input": "5 -2 3 -5 4 -3 -2 -5 -3\n7",
            "output": "0"
        },
        {
            "input": "-2 -4 -1 3 5 4 0 1\n10",
            "output": "1"
        },
        {
            "input": "5 -1 2 -2 5 -2\n3",
            "output": "3"
        },
        {
            "input": "-1 5 4 0 5 -2 3 3 -4 4 -1 3\n1",
            "output": "1"
        },
        {
            "input": "-3 -5 -1 2 -1 -5 2 -1\n6",
            "output": "0"
        },
        {
            "input": "-1 -1 -4 -5 -1 5 3 -4 4\n-6",
            "output": "4"
        },
        {
            "input": "5 -4 -4 2 3 -5 -5 -4 -2 -2 -1 1 1 3 2\n-3",
            "output": "5"
        },
        {
            "input": "1 1 -4 1\n2",
            "output": "1"
        },
        {
            "input": "4 -2 -3 1 -5 4\n-1",
            "output": "3"
        },
        {
            "input": "3 4 -2 1 4 -4 -4 -2\n-9",
            "output": "0"
        },
        {
            "input": "5 5 5 4 0\n-5",
            "output": "0"
        },
        {
            "input": "-5 -3 -3 1 5\n9",
            "output": "0"
        },
        {
            "input": "2 4 -5 -5 -2 -1 4 5 1 -4 2 -3 1 1\n-9",
            "output": "2"
        },
        {
            "input": "-3 -5 -1 -5 1 -2 -5 5\n4",
            "output": "0"
        },
        {
            "input": "-5 2 5 0 4 3 4 -1 4 1 5 -1 4 -2 -3\n5",
            "output": "5"
        },
        {
            "input": "2 1 4 2 -3 -3 1 2 4 1 3 -5\n4",
            "output": "8"
        },
        {
            "input": "1 -1 0\n-4",
            "output": "0"
        },
        {
            "input": "-1 -5 1 -2 0 1 5 -3 3 -3 -3 0 -5 -1\n7",
            "output": "0"
        },
        {
            "input": "2 -4 -1 2 -1 1 5 -3 4 -5 -2 -4 -4\n0",
            "output": "5"
        },
        {
            "input": "1 0 5 -3 -5 -2\n2",
            "output": "2"
        },
        {
            "input": "-2 -4 4 3 -2\n7",
            "output": "1"
        },
        {
            "input": "5 3 -4 3 -5 5 3 4 -4 -4 3 1 4 -3\n5",
            "output": "8"
        },
        {
            "input": "-5 2 -1 3\n-9",
            "output": "0"
        },
        {
            "input": "-3 -3 -5 -5 -4 4 1 3 -2 4 -3 -4 0\n2",
            "output": "4"
        },
        {
            "input": "4 -4 -3\n1",
            "output": "0"
        },
        {
            "input": "-3 -4 5 -5 3 1 -1 -4 -5\n-5",
            "output": "4"
        },
        {
            "input": "0 2 -5 2 0 4 4 -3 2 -4 5 -3\n-7",
            "output": "0"
        },
        {
            "input": "5 -2 -2 2 1 0 -3 1 3\n-4",
            "output": "2"
        },
        {
            "input": "0 -1 -4 4 0 -3 -4 1 3 1 -3 5 2 2\n-1",
            "output": "9"
        },
        {
            "input": "5 5 -4 4 4\n2",
            "output": "0"
        },
        {
            "input": "-4 -4 5 2 4 5 -4 -4 1 -5 0 -1 1\n1",
            "output": "6"
        },
        {
            "input": "1 3 2 3 0 -4 -5 1 3 4 3 4\n-2",
            "output": "1"
        },
        {
            "input": "3 3 -1 -5 -5 1 -3 1 -1 5 1 0 -1\n-6",
            "output": "5"
        },
        {
            "input": "2 4 -4 0 0\n-2",
            "output": "0"
        },
        {
            "input": "2 -3 -5\n-5",
            "output": "1"
        },
        {
            "input": "2 2 -1 -4 4 -4 1 -3\n-3",
            "output": "6"
        },
        {
            "input": "0 1 3 -2 -1\n-1",
            "output": "1"
        },
        {
            "input": "-5 2 3 -5 3 -4 2 -1 2 5\n6",
            "output": "1"
        },
        {
            "input": "-5 2 -1 -3 -5 1\n-9",
            "output": "1"
        },
        {
            "input": "3 -1 1 0\n-1",
            "output": "1"
        },
        {
            "input": "1 -4 -5 4 3 -3 4 2 3 2 5\n7",
            "output": "4"
        },
        {
            "input": "-5 -2 -3 4 0 -2 -4 -1 1 -4 -4 3 -2 -5 -3\n3",
            "output": "1"
        },
        {
            "input": "-3 3 -5 2 -5 -1 -2 -4 -2 0 5 2 -1 -2\n-5",
            "output": "6"
        },
        {
            "input": "-1 3 4 -5 5 4 4 1\n-10",
            "output": "0"
        },
        {
            "input": "0 -3 -1 -5 -3 -1 0 5 -4 -1\n10",
            "output": "0"
        },
        {
            "input": "2 4 2 -5 4 4\n6",
            "output": "2"
        },
        {
            "input": "-2 5 -1 0 3 3 -2 -4 2 -3\n-1",
            "output": "7"
        },
        {
            "input": "-3 3 1 -1 3 4 -4 5 -1\n7",
            "output": "7"
        },
        {
            "input": "1 2 -5 -4 -4 5 -1 -3 3 2 -3\n6",
            "output": "1"
        },
        {
            "input": "-5 -4 -1\n7",
            "output": "0"
        },
        {
            "input": "3 3 2 0 1 4 4 5 -3 0 -3 4\n0",
            "output": "2"
        },
        {
            "input": "-1 3 -4\n-2",
            "output": "1"
        },
        {
            "input": "-3 1 -2 -1 -2 -5 4 -2 -2 5 2\n2",
            "output": "3"
        },
        {
            "input": "-1 -1 0 0 0 5 0 3 -4 5 0 0 -2 -1\n2",
            "output": "4"
        },
        {
            "input": "0 1 -1 0 3 4 1 0 -1\n-8",
            "output": "0"
        },
        {
            "input": "-2 -3 -3 -4 -1 -5 3 1\n2",
            "output": "0"
        },
        {
            "input": "-2 -3 -1 -1 1 -4\n1",
            "output": "1"
        },
        {
            "input": "2 5 -4 -5 0 2 -5 -4\n9",
            "output": "0"
        },
        {
            "input": "-4 4 4 -5 3 0 0 -3 -5 -1\n6",
            "output": "3"
        },
        {
            "input": "1 3 -5 -3 -1 -3 2 -3 3 -2 -5\n-4",
            "output": "6"
        },
        {
            "input": "-4 -2 -2 2 2 3 4 2\n4",
            "output": "2"
        },
        {
            "input": "-3 2 5 5 -1 2 -2\n7",
            "output": "1"
        },
        {
            "input": "3 -5 -5 -2 0 -1 1 -1 -1 2 4 -5 2 0\n1",
            "output": "12"
        },
        {
            "input": "2 4 -4 5 -4\n5",
            "output": "2"
        },
        {
            "input": "5 -2 4\n-1",
            "output": "0"
        },
        {
            "input": "-5 -4 -5 -1 -4 -1 -2 2\n-10",
            "output": "2"
        },
        {
            "input": "0 -3 3 0 1 3 5 -5 4 2 -2 -3 -1 4\n5",
            "output": "5"
        },
        {
            "input": "-5 5 -2 4 -1 3 -4 0 4\n4",
            "output": "7"
        },
        {
            "input": "-5 -5 -4 -2 -5 -4 -3 5 -2 -3 3 -5 5 1\n-9",
            "output": "7"
        },
        {
            "input": "-2 -5 -5\n-4",
            "output": "0"
        },
        {
            "input": "-5 -4 -5 -3\n-3",
            "output": "1"
        },
        {
            "input": "4 -3 -4 4 3 3 2 2\n-8",
            "output": "0"
        },
        {
            "input": "4 3 0 -1 -2 2 -5 3 -5 2 3 2 4\n9",
            "output": "2"
        },
        {
            "input": "5 -4 -1 5 -2 -5 5 3 0 -4\n9",
            "output": "0"
        },
        {
            "input": "4 -2 -4 -1 5 1 3\n3",
            "output": "2"
        },
        {
            "input": "-2 -1 -5 0 -5 3\n-8",
            "output": "3"
        },
        {
            "input": "2 -5 5 0 1 3 1 -3 -3 -5 5 5 5 -1\n9",
            "output": "7"
        },
        {
            "input": "2 -2 -1 -5 3 0 -5 0\n10",
            "output": "0"
        },
        {
            "input": "5 0 0 -4 -1\n6",
            "output": "0"
        },
        {
            "input": "-2 0 -3 1 -1 -5 4 2\n-1",
            "output": "3"
        },
        {
            "input": "-4 -4 -3 3 2\n-7",
            "output": "1"
        },
        {
            "input": "1 0 1 -5\n-2",
            "output": "0"
        },
        {
            "input": "-5 -1 -5 1 4 -1 -1 0 -5 -5 -4 -4 -1 -1\n-2",
            "output": "7"
        },
        {
            "input": "-4 -5 4\n-9",
            "output": "1"
        },
        {
            "input": "-2 -5 -5 0 2 1 -4 0 -3\n1",
            "output": "1"
        },
        {
            "input": "0 -1 2 -5 -2 0 2 -1 0 4 2 0\n5",
            "output": "6"
        },
        {
            "input": "5 -4 1 -2 5\n4",
            "output": "1"
        },
        {
            "input": "-1 -3 -5 4 -5 -1 0\n6",
            "output": "0"
        },
        {
            "input": "1 -1 4 1 4 1 5 -2 -2 1 0\n1",
            "output": "6"
        },
        {
            "input": "2 -4 2 2 5 4 4 -5 1\n10",
            "output": "2"
        },
        {
            "input": "1 4 1 -2 0 1 -5\n9",
            "output": "0"
        },
        {
            "input": "0 -5 -2 2 2 0 4 -5 -3 -4 -3\n2",
            "output": "5"
        },
        {
            "input": "0 1 5\n-3",
            "output": "0"
        },
        {
            "input": "-2 -1 -3\n2",
            "output": "0"
        },
        {
            "input": "-4 -3 2 3 -5 0 -4\n-1",
            "output": "1"
        },
        {
            "input": "-1 -1 1 0 -4 1 -2 -5 5\n0",
            "output": "4"
        },
        {
            "input": "2 -3 5 -4 -5 -3 2 -4 0\n-9",
            "output": "3"
        },
        {
            "input": "4 4 -3 4 -3 1 -2 1 -4 5 -1\n1",
            "output": "11"
        },
        {
            "input": "-4 0 4 1 -4 -5\n3",
            "output": "0"
        },
        {
            "input": "-4 1 -1 0 0 5 -1 -3 1 5 3 -2 -1\n-4",
            "output": "5"
        },
        {
            "input": "1 2 1 1 1 -4 0 2 5 1 -5 2 3 2\n-3",
            "output": "3"
        },
        {
            "input": "-3 -3 4 1 0 5 3 3 4 5 2 -5 3 5 -4\n5",
            "output": "8"
        },
        {
            "input": "-2 2 5 1 -4 4 -3 -5 0 -1\n6",
            "output": "4"
        },
        {
            "input": "-2 -5 4 -4 -1 5\n-10",
            "output": "0"
        },
        {
            "input": "-4 1 -5\n0",
            "output": "0"
        },
        {
            "input": "-5 3 -1 4 3\n0",
            "output": "0"
        },
        {
            "input": "-5 4 -1 1 2 -1\n7",
            "output": "0"
        },
        {
            "input": "-1 3 1 1\n5",
            "output": "1"
        },
        {
            "input": "-4 -2 -5 3 -3 -3 2 0 -4 4 -5 -1 4 3\n5",
            "output": "1"
        },
        {
            "input": "-1 -4 1\n3",
            "output": "0"
        },
        {
            "input": "4 -2 4 5 -4 5 1 2 3\n-2",
            "output": "1"
        },
        {
            "input": "-3 5 -1 -4 -4 -3 2 -5 0 4 1\n6",
            "output": "0"
        },
        {
            "input": "1 5 3 -2 -4 -3 4 1\n-4",
            "output": "2"
        },
        {
            "input": "-5 3 3 -2 -4 4 5 -3 -1 -1\n10",
            "output": "0"
        },
        {
            "input": "-1 -2 -2 -5 -2 3 4 2 3 -3 -4 0\n0",
            "output": "6"
        },
        {
            "input": "-5 5 5 -3\n-8",
            "output": "0"
        },
        {
            "input": "5 0 -1 3 -3 3 -4 -5 3 1 1\n9",
            "output": "0"
        },
        {
            "input": "1 3 3 5 -2 -3 -5\n10",
            "output": "1"
        },
        {
            "input": "-4 5 2 4 2 -3 -2 -4 -1 -3\n5",
            "output": "2"
        },
        {
            "input": "-3 -3 3 0 0 1 -4 4 3 -2 -5\n-3",
            "output": "13"
        },
        {
            "input": "1 -1 -5 4\n-6",
            "output": "1"
        },
        {
            "input": "1 -3 3 -3 -3 -1 -4 2 3 5 3 4 5 3 -1\n7",
            "output": "3"
        },
        {
            "input": "-1 1 -1 -1\n-10",
            "output": "0"
        },
        {
            "input": "-2 2 5 1 -2\n-9",
            "output": "0"
        },
        {
            "input": "3 -2 -2 -1 0 5 3 -5 -3 -2 2\n-10",
            "output": "1"
        },
        {
            "input": "1 4 2 -3 -1 2 -3 4 -3 5 0 -4 4\n-6",
            "output": "0"
        },
        {
            "input": "3 3 -2 -2 4 -5 3 3 -1 -4 -5 -2 4 0\n9",
            "output": "0"
        },
        {
            "input": "5 -4 0 0 -4\n-7",
            "output": "0"
        },
        {
            "input": "3 -3 5 -3 1 5\n-6",
            "output": "0"
        },
        {
            "input": "-5 0 4 1 -3 5 0 -2 -2 0 -4 0 2 -1\n-4",
            "output": "12"
        },
        {
            "input": "1 -3 2 2 -1 -2\n-1",
            "output": "4"
        },
        {
            "input": "5 -2 4 -1 3 3 5 0 4 0 -2 -5 5 3\n-1",
            "output": "1"
        },
        {
            "input": "-4 -2 -1 -1 3 2 2 -3\n-7",
            "output": "1"
        },
        {
            "input": "4 0 5 -2 5 0 2 4 2 3 0 2 3\n5",
            "output": "10"
        },
        {
            "input": "2 4 -4 -2 -3 0 1\n6",
            "output": "1"
        },
        {
            "input": "-3 -2 0 2 1 5 3 0 -5 -4 -3 3 -2\n-4",
            "output": "3"
        },
        {
            "input": "5 -1 -1 4 -5 5 5 -2 3 -4 -4 5\n-7",
            "output": "1"
        },
        {
            "input": "-2 -3 -2 0 -4 -1 0 -2 2 -1 5 -1 1 -1 2\n1",
            "output": "4"
        },
        {
            "input": "-1 1 -2 -3 1\n-3",
            "output": "2"
        },
        {
            "input": "2 0 0 2 -3\n-2",
            "output": "0"
        },
        {
            "input": "2 4 -5 -4 1 5 -4 -1 -1 3 1 -2 5\n9",
            "output": "0"
        },
        {
            "input": "1 -3 -3 -5 -3\n-2",
            "output": "1"
        },
        {
            "input": "-5 3 5 -2 -3 5 -5 -4 5 -4 3\n10",
            "output": "0"
        },
        {
            "input": "2 5 5 4 -1 2 4 2 1 -5 4 -1\n-3",
            "output": "0"
        },
        {
            "input": "-5 0 -3 -2 5 5\n-1",
            "output": "0"
        },
        {
            "input": "-3 5 -5\n-7",
            "output": "0"
        },
        {
            "input": "-3 -1 -5 3 4 4 -2 5 5\n7",
            "output": "2"
        },
        {
            "input": "0 -1 0 2 4 2 0 2 1 0 0 5\n7",
            "output": "4"
        },
        {
            "input": "-2 3 4 4 -1 -4 3\n4",
            "output": "3"
        },
        {
            "input": "3 0 3 5 -3 -2 -4 1 4 3 4 0 -5 0 0\n6",
            "output": "13"
        },
        {
            "input": "0 0 2 2 3 -2 2 -4 -2\n5",
            "output": "5"
        },
        {
            "input": "-4 0 4 4 3 4 4 5 3 -3\n-2",
            "output": "0"
        },
        {
            "input": "4 -5 0 -4 -5 0\n-6",
            "output": "0"
        },
        {
            "input": "-2 0 -2\n-5",
            "output": "0"
        },
        {
            "input": "-2 0 3 0 -3\n1",
            "output": "2"
        },
        {
            "input": "3 -5 2 3 5 1 1 -4 -4 2 4 -4 -5 0 -4\n4",
            "output": "6"
        },
        {
            "input": "-3 -5 -1 -5 5 2 -4 -1 5 -5 1 -5 -5 3\n5",
            "output": "2"
        },
        {
            "input": "1 4 -3 2 -5\n10",
            "output": "0"
        },
        {
            "input": "5 -5 -2 5 -1 5 3 -2 -3\n8",
            "output": "3"
        },
        {
            "input": "0 -2 4 1 3 0 1 -3 1 2 -5\n-8",
            "output": "0"
        },
        {
            "input": "-1 -2 -5 3 0 0 0 -2\n-8",
            "output": "1"
        },
        {
            "input": "-2 -4 -4 -5\n8",
            "output": "0"
        },
        {
            "input": "1 -4 2 1 0 -2 -5 -1 -5 3 2\n-2",
            "output": "5"
        },
        {
            "input": "1 3 -2 -2 3 3\n-4",
            "output": "1"
        },
        {
            "input": "-1 4 -5 0\n6",
            "output": "0"
        },
        {
            "input": "-3 1 2 -5 -2 -2 5 -2 5 0 0 4 4 4\n7",
            "output": "3"
        },
        {
            "input": "3 1 3 -1 4\n4",
            "output": "3"
        },
        {
            "input": "1 -1 2 3 1 -1 0 -1 1 -1 4\n-1",
            "output": "11"
        },
        {
            "input": "4 4 1 -3 -3 0 -5 4 3 -2 -4 5 -3 -5 2\n0",
            "output": "5"
        },
        {
            "input": "4 2 0 -2 -3 -4 1 -4 3 4\n-6",
            "output": "3"
        },
        {
            "input": "4 -1 -3 -4 -4\n-5",
            "output": "0"
        },
        {
            "input": "-2 4 -4 -3 -2 1\n3",
            "output": "0"
        },
        {
            "input": "-3 -3 1 -2 4 1 0 4 2 -3\n-6",
            "output": "1"
        },
        {
            "input": "-1 -5 -5 2 2\n3",
            "output": "0"
        },
        {
            "input": "5 2 -4 -2 0 5 -3 5 0 2 4 -5 3 0\n1",
            "output": "7"
        },
        {
            "input": "-1 4 -1 -2 5 5 4 -1 3 1\n-9",
            "output": "0"
        },
        {
            "input": "-3 -2 5 -2 1\n1",
            "output": "2"
        },
        {
            "input": "0 -3 5 -2 -4\n-3",
            "output": "2"
        },
        {
            "input": "-2 -5 1 -3 4\n4",
            "output": "1"
        },
        {
            "input": "2 -1 4 4 -3 -1 3 4 -5 -5 -5 -5 -5\n-7",
            "output": "1"
        },
        {
            "input": "-5 -4 -5 -5 0 5 -2 -4 -2\n4",
            "output": "0"
        },
        {
            "input": "3 0 5 -1 0 3 -4 3 5 0 -3 -5 -4 0\n9",
            "output": "1"
        },
        {
            "input": "-5 -4 -1 -2 -1 1 4 -5 -4 -1 -2 0\n-7",
            "output": "7"
        },
        {
            "input": "-5 -5 -4 1 2 1 -1 4 -4\n-10",
            "output": "2"
        },
        {
            "input": "-2 -3 -3 3 -1 3 -5 -1\n-8",
            "output": "2"
        },
        {
            "input": "-2 0 -3 0\n-10",
            "output": "0"
        },
        {
            "input": "4 -4 -3\n0",
            "output": "1"
        },
        {
            "input": "0 4 5 3 3\n5",
            "output": "1"
        },
        {
            "input": "-5 3 1 -1 1 -3 5 -5 -4\n2",
            "output": "2"
        },
        {
            "input": "-3 4 -2 5 -4\n2",
            "output": "1"
        },
        {
            "input": "2 1 -4 0 0 1 -4 3 -4 4 4\n-5",
            "output": "2"
        },
        {
            "input": "1 -2 3 5 -5 3 -5 -1 4 5 -2 0 0\n-2",
            "output": "9"
        },
        {
            "input": "2 -5 -4 1 -3 -2 4 -1 -3 1\n-5",
            "output": "4"
        },
        {
            "input": "-5 0 -2 -5 2 0 4 -4 3 -4 0 2 2 -5\n2",
            "output": "6"
        },
        {
            "input": "1 0 -3 -5 4 2 4 2 -4 1 -1 4\n-5",
            "output": "1"
        },
        {
            "input": "4 5 5 2 0 -1 3 1 3 -3 -3 -4 2 1 3\n-3",
            "output": "5"
        },
        {
            "input": "0 4 1 5 -4 -4 3 4 5 -3 -2\n-9",
            "output": "0"
        },
        {
            "input": "-4 4 -4 -2 1 -5 2 4 -1 4 4 5\n-3",
            "output": "1"
        },
        {
            "input": "0 -2 5 5 -5 0 -4 3 -3\n2",
            "output": "2"
        },
        {
            "input": "-2 0 -4 -5 -4 4 5 0 -5 1 5 -2 0\n-2",
            "output": "4"
        },
        {
            "input": "-5 -5 2 -3 1 0 -1 5\n4",
            "output": "3"
        },
        {
            "input": "2 0 0 -1 -3\n-10",
            "output": "0"
        },
        {
            "input": "1 1 -1 -5 3 1 -1 -3 -1 -4 -1 2 3\n-7",
            "output": "4"
        },
        {
            "input": "2 -3 3 2 3 -2 1 -4 -1 4 4 4 -5\n-9",
            "output": "0"
        },
        {
            "input": "-2 3 3\n-1",
            "output": "0"
        },
        {
            "input": "-4 -1 -5 2 2 -3 5 5 0 -4 -1 4\n5",
            "output": "8"
        },
        {
            "input": "4 5 -1 1 0 -3 5 0 -4 1\n-1",
            "output": "5"
        },
        {
            "input": "0 -5 -2 2 -5 4 3 -1\n0",
            "output": "2"
        },
        {
            "input": "-4 3 2 -3 1 3 4 1 4 -4 -3 -1 -5 -5 -5\n3",
            "output": "6"
        },
        {
            "input": "-5 -1 -1 -5 -1 -1 2 3 -1 3 -3 4 3 4 -4\n10",
            "output": "3"
        },
        {
            "input": "1 2 1 -5 -3 1 0 0 -1 1 -1 -4 5\n-8",
            "output": "4"
        },
        {
            "input": "2 4 -2 0 2 0 -5 4 -1 0\n-9",
            "output": "0"
        },
        {
            "input": "1 -5 0 3 -5 -1 0 1 1 3 1 -5 -1 0 -2\n-10",
            "output": "1"
        },
        {
            "input": "-3 -3 -2\n10",
            "output": "0"
        },
        {
            "input": "4 -4 -5 -1 -3 5 4 3 -1 -3 4 0 -5 4 2\n-8",
            "output": "1"
        },
        {
            "input": "3 1 4\n3",
            "output": "1"
        },
        {
            "input": "0 -4 0 3 -5 -3 1 -5 2 3 5 -1 3 -4 -5\n-1",
            "output": "9"
        },
        {
            "input": "-2 -4 1 3 -2 -2 1 -3 3 -4 4 -2 -4\n-10",
            "output": "0"
        },
        {
            "input": "0 5 3 4\n2",
            "output": "0"
        },
        {
            "input": "1 -3 -2 -2 -1\n7",
            "output": "0"
        },
        {
            "input": "1 0 -3 -2 -2 -2 -1 -1 3\n-8",
            "output": "4"
        },
        {
            "input": "0 -5 2 3 4 -2 -5\n-5",
            "output": "3"
        },
        {
            "input": "1 4 -4 5 1 2 -3 2 4 3 -1 -3 0 1\n-1",
            "output": "5"
        },
        {
            "input": "-3 -3 -3 -3 1 0 4 1 2 4 -4 3 -5 -4\n-1",
            "output": "6"
        },
        {
            "input": "-5 -4 -4 5 -2 -2 -1 5 -4\n4",
            "output": "1"
        },
        {
            "input": "-1 2 -2 -4 1 2 4 5 4 -3 3 3\n-8",
            "output": "0"
        },
        {
            "input": "5 -2 1 3 1 -1 -1 1 -3 -4 -1\n-7",
            "output": "4"
        },
        {
            "input": "0 -1 -3 -2 4 -1 -2 2\n3",
            "output": "2"
        },
        {
            "input": "-4 3 4 2 0 -5 -1 -3 -4 -5 1\n0",
            "output": "4"
        },
        {
            "input": "-3 4 5\n4",
            "output": "1"
        },
        {
            "input": "3 4 2\n8",
            "output": "0"
        },
        {
            "input": "-2 0 3 2 -2 -5 -4\n-1",
            "output": "0"
        },
        {
            "input": "4 5 -3 -2 5 0 0\n-2",
            "output": "1"
        },
        {
            "input": "1 -4 0 1 -2 -1 1 1\n5",
            "output": "0"
        },
        {
            "input": "5 -4 5 -2 1 -4 4 3 -2 0 4 -3 4\n10",
            "output": "3"
        },
        {
            "input": "0 1 2 -5 -1 4\n7",
            "output": "0"
        },
        {
            "input": "-1 -1 -3 2 3 3 4\n-8",
            "output": "0"
        },
        {
            "input": "3 -5 -1 4 0 1 4 -5 2 -4 -5 3 2 -5 -1\n-10",
            "output": "2"
        },
        {
            "input": "0 3 4 4 0 -4 1 -1 -5 2 2\n0",
            "output": "5"
        },
        {
            "input": "-1 2 -2 0 -2 2 0 -3 5 -3\n10",
            "output": "0"
        },
        {
            "input": "0 -2 4 -4 5 0 1 1\n-3",
            "output": "0"
        },
        {
            "input": "-5 -3 1\n7",
            "output": "0"
        },
        {
            "input": "-1 -4 -1 -3 2 -2 -2 4 3 -1 5 1 -2 1\n7",
            "output": "6"
        },
        {
            "input": "-3 -2 -2 -3 -2 -3\n2",
            "output": "0"
        },
        {
            "input": "5 1 1 -1 -5 2 -4 5 3 5 1\n-2",
            "output": "4"
        },
        {
            "input": "2 4 -5\n-1",
            "output": "1"
        },
        {
            "input": "1 3 -4 -5 -2 -2 2 2 -5 1 2 -2 0 0 -5\n-6",
            "output": "2"
        },
        {
            "input": "1 2 0 -5 -2\n-10",
            "output": "0"
        },
        {
            "input": "2 5 0 -2 1 -2 -4 3 4 1\n8",
            "output": "2"
        },
        {
            "input": "-1 3 1 -1 -4 1 1 -3 1 -2 3 -5 5 -4\n3",
            "output": "5"
        },
        {
            "input": "-1 0 1\n-7",
            "output": "0"
        },
        {
            "input": "-2 3 1 -5 -1 1 3 -4 4 1 0 -4 4\n-6",
            "output": "2"
        },
        {
            "input": "-2 5 -3 0 1 -2 -5 -3 -3\n-5",
            "output": "1"
        },
        {
            "input": "2 1 -3 -2 0 3 -2 1 -5 2 -1 3 1 1 0\n10",
            "output": "0"
        },
        {
            "input": "3 1 -4 -5 2 4 -1 3 -2 0 -1 1 0 -5 -4\n-6",
            "output": "1"
        },
        {
            "input": "2 -2 4 -4 4 -3 2 -5 -5 5\n-2",
            "output": "8"
        },
        {
            "input": "5 -5 -4\n-2",
            "output": "0"
        },
        {
            "input": "1 1 -1 3 -5 3 -5 3 -1 0 -1 -1 2\n-10",
            "output": "0"
        },
        {
            "input": "5 -3 4 -4 -2 -5\n-9",
            "output": "0"
        },
        {
            "input": "-4 -1 -1\n7",
            "output": "0"
        },
        {
            "input": "-1 1 1 -3 5 2 -2 -5 -4 5 4 3\n0",
            "output": "6"
        },
        {
            "input": "4 -1 -2 1 0 5 2 5 3 -2 -1 -1\n-7",
            "output": "0"
        },
        {
            "input": "-1 1 0 3 -1 2 2\n5",
            "output": "1"
        },
        {
            "input": "2 -1 5 -4 -5 3 1 -4 -1 1 1\n6",
            "output": "1"
        },
        {
            "input": "5 1 1 -2\n0",
            "output": "1"
        },
        {
            "input": "-1 -2 2 2 -2 4 -1 4 -1 -4 -4 -1 3\n-2",
            "output": "8"
        },
        {
            "input": "5 1 -1 0 -1 -1 -5\n7",
            "output": "0"
        },
        {
            "input": "-2 5 0 -1 -2 3 -2 0 -3 -1 3 -1 1\n1",
            "output": "8"
        },
        {
            "input": "-1 5 -4 -3 1 -2 1 -2 -5 5\n0",
            "output": "3"
        },
        {
            "input": "-5 2 5 0 2\n-2",
            "output": "0"
        },
        {
            "input": "-4 1 -2 0 -5 -3 3 -3 2 0 3 0 -5 0\n1",
            "output": "1"
        },
        {
            "input": "1 0 0 3 -5 2 -4\n8",
            "output": "0"
        },
        {
            "input": "1 2 -4 -2\n4",
            "output": "0"
        },
        {
            "input": "-3 -5 4 4 0 5 4 -3 4 -1 1 1 -2 -1 0\n-8",
            "output": "1"
        },
        {
            "input": "-1 5 0\n9",
            "output": "0"
        },
        {
            "input": "2 -5 -4 1\n-4",
            "output": "1"
        },
        {
            "input": "-3 -2 -1 -3 3 -5 -1 3 5 1 -1 -4 2 1 2\n3",
            "output": "11"
        },
        {
            "input": "4 4 4 -5 -5 -1 -5 4 -3 -3 1 -2\n3",
            "output": "1"
        },
        {
            "input": "-5 5 -3 -4 -3 2\n1",
            "output": "0"
        },
        {
            "input": "0 5 -5 1 1 -5\n3",
            "output": "0"
        },
        {
            "input": "4 5 -3 1 0\n2",
            "output": "1"
        },
        {
            "input": "2 -2 -2 4 1\n3",
            "output": "2"
        },
        {
            "input": "-3 -2 -3 2 -2 -4 2 2\n0",
            "output": "3"
        },
        {
            "input": "5 2 4 2 5 5 5\n-7",
            "output": "0"
        },
        {
            "input": "-4 -2 1 2 2 2 -4 -5 1 -4 3 2 0\n-2",
            "output": "7"
        },
        {
            "input": "-2 5 -2 3 3 -4 5 5 5 1 -1 -4 3 -4\n-8",
            "output": "0"
        },
        {
            "input": "-3 1 -3 4 -4 0 5 -5 3 4 -5 0 2 1\n-9",
            "output": "0"
        },
        {
            "input": "-4 0 -5 -3 -4 -4 4 4 -5 -1\n5",
            "output": "0"
        },
        {
            "input": "-1 -5 3 -3 4 1 1 5 -2 -1 4\n1",
            "output": "5"
        },
        {
            "input": "-5 1 -4 -1 -1 -3 -4 5 3 1 -5 4 2 -3 -4\n4",
            "output": "5"
        },
        {
            "input": "1 -2 -2 4 -3 -4 1 3\n-9",
            "output": "0"
        },
        {
            "input": "0 5 3\n9",
            "output": "0"
        },
        {
            "input": "0 3 -4 0 -1 0 -4 0 -5 -4 0\n7",
            "output": "0"
        },
        {
            "input": "3 -2 -3 4 5 -4 5 5 -1 -4 -2 -3 3 2 -1\n-9",
            "output": "1"
        },
        {
            "input": "5 -3 0 -1 -2 4\n6",
            "output": "0"
        },
        {
            "input": "-1 4 3 -5\n-2",
            "output": "1"
        },
        {
            "input": "-3 -1 2\n-8",
            "output": "0"
        },
        {
            "input": "3 5 0 -1 0 0\n-4",
            "output": "0"
        },
        {
            "input": "2 -5 -3 -5 -2 -2 4 -5 0 3\n-9",
            "output": "1"
        },
        {
            "input": "4 -1 -1 -5 -5 4 4 5 -4 2 1 -5 3\n-10",
            "output": "1"
        },
        {
            "input": "2 -2 -3 -2 5 2 -2 -2 4 0 -2\n-7",
            "output": "1"
        },
        {
            "input": "2 3 -3 1 2 -3 5 -2 3 -2 1 -2 -3\n-5",
            "output": "2"
        },
        {
            "input": "-4 -1 -5 3 1 0 1 -2 1 1\n2",
            "output": "3"
        },
        {
            "input": "3 1 3 4 -4 1 1 -4 -4 3\n-6",
            "output": "3"
        },
        {
            "input": "-5 -5 -2\n6",
            "output": "0"
        },
        {
            "input": "-5 2 2 -4 5 2 -1 0 3 1 0 -5 -1 -2\n-9",
            "output": "0"
        },
        {
            "input": "5 -1 -4 -4 -2 5 2 1 0 -1 -3 -1\n9",
            "output": "0"
        },
        {
            "input": "4 5 3 -2 0 2 4 -2\n2",
            "output": "4"
        },
        {
            "input": "-2 2 1 -1 -3 -1 2 -5 -1 -2 1\n9",
            "output": "0"
        },
        {
            "input": "1 -5 -3 3 1 -4 3 0 -3 -5 -4\n-9",
            "output": "4"
        },
        {
            "input": "-5 -4 -1 1 -4 4 3\n3",
            "output": "3"
        },
        {
            "input": "-2 3 -3 -1\n-2",
            "output": "2"
        },
        {
            "input": "5 0 0 0 -3 4 -5 4 2 4 3 -3 -4 -1\n6",
            "output": "14"
        },
        {
            "input": "-5 5 -5 -3 0 -4 -2 -5\n2",
            "output": "0"
        },
        {
            "input": "-4 -3 1 -2\n4",
            "output": "0"
        },
        {
            "input": "3 4 5 0 -5 4 2 -4 4 5 -4\n-10",
            "output": "0"
        },
        {
            "input": "0 -4 0 5 3 -4 5 -5\n-5",
            "output": "1"
        },
        {
            "input": "-4 -5 -2 -5\n0",
            "output": "0"
        },
        {
            "input": "3 -2 -3 -4 3 -4 -4 -4 -5 -5 -3 -4 -5\n-10",
            "output": "2"
        },
        {
            "input": "5 -3 4 -3 2 1 5 0 -3 1 -5\n-5",
            "output": "1"
        },
        {
            "input": "-4 -3 4 2 1 4 0 -3 -3 -3 5 4 2\n7",
            "output": "6"
        },
        {
            "input": "-2 3 -5\n-4",
            "output": "1"
        },
        {
            "input": "5 2 3 1 4 -3 0 -4 3\n6",
            "output": "2"
        },
        {
            "input": "-5 -1 -4 -2\n2",
            "output": "0"
        },
        {
            "input": "-2 1 1\n-8",
            "output": "0"
        },
        {
            "input": "4 -3 -5 3 4 -5\n7",
            "output": "1"
        },
        {
            "input": "-2 -2 -1 -3 -2 1 -3 -4\n3",
            "output": "0"
        },
        {
            "input": "1 3 1 2 -1 -5 2 -2 -2\n-9",
            "output": "0"
        },
        {
            "input": "0 3 5 3 1 -1 3 0 -2 -1\n-6",
            "output": "0"
        },
        {
            "input": "2 -2 -4 2 4 -2\n0",
            "output": "4"
        },
        {
            "input": "5 3 -5 -1 0 -5 5\n-6",
            "output": "4"
        },
        {
            "input": "-3 -3 5 4\n-10",
            "output": "0"
        },
        {
            "input": "1 1 5\n10",
            "output": "0"
        },
        {
            "input": "5 -2 4 -2 1 2 -3 -2 3 1 2 2\n-1",
            "output": "4"
        },
        {
            "input": "-5 -5 1 4\n4",
            "output": "1"
        },
        {
            "input": "-1 2 1 3\n9",
            "output": "0"
        },
        {
            "input": "-2 2 0 -2 5 0 -1 -2 3 -3 -2 -2 -3 4\n-4",
            "output": "6"
        },
        {
            "input": "-2 0 -3\n1",
            "output": "0"
        },
        {
            "input": "4 2 -4 -3 1 3 -3 1\n-6",
            "output": "2"
        },
        {
            "input": "-2 1 0 -5 2 3 -1 0 -3 -2 -2 -2 -3 0\n-1",
            "output": "11"
        },
        {
            "input": "-3 -4 -4 1 -1 4 -2 -1 0 -3\n1",
            "output": "6"
        },
        {
            "input": "5 4 2 2 3 -2 -5 3 -1 -5 4 1\n-9",
            "output": "0"
        },
        {
            "input": "-2 3 1 1 -3 2 4 1 1\n-10",
            "output": "0"
        },
        {
            "input": "-5 3 0 5 -1 4 2 1 -3 3 -3 3 4 -1\n6",
            "output": "10"
        },
        {
            "input": "2 -5 4 2 3 -2 -4 2 5 -3 5\n10",
            "output": "1"
        },
        {
            "input": "0 -2 1 1 1 3 3 0 -2 -4 1\n2",
            "output": "6"
        },
        {
            "input": "-2 1 2 3 3 0 5 -3 -2 -5 -5 3 0 -2\n5",
            "output": "4"
        },
        {
            "input": "5 1 4 -5 0 -2 3 5 -1\n-10",
            "output": "0"
        },
        {
            "input": "-1 -5 0 -3 -3 1 -1 1 -1 -4 3 1 -5 0\n2",
            "output": "0"
        },
        {
            "input": "5 1 -1\n5",
            "output": "2"
        },
        {
            "input": "3 1 -3 2 -4 -4 4 -1 -3\n-9",
            "output": "2"
        },
        {
            "input": "1 5 -2 2 3 4 -5 -5 1\n8",
            "output": "2"
        },
        {
            "input": "3 4 1 -2 5 -3 2 3 2 -5 5 3 -3\n4",
            "output": "7"
        },
        {
            "input": "1 0 -5 2 -3 0 -4 1 -5 -4 3 1\n-2",
            "output": "1"
        },
        {
            "input": "0 -2 3 3 0 -2 -3 -3 4 -2 -3\n0",
            "output": "5"
        },
        {
            "input": "-5 -1 -3 -2 3 -2 -1\n-5",
            "output": "4"
        },
        {
            "input": "-5 3 -2 -3 0 0 -4 5 1 -2\n5",
            "output": "1"
        },
        {
            "input": "-3 4 -2\n-8",
            "output": "0"
        },
        {
            "input": "-3 1 4 -1 -5 0 -3 2 5 4 5\n10",
            "output": "0"
        },
        {
            "input": "-3 -1 -1 -2 -1 -3 -1 -1 0 1 4 -5 3\n-8",
            "output": "8"
        },
        {
            "input": "0 -1 -3 2 4 1 2 -4 1 -4 -1 3\n5",
            "output": "4"
        },
        {
            "input": "5 5 -2 -5 1 0\n9",
            "output": "0"
        },
        {
            "input": "-2 0 2 -1 3 -1 0 -3 -3 0 1\n-8",
            "output": "0"
        },
        {
            "input": "-4 -5 -2 3 -3 2\n9",
            "output": "0"
        },
        {
            "input": "3 -1 4 -2 -2 -3 5 -4 5 -3 3\n1",
            "output": "7"
        },
        {
            "input": "-2 2 -2 -5 2 5\n-1",
            "output": "0"
        },
        {
            "input": "-3 1 -4 2\n-1",
            "output": "1"
        },
        {
            "input": "-4 -5 -5 -5 0 5 -3 5 -2 4 5\n-5",
            "output": "7"
        },
        {
            "input": "3 -4 0 -1 -4 1 2 -5 2 5 3 5 3\n-2",
            "output": "4"
        },
        {
            "input": "4 2 -1 -3 0 -1 4 3 2 4 3 1 5 3 3\n8",
            "output": "6"
        },
        {
            "input": "1 -4 -5 1 2 -3 -5 -4 -3 4 -3 -4 -2\n-4",
            "output": "4"
        },
        {
            "input": "5 -2 3 -5 -1 4 1 4 2\n-1",
            "output": "3"
        },
        {
            "input": "-2 5 0 -4\n-7",
            "output": "0"
        },
        {
            "input": "4 -4 2 5 -1 -2 3 -2 -2\n-1",
            "output": "4"
        },
        {
            "input": "-3 0 -2 3 5 2 4 -1 -4 3\n-4",
            "output": "1"
        },
        {
            "input": "3 0 -3 3 -5\n4",
            "output": "0"
        },
        {
            "input": "4 4 1 -2 0\n-4",
            "output": "0"
        },
        {
            "input": "4 2 2 -4 -1 -3 -1 2 1 -3\n-1",
            "output": "7"
        },
        {
            "input": "0 -4 -1 5 -1\n5",
            "output": "1"
        },
        {
            "input": "-2 3 5 -4 0 3 -1 4 -2 2 2 -3 4 -3 5\n-9",
            "output": "0"
        },
        {
            "input": "-5 3 2 -1 4 3 1 1 3 1 4 -5 -1\n-2",
            "output": "2"
        },
        {
            "input": "2 4 -1 -5 5 -4 3 3 2\n6",
            "output": "2"
        },
        {
            "input": "-5 1 -2 5 1 4 -2 -1 2\n-8",
            "output": "0"
        },
        {
            "input": "5 0 -1 0 5 2 -2 1\n4",
            "output": "6"
        },
        {
            "input": "-1 -1 -3 2 3\n-4",
            "output": "1"
        },
        {
            "input": "4 -1 -2 -5 4 -3 1 2 0 0\n10",
            "output": "0"
        },
        {
            "input": "2 2 -1 2 -1 -1 2 -3\n-7",
            "output": "0"
        },
        {
            "input": "1 -5 -2 -4 1 1 -3 0 -3 -4 2\n-7",
            "output": "6"
        },
        {
            "input": "4 -1 -1 4 -1 -4 5 -4 -1 -4 -1 2 1 1\n2",
            "output": "8"
        },
        {
            "input": "1 2 -4 1 3 -1\n4",
            "output": "1"
        },
        {
            "input": "-3 5 2\n2",
            "output": "2"
        },
        {
            "input": "-3 4 2 -4 -2 -4 1 0 -1 4 -2 -3 -2\n-4",
            "output": "10"
        },
        {
            "input": "-4 5 1 -5 4 3\n2",
            "output": "2"
        },
        {
            "input": "-4 -5 -5 3 1 -1 5 -2 -5 0 2 -2\n-10",
            "output": "2"
        },
        {
            "input": "5 4 -5 -4 -3 -5 -2 5 1 3 -3\n1",
            "output": "2"
        },
        {
            "input": "-5 -4 2 -3 4 0 4 -3 -4 0 -1 -4 -1\n-2",
            "output": "4"
        },
        {
            "input": "-2 2 -4 3\n-5",
            "output": "0"
        },
        {
            "input": "-2 3 5 3 -4 4 3 3 2 -1 -2 3 -1 -2\n-6",
            "output": "0"
        },
        {
            "input": "-4 4 -3 -3 5 -5 2 4 -5 -3 2 5 4 1 -5\n10",
            "output": "3"
        },
        {
            "input": "3 5 -1 0 -5 2 2 -3 1 0 -3 -1 -3 -5\n5",
            "output": "1"
        },
        {
            "input": "4 -1 -4 3 0 5 -2 -5 0 0 -5 0 -4 -3 4\n0",
            "output": "8"
        },
        {
            "input": "-4 4 0 3 -5 -4 0 -1 -4 -2\n-4",
            "output": "4"
        },
        {
            "input": "3 0 -5 5 -3 1 3 1 -3 2 2 -3 1\n-2",
            "output": "7"
        }
    ]
}