{
    "id": "sudoku_solver",
    "title": "Sudoku Solver",
    "description": "Write a program to solve a Sudoku puzzle by filling the empty cells. A sudoku solution must satisfy all of the following rules: Each of the digits 1-9 must occur exactly once in each row, each column, and each of the 9 3x3 sub-boxes of the grid. Empty cells are indicated by '.'. Input is a 9x9 grid where '.' represents empty cells. Output should be the completed 9x9 grid.",
    "input_format": "9 lines, each containing 9 space-separated characters (1-9 or '.').",
    "output_format": "9 lines, each containing 9 space-separated digits (1-9).",
    "constraints": {
        "fixed": "The input Sudoku puzzle will have a unique solution."
    },
    "judge_mode": "FIRST_FAIL",
    "time_limit": 2,
    "sample_test_cases": [
        {
            "input": "5 3 . . 7 . . . .\n6 . . 1 9 5 . . .\n. 9 8 . . . . 6 .\n8 . . . 6 . . . 3\n4 . . 8 . 3 . . 1\n7 . . . 2 . . . 6\n. 6 . . . . 2 8 .\n. . . 4 1 9 . . 5\n. . . . 8 . . 7 9",
            "output": "5 3 4 6 7 8 9 1 2\n6 7 2 1 9 5 3 4 8\n1 9 8 3 4 2 5 6 7\n8 5 9 7 6 1 4 2 3\n4 2 6 8 5 3 7 9 1\n7 1 3 9 2 4 8 5 6\n9 6 1 5 3 7 2 8 4\n2 8 7 4 1 9 6 3 5\n3 4 5 2 8 6 1 7 9"
        }
    ],
    "hidden_test_cases": [
        {
            "input": "5 3 . . 7 . . . .\n6 . . 1 9 5 . . .\n. 9 8 . . . . 6 .\n8 . . . 6 . . . 3\n4 . . 8 . 3 . . 1\n7 . . . 2 . . . 6\n. 6 . . . . 2 8 .\n. . . 4 1 9 . . 5\n. . . . 8 . . 7 9",
            "output": "5 3 4 6 7 8 9 1 2\n6 7 2 1 9 5 3 4 8\n1 9 8 3 4 2 5 6 7\n8 5 9 7 6 1 4 2 3\n4 2 6 8 5 3 7 9 1\n7 1 3 9 2 4 8 5 6\n9 6 1 5 3 7 2 8 4\n2 8 7 4 1 9 6 3 5\n3 4 5 2 8 6 1 7 9"
        }
    ]
}