{
    "id": "sum_of_odd_in_range",
    "title": "Sum of Odd in Range",
    "description": "Calculate the sum of all odd integers in the closed range [A, B].",
    "input_format": "Two space-separated integers A and B.",
    "output_format": "A single integer representing the sum.",
    "constraints": {
        "A, B": "1 <= A <= B <= 1000"
    },
    "judge_mode": "FIRST_FAIL",
    "time_limit": 1,
    "sample_test_cases": [
        {
            "input": "1 10",
            "output": "25"
        },
        {
            "input": "5 15",
            "output": "60"
        }
    ],
    "hidden_test_cases": [
        {
            "input": "82 84",
            "output": "83"
        },
        {
            "input": "58 73",
            "output": "528"
        },
        {
            "input": "4 187",
            "output": "8832"
        },
        {
            "input": "58 131",
            "output": "3515"
        },
        {
            "input": "71 71",
            "output": "71"
        },
        {
            "input": "85 155",
            "output": "4320"
        },
        {
            "input": "13 93",
            "output": "2173"
        },
        {
            "input": "44 190",
            "output": "8541"
        },
        {
            "input": "55 159",
            "output": "5671"
        },
        {
            "input": "41 58",
            "output": "441"
        },
        {
            "input": "16 135",
            "output": "4560"
        },
        {
            "input": "39 143",
            "output": "4823"
        },
        {
            "input": "92 194",
            "output": "7293"
        },
        {
            "input": "87 104",
            "output": "855"
        },
        {
            "input": "60 109",
            "output": "2125"
        },
        {
            "input": "13 97",
            "output": "2365"
        },
        {
            "input": "24 180",
            "output": "7956"
        },
        {
            "input": "6 192",
            "output": "9207"
        },
        {
            "input": "84 128",
            "output": "2332"
        },
        {
            "input": "75 105",
            "output": "1440"
        },
        {
            "input": "33 131",
            "output": "4100"
        },
        {
            "input": "4 162",
            "output": "6557"
        },
        {
            "input": "8 177",
            "output": "7905"
        },
        {
            "input": "51 140",
            "output": "4275"
        },
        {
            "input": "95 196",
            "output": "7395"
        },
        {
            "input": "99 118",
            "output": "1080"
        },
        {
            "input": "78 188",
            "output": "7315"
        },
        {
            "input": "87 133",
            "output": "2640"
        },
        {
            "input": "75 141",
            "output": "3672"
        },
        {
            "input": "47 64",
            "output": "495"
        },
        {
            "input": "58 121",
            "output": "2880"
        },
        {
            "input": "35 108",
            "output": "2627"
        },
        {
            "input": "68 153",
            "output": "4773"
        },
        {
            "input": "26 76",
            "output": "1275"
        },
        {
            "input": "65 124",
            "output": "2820"
        },
        {
            "input": "61 186",
            "output": "7749"
        },
        {
            "input": "66 119",
            "output": "2511"
        },
        {
            "input": "51 175",
            "output": "7119"
        },
        {
            "input": "71 109",
            "output": "1800"
        },
        {
            "input": "5 91",
            "output": "2112"
        },
        {
            "input": "28 189",
            "output": "8829"
        },
        {
            "input": "3 64",
            "output": "1023"
        },
        {
            "input": "72 116",
            "output": "2068"
        },
        {
            "input": "64 82",
            "output": "657"
        },
        {
            "input": "58 198",
            "output": "8960"
        },
        {
            "input": "98 106",
            "output": "408"
        },
        {
            "input": "31 74",
            "output": "1144"
        },
        {
            "input": "80 98",
            "output": "801"
        },
        {
            "input": "12 140",
            "output": "4864"
        },
        {
            "input": "77 90",
            "output": "581"
        },
        {
            "input": "29 60",
            "output": "704"
        },
        {
            "input": "90 94",
            "output": "184"
        },
        {
            "input": "11 137",
            "output": "4736"
        },
        {
            "input": "30 187",
            "output": "8611"
        },
        {
            "input": "95 113",
            "output": "1040"
        },
        {
            "input": "95 155",
            "output": "3875"
        },
        {
            "input": "88 126",
            "output": "2033"
        },
        {
            "input": "57 126",
            "output": "3185"
        },
        {
            "input": "24 27",
            "output": "52"
        },
        {
            "input": "29 125",
            "output": "3773"
        },
        {
            "input": "45 185",
            "output": "8165"
        },
        {
            "input": "5 57",
            "output": "837"
        },
        {
            "input": "73 133",
            "output": "3193"
        },
        {
            "input": "40 158",
            "output": "5841"
        },
        {
            "input": "14 38",
            "output": "312"
        },
        {
            "input": "68 101",
            "output": "1445"
        },
        {
            "input": "11 126",
            "output": "3944"
        },
        {
            "input": "8 197",
            "output": "9785"
        },
        {
            "input": "100 154",
            "output": "3429"
        },
        {
            "input": "21 115",
            "output": "3264"
        },
        {
            "input": "40 183",
            "output": "8064"
        },
        {
            "input": "42 155",
            "output": "5643"
        },
        {
            "input": "12 130",
            "output": "4189"
        },
        {
            "input": "76 200",
            "output": "8556"
        },
        {
            "input": "84 91",
            "output": "352"
        },
        {
            "input": "95 129",
            "output": "2016"
        },
        {
            "input": "64 120",
            "output": "2576"
        },
        {
            "input": "77 110",
            "output": "1581"
        },
        {
            "input": "56 172",
            "output": "6612"
        },
        {
            "input": "38 139",
            "output": "4539"
        },
        {
            "input": "6 141",
            "output": "5032"
        },
        {
            "input": "12 35",
            "output": "288"
        },
        {
            "input": "13 68",
            "output": "1120"
        },
        {
            "input": "11 61",
            "output": "936"
        },
        {
            "input": "95 144",
            "output": "2975"
        },
        {
            "input": "81 151",
            "output": "4176"
        },
        {
            "input": "13 177",
            "output": "7885"
        },
        {
            "input": "70 86",
            "output": "624"
        },
        {
            "input": "21 105",
            "output": "2709"
        },
        {
            "input": "83 108",
            "output": "1235"
        },
        {
            "input": "60 156",
            "output": "5184"
        },
        {
            "input": "18 145",
            "output": "5248"
        },
        {
            "input": "11 11",
            "output": "11"
        },
        {
            "input": "40 62",
            "output": "561"
        },
        {
            "input": "3 197",
            "output": "9800"
        },
        {
            "input": "16 100",
            "output": "2436"
        },
        {
            "input": "48 156",
            "output": "5508"
        },
        {
            "input": "48 54",
            "output": "153"
        },
        {
            "input": "7 198",
            "output": "9792"
        },
        {
            "input": "56 186",
            "output": "7865"
        },
        {
            "input": "40 120",
            "output": "3200"
        },
        {
            "input": "31 170",
            "output": "7000"
        },
        {
            "input": "67 84",
            "output": "675"
        },
        {
            "input": "37 151",
            "output": "5452"
        },
        {
            "input": "49 125",
            "output": "3393"
        },
        {
            "input": "90 98",
            "output": "376"
        },
        {
            "input": "94 144",
            "output": "2975"
        },
        {
            "input": "51 71",
            "output": "671"
        },
        {
            "input": "3 179",
            "output": "8099"
        },
        {
            "input": "44 148",
            "output": "4992"
        },
        {
            "input": "42 191",
            "output": "8775"
        },
        {
            "input": "96 134",
            "output": "2185"
        },
        {
            "input": "76 148",
            "output": "4032"
        },
        {
            "input": "77 96",
            "output": "860"
        },
        {
            "input": "69 142",
            "output": "3885"
        },
        {
            "input": "65 144",
            "output": "4160"
        },
        {
            "input": "78 97",
            "output": "880"
        },
        {
            "input": "27 74",
            "output": "1200"
        },
        {
            "input": "89 125",
            "output": "2033"
        },
        {
            "input": "34 145",
            "output": "5040"
        },
        {
            "input": "36 139",
            "output": "4576"
        },
        {
            "input": "19 78",
            "output": "1440"
        },
        {
            "input": "29 158",
            "output": "6045"
        },
        {
            "input": "91 172",
            "output": "5371"
        },
        {
            "input": "73 90",
            "output": "729"
        },
        {
            "input": "77 91",
            "output": "672"
        },
        {
            "input": "21 144",
            "output": "5084"
        },
        {
            "input": "1 171",
            "output": "7396"
        },
        {
            "input": "84 101",
            "output": "837"
        },
        {
            "input": "72 146",
            "output": "4033"
        },
        {
            "input": "16 86",
            "output": "1785"
        },
        {
            "input": "78 151",
            "output": "4255"
        },
        {
            "input": "61 90",
            "output": "1125"
        },
        {
            "input": "86 128",
            "output": "2247"
        },
        {
            "input": "20 116",
            "output": "3264"
        },
        {
            "input": "44 95",
            "output": "1820"
        },
        {
            "input": "55 85",
            "output": "1120"
        },
        {
            "input": "41 99",
            "output": "2100"
        },
        {
            "input": "27 136",
            "output": "4455"
        },
        {
            "input": "78 178",
            "output": "6400"
        },
        {
            "input": "69 85",
            "output": "693"
        },
        {
            "input": "35 42",
            "output": "152"
        },
        {
            "input": "28 127",
            "output": "3900"
        },
        {
            "input": "73 92",
            "output": "820"
        },
        {
            "input": "37 140",
            "output": "4576"
        },
        {
            "input": "86 164",
            "output": "4875"
        },
        {
            "input": "67 151",
            "output": "4687"
        },
        {
            "input": "59 63",
            "output": "183"
        },
        {
            "input": "91 200",
            "output": "7975"
        },
        {
            "input": "74 138",
            "output": "3392"
        },
        {
            "input": "58 174",
            "output": "6728"
        },
        {
            "input": "20 150",
            "output": "5525"
        },
        {
            "input": "24 122",
            "output": "3577"
        },
        {
            "input": "51 97",
            "output": "1776"
        },
        {
            "input": "90 163",
            "output": "4699"
        },
        {
            "input": "73 185",
            "output": "7353"
        },
        {
            "input": "20 138",
            "output": "4661"
        },
        {
            "input": "32 158",
            "output": "5985"
        },
        {
            "input": "31 76",
            "output": "1219"
        },
        {
            "input": "96 136",
            "output": "2320"
        },
        {
            "input": "30 75",
            "output": "1219"
        },
        {
            "input": "35 195",
            "output": "9315"
        },
        {
            "input": "10 166",
            "output": "6864"
        },
        {
            "input": "40 52",
            "output": "276"
        },
        {
            "input": "53 59",
            "output": "224"
        },
        {
            "input": "46 137",
            "output": "4232"
        },
        {
            "input": "9 90",
            "output": "2009"
        },
        {
            "input": "18 37",
            "output": "280"
        },
        {
            "input": "62 66",
            "output": "128"
        },
        {
            "input": "5 67",
            "output": "1152"
        },
        {
            "input": "43 116",
            "output": "2923"
        },
        {
            "input": "54 131",
            "output": "3627"
        },
        {
            "input": "26 39",
            "output": "231"
        },
        {
            "input": "43 95",
            "output": "1863"
        },
        {
            "input": "74 134",
            "output": "3120"
        },
        {
            "input": "61 86",
            "output": "949"
        },
        {
            "input": "21 157",
            "output": "6141"
        },
        {
            "input": "6 39",
            "output": "391"
        },
        {
            "input": "28 172",
            "output": "7200"
        },
        {
            "input": "15 186",
            "output": "8600"
        },
        {
            "input": "59 103",
            "output": "1863"
        },
        {
            "input": "79 113",
            "output": "1728"
        },
        {
            "input": "37 127",
            "output": "3772"
        },
        {
            "input": "30 77",
            "output": "1296"
        },
        {
            "input": "28 74",
            "output": "1173"
        },
        {
            "input": "3 45",
            "output": "528"
        },
        {
            "input": "89 159",
            "output": "4464"
        },
        {
            "input": "20 189",
            "output": "8925"
        },
        {
            "input": "46 181",
            "output": "7752"
        },
        {
            "input": "72 139",
            "output": "3604"
        },
        {
            "input": "7 54",
            "output": "720"
        },
        {
            "input": "23 73",
            "output": "1248"
        },
        {
            "input": "78 99",
            "output": "979"
        },
        {
            "input": "97 168",
            "output": "4752"
        },
        {
            "input": "75 128",
            "output": "2727"
        },
        {
            "input": "87 184",
            "output": "6615"
        },
        {
            "input": "37 130",
            "output": "3901"
        },
        {
            "input": "38 46",
            "output": "168"
        },
        {
            "input": "33 50",
            "output": "369"
        },
        {
            "input": "99 110",
            "output": "624"
        },
        {
            "input": "75 102",
            "output": "1232"
        },
        {
            "input": "64 188",
            "output": "7812"
        },
        {
            "input": "18 76",
            "output": "1363"
        },
        {
            "input": "9 38",
            "output": "345"
        },
        {
            "input": "62 188",
            "output": "7875"
        },
        {
            "input": "68 79",
            "output": "444"
        },
        {
            "input": "39 142",
            "output": "4680"
        },
        {
            "input": "22 65",
            "output": "968"
        },
        {
            "input": "36 71",
            "output": "972"
        },
        {
            "input": "97 119",
            "output": "1296"
        },
        {
            "input": "51 156",
            "output": "5459"
        },
        {
            "input": "22 56",
            "output": "663"
        },
        {
            "input": "99 178",
            "output": "5520"
        },
        {
            "input": "79 128",
            "output": "2575"
        },
        {
            "input": "11 33",
            "output": "264"
        },
        {
            "input": "35 178",
            "output": "7632"
        },
        {
            "input": "79 193",
            "output": "7888"
        },
        {
            "input": "20 89",
            "output": "1925"
        },
        {
            "input": "69 135",
            "output": "3468"
        },
        {
            "input": "44 48",
            "output": "92"
        },
        {
            "input": "85 184",
            "output": "6700"
        },
        {
            "input": "37 80",
            "output": "1276"
        },
        {
            "input": "36 155",
            "output": "5760"
        },
        {
            "input": "70 178",
            "output": "6696"
        },
        {
            "input": "24 98",
            "output": "2257"
        },
        {
            "input": "79 180",
            "output": "6579"
        },
        {
            "input": "61 199",
            "output": "9100"
        },
        {
            "input": "72 148",
            "output": "4180"
        },
        {
            "input": "39 191",
            "output": "8855"
        },
        {
            "input": "54 112",
            "output": "2407"
        },
        {
            "input": "9 120",
            "output": "3584"
        },
        {
            "input": "1 166",
            "output": "6889"
        },
        {
            "input": "80 108",
            "output": "1316"
        },
        {
            "input": "90 195",
            "output": "7579"
        },
        {
            "input": "95 123",
            "output": "1635"
        },
        {
            "input": "80 114",
            "output": "1649"
        },
        {
            "input": "56 89",
            "output": "1241"
        },
        {
            "input": "61 62",
            "output": "61"
        },
        {
            "input": "81 87",
            "output": "336"
        },
        {
            "input": "56 159",
            "output": "5616"
        },
        {
            "input": "93 141",
            "output": "2925"
        },
        {
            "input": "33 36",
            "output": "68"
        },
        {
            "input": "26 26",
            "output": "0"
        },
        {
            "input": "17 154",
            "output": "5865"
        },
        {
            "input": "83 185",
            "output": "6968"
        },
        {
            "input": "77 109",
            "output": "1581"
        },
        {
            "input": "15 86",
            "output": "1800"
        },
        {
            "input": "43 80",
            "output": "1159"
        },
        {
            "input": "31 62",
            "output": "736"
        },
        {
            "input": "32 184",
            "output": "8208"
        },
        {
            "input": "32 64",
            "output": "768"
        },
        {
            "input": "22 87",
            "output": "1815"
        },
        {
            "input": "79 164",
            "output": "5203"
        },
        {
            "input": "37 112",
            "output": "2812"
        },
        {
            "input": "24 89",
            "output": "1881"
        },
        {
            "input": "24 131",
            "output": "4212"
        },
        {
            "input": "26 52",
            "output": "507"
        },
        {
            "input": "68 141",
            "output": "3885"
        },
        {
            "input": "53 79",
            "output": "924"
        },
        {
            "input": "75 91",
            "output": "747"
        },
        {
            "input": "13 21",
            "output": "85"
        },
        {
            "input": "94 121",
            "output": "1512"
        },
        {
            "input": "34 164",
            "output": "6435"
        },
        {
            "input": "90 141",
            "output": "3016"
        },
        {
            "input": "38 123",
            "output": "3483"
        },
        {
            "input": "33 173",
            "output": "7313"
        },
        {
            "input": "12 161",
            "output": "6525"
        },
        {
            "input": "82 171",
            "output": "5715"
        },
        {
            "input": "17 140",
            "output": "4836"
        },
        {
            "input": "6 58",
            "output": "832"
        },
        {
            "input": "18 196",
            "output": "9523"
        },
        {
            "input": "51 106",
            "output": "2184"
        },
        {
            "input": "70 163",
            "output": "5499"
        },
        {
            "input": "31 44",
            "output": "259"
        },
        {
            "input": "68 139",
            "output": "3744"
        },
        {
            "input": "83 183",
            "output": "6783"
        },
        {
            "input": "65 156",
            "output": "5060"
        },
        {
            "input": "85 186",
            "output": "6885"
        },
        {
            "input": "66 167",
            "output": "5967"
        },
        {
            "input": "91 99",
            "output": "475"
        },
        {
            "input": "7 100",
            "output": "2491"
        },
        {
            "input": "67 186",
            "output": "7560"
        },
        {
            "input": "80 113",
            "output": "1649"
        },
        {
            "input": "23 116",
            "output": "3243"
        },
        {
            "input": "52 136",
            "output": "3948"
        },
        {
            "input": "50 53",
            "output": "104"
        },
        {
            "input": "38 173",
            "output": "7208"
        },
        {
            "input": "68 144",
            "output": "4028"
        },
        {
            "input": "62 180",
            "output": "7139"
        },
        {
            "input": "91 167",
            "output": "5031"
        },
        {
            "input": "41 65",
            "output": "689"
        },
        {
            "input": "68 151",
            "output": "4620"
        },
        {
            "input": "2 111",
            "output": "3135"
        },
        {
            "input": "74 113",
            "output": "1880"
        },
        {
            "input": "39 164",
            "output": "6363"
        },
        {
            "input": "51 136",
            "output": "3999"
        },
        {
            "input": "37 128",
            "output": "3772"
        },
        {
            "input": "36 63",
            "output": "700"
        },
        {
            "input": "76 112",
            "output": "1692"
        },
        {
            "input": "73 179",
            "output": "6804"
        },
        {
            "input": "49 161",
            "output": "5985"
        },
        {
            "input": "58 194",
            "output": "8568"
        },
        {
            "input": "40 150",
            "output": "5225"
        },
        {
            "input": "78 98",
            "output": "880"
        },
        {
            "input": "72 157",
            "output": "4945"
        },
        {
            "input": "33 90",
            "output": "1769"
        },
        {
            "input": "82 169",
            "output": "5544"
        },
        {
            "input": "76 197",
            "output": "8357"
        },
        {
            "input": "81 180",
            "output": "6500"
        },
        {
            "input": "34 110",
            "output": "2736"
        },
        {
            "input": "80 146",
            "output": "3729"
        },
        {
            "input": "13 147",
            "output": "5440"
        },
        {
            "input": "100 188",
            "output": "6336"
        },
        {
            "input": "48 118",
            "output": "2905"
        },
        {
            "input": "66 118",
            "output": "2392"
        },
        {
            "input": "68 126",
            "output": "2813"
        },
        {
            "input": "2 23",
            "output": "143"
        },
        {
            "input": "10 63",
            "output": "999"
        },
        {
            "input": "12 27",
            "output": "160"
        },
        {
            "input": "17 199",
            "output": "9936"
        },
        {
            "input": "94 191",
            "output": "7007"
        },
        {
            "input": "47 180",
            "output": "7571"
        },
        {
            "input": "42 57",
            "output": "400"
        },
        {
            "input": "14 73",
            "output": "1320"
        },
        {
            "input": "36 75",
            "output": "1120"
        },
        {
            "input": "58 129",
            "output": "3384"
        },
        {
            "input": "29 50",
            "output": "429"
        },
        {
            "input": "95 141",
            "output": "2832"
        },
        {
            "input": "11 136",
            "output": "4599"
        },
        {
            "input": "69 163",
            "output": "5568"
        },
        {
            "input": "68 170",
            "output": "6069"
        },
        {
            "input": "40 61",
            "output": "561"
        },
        {
            "input": "70 187",
            "output": "7611"
        },
        {
            "input": "31 59",
            "output": "675"
        },
        {
            "input": "49 174",
            "output": "6993"
        },
        {
            "input": "53 177",
            "output": "7245"
        },
        {
            "input": "29 96",
            "output": "2108"
        },
        {
            "input": "83 131",
            "output": "2675"
        },
        {
            "input": "53 176",
            "output": "7068"
        },
        {
            "input": "88 132",
            "output": "2420"
        },
        {
            "input": "97 187",
            "output": "6532"
        },
        {
            "input": "64 146",
            "output": "4305"
        },
        {
            "input": "7 144",
            "output": "5175"
        },
        {
            "input": "57 67",
            "output": "372"
        },
        {
            "input": "58 186",
            "output": "7808"
        },
        {
            "input": "9 49",
            "output": "609"
        },
        {
            "input": "14 92",
            "output": "2067"
        },
        {
            "input": "61 88",
            "output": "1036"
        },
        {
            "input": "47 155",
            "output": "5555"
        },
        {
            "input": "40 160",
            "output": "6000"
        },
        {
            "input": "27 90",
            "output": "1856"
        },
        {
            "input": "19 88",
            "output": "1855"
        },
        {
            "input": "32 156",
            "output": "5828"
        },
        {
            "input": "34 70",
            "output": "936"
        },
        {
            "input": "62 103",
            "output": "1743"
        },
        {
            "input": "61 84",
            "output": "864"
        },
        {
            "input": "35 35",
            "output": "35"
        },
        {
            "input": "64 166",
            "output": "5865"
        },
        {
            "input": "34 46",
            "output": "240"
        },
        {
            "input": "48 116",
            "output": "2788"
        },
        {
            "input": "80 101",
            "output": "1001"
        },
        {
            "input": "12 77",
            "output": "1485"
        },
        {
            "input": "38 111",
            "output": "2775"
        },
        {
            "input": "89 94",
            "output": "273"
        },
        {
            "input": "84 150",
            "output": "3861"
        },
        {
            "input": "33 57",
            "output": "585"
        },
        {
            "input": "70 96",
            "output": "1079"
        },
        {
            "input": "84 122",
            "output": "1957"
        },
        {
            "input": "28 62",
            "output": "765"
        },
        {
            "input": "42 63",
            "output": "583"
        },
        {
            "input": "44 165",
            "output": "6405"
        },
        {
            "input": "89 133",
            "output": "2553"
        },
        {
            "input": "42 45",
            "output": "88"
        },
        {
            "input": "27 148",
            "output": "5307"
        },
        {
            "input": "24 172",
            "output": "7252"
        },
        {
            "input": "52 134",
            "output": "3813"
        },
        {
            "input": "69 184",
            "output": "7308"
        },
        {
            "input": "5 155",
            "output": "6080"
        },
        {
            "input": "87 112",
            "output": "1287"
        },
        {
            "input": "78 189",
            "output": "7504"
        },
        {
            "input": "98 200",
            "output": "7599"
        },
        {
            "input": "71 153",
            "output": "4704"
        },
        {
            "input": "62 112",
            "output": "2175"
        },
        {
            "input": "7 26",
            "output": "160"
        },
        {
            "input": "10 96",
            "output": "2279"
        },
        {
            "input": "84 107",
            "output": "1152"
        },
        {
            "input": "84 173",
            "output": "5805"
        },
        {
            "input": "46 140",
            "output": "4371"
        },
        {
            "input": "81 89",
            "output": "425"
        },
        {
            "input": "37 41",
            "output": "117"
        },
        {
            "input": "88 117",
            "output": "1545"
        },
        {
            "input": "98 172",
            "output": "4995"
        },
        {
            "input": "27 165",
            "output": "6720"
        },
        {
            "input": "48 93",
            "output": "1633"
        },
        {
            "input": "37 117",
            "output": "3157"
        },
        {
            "input": "54 188",
            "output": "8107"
        },
        {
            "input": "32 108",
            "output": "2660"
        },
        {
            "input": "9 71",
            "output": "1280"
        },
        {
            "input": "54 161",
            "output": "5832"
        },
        {
            "input": "80 109",
            "output": "1425"
        },
        {
            "input": "42 101",
            "output": "2160"
        },
        {
            "input": "41 94",
            "output": "1809"
        },
        {
            "input": "1 198",
            "output": "9801"
        },
        {
            "input": "4 116",
            "output": "3360"
        },
        {
            "input": "83 153",
            "output": "4248"
        },
        {
            "input": "83 155",
            "output": "4403"
        },
        {
            "input": "61 174",
            "output": "6669"
        },
        {
            "input": "46 65",
            "output": "560"
        },
        {
            "input": "40 147",
            "output": "5076"
        },
        {
            "input": "99 180",
            "output": "5699"
        },
        {
            "input": "91 157",
            "output": "4216"
        },
        {
            "input": "71 161",
            "output": "5336"
        },
        {
            "input": "90 138",
            "output": "2736"
        },
        {
            "input": "26 94",
            "output": "2040"
        },
        {
            "input": "17 137",
            "output": "4697"
        },
        {
            "input": "79 168",
            "output": "5535"
        },
        {
            "input": "37 54",
            "output": "405"
        },
        {
            "input": "5 14",
            "output": "45"
        },
        {
            "input": "29 139",
            "output": "4704"
        },
        {
            "input": "93 186",
            "output": "6533"
        },
        {
            "input": "7 177",
            "output": "7912"
        },
        {
            "input": "77 187",
            "output": "7392"
        },
        {
            "input": "22 109",
            "output": "2904"
        },
        {
            "input": "91 190",
            "output": "7000"
        },
        {
            "input": "3 75",
            "output": "1443"
        },
        {
            "input": "8 169",
            "output": "7209"
        },
        {
            "input": "17 19",
            "output": "36"
        },
        {
            "input": "75 108",
            "output": "1547"
        },
        {
            "input": "3 142",
            "output": "5040"
        },
        {
            "input": "16 44",
            "output": "420"
        },
        {
            "input": "79 175",
            "output": "6223"
        },
        {
            "input": "25 109",
            "output": "2881"
        },
        {
            "input": "92 131",
            "output": "2240"
        },
        {
            "input": "4 40",
            "output": "396"
        },
        {
            "input": "62 183",
            "output": "7503"
        },
        {
            "input": "49 81",
            "output": "1105"
        },
        {
            "input": "96 132",
            "output": "2052"
        },
        {
            "input": "43 48",
            "output": "135"
        },
        {
            "input": "53 110",
            "output": "2349"
        },
        {
            "input": "65 190",
            "output": "8001"
        },
        {
            "input": "69 171",
            "output": "6240"
        },
        {
            "input": "21 86",
            "output": "1749"
        },
        {
            "input": "50 94",
            "output": "1584"
        },
        {
            "input": "25 121",
            "output": "3577"
        },
        {
            "input": "12 38",
            "output": "325"
        },
        {
            "input": "39 58",
            "output": "480"
        },
        {
            "input": "11 120",
            "output": "3575"
        },
        {
            "input": "68 81",
            "output": "525"
        },
        {
            "input": "8 72",
            "output": "1280"
        },
        {
            "input": "9 144",
            "output": "5168"
        },
        {
            "input": "63 186",
            "output": "7688"
        },
        {
            "input": "76 146",
            "output": "3885"
        },
        {
            "input": "71 135",
            "output": "3399"
        },
        {
            "input": "81 125",
            "output": "2369"
        },
        {
            "input": "80 82",
            "output": "81"
        },
        {
            "input": "80 165",
            "output": "5289"
        },
        {
            "input": "68 200",
            "output": "8844"
        },
        {
            "input": "55 169",
            "output": "6496"
        },
        {
            "input": "2 163",
            "output": "6723"
        },
        {
            "input": "68 195",
            "output": "8448"
        },
        {
            "input": "39 200",
            "output": "9639"
        },
        {
            "input": "29 31",
            "output": "60"
        },
        {
            "input": "10 150",
            "output": "5600"
        },
        {
            "input": "9 42",
            "output": "425"
        },
        {
            "input": "89 163",
            "output": "4788"
        },
        {
            "input": "43 143",
            "output": "4743"
        },
        {
            "input": "47 144",
            "output": "4655"
        },
        {
            "input": "87 110",
            "output": "1176"
        },
        {
            "input": "28 70",
            "output": "1029"
        },
        {
            "input": "58 110",
            "output": "2184"
        },
        {
            "input": "19 30",
            "output": "144"
        },
        {
            "input": "24 38",
            "output": "217"
        },
        {
            "input": "15 83",
            "output": "1715"
        },
        {
            "input": "14 192",
            "output": "9167"
        },
        {
            "input": "8 162",
            "output": "6545"
        },
        {
            "input": "51 85",
            "output": "1224"
        },
        {
            "input": "91 145",
            "output": "3304"
        },
        {
            "input": "58 164",
            "output": "5883"
        },
        {
            "input": "74 178",
            "output": "6552"
        },
        {
            "input": "3 114",
            "output": "3248"
        },
        {
            "input": "100 106",
            "output": "309"
        },
        {
            "input": "74 148",
            "output": "4107"
        },
        {
            "input": "24 135",
            "output": "4480"
        },
        {
            "input": "41 84",
            "output": "1364"
        },
        {
            "input": "22 118",
            "output": "3360"
        },
        {
            "input": "97 150",
            "output": "3321"
        },
        {
            "input": "98 117",
            "output": "1080"
        },
        {
            "input": "71 172",
            "output": "6171"
        },
        {
            "input": "88 94",
            "output": "273"
        },
        {
            "input": "64 97",
            "output": "1377"
        },
        {
            "input": "17 97",
            "output": "2337"
        },
        {
            "input": "32 46",
            "output": "273"
        },
        {
            "input": "100 199",
            "output": "7500"
        },
        {
            "input": "9 50",
            "output": "609"
        },
        {
            "input": "76 116",
            "output": "1920"
        },
        {
            "input": "24 100",
            "output": "2356"
        },
        {
            "input": "14 170",
            "output": "7176"
        },
        {
            "input": "28 147",
            "output": "5280"
        },
        {
            "input": "26 30",
            "output": "56"
        },
        {
            "input": "53 98",
            "output": "1725"
        }
    ]
}