{
    "id": "sum_of_digits",
    "title": "Sum of Digits",
    "description": "The sum of digits problem requires you to separate each digit of a number and add them together. For example, for the number 123, the sum is 1 + 2 + 3 = 6. In this problem, you are given a non-negative integer `N`. Your task is to calculate the sum of its individual digits.",
    "input_format": "A single integer N.",
    "output_format": "Output a single integer representing the sum of the digits of `N`.",
    "constraints": {
        "N": "0 <= N <= 10^18"
    },
    "judge_mode": "FIRST_FAIL",
    "time_limit": 1,
    "sample_test_cases": [
        {
            "input": "123",
            "output": "6"
        },
        {
            "input": "456",
            "output": "15"
        }
    ],
    "hidden_test_cases": [
        {
            "input": "4923",
            "output": "18"
        },
        {
            "input": "9433",
            "output": "19"
        },
        {
            "input": "4941",
            "output": "18"
        },
        {
            "input": "3763",
            "output": "19"
        },
        {
            "input": "8267",
            "output": "23"
        },
        {
            "input": "1730",
            "output": "11"
        },
        {
            "input": "8731",
            "output": "19"
        },
        {
            "input": "7270",
            "output": "16"
        },
        {
            "input": "4299",
            "output": "24"
        },
        {
            "input": "3466",
            "output": "19"
        },
        {
            "input": "9398",
            "output": "29"
        },
        {
            "input": "2293",
            "output": "16"
        },
        {
            "input": "8301",
            "output": "12"
        },
        {
            "input": "9245",
            "output": "20"
        },
        {
            "input": "3902",
            "output": "14"
        },
        {
            "input": "6316",
            "output": "16"
        },
        {
            "input": "4086",
            "output": "18"
        },
        {
            "input": "6973",
            "output": "25"
        },
        {
            "input": "4516",
            "output": "16"
        },
        {
            "input": "1655",
            "output": "17"
        },
        {
            "input": "3531",
            "output": "12"
        },
        {
            "input": "6638",
            "output": "23"
        },
        {
            "input": "3558",
            "output": "21"
        },
        {
            "input": "3201",
            "output": "6"
        },
        {
            "input": "698",
            "output": "23"
        },
        {
            "input": "8227",
            "output": "19"
        },
        {
            "input": "7884",
            "output": "27"
        },
        {
            "input": "744",
            "output": "15"
        },
        {
            "input": "9958",
            "output": "31"
        },
        {
            "input": "1171",
            "output": "10"
        },
        {
            "input": "9877",
            "output": "31"
        },
        {
            "input": "9836",
            "output": "26"
        },
        {
            "input": "256",
            "output": "13"
        },
        {
            "input": "750",
            "output": "12"
        },
        {
            "input": "9784",
            "output": "28"
        },
        {
            "input": "4079",
            "output": "20"
        },
        {
            "input": "301",
            "output": "4"
        },
        {
            "input": "2822",
            "output": "14"
        },
        {
            "input": "1825",
            "output": "16"
        },
        {
            "input": "7187",
            "output": "23"
        },
        {
            "input": "591",
            "output": "15"
        },
        {
            "input": "1103",
            "output": "5"
        },
        {
            "input": "2535",
            "output": "15"
        },
        {
            "input": "8026",
            "output": "16"
        },
        {
            "input": "1006",
            "output": "7"
        },
        {
            "input": "9017",
            "output": "17"
        },
        {
            "input": "3049",
            "output": "16"
        },
        {
            "input": "5782",
            "output": "22"
        },
        {
            "input": "6051",
            "output": "12"
        },
        {
            "input": "9247",
            "output": "22"
        },
        {
            "input": "9382",
            "output": "22"
        },
        {
            "input": "6295",
            "output": "22"
        },
        {
            "input": "6608",
            "output": "20"
        },
        {
            "input": "3228",
            "output": "15"
        },
        {
            "input": "9747",
            "output": "27"
        },
        {
            "input": "5790",
            "output": "21"
        },
        {
            "input": "7218",
            "output": "18"
        },
        {
            "input": "1974",
            "output": "21"
        },
        {
            "input": "4085",
            "output": "17"
        },
        {
            "input": "2546",
            "output": "17"
        },
        {
            "input": "2999",
            "output": "29"
        },
        {
            "input": "5756",
            "output": "23"
        },
        {
            "input": "6556",
            "output": "22"
        },
        {
            "input": "2860",
            "output": "16"
        },
        {
            "input": "6253",
            "output": "16"
        },
        {
            "input": "5052",
            "output": "12"
        },
        {
            "input": "9883",
            "output": "28"
        },
        {
            "input": "5897",
            "output": "29"
        },
        {
            "input": "1266",
            "output": "15"
        },
        {
            "input": "8081",
            "output": "17"
        },
        {
            "input": "4984",
            "output": "25"
        },
        {
            "input": "1360",
            "output": "10"
        },
        {
            "input": "2314",
            "output": "10"
        },
        {
            "input": "3113",
            "output": "8"
        },
        {
            "input": "7244",
            "output": "17"
        },
        {
            "input": "8146",
            "output": "19"
        },
        {
            "input": "4342",
            "output": "13"
        },
        {
            "input": "9189",
            "output": "27"
        },
        {
            "input": "1675",
            "output": "19"
        },
        {
            "input": "3722",
            "output": "14"
        },
        {
            "input": "4219",
            "output": "16"
        },
        {
            "input": "6724",
            "output": "19"
        },
        {
            "input": "5226",
            "output": "15"
        },
        {
            "input": "9985",
            "output": "31"
        },
        {
            "input": "6605",
            "output": "17"
        },
        {
            "input": "4287",
            "output": "21"
        },
        {
            "input": "171",
            "output": "9"
        },
        {
            "input": "6728",
            "output": "23"
        },
        {
            "input": "9251",
            "output": "17"
        },
        {
            "input": "2620",
            "output": "10"
        },
        {
            "input": "1643",
            "output": "14"
        },
        {
            "input": "5595",
            "output": "24"
        },
        {
            "input": "331",
            "output": "7"
        },
        {
            "input": "5041",
            "output": "10"
        },
        {
            "input": "6646",
            "output": "22"
        },
        {
            "input": "1582",
            "output": "16"
        },
        {
            "input": "8618",
            "output": "23"
        },
        {
            "input": "1580",
            "output": "14"
        },
        {
            "input": "9099",
            "output": "27"
        },
        {
            "input": "2511",
            "output": "9"
        },
        {
            "input": "431",
            "output": "8"
        },
        {
            "input": "8493",
            "output": "24"
        },
        {
            "input": "5544",
            "output": "18"
        },
        {
            "input": "1908",
            "output": "18"
        },
        {
            "input": "242",
            "output": "8"
        },
        {
            "input": "7557",
            "output": "24"
        },
        {
            "input": "40",
            "output": "4"
        },
        {
            "input": "7435",
            "output": "19"
        },
        {
            "input": "8487",
            "output": "27"
        },
        {
            "input": "7412",
            "output": "14"
        },
        {
            "input": "7663",
            "output": "22"
        },
        {
            "input": "5112",
            "output": "9"
        },
        {
            "input": "1566",
            "output": "18"
        },
        {
            "input": "8963",
            "output": "26"
        },
        {
            "input": "8480",
            "output": "20"
        },
        {
            "input": "348",
            "output": "15"
        },
        {
            "input": "5767",
            "output": "25"
        },
        {
            "input": "1089",
            "output": "18"
        },
        {
            "input": "751",
            "output": "13"
        },
        {
            "input": "3842",
            "output": "17"
        },
        {
            "input": "6085",
            "output": "19"
        },
        {
            "input": "349",
            "output": "16"
        },
        {
            "input": "602",
            "output": "8"
        },
        {
            "input": "4314",
            "output": "12"
        },
        {
            "input": "6870",
            "output": "21"
        },
        {
            "input": "9677",
            "output": "29"
        },
        {
            "input": "3046",
            "output": "13"
        },
        {
            "input": "1456",
            "output": "16"
        },
        {
            "input": "3452",
            "output": "14"
        },
        {
            "input": "9503",
            "output": "17"
        },
        {
            "input": "6769",
            "output": "28"
        },
        {
            "input": "6901",
            "output": "16"
        },
        {
            "input": "3082",
            "output": "13"
        },
        {
            "input": "9552",
            "output": "21"
        },
        {
            "input": "6408",
            "output": "18"
        },
        {
            "input": "6917",
            "output": "23"
        },
        {
            "input": "969",
            "output": "24"
        },
        {
            "input": "6197",
            "output": "23"
        },
        {
            "input": "603",
            "output": "9"
        },
        {
            "input": "4448",
            "output": "20"
        },
        {
            "input": "3897",
            "output": "27"
        },
        {
            "input": "9859",
            "output": "31"
        },
        {
            "input": "1319",
            "output": "14"
        },
        {
            "input": "3274",
            "output": "16"
        },
        {
            "input": "9397",
            "output": "28"
        },
        {
            "input": "1910",
            "output": "11"
        },
        {
            "input": "992",
            "output": "20"
        },
        {
            "input": "5916",
            "output": "21"
        },
        {
            "input": "1028",
            "output": "11"
        },
        {
            "input": "7344",
            "output": "18"
        },
        {
            "input": "6649",
            "output": "25"
        },
        {
            "input": "7096",
            "output": "22"
        },
        {
            "input": "1131",
            "output": "6"
        },
        {
            "input": "2386",
            "output": "19"
        },
        {
            "input": "8238",
            "output": "21"
        },
        {
            "input": "5162",
            "output": "14"
        },
        {
            "input": "9759",
            "output": "30"
        },
        {
            "input": "4288",
            "output": "22"
        },
        {
            "input": "1016",
            "output": "8"
        },
        {
            "input": "8517",
            "output": "21"
        },
        {
            "input": "3375",
            "output": "18"
        },
        {
            "input": "7863",
            "output": "24"
        },
        {
            "input": "7403",
            "output": "14"
        },
        {
            "input": "2382",
            "output": "15"
        },
        {
            "input": "3425",
            "output": "14"
        },
        {
            "input": "4372",
            "output": "16"
        },
        {
            "input": "9793",
            "output": "28"
        },
        {
            "input": "5893",
            "output": "25"
        },
        {
            "input": "6731",
            "output": "17"
        },
        {
            "input": "4422",
            "output": "12"
        },
        {
            "input": "6691",
            "output": "22"
        },
        {
            "input": "5579",
            "output": "26"
        },
        {
            "input": "1490",
            "output": "14"
        },
        {
            "input": "5889",
            "output": "30"
        },
        {
            "input": "5990",
            "output": "23"
        },
        {
            "input": "1759",
            "output": "22"
        },
        {
            "input": "707",
            "output": "14"
        },
        {
            "input": "6286",
            "output": "22"
        },
        {
            "input": "6492",
            "output": "21"
        },
        {
            "input": "7928",
            "output": "26"
        },
        {
            "input": "4021",
            "output": "7"
        },
        {
            "input": "4039",
            "output": "16"
        },
        {
            "input": "9555",
            "output": "24"
        },
        {
            "input": "7625",
            "output": "20"
        },
        {
            "input": "273",
            "output": "12"
        },
        {
            "input": "6933",
            "output": "21"
        },
        {
            "input": "8018",
            "output": "17"
        },
        {
            "input": "2674",
            "output": "19"
        },
        {
            "input": "2738",
            "output": "20"
        },
        {
            "input": "2605",
            "output": "13"
        },
        {
            "input": "6198",
            "output": "24"
        },
        {
            "input": "2728",
            "output": "19"
        },
        {
            "input": "8079",
            "output": "24"
        },
        {
            "input": "6000",
            "output": "6"
        },
        {
            "input": "2981",
            "output": "20"
        },
        {
            "input": "3310",
            "output": "7"
        },
        {
            "input": "2313",
            "output": "9"
        },
        {
            "input": "1510",
            "output": "7"
        },
        {
            "input": "7647",
            "output": "24"
        },
        {
            "input": "8634",
            "output": "21"
        },
        {
            "input": "5470",
            "output": "16"
        },
        {
            "input": "7688",
            "output": "29"
        },
        {
            "input": "6558",
            "output": "24"
        },
        {
            "input": "9305",
            "output": "17"
        },
        {
            "input": "7261",
            "output": "16"
        },
        {
            "input": "2431",
            "output": "10"
        },
        {
            "input": "3832",
            "output": "16"
        },
        {
            "input": "629",
            "output": "17"
        },
        {
            "input": "8789",
            "output": "32"
        },
        {
            "input": "8831",
            "output": "20"
        },
        {
            "input": "7601",
            "output": "14"
        },
        {
            "input": "2864",
            "output": "20"
        },
        {
            "input": "5215",
            "output": "13"
        },
        {
            "input": "6622",
            "output": "16"
        },
        {
            "input": "615",
            "output": "12"
        },
        {
            "input": "4496",
            "output": "23"
        },
        {
            "input": "3055",
            "output": "13"
        },
        {
            "input": "4978",
            "output": "28"
        },
        {
            "input": "2758",
            "output": "22"
        },
        {
            "input": "2018",
            "output": "11"
        },
        {
            "input": "6117",
            "output": "15"
        },
        {
            "input": "9007",
            "output": "16"
        },
        {
            "input": "3255",
            "output": "15"
        },
        {
            "input": "9651",
            "output": "21"
        },
        {
            "input": "4278",
            "output": "21"
        },
        {
            "input": "427",
            "output": "13"
        },
        {
            "input": "4173",
            "output": "15"
        },
        {
            "input": "380",
            "output": "11"
        },
        {
            "input": "1316",
            "output": "11"
        },
        {
            "input": "218",
            "output": "11"
        },
        {
            "input": "8982",
            "output": "27"
        },
        {
            "input": "4376",
            "output": "20"
        },
        {
            "input": "6284",
            "output": "20"
        },
        {
            "input": "8296",
            "output": "25"
        },
        {
            "input": "8449",
            "output": "25"
        },
        {
            "input": "8347",
            "output": "22"
        },
        {
            "input": "5603",
            "output": "14"
        },
        {
            "input": "4762",
            "output": "19"
        },
        {
            "input": "8654",
            "output": "23"
        },
        {
            "input": "2081",
            "output": "11"
        },
        {
            "input": "3409",
            "output": "16"
        },
        {
            "input": "1146",
            "output": "12"
        },
        {
            "input": "9064",
            "output": "19"
        },
        {
            "input": "7336",
            "output": "19"
        },
        {
            "input": "6364",
            "output": "19"
        },
        {
            "input": "8161",
            "output": "16"
        },
        {
            "input": "8451",
            "output": "18"
        },
        {
            "input": "4124",
            "output": "11"
        },
        {
            "input": "5104",
            "output": "10"
        },
        {
            "input": "8454",
            "output": "21"
        },
        {
            "input": "2188",
            "output": "19"
        },
        {
            "input": "1158",
            "output": "15"
        },
        {
            "input": "6984",
            "output": "27"
        },
        {
            "input": "1527",
            "output": "15"
        },
        {
            "input": "971",
            "output": "17"
        },
        {
            "input": "5809",
            "output": "22"
        },
        {
            "input": "3374",
            "output": "17"
        },
        {
            "input": "2583",
            "output": "18"
        },
        {
            "input": "161",
            "output": "8"
        },
        {
            "input": "5653",
            "output": "19"
        },
        {
            "input": "2251",
            "output": "10"
        },
        {
            "input": "1400",
            "output": "5"
        },
        {
            "input": "3435",
            "output": "15"
        },
        {
            "input": "8279",
            "output": "26"
        },
        {
            "input": "1390",
            "output": "13"
        },
        {
            "input": "4279",
            "output": "22"
        },
        {
            "input": "8434",
            "output": "19"
        },
        {
            "input": "2977",
            "output": "25"
        },
        {
            "input": "5902",
            "output": "16"
        },
        {
            "input": "5819",
            "output": "23"
        },
        {
            "input": "2759",
            "output": "23"
        },
        {
            "input": "5863",
            "output": "22"
        },
        {
            "input": "9501",
            "output": "15"
        },
        {
            "input": "9250",
            "output": "16"
        },
        {
            "input": "137",
            "output": "11"
        },
        {
            "input": "6705",
            "output": "18"
        },
        {
            "input": "6759",
            "output": "27"
        },
        {
            "input": "3924",
            "output": "18"
        },
        {
            "input": "9541",
            "output": "19"
        },
        {
            "input": "869",
            "output": "23"
        },
        {
            "input": "7978",
            "output": "31"
        },
        {
            "input": "5042",
            "output": "11"
        },
        {
            "input": "231",
            "output": "6"
        },
        {
            "input": "3392",
            "output": "17"
        },
        {
            "input": "6193",
            "output": "19"
        },
        {
            "input": "8278",
            "output": "25"
        },
        {
            "input": "2909",
            "output": "20"
        },
        {
            "input": "2192",
            "output": "14"
        },
        {
            "input": "6387",
            "output": "24"
        },
        {
            "input": "3002",
            "output": "5"
        },
        {
            "input": "6928",
            "output": "25"
        },
        {
            "input": "7253",
            "output": "17"
        },
        {
            "input": "165",
            "output": "12"
        },
        {
            "input": "6814",
            "output": "19"
        },
        {
            "input": "8464",
            "output": "22"
        },
        {
            "input": "9683",
            "output": "26"
        },
        {
            "input": "9322",
            "output": "16"
        },
        {
            "input": "6436",
            "output": "19"
        },
        {
            "input": "3476",
            "output": "20"
        },
        {
            "input": "405",
            "output": "9"
        },
        {
            "input": "7720",
            "output": "16"
        },
        {
            "input": "3696",
            "output": "24"
        },
        {
            "input": "1852",
            "output": "16"
        },
        {
            "input": "1940",
            "output": "14"
        },
        {
            "input": "8085",
            "output": "21"
        },
        {
            "input": "464",
            "output": "14"
        },
        {
            "input": "612",
            "output": "9"
        },
        {
            "input": "6060",
            "output": "12"
        },
        {
            "input": "5547",
            "output": "21"
        },
        {
            "input": "3772",
            "output": "19"
        },
        {
            "input": "6391",
            "output": "19"
        },
        {
            "input": "6817",
            "output": "22"
        },
        {
            "input": "7560",
            "output": "18"
        },
        {
            "input": "4445",
            "output": "17"
        },
        {
            "input": "6506",
            "output": "17"
        },
        {
            "input": "6548",
            "output": "23"
        },
        {
            "input": "7016",
            "output": "14"
        },
        {
            "input": "4432",
            "output": "13"
        },
        {
            "input": "8472",
            "output": "21"
        },
        {
            "input": "984",
            "output": "21"
        },
        {
            "input": "9961",
            "output": "25"
        },
        {
            "input": "2322",
            "output": "9"
        },
        {
            "input": "3421",
            "output": "10"
        },
        {
            "input": "2983",
            "output": "22"
        },
        {
            "input": "5824",
            "output": "19"
        },
        {
            "input": "3753",
            "output": "18"
        },
        {
            "input": "7500",
            "output": "12"
        },
        {
            "input": "6643",
            "output": "19"
        },
        {
            "input": "7716",
            "output": "21"
        },
        {
            "input": "8996",
            "output": "32"
        },
        {
            "input": "4871",
            "output": "20"
        },
        {
            "input": "1052",
            "output": "8"
        },
        {
            "input": "5295",
            "output": "21"
        },
        {
            "input": "6641",
            "output": "17"
        },
        {
            "input": "7997",
            "output": "32"
        },
        {
            "input": "8834",
            "output": "23"
        },
        {
            "input": "4721",
            "output": "14"
        },
        {
            "input": "7367",
            "output": "23"
        },
        {
            "input": "1511",
            "output": "8"
        },
        {
            "input": "3005",
            "output": "8"
        },
        {
            "input": "1924",
            "output": "16"
        },
        {
            "input": "8540",
            "output": "17"
        },
        {
            "input": "6656",
            "output": "23"
        },
        {
            "input": "1351",
            "output": "10"
        },
        {
            "input": "9537",
            "output": "24"
        },
        {
            "input": "4703",
            "output": "14"
        },
        {
            "input": "2492",
            "output": "17"
        },
        {
            "input": "6300",
            "output": "9"
        },
        {
            "input": "7733",
            "output": "20"
        },
        {
            "input": "1982",
            "output": "20"
        },
        {
            "input": "1116",
            "output": "9"
        },
        {
            "input": "3721",
            "output": "13"
        },
        {
            "input": "7330",
            "output": "13"
        },
        {
            "input": "9156",
            "output": "21"
        },
        {
            "input": "8515",
            "output": "19"
        },
        {
            "input": "560",
            "output": "11"
        },
        {
            "input": "2833",
            "output": "16"
        },
        {
            "input": "4264",
            "output": "16"
        },
        {
            "input": "205",
            "output": "7"
        },
        {
            "input": "4999",
            "output": "31"
        },
        {
            "input": "9410",
            "output": "14"
        },
        {
            "input": "7630",
            "output": "16"
        },
        {
            "input": "7041",
            "output": "12"
        },
        {
            "input": "1757",
            "output": "20"
        },
        {
            "input": "7411",
            "output": "13"
        },
        {
            "input": "4426",
            "output": "16"
        },
        {
            "input": "2271",
            "output": "12"
        },
        {
            "input": "6748",
            "output": "25"
        },
        {
            "input": "1804",
            "output": "13"
        },
        {
            "input": "1005",
            "output": "6"
        },
        {
            "input": "2713",
            "output": "13"
        },
        {
            "input": "1942",
            "output": "16"
        },
        {
            "input": "7948",
            "output": "28"
        },
        {
            "input": "9911",
            "output": "20"
        },
        {
            "input": "674",
            "output": "17"
        },
        {
            "input": "710",
            "output": "8"
        },
        {
            "input": "1426",
            "output": "13"
        },
        {
            "input": "2830",
            "output": "13"
        },
        {
            "input": "1088",
            "output": "17"
        },
        {
            "input": "597",
            "output": "21"
        },
        {
            "input": "3237",
            "output": "15"
        },
        {
            "input": "7736",
            "output": "23"
        },
        {
            "input": "3181",
            "output": "13"
        },
        {
            "input": "7258",
            "output": "22"
        },
        {
            "input": "3655",
            "output": "19"
        },
        {
            "input": "7404",
            "output": "15"
        },
        {
            "input": "4734",
            "output": "18"
        },
        {
            "input": "918",
            "output": "18"
        },
        {
            "input": "8931",
            "output": "21"
        },
        {
            "input": "315",
            "output": "9"
        },
        {
            "input": "1165",
            "output": "13"
        },
        {
            "input": "9226",
            "output": "19"
        },
        {
            "input": "9990",
            "output": "27"
        },
        {
            "input": "5754",
            "output": "21"
        },
        {
            "input": "8602",
            "output": "16"
        },
        {
            "input": "3059",
            "output": "17"
        },
        {
            "input": "1914",
            "output": "15"
        },
        {
            "input": "1141",
            "output": "7"
        },
        {
            "input": "3480",
            "output": "15"
        },
        {
            "input": "982",
            "output": "19"
        },
        {
            "input": "589",
            "output": "22"
        },
        {
            "input": "7440",
            "output": "15"
        },
        {
            "input": "5987",
            "output": "29"
        },
        {
            "input": "4962",
            "output": "21"
        },
        {
            "input": "9082",
            "output": "19"
        },
        {
            "input": "6687",
            "output": "27"
        },
        {
            "input": "8471",
            "output": "20"
        },
        {
            "input": "8785",
            "output": "28"
        },
        {
            "input": "1152",
            "output": "9"
        },
        {
            "input": "6491",
            "output": "20"
        },
        {
            "input": "5153",
            "output": "14"
        },
        {
            "input": "4399",
            "output": "25"
        },
        {
            "input": "8197",
            "output": "25"
        },
        {
            "input": "2922",
            "output": "15"
        },
        {
            "input": "5426",
            "output": "17"
        },
        {
            "input": "4562",
            "output": "17"
        },
        {
            "input": "7338",
            "output": "21"
        },
        {
            "input": "8237",
            "output": "20"
        },
        {
            "input": "33",
            "output": "6"
        },
        {
            "input": "9769",
            "output": "31"
        },
        {
            "input": "6426",
            "output": "18"
        },
        {
            "input": "4307",
            "output": "14"
        },
        {
            "input": "1600",
            "output": "7"
        },
        {
            "input": "6875",
            "output": "26"
        },
        {
            "input": "4035",
            "output": "12"
        },
        {
            "input": "3707",
            "output": "17"
        },
        {
            "input": "979",
            "output": "25"
        },
        {
            "input": "395",
            "output": "17"
        },
        {
            "input": "4901",
            "output": "14"
        },
        {
            "input": "466",
            "output": "16"
        },
        {
            "input": "9922",
            "output": "22"
        },
        {
            "input": "6698",
            "output": "29"
        },
        {
            "input": "1952",
            "output": "17"
        },
        {
            "input": "8120",
            "output": "11"
        },
        {
            "input": "6584",
            "output": "23"
        },
        {
            "input": "8441",
            "output": "17"
        },
        {
            "input": "1066",
            "output": "13"
        },
        {
            "input": "6290",
            "output": "17"
        },
        {
            "input": "2090",
            "output": "11"
        },
        {
            "input": "7917",
            "output": "24"
        },
        {
            "input": "383",
            "output": "14"
        },
        {
            "input": "1739",
            "output": "20"
        },
        {
            "input": "7923",
            "output": "21"
        },
        {
            "input": "2179",
            "output": "19"
        },
        {
            "input": "9231",
            "output": "15"
        },
        {
            "input": "7269",
            "output": "24"
        },
        {
            "input": "1541",
            "output": "11"
        },
        {
            "input": "5091",
            "output": "15"
        },
        {
            "input": "7934",
            "output": "23"
        },
        {
            "input": "283",
            "output": "13"
        },
        {
            "input": "2234",
            "output": "11"
        },
        {
            "input": "7421",
            "output": "14"
        },
        {
            "input": "8860",
            "output": "22"
        },
        {
            "input": "5520",
            "output": "12"
        },
        {
            "input": "2539",
            "output": "19"
        },
        {
            "input": "86",
            "output": "14"
        },
        {
            "input": "197",
            "output": "17"
        },
        {
            "input": "4951",
            "output": "19"
        },
        {
            "input": "1422",
            "output": "9"
        },
        {
            "input": "1741",
            "output": "13"
        },
        {
            "input": "1717",
            "output": "16"
        },
        {
            "input": "8762",
            "output": "23"
        },
        {
            "input": "5662",
            "output": "19"
        },
        {
            "input": "5206",
            "output": "13"
        },
        {
            "input": "442",
            "output": "10"
        },
        {
            "input": "6893",
            "output": "26"
        },
        {
            "input": "4396",
            "output": "22"
        },
        {
            "input": "5491",
            "output": "19"
        },
        {
            "input": "850",
            "output": "13"
        },
        {
            "input": "6218",
            "output": "17"
        },
        {
            "input": "1494",
            "output": "18"
        },
        {
            "input": "5479",
            "output": "25"
        },
        {
            "input": "9469",
            "output": "28"
        },
        {
            "input": "4236",
            "output": "15"
        },
        {
            "input": "7820",
            "output": "17"
        },
        {
            "input": "7124",
            "output": "14"
        },
        {
            "input": "4719",
            "output": "21"
        },
        {
            "input": "1380",
            "output": "12"
        },
        {
            "input": "1489",
            "output": "22"
        },
        {
            "input": "3943",
            "output": "19"
        },
        {
            "input": "3927",
            "output": "21"
        },
        {
            "input": "2045",
            "output": "11"
        },
        {
            "input": "4031",
            "output": "8"
        },
        {
            "input": "6615",
            "output": "18"
        },
        {
            "input": "2724",
            "output": "15"
        },
        {
            "input": "4240",
            "output": "10"
        },
        {
            "input": "1641",
            "output": "12"
        },
        {
            "input": "2325",
            "output": "12"
        },
        {
            "input": "3603",
            "output": "12"
        },
        {
            "input": "7295",
            "output": "23"
        },
        {
            "input": "6245",
            "output": "17"
        },
        {
            "input": "4180",
            "output": "13"
        },
        {
            "input": "8440",
            "output": "16"
        },
        {
            "input": "4785",
            "output": "24"
        },
        {
            "input": "8707",
            "output": "22"
        },
        {
            "input": "672",
            "output": "15"
        },
        {
            "input": "8448",
            "output": "24"
        },
        {
            "input": "7706",
            "output": "20"
        },
        {
            "input": "5658",
            "output": "24"
        },
        {
            "input": "7278",
            "output": "24"
        }
    ]
}