{
    "id": "trapping_rain_water",
    "title": "Trapping Rain Water",
    "description": "The Trapping Rain Water problem is a classic algorithmic challenge. You are given an array of non-negative integers representing the height of each bar in a histogram where the width of each bar is 1. Your task is to compute how much water it can trap after raining.",
    "input_format": "A single line containing space-separated integers representing the heights.",
    "output_format": "Output a single integer representing the total amount of trapped water.",
    "constraints": {
        "Array Elements": "0 <= height[i] <= 10^5",
        "Array Length": "0 <= length <= 2 * 10^4"
    },
    "judge_mode": "FIRST_FAIL",
    "time_limit": 1,
    "sample_test_cases": [
        {
            "input": "0 1 0 2 1 0 1 3 2 1 2 1",
            "output": "6"
        },
        {
            "input": "4 2 0 3 2 5",
            "output": "9"
        }
    ],
    "hidden_test_cases": [
        {
            "input": "2 1 4 0 0 3 2 0 2 0 4 3 2 2",
            "output": "22"
        },
        {
            "input": "3 4 4 3 1 5 5 3 0 2 2 1 4 1 4",
            "output": "19"
        },
        {
            "input": "2 3 1 0 0 4 2 2 5 5 5 4 3",
            "output": "12"
        },
        {
            "input": "5 2 3 4 0 4",
            "output": "7"
        },
        {
            "input": "0 5 5 0 5",
            "output": "5"
        },
        {
            "input": "2 1 2 4 5 5",
            "output": "1"
        },
        {
            "input": "1 5 3 4 0 3 4 1 5 4 4 2 0",
            "output": "15"
        },
        {
            "input": "1 2 5 4 1 3 0",
            "output": "2"
        },
        {
            "input": "1 1 4 5 2 1 2 2 2 4 0 5 3",
            "output": "22"
        },
        {
            "input": "0 3 2 4 1 1 5 3 1 5 3 0 4",
            "output": "18"
        },
        {
            "input": "1 4 3 5 4 0 5 0 5 0 4",
            "output": "16"
        },
        {
            "input": "4 3 3 2 0 0 4",
            "output": "12"
        },
        {
            "input": "4 4 3 3 1 1 3",
            "output": "4"
        },
        {
            "input": "0 1 4 0 2 5 2 0 3 3",
            "output": "10"
        },
        {
            "input": "1 2 3 3 1 5 4 3 2 2 0 5 2",
            "output": "16"
        },
        {
            "input": "4 0 2 1 1 4 1 3 2 4 3 1 2 0 0",
            "output": "19"
        },
        {
            "input": "5 4 1 1 5 0 2 5 5 0",
            "output": "17"
        },
        {
            "input": "4 0 1 5 1 1 5 1 1 4 1 5",
            "output": "28"
        },
        {
            "input": "4 2 3 5 3 3 2",
            "output": "3"
        },
        {
            "input": "0 0 2 2 2 3 5 1",
            "output": "0"
        },
        {
            "input": "1 2 2 4 2 1 0 5 0 1 0 4 0",
            "output": "20"
        },
        {
            "input": "3 5 1 3 1",
            "output": "2"
        },
        {
            "input": "0 0 3 0 1 3 3 2 0",
            "output": "5"
        },
        {
            "input": "2 2 3 3 2 1 1 2 5 4",
            "output": "6"
        },
        {
            "input": "3 1 2 5 3 5 2 4 5 3",
            "output": "9"
        },
        {
            "input": "1 0 3 5 4 1 5 2 0",
            "output": "6"
        },
        {
            "input": "3 0 3 1 4 5 5",
            "output": "5"
        },
        {
            "input": "3 3 1 3 4 1 3 3 0 3 2 1 1",
            "output": "7"
        },
        {
            "input": "1 3 3 0 5 3 3 5 2 5 2 3 2 0 4",
            "output": "19"
        },
        {
            "input": "2 0 4 5 1 0",
            "output": "2"
        },
        {
            "input": "1 1 3 5 5 2 2 4 3 2 1 1 0 1 3",
            "output": "14"
        },
        {
            "input": "3 1 1 0 1 1 4 3 2 2 2",
            "output": "11"
        },
        {
            "input": "5 0 3 5 5",
            "output": "7"
        },
        {
            "input": "2 4 1 0 2 3 0 0 4 4 1 5",
            "output": "21"
        },
        {
            "input": "4 1 4 2 3 5 3 2 5 4 0 2",
            "output": "13"
        },
        {
            "input": "3 1 4 5 5 3 2 0 4 5 3 5",
            "output": "15"
        },
        {
            "input": "1 2 0 4 4 3 3 0 4 4 0",
            "output": "8"
        },
        {
            "input": "4 2 2 5 2 2 5 2 4 5 0",
            "output": "14"
        },
        {
            "input": "3 4 4 5 0 4 2 3 5 2 2 2 1 0 1",
            "output": "12"
        },
        {
            "input": "2 2 5 3 5",
            "output": "2"
        },
        {
            "input": "5 3 0 2 3 3 4 0 1 5 5 0",
            "output": "24"
        },
        {
            "input": "2 3 5 1 3 4 3 3 1 0 0",
            "output": "4"
        },
        {
            "input": "0 5 5 4 0 2 2",
            "output": "2"
        },
        {
            "input": "4 2 1 0 0 3 4 2",
            "output": "14"
        },
        {
            "input": "1 1 1 4 0 2 2 2 4 2 1 3 2 1",
            "output": "13"
        },
        {
            "input": "1 2 5 3 1 0 0 0 4 5 0 2",
            "output": "24"
        },
        {
            "input": "4 2 3 3 3 3 1 5",
            "output": "9"
        },
        {
            "input": "4 1 0 5 2 4 0 2 4 2 1 4 1 5 2",
            "output": "32"
        },
        {
            "input": "3 1 4 0 0 1 4 0",
            "output": "13"
        },
        {
            "input": "0 3 3 2 4 1",
            "output": "1"
        },
        {
            "input": "0 5 3 4 3 1 5 5 1 2 5 1 2",
            "output": "17"
        },
        {
            "input": "1 3 3 3 5 5 4 1 5 5 1 4",
            "output": "8"
        },
        {
            "input": "5 2 4 1 5",
            "output": "8"
        },
        {
            "input": "4 3 0 1 5 5 5 5 2 2 3 3 0 1 0",
            "output": "11"
        },
        {
            "input": "5 0 1 1 5",
            "output": "13"
        },
        {
            "input": "3 4 5 4 4",
            "output": "0"
        },
        {
            "input": "1 4 3 4 4 2 5 1 3 1 3 4 5 5",
            "output": "16"
        },
        {
            "input": "0 0 0 5 4 5 5 5 4 5",
            "output": "2"
        },
        {
            "input": "4 0 2 5 0 2 3 5 0",
            "output": "16"
        },
        {
            "input": "4 5 0 3 0 1",
            "output": "4"
        },
        {
            "input": "0 3 3 2 4 3 5 4",
            "output": "2"
        },
        {
            "input": "2 3 0 3 5 0 2 0 4 2 0 1",
            "output": "14"
        },
        {
            "input": "4 5 4 5 3 3 3 0 4 0",
            "output": "8"
        },
        {
            "input": "1 1 3 4 4 5 5 4 4 2",
            "output": "0"
        },
        {
            "input": "1 0 2 3 3 3 5 4 4 1 0 1 2 5",
            "output": "19"
        },
        {
            "input": "2 1 2 3 0 0 1 4 0 4",
            "output": "13"
        },
        {
            "input": "2 0 0 3 3 4 5 0 1 3 1 2 1 0",
            "output": "10"
        },
        {
            "input": "4 0 5 4 2 1",
            "output": "4"
        },
        {
            "input": "4 4 0 4 3 0 4 3 2 1 2 3",
            "output": "13"
        },
        {
            "input": "1 3 1 4 0 2 5 5 1 4 5 2",
            "output": "13"
        },
        {
            "input": "5 4 3 2 4 0",
            "output": "3"
        },
        {
            "input": "3 1 1 3 3 4 2 3 1 1",
            "output": "5"
        },
        {
            "input": "4 4 4 3 5 5",
            "output": "1"
        },
        {
            "input": "5 3 1 0 4 0 0 5 1 3 5 5 0",
            "output": "28"
        },
        {
            "input": "4 2 5 5 5",
            "output": "2"
        },
        {
            "input": "5 1 3 2 1",
            "output": "2"
        },
        {
            "input": "5 2 2 5 1 1 2 3 1 0 4 2 0 4 3",
            "output": "28"
        },
        {
            "input": "1 2 1 4 4 4",
            "output": "1"
        },
        {
            "input": "3 1 1 3 3 2 0 1 5 5 2 2 0",
            "output": "10"
        },
        {
            "input": "4 1 1 4 0 5 0 5",
            "output": "15"
        },
        {
            "input": "0 2 0 0 0",
            "output": "0"
        },
        {
            "input": "0 0 5 0 1 2 1 5 1 0 3 1 2",
            "output": "22"
        },
        {
            "input": "0 2 1 3 2 0 0 3 4",
            "output": "8"
        },
        {
            "input": "1 4 0 0 3 4 2 3 2 3 2 5",
            "output": "17"
        },
        {
            "input": "2 5 3 5 2",
            "output": "2"
        },
        {
            "input": "4 1 4 1 3 0 0 2 4 1 3",
            "output": "19"
        },
        {
            "input": "5 2 2 3 4 4 1 5 4 4 4 2",
            "output": "14"
        },
        {
            "input": "4 0 3 1 0 1 1 5 5 4 2 0 3 0",
            "output": "22"
        },
        {
            "input": "0 5 1 3 2 1",
            "output": "2"
        },
        {
            "input": "5 3 5 4 3 2 2 0 3 5 3 4 2 0",
            "output": "19"
        },
        {
            "input": "2 3 0 5 0 3",
            "output": "6"
        },
        {
            "input": "5 4 0 4 5 3 2 2 0 3 2",
            "output": "12"
        },
        {
            "input": "5 2 5 4 5 4 4 4 4 0 1 4 0 1",
            "output": "12"
        },
        {
            "input": "1 1 4 0 3 5 1",
            "output": "5"
        },
        {
            "input": "1 4 1 5 0 4 0 4 4 0 1 0",
            "output": "12"
        },
        {
            "input": "1 1 3 0 4 3 3 2 2 2 0 2 0 1 5",
            "output": "24"
        },
        {
            "input": "3 1 1 3 4",
            "output": "4"
        },
        {
            "input": "0 2 5 2 0 1",
            "output": "1"
        },
        {
            "input": "4 5 4 2 2 0 5 2 3 4 4 3 4",
            "output": "16"
        },
        {
            "input": "1 5 4 3 1 1 2 1 4 1 5 2 0 0 0",
            "output": "23"
        },
        {
            "input": "5 4 3 0 5 0 2",
            "output": "10"
        },
        {
            "input": "1 2 0 2 1 2 2",
            "output": "3"
        },
        {
            "input": "1 1 2 3 3 0 0 3 1 1",
            "output": "6"
        },
        {
            "input": "2 4 4 1 1 5 2 2 4 2",
            "output": "10"
        },
        {
            "input": "2 3 1 5 5 0 3",
            "output": "5"
        },
        {
            "input": "2 1 4 5 2 5 5 1 2 2 1 5",
            "output": "18"
        },
        {
            "input": "5 1 2 2 3 1 1 1 0 1 0 0 4 5 5",
            "output": "44"
        },
        {
            "input": "1 3 3 5 1",
            "output": "0"
        },
        {
            "input": "4 1 1 2 4 1 2 1",
            "output": "9"
        },
        {
            "input": "0 1 2 2 5 2 5 5 3 3",
            "output": "3"
        },
        {
            "input": "5 3 0 4 0 0 0 4 0 3 4 0 1",
            "output": "23"
        },
        {
            "input": "0 0 1 4 0 1 2 1 4 0 3 4 2 1 5",
            "output": "22"
        },
        {
            "input": "0 1 1 2 3 3 0 1 3 4 0 3",
            "output": "8"
        },
        {
            "input": "0 3 3 4 0 0 1 3 5 0 1 2 0",
            "output": "15"
        },
        {
            "input": "1 1 5 2 3 1 3 2 0 2 5 1",
            "output": "22"
        },
        {
            "input": "3 1 2 5 3 4 0 3 2 4 0 5 5 5",
            "output": "22"
        },
        {
            "input": "1 2 5 0 4 2 4 1 2 5 4 5 1",
            "output": "18"
        },
        {
            "input": "5 4 5 5 1 5 2 5 1 3 4 1",
            "output": "12"
        },
        {
            "input": "1 1 4 1 3 3 3 4 5 4 1 5",
            "output": "11"
        },
        {
            "input": "3 0 2 2 3 4 5 0 1 5 5",
            "output": "14"
        },
        {
            "input": "0 5 1 1 1 3 5 5 3 1 3 0 4 1 4",
            "output": "26"
        },
        {
            "input": "2 5 1 1 3 3 0 1 0 2 2",
            "output": "9"
        },
        {
            "input": "3 0 1 0 0",
            "output": "1"
        },
        {
            "input": "3 5 5 2 0 1 3 4 2",
            "output": "10"
        },
        {
            "input": "1 5 2 2 2",
            "output": "0"
        },
        {
            "input": "5 2 3 1 2 5",
            "output": "12"
        },
        {
            "input": "0 3 1 3 4 4 4 2 3 4 3 3 3 3 1",
            "output": "5"
        },
        {
            "input": "5 1 0 1 4 5 4",
            "output": "14"
        },
        {
            "input": "5 4 5 4 4 4 4 5",
            "output": "5"
        },
        {
            "input": "3 4 5 4 0 4 4 5 1",
            "output": "8"
        },
        {
            "input": "4 1 1 3 3",
            "output": "4"
        },
        {
            "input": "4 0 3 4 5 2 4 5 4 1 4 4",
            "output": "12"
        },
        {
            "input": "4 2 4 4 1 1 0 0 5 2 3",
            "output": "17"
        },
        {
            "input": "5 5 3 0 2 5 0 5 5 4 3 3 5 0",
            "output": "20"
        },
        {
            "input": "5 4 1 3 2",
            "output": "2"
        },
        {
            "input": "0 0 1 1 1 4 5 0",
            "output": "0"
        },
        {
            "input": "3 3 2 4 5 1 1 1 1 2 1 4",
            "output": "18"
        },
        {
            "input": "4 1 0 3 0 2 5 3 4 1",
            "output": "15"
        },
        {
            "input": "5 1 3 0 2 5 1 3 2 3 2 4 4",
            "output": "23"
        },
        {
            "input": "5 4 0 4 4 5 1 4",
            "output": "11"
        },
        {
            "input": "5 2 3 3 2",
            "output": "1"
        },
        {
            "input": "3 3 4 2 1 4 4 0 0 1 1",
            "output": "7"
        },
        {
            "input": "3 0 3 0 5 4 2 0 2 0",
            "output": "8"
        },
        {
            "input": "0 3 1 2 4 0 3",
            "output": "6"
        },
        {
            "input": "3 4 2 0 3 2 3 4 1 1 1 4 1 2 3",
            "output": "22"
        },
        {
            "input": "0 5 5 1 2 3 4 5 4 3 0 2",
            "output": "12"
        },
        {
            "input": "0 2 4 5 5 4 0 2 0 2 0 3 2 5",
            "output": "27"
        },
        {
            "input": "0 0 5 1 2 0 3 3 1 5 2",
            "output": "20"
        },
        {
            "input": "3 4 0 3 0 5",
            "output": "9"
        },
        {
            "input": "3 3 5 3 2 1 2 5 4 3 2 1",
            "output": "12"
        },
        {
            "input": "3 1 2 4 5 2 3 3 5 4 1 0 1 5",
            "output": "24"
        },
        {
            "input": "0 5 2 0 5 2 3 2 0 2 1 5 2 2 0",
            "output": "28"
        },
        {
            "input": "3 0 2 4 4 5 5 2 3 2 5 3 1 4",
            "output": "16"
        },
        {
            "input": "3 1 5 4 1 5 3 5 4 4",
            "output": "9"
        },
        {
            "input": "5 1 1 1 2 3 1 3",
            "output": "9"
        },
        {
            "input": "5 3 3 1 2 3 4 5 0 2 3 3 5 3 0",
            "output": "26"
        },
        {
            "input": "4 5 3 3 5 2 5 0 1 2 3 1",
            "output": "13"
        },
        {
            "input": "1 2 3 4 4 5 5 2 1 0 5 5 3 2",
            "output": "12"
        },
        {
            "input": "0 3 2 2 4 3 3 1",
            "output": "2"
        },
        {
            "input": "3 3 4 5 3",
            "output": "0"
        },
        {
            "input": "4 3 2 0 2 4",
            "output": "9"
        },
        {
            "input": "2 5 5 2 3 4 1 4 2 5 4 0 1 1 3",
            "output": "21"
        },
        {
            "input": "4 0 0 2 5 2 4",
            "output": "12"
        },
        {
            "input": "4 3 4 2 2 5 3 2 0",
            "output": "5"
        },
        {
            "input": "4 2 3 0 2 1 5 5 1 1 1 1 1 3",
            "output": "22"
        },
        {
            "input": "2 1 1 0 2 4 4 2 5 4 5 5 5",
            "output": "7"
        },
        {
            "input": "2 3 0 1 2 4 2 0",
            "output": "6"
        },
        {
            "input": "0 4 2 2 2 1 2 5",
            "output": "11"
        },
        {
            "input": "0 4 0 0 3 0 4 4 3 3",
            "output": "13"
        },
        {
            "input": "0 2 4 2 3 3 2 3 0 2 2 5",
            "output": "15"
        },
        {
            "input": "0 2 2 3 1 4 5",
            "output": "2"
        },
        {
            "input": "3 5 1 1 0 2 1 0 2 2 1",
            "output": "7"
        },
        {
            "input": "2 3 4 2 3 1 1 0",
            "output": "1"
        },
        {
            "input": "5 5 4 2 0 1 4 2 0 5 2",
            "output": "22"
        },
        {
            "input": "0 4 5 1 0 1 2 1 0 5 5 4 0 5",
            "output": "31"
        },
        {
            "input": "1 3 0 1 2 2",
            "output": "3"
        },
        {
            "input": "1 2 2 0 3 0 1 1 1 0 0 5 1 0 0",
            "output": "17"
        },
        {
            "input": "5 3 2 2 2 3",
            "output": "3"
        },
        {
            "input": "0 5 0 4 4 0 4",
            "output": "8"
        },
        {
            "input": "0 2 1 0 2 0 2",
            "output": "5"
        },
        {
            "input": "2 1 1 5 3 0 0 1",
            "output": "4"
        },
        {
            "input": "5 1 4 0 0 0 3 3 2 3 0 2",
            "output": "15"
        },
        {
            "input": "3 0 5 3 1 0 4 5 2 5 4 5 2",
            "output": "19"
        },
        {
            "input": "4 4 1 0 2 0 1 5 5 0 0 4 4",
            "output": "24"
        },
        {
            "input": "1 1 1 3 2 0 0 3 2 0 1 2 2 5",
            "output": "15"
        },
        {
            "input": "2 5 5 3 1 2 4 1 4 3 3 3 4 1",
            "output": "12"
        },
        {
            "input": "2 1 2 5 3 5 3 4 4 2 3 2",
            "output": "5"
        },
        {
            "input": "2 2 5 0 4 4 1 4 4 4 3 3 2",
            "output": "7"
        },
        {
            "input": "5 1 0 1 5",
            "output": "13"
        },
        {
            "input": "3 1 2 4 1 1",
            "output": "3"
        },
        {
            "input": "1 1 3 5 0 3",
            "output": "3"
        },
        {
            "input": "1 4 4 5 3",
            "output": "0"
        },
        {
            "input": "4 2 5 4 1 0 2 0 1 0 4 3 2",
            "output": "22"
        },
        {
            "input": "2 3 2 0 2 0 4 5 5 0 5 3 5 5 5",
            "output": "15"
        },
        {
            "input": "0 1 4 4 3 1 4 2 3 4 1 0",
            "output": "7"
        },
        {
            "input": "1 4 1 3 5 0 1 2 3 2 2 5",
            "output": "24"
        },
        {
            "input": "2 2 1 5 3 2 4 2 5 2",
            "output": "10"
        },
        {
            "input": "5 5 3 0 3 4 5 5",
            "output": "10"
        },
        {
            "input": "2 3 5 4 4",
            "output": "0"
        },
        {
            "input": "5 0 5 5 4 4 0 3 3 3 2 3 5",
            "output": "23"
        },
        {
            "input": "4 2 0 5 4 2 1 2 3 2 4 1 5",
            "output": "27"
        },
        {
            "input": "4 5 2 1 2 0",
            "output": "1"
        },
        {
            "input": "5 1 0 2 0 1 1 2 2 3 1 3 4 5",
            "output": "40"
        },
        {
            "input": "2 5 0 0 1 1 2 3",
            "output": "11"
        },
        {
            "input": "2 2 1 3 4 5 1 5 2 4 2 2",
            "output": "7"
        },
        {
            "input": "5 2 3 5 4 5 1 5 3 0 3 3 5 5",
            "output": "21"
        },
        {
            "input": "2 3 0 1 5 5 0 5",
            "output": "10"
        },
        {
            "input": "4 1 0 0 2 1 0 1 1",
            "output": "6"
        },
        {
            "input": "4 0 5 1 2 5 5",
            "output": "11"
        },
        {
            "input": "5 1 4 0 0 1 2 2 0 1 4 2 3",
            "output": "26"
        },
        {
            "input": "4 3 2 3 1 3 4 5 1 3 0 0",
            "output": "10"
        },
        {
            "input": "1 5 1 5 3 4 2 1 4 2 4",
            "output": "12"
        },
        {
            "input": "2 3 0 1 5 3",
            "output": "5"
        },
        {
            "input": "3 0 5 5 4 1 5 2 1 3 5 0 2",
            "output": "19"
        },
        {
            "input": "5 0 5 1 1",
            "output": "5"
        },
        {
            "input": "0 0 0 1 1 2 1 0 5",
            "output": "3"
        },
        {
            "input": "3 2 3 5 1 5 5 0",
            "output": "5"
        },
        {
            "input": "5 4 2 3 2 1",
            "output": "1"
        },
        {
            "input": "1 3 4 2 1 5 5 0 0 1 4 4 0",
            "output": "16"
        },
        {
            "input": "0 3 3 0 2 1 4",
            "output": "6"
        },
        {
            "input": "3 0 2 1 2 0 0 1 0 3 5 3 1 1 5",
            "output": "28"
        },
        {
            "input": "0 1 2 2 4 3",
            "output": "0"
        },
        {
            "input": "1 4 0 1 1",
            "output": "1"
        },
        {
            "input": "3 3 5 5 0 4 3 2 5 3 5 4 1 4 5",
            "output": "19"
        },
        {
            "input": "2 4 0 3 3 5 5 4 2 3",
            "output": "7"
        },
        {
            "input": "5 2 0 1 2 3",
            "output": "7"
        },
        {
            "input": "3 3 3 5 0 2 2 2 5 5 3",
            "output": "14"
        },
        {
            "input": "0 3 0 5 0 1 1 5 2",
            "output": "16"
        },
        {
            "input": "2 0 2 1 5 1 0 4 3 5 2 2 0 1 3",
            "output": "22"
        },
        {
            "input": "3 0 4 0 2 0 3",
            "output": "10"
        },
        {
            "input": "0 5 0 3 0 2 4 0 3 2 0 1",
            "output": "15"
        },
        {
            "input": "1 2 3 4 3 1 1 4 4 0 5 2 4",
            "output": "13"
        },
        {
            "input": "5 2 5 1 4 0 0 2 3 2 3 0 2",
            "output": "16"
        },
        {
            "input": "3 1 3 3 3 3",
            "output": "2"
        },
        {
            "input": "4 3 4 4 2 1 1 4",
            "output": "9"
        },
        {
            "input": "2 3 0 3 0 0 2 0 3 4",
            "output": "13"
        },
        {
            "input": "1 3 4 2 2",
            "output": "0"
        },
        {
            "input": "1 4 5 3 1 0",
            "output": "0"
        },
        {
            "input": "5 0 5 3 1 4 2 3 1 5 2 2 3",
            "output": "23"
        },
        {
            "input": "2 5 4 4 5 1 0 4",
            "output": "9"
        },
        {
            "input": "3 3 4 1 2 0 5",
            "output": "9"
        },
        {
            "input": "3 4 4 1 1 4 3 4 0",
            "output": "7"
        },
        {
            "input": "4 1 3 1 3 1 3 4 2 3 0",
            "output": "13"
        },
        {
            "input": "4 1 5 1 0",
            "output": "3"
        },
        {
            "input": "3 4 5 0 4 3 3 0 0 4",
            "output": "14"
        },
        {
            "input": "1 5 0 5 0 3 0 4 5",
            "output": "18"
        },
        {
            "input": "0 1 5 3 4 5 0",
            "output": "3"
        },
        {
            "input": "2 5 5 3 2 0",
            "output": "0"
        },
        {
            "input": "5 0 2 0 3 4 2 1 4 3 2 2 1",
            "output": "16"
        },
        {
            "input": "5 1 2 5 2 1",
            "output": "7"
        },
        {
            "input": "3 5 5 0 4 0 5 3 5 4 3",
            "output": "13"
        },
        {
            "input": "2 5 3 0 5",
            "output": "7"
        },
        {
            "input": "0 2 5 2 3 2 3 4 3",
            "output": "6"
        },
        {
            "input": "2 0 2 4 1 4 5 5 3",
            "output": "5"
        },
        {
            "input": "2 4 1 3 5 5 4 1",
            "output": "4"
        },
        {
            "input": "2 1 0 0 1 3 3 5 0 5 4 3",
            "output": "11"
        },
        {
            "input": "2 2 1 1 2 4 1 2 4 4",
            "output": "7"
        },
        {
            "input": "3 0 1 1 4 4 4 0 5 1 2 4 0 5",
            "output": "24"
        },
        {
            "input": "2 0 1 5 3 0 5 2 0 4 4 3 2",
            "output": "16"
        },
        {
            "input": "1 0 3 3 3 5 2 1 3",
            "output": "4"
        },
        {
            "input": "4 5 2 3 5 2 4 1 2 2",
            "output": "8"
        },
        {
            "input": "0 1 3 3 2 4 0 0 4 5 0 4 5 4",
            "output": "15"
        },
        {
            "input": "4 5 5 0 0",
            "output": "0"
        },
        {
            "input": "5 1 4 4 5 2 5 4 4 1 0",
            "output": "9"
        },
        {
            "input": "0 1 5 4 0 4 1 0 0 2",
            "output": "9"
        },
        {
            "input": "0 1 4 4 5 5 4 5",
            "output": "1"
        },
        {
            "input": "3 5 1 1 3 0 2 2 5 2 3 0",
            "output": "22"
        },
        {
            "input": "2 2 2 1 3",
            "output": "1"
        },
        {
            "input": "0 5 5 0 4 0 1 1 2 1 4 0 0 5 0",
            "output": "37"
        },
        {
            "input": "4 2 2 4 4 3 4 3 0",
            "output": "5"
        },
        {
            "input": "4 1 4 2 2 4 3 2 0 3 0 5 2 0",
            "output": "19"
        },
        {
            "input": "2 3 4 4 5 4 3 5 2",
            "output": "3"
        },
        {
            "input": "1 1 5 4 2",
            "output": "0"
        },
        {
            "input": "5 1 1 0 2 1 1 0 0 2 1",
            "output": "10"
        },
        {
            "input": "5 4 4 1 0 2 4 2 5 3",
            "output": "18"
        },
        {
            "input": "4 1 2 0 3 5 4 0 3 2 4 4 5 2",
            "output": "23"
        },
        {
            "input": "4 3 1 0 3 2 5",
            "output": "11"
        },
        {
            "input": "4 0 5 3 3 0 1 0 2 0 4 5",
            "output": "31"
        },
        {
            "input": "5 4 1 4 4",
            "output": "3"
        },
        {
            "input": "3 0 0 0 5 2 0 0 5 4 1",
            "output": "22"
        },
        {
            "input": "5 1 1 0 4",
            "output": "10"
        },
        {
            "input": "2 0 3 4 0 5 3 1 3 3",
            "output": "8"
        },
        {
            "input": "3 1 4 1 4 2 2 1 3 4 3 2",
            "output": "13"
        },
        {
            "input": "4 1 0 0 2 5 1 2",
            "output": "14"
        },
        {
            "input": "0 5 3 1 4",
            "output": "4"
        },
        {
            "input": "2 2 2 4 5 5 4 3 4 1",
            "output": "1"
        },
        {
            "input": "1 4 3 5 2 3 4 1 1 3",
            "output": "8"
        },
        {
            "input": "3 2 0 0 3 3 3 2 1",
            "output": "7"
        },
        {
            "input": "5 3 2 3 1 3 1 0 1",
            "output": "4"
        },
        {
            "input": "0 0 2 4 0",
            "output": "0"
        },
        {
            "input": "0 1 1 4 2 1 3",
            "output": "3"
        },
        {
            "input": "3 1 4 0 2",
            "output": "4"
        },
        {
            "input": "2 3 1 3 3 5 1 5 4 3 4 4 1 2 1",
            "output": "8"
        },
        {
            "input": "1 4 3 5 1 1 3 0 3 5 3 3 2 3",
            "output": "19"
        },
        {
            "input": "2 4 0 5 5 4 4 2 5 0 1 0 4",
            "output": "20"
        },
        {
            "input": "4 5 1 5 4 4 5 0 4 3 1 3",
            "output": "12"
        },
        {
            "input": "0 0 1 0 3",
            "output": "1"
        },
        {
            "input": "3 0 5 3 5 4 5 0 2 0 3 4 3 0",
            "output": "17"
        },
        {
            "input": "2 2 4 2 1 4 2 0 3 3 0",
            "output": "9"
        },
        {
            "input": "5 3 5 2 1 2",
            "output": "3"
        },
        {
            "input": "3 4 2 1 0 2 5 4 5 1 3",
            "output": "14"
        },
        {
            "input": "1 4 3 3 0 0 3 0 0 0 0 4 5 0 5",
            "output": "32"
        },
        {
            "input": "4 5 0 5 2 4 3 4 1 5 2 2 2 0",
            "output": "16"
        },
        {
            "input": "2 1 0 4 4 5 5 2 5 1",
            "output": "6"
        },
        {
            "input": "0 0 3 2 5 5 3 4 3 5 4 1 1",
            "output": "6"
        },
        {
            "input": "1 4 0 0 2 1",
            "output": "4"
        },
        {
            "input": "0 0 4 5 5 3 3 3 0",
            "output": "0"
        },
        {
            "input": "3 3 2 5 3 3 1 1 4 2 1 1 4 2 5",
            "output": "29"
        },
        {
            "input": "1 1 3 0 0 3 5 4 1 2 5",
            "output": "14"
        },
        {
            "input": "0 4 3 3 5 0 5 3 4 1 0 3 0",
            "output": "13"
        },
        {
            "input": "2 0 2 5 5 5 1 0 1 2 1 2 5 2 2",
            "output": "25"
        },
        {
            "input": "5 1 2 2 0 4 2 4 0 4 0 1 0 5 2",
            "output": "40"
        },
        {
            "input": "1 3 4 3 1 0 1 1 0 3 4 4 2",
            "output": "19"
        },
        {
            "input": "0 0 3 4 5 3 3 4 1 0 2 0 5 2",
            "output": "22"
        },
        {
            "input": "1 5 4 3 0 4 0 1",
            "output": "6"
        },
        {
            "input": "1 4 3 5 3 0 5 1 4 0 4 1 0",
            "output": "15"
        },
        {
            "input": "1 3 1 0 0 5 1 0 0 2 4 0",
            "output": "21"
        },
        {
            "input": "3 1 5 4 4 5",
            "output": "4"
        },
        {
            "input": "0 0 3 1 1 0 5 4 1 1 4 2 2",
            "output": "13"
        },
        {
            "input": "0 4 3 1 2 1 1 5 5 2 0",
            "output": "12"
        },
        {
            "input": "5 4 4 3 5 4 5 1 1 0 1 1 3 4 0",
            "output": "22"
        },
        {
            "input": "4 3 1 1 0 2 3",
            "output": "8"
        },
        {
            "input": "3 2 2 2 1 2 2 1 3 3 4 2",
            "output": "9"
        },
        {
            "input": "3 4 5 3 0 2 3 1 4 5 0",
            "output": "17"
        },
        {
            "input": "5 5 3 2 5 0 2 2 3 2 3 3 5 2",
            "output": "25"
        },
        {
            "input": "3 1 0 0 4 3 0 3 0 0 5 2 4",
            "output": "24"
        },
        {
            "input": "4 1 4 4 1 2 0",
            "output": "4"
        },
        {
            "input": "1 4 1 2 5 1 4 3 5 3 4 2 5",
            "output": "18"
        },
        {
            "input": "5 3 3 4 4 4 2 0",
            "output": "2"
        },
        {
            "input": "4 2 2 0 4 0 1 0 0 3 3",
            "output": "19"
        },
        {
            "input": "3 1 5 3 1 5 0",
            "output": "8"
        },
        {
            "input": "1 4 0 2 3 2 3 3 5",
            "output": "11"
        },
        {
            "input": "2 2 5 0 0 2",
            "output": "4"
        },
        {
            "input": "1 1 5 2 5 5 2 1 2 1 5 2 4 5",
            "output": "21"
        },
        {
            "input": "3 2 2 2 3 2 1 0 1 1 2 0 5",
            "output": "17"
        },
        {
            "input": "1 0 1 3 1",
            "output": "1"
        },
        {
            "input": "2 4 0 2 4 5 5 0",
            "output": "6"
        },
        {
            "input": "1 1 4 0 2 1 2 3 3 4 2 4 5 5 4",
            "output": "15"
        },
        {
            "input": "3 4 5 4 4 5 2 0 3",
            "output": "6"
        },
        {
            "input": "2 4 3 3 5 3 0 4 0",
            "output": "7"
        },
        {
            "input": "3 1 2 5 1 3 0 2 3 4",
            "output": "14"
        },
        {
            "input": "1 1 4 1 2 4 3 1 0 5 4",
            "output": "13"
        },
        {
            "input": "2 0 2 4 3 0 3 0 5 4 0 4 5 2",
            "output": "19"
        },
        {
            "input": "0 4 0 0 5 4 5 1 3",
            "output": "11"
        },
        {
            "input": "4 2 4 5 0 4 1 3 1 0 2 0 1 2 0",
            "output": "14"
        },
        {
            "input": "1 4 1 4 5 4 4 1 0 3 5 2 1 0",
            "output": "16"
        },
        {
            "input": "1 5 2 2 4 2 2",
            "output": "4"
        },
        {
            "input": "1 1 3 4 2 0 0 4 5 3",
            "output": "10"
        },
        {
            "input": "2 5 3 0 3 2 0 4 4 3 0 1 5 1 4",
            "output": "33"
        },
        {
            "input": "4 1 0 5 3 4 2 5 1 3 1 0 0 1 0",
            "output": "17"
        },
        {
            "input": "2 5 5 3 3 3 5 4 1 2 0 0",
            "output": "7"
        },
        {
            "input": "4 5 2 2 1 1 3 0 1 2",
            "output": "9"
        },
        {
            "input": "0 5 3 2 3 1 4",
            "output": "7"
        },
        {
            "input": "1 1 4 0 3 0 5 2 0 1 5",
            "output": "21"
        },
        {
            "input": "5 3 3 5 4 3 2 5 2 0 3 2 3 0",
            "output": "15"
        },
        {
            "input": "0 3 3 5 1 1 3 3 5",
            "output": "12"
        },
        {
            "input": "4 4 3 0 3 4 0 5 2 1 4 4 2 1 0",
            "output": "15"
        },
        {
            "input": "0 3 4 3 5 0 3 1 5 5 4 2 1",
            "output": "12"
        },
        {
            "input": "2 0 5 5 2 5 5 5 4 3 3 2 5",
            "output": "13"
        },
        {
            "input": "4 1 1 4 3 1 2",
            "output": "7"
        },
        {
            "input": "1 0 3 4 5 5 3 0 4 4 4 3 4",
            "output": "7"
        },
        {
            "input": "4 1 2 4 1 5 5 3 1 3 0 3 5 4 5",
            "output": "24"
        },
        {
            "input": "3 4 3 1 4 5 2 3 1 5 2 0 1 0 1",
            "output": "15"
        },
        {
            "input": "2 3 3 1 1 2 1 0 1 2 3 5",
            "output": "13"
        },
        {
            "input": "4 3 4 3 0 5 4 1 3 1 3 1 5",
            "output": "23"
        },
        {
            "input": "2 2 0 2 4",
            "output": "2"
        },
        {
            "input": "4 5 1 0 1 0 5 3",
            "output": "18"
        },
        {
            "input": "2 1 4 3 1",
            "output": "1"
        },
        {
            "input": "4 2 4 1 3 0 5 4 3",
            "output": "10"
        },
        {
            "input": "4 2 3 2 2 2 3 5 5 3 1 1",
            "output": "10"
        },
        {
            "input": "1 2 3 4 2 5 3 4",
            "output": "3"
        },
        {
            "input": "1 2 3 2 4 1 4",
            "output": "4"
        },
        {
            "input": "4 0 3 2 5 1 4 2",
            "output": "10"
        },
        {
            "input": "5 0 2 0 2 2 1 1 1 2 5",
            "output": "34"
        },
        {
            "input": "2 3 0 0 0 5 1 1 4 0",
            "output": "15"
        },
        {
            "input": "1 4 0 3 2",
            "output": "3"
        },
        {
            "input": "5 5 1 3 2 3 5 2 0 3 2",
            "output": "15"
        },
        {
            "input": "1 1 1 5 0 4 5",
            "output": "6"
        },
        {
            "input": "2 5 4 3 3 4 5 3 2 0",
            "output": "6"
        },
        {
            "input": "1 0 5 2 1 5 1 5 5 3 2",
            "output": "12"
        },
        {
            "input": "3 5 4 1 4 2 1 5 0 4 3",
            "output": "17"
        },
        {
            "input": "1 1 3 3 3 4",
            "output": "0"
        },
        {
            "input": "2 1 1 5 1 5 1 4 5 2",
            "output": "11"
        },
        {
            "input": "0 3 5 0 2",
            "output": "2"
        },
        {
            "input": "1 4 0 3 5 4 4 3 1 3 3 5 3 1 1",
            "output": "17"
        },
        {
            "input": "1 5 5 2 3",
            "output": "1"
        },
        {
            "input": "3 3 5 1 3 2 0 4 0",
            "output": "10"
        },
        {
            "input": "2 3 4 3 2 0 2 1 3 5",
            "output": "13"
        },
        {
            "input": "0 4 0 2 3 4 2 4 2",
            "output": "9"
        },
        {
            "input": "2 1 3 3 1 1 0 0 3 1 4",
            "output": "13"
        },
        {
            "input": "5 4 3 1 0 4 5 0 4 5 3",
            "output": "19"
        },
        {
            "input": "1 4 2 3 5 4 3 1 2 3 3 4",
            "output": "11"
        },
        {
            "input": "0 3 3 3 1 5 0",
            "output": "2"
        },
        {
            "input": "1 1 3 2 0 5 2 5 5 2 3 4 4",
            "output": "10"
        },
        {
            "input": "1 0 3 0 1 1 2 3 5 5 3 5 2",
            "output": "11"
        },
        {
            "input": "4 4 2 0 1 5 4 2 3 3",
            "output": "10"
        },
        {
            "input": "3 4 0 1 2 4 4 5",
            "output": "9"
        },
        {
            "input": "2 4 5 4 5 3",
            "output": "1"
        },
        {
            "input": "5 4 2 3 1 5 5 4 0 0 3",
            "output": "16"
        },
        {
            "input": "0 5 4 1 4 3 1 4 2 4",
            "output": "9"
        },
        {
            "input": "3 1 2 5 5 2 0 5 0",
            "output": "11"
        },
        {
            "input": "0 1 3 3 3 3 1 3 3 5 0",
            "output": "2"
        },
        {
            "input": "2 0 4 5 1 4 2 5 1",
            "output": "10"
        },
        {
            "input": "4 4 1 5 5 3 1 3 3",
            "output": "5"
        },
        {
            "input": "1 2 0 3 5 5 2 0 2 5 2 2 5 3",
            "output": "19"
        },
        {
            "input": "0 5 1 2 1 1 4 4 2 3 3",
            "output": "12"
        },
        {
            "input": "5 2 5 3 3 5 3 3 3 3 2 4",
            "output": "13"
        },
        {
            "input": "4 3 3 2 5",
            "output": "4"
        },
        {
            "input": "5 2 4 2 3 0 4 1 4 5 2 2 4 3",
            "output": "24"
        },
        {
            "input": "4 5 2 1 3 1",
            "output": "3"
        },
        {
            "input": "4 5 3 0 0",
            "output": "0"
        },
        {
            "input": "2 3 1 5 4",
            "output": "2"
        },
        {
            "input": "4 3 2 1 5 5 1 0 4 1",
            "output": "13"
        },
        {
            "input": "4 4 5 1 5 2 2 2 5 4 5 2 1 3",
            "output": "17"
        },
        {
            "input": "5 4 4 2 4 5 4 5 1",
            "output": "7"
        },
        {
            "input": "3 1 0 4 4",
            "output": "5"
        },
        {
            "input": "4 2 3 4 2",
            "output": "3"
        },
        {
            "input": "4 0 0 3 5 3 0 2 1 4 2 3 1",
            "output": "20"
        },
        {
            "input": "0 0 2 1 0 3",
            "output": "3"
        },
        {
            "input": "4 2 5 5 4 0 2 0 3 5 5",
            "output": "18"
        },
        {
            "input": "0 3 2 0 1 1 3 3 2 2 1 4",
            "output": "12"
        },
        {
            "input": "4 1 0 1 0 4 1 1 1 0 5 2 4",
            "output": "29"
        },
        {
            "input": "5 2 4 3 1 0 5 3 3 1",
            "output": "15"
        },
        {
            "input": "4 4 2 4 1 5 2 2 1 2 5",
            "output": "18"
        },
        {
            "input": "2 0 1 0 1 5 5 0 4 1 5",
            "output": "16"
        },
        {
            "input": "3 0 2 1 2 3 1 5 0 3 5 5 1 3 1",
            "output": "18"
        },
        {
            "input": "4 5 3 5 4 5 0 5 3",
            "output": "8"
        },
        {
            "input": "5 1 4 4 3 1 1",
            "output": "3"
        },
        {
            "input": "3 4 5 1 3",
            "output": "2"
        },
        {
            "input": "0 3 5 0 3 5 2",
            "output": "7"
        },
        {
            "input": "5 5 1 4 3",
            "output": "3"
        },
        {
            "input": "0 1 2 2 0 1 2 4 4",
            "output": "3"
        },
        {
            "input": "5 4 4 2 4 4 0 2 1 4 0 1 3 1 5",
            "output": "35"
        },
        {
            "input": "2 4 0 3 5 4 0 2 4 1 0 0 3 5 2",
            "output": "31"
        },
        {
            "input": "1 2 5 0 2",
            "output": "2"
        },
        {
            "input": "3 3 5 5 4 5 3 0 3 5 0 4 4",
            "output": "14"
        },
        {
            "input": "2 0 4 3 5 0 3 5 5 4 0 2",
            "output": "12"
        },
        {
            "input": "1 5 3 5 5 0 4 4 0 0 2",
            "output": "10"
        },
        {
            "input": "5 3 2 0 2 3 5 4 2 5 2 2 0",
            "output": "19"
        },
        {
            "input": "3 3 5 2 4 2 0 3 4 0 0 0 0 4 0",
            "output": "25"
        },
        {
            "input": "3 3 3 0 4 4 3 5 1 2 2 1 5 0",
            "output": "18"
        },
        {
            "input": "1 5 3 4 5 4 5 5 3 4 2 4 1 2 2",
            "output": "8"
        },
        {
            "input": "4 5 5 5 3 4",
            "output": "1"
        },
        {
            "input": "0 1 2 2 0 4 5 4 4 5 3 5",
            "output": "6"
        },
        {
            "input": "0 0 3 5 5 4 2 0 4 0 2 0 1 1 5",
            "output": "31"
        },
        {
            "input": "0 0 1 5 1 2 2 0",
            "output": "1"
        },
        {
            "input": "3 2 5 5 1 2 4 1",
            "output": "6"
        },
        {
            "input": "0 1 3 0 5 2 4 0 2 1 1 5 3 4 5",
            "output": "26"
        },
        {
            "input": "4 1 4 0 1 3 1 3 2 3 0 3",
            "output": "14"
        },
        {
            "input": "5 3 2 1 2",
            "output": "1"
        },
        {
            "input": "2 4 5 4 1 4 0",
            "output": "3"
        },
        {
            "input": "5 1 2 4 1 0 1 4 2 2 3 2",
            "output": "17"
        },
        {
            "input": "0 2 5 4 1 4 5 5 5 5",
            "output": "6"
        },
        {
            "input": "4 5 4 5 3 2 1 5 1 3 5 2 0",
            "output": "16"
        },
        {
            "input": "2 5 0 0 2 4 4 2 2 5",
            "output": "21"
        },
        {
            "input": "5 2 2 0 3 1 4 3 2 2 4",
            "output": "17"
        },
        {
            "input": "1 5 0 3 5 4 1 5",
            "output": "12"
        },
        {
            "input": "4 2 0 1 3 2 2 0 1 4 2 0",
            "output": "21"
        },
        {
            "input": "5 2 2 2 2 3 4 5 4",
            "output": "15"
        },
        {
            "input": "4 1 3 3 1 4 2",
            "output": "8"
        },
        {
            "input": "1 3 1 4 5 5",
            "output": "2"
        },
        {
            "input": "5 3 0 4 3 4 2",
            "output": "6"
        },
        {
            "input": "4 1 1 5 3 2 0 4 3 3 5",
            "output": "21"
        },
        {
            "input": "2 1 1 5 4 4 4 3",
            "output": "2"
        },
        {
            "input": "1 0 2 2 2 2 0 5 3 3",
            "output": "3"
        },
        {
            "input": "1 5 2 2 1 2 4 5",
            "output": "14"
        },
        {
            "input": "1 5 4 0 0 3",
            "output": "6"
        },
        {
            "input": "5 2 3 0 0",
            "output": "1"
        },
        {
            "input": "2 2 4 0 1",
            "output": "1"
        },
        {
            "input": "4 1 4 2 2 5 2 3 2",
            "output": "8"
        },
        {
            "input": "5 0 2 3 1 2 0 3 1 1 4 1 1 2 3",
            "output": "28"
        },
        {
            "input": "3 5 0 3 1 3 0 3",
            "output": "8"
        },
        {
            "input": "1 0 1 1 5 0 2 2 4 1",
            "output": "9"
        },
        {
            "input": "0 0 0 1 2 1 4 1 3 0 4 3",
            "output": "9"
        },
        {
            "input": "1 3 1 5 5 1 1 0 0 5 3",
            "output": "20"
        },
        {
            "input": "5 4 2 4 3 3 0 2 3 0 3 5 2 5",
            "output": "29"
        },
        {
            "input": "3 3 3 4 5 0 0 5 5 3 3 2 1",
            "output": "10"
        },
        {
            "input": "3 4 5 5 5 2 0 3 1 1 3 2 4 2 5",
            "output": "27"
        },
        {
            "input": "5 3 3 4 2 5 5 1 0 1 4 0 2 3",
            "output": "22"
        },
        {
            "input": "2 2 0 1 1 2",
            "output": "4"
        },
        {
            "input": "0 1 0 5 1 5 1 2 2",
            "output": "6"
        },
        {
            "input": "5 2 4 0 4 5 4 0 0 4 1",
            "output": "18"
        },
        {
            "input": "1 1 2 5 4 1 0 3 5 2 3 1 4 2",
            "output": "18"
        },
        {
            "input": "5 4 3 5 4",
            "output": "3"
        },
        {
            "input": "3 2 1 0 4 4 1 5",
            "output": "9"
        },
        {
            "input": "0 5 3 2 4 4 5",
            "output": "7"
        },
        {
            "input": "4 1 1 1 2 0 5",
            "output": "15"
        },
        {
            "input": "2 5 0 0 2",
            "output": "4"
        },
        {
            "input": "5 3 4 3 4",
            "output": "2"
        },
        {
            "input": "0 1 5 4 5 5",
            "output": "1"
        },
        {
            "input": "4 3 3 0 4 4",
            "output": "6"
        },
        {
            "input": "5 1 4 5 2 3 0 5 4",
            "output": "15"
        },
        {
            "input": "5 3 1 3 4 2 4 2 0 2",
            "output": "9"
        },
        {
            "input": "1 5 0 3 2 3 1 0 1 1 2 2 3 1",
            "output": "15"
        },
        {
            "input": "3 4 3 1 5 0 3 1 0 3 3",
            "output": "12"
        },
        {
            "input": "5 0 4 4 3 0 3",
            "output": "7"
        },
        {
            "input": "3 0 5 1 5 5",
            "output": "7"
        },
        {
            "input": "2 3 2 0 2 1 3",
            "output": "7"
        },
        {
            "input": "3 5 2 1 4 2 1 0",
            "output": "5"
        },
        {
            "input": "1 5 0 4 4 2 4 3 5 1 4 4 4 0 2",
            "output": "18"
        },
        {
            "input": "3 4 2 3 3 1 3 5",
            "output": "8"
        },
        {
            "input": "1 2 0 1 3 4 1 3 2 1 4 3",
            "output": "12"
        },
        {
            "input": "1 3 1 2 5 4 3 0",
            "output": "3"
        },
        {
            "input": "3 4 1 5 0 5 3 3 3",
            "output": "8"
        },
        {
            "input": "3 1 0 3 5 5",
            "output": "5"
        },
        {
            "input": "5 3 0 1 1 4 1 4 4 5",
            "output": "22"
        },
        {
            "input": "0 1 4 5 3 2 3 1 4 2",
            "output": "7"
        },
        {
            "input": "0 2 0 1 3 0 2",
            "output": "5"
        },
        {
            "input": "5 3 4 0 5 0",
            "output": "8"
        },
        {
            "input": "0 4 3 4 0 0 4 2 2 5 2 5 5",
            "output": "16"
        },
        {
            "input": "2 5 0 0 1 5 2 0 3 4 0",
            "output": "21"
        },
        {
            "input": "5 5 5 1 3 4 1 0 4 1",
            "output": "11"
        },
        {
            "input": "4 1 5 4 0 0 4 0 5",
            "output": "20"
        },
        {
            "input": "0 0 1 5 1 0",
            "output": "0"
        },
        {
            "input": "0 2 4 4 5 4 5 2 3",
            "output": "2"
        },
        {
            "input": "3 1 0 3 2 3 0 4",
            "output": "9"
        },
        {
            "input": "4 3 2 5 0 0 5 5 1 2 3",
            "output": "16"
        },
        {
            "input": "5 2 5 5 0 5",
            "output": "8"
        },
        {
            "input": "5 0 5 3 0 5",
            "output": "12"
        },
        {
            "input": "1 3 1 2 0 0 4",
            "output": "9"
        },
        {
            "input": "2 2 3 1 3 1 4 4 4 2",
            "output": "4"
        },
        {
            "input": "3 5 1 3 4 4 3 2 0 4 5 4",
            "output": "19"
        },
        {
            "input": "0 1 0 5 1",
            "output": "1"
        },
        {
            "input": "3 0 5 1 2 3 3 2 4 5 2 1 1",
            "output": "18"
        },
        {
            "input": "2 0 0 0 5 1 3 1 3 1 2 1 5 3",
            "output": "29"
        },
        {
            "input": "5 3 1 5 5 0 3 0 2 1 5 5 5 4 1",
            "output": "25"
        },
        {
            "input": "2 5 5 1 3 3 3 0 4 4 5",
            "output": "17"
        },
        {
            "input": "4 4 1 5 3 5",
            "output": "5"
        },
        {
            "input": "1 4 5 0 2 5 0 0 1 4 2 0 4 1",
            "output": "25"
        },
        {
            "input": "1 5 1 3 2 4 0 5 0 0 4 0 5",
            "output": "31"
        },
        {
            "input": "1 3 2 3 4 0 0",
            "output": "1"
        },
        {
            "input": "2 5 4 4 1 2 1 2 2 5 1 1 0 1 5",
            "output": "36"
        },
        {
            "input": "0 4 5 3 4 4 4 0 1 1 2 1",
            "output": "5"
        },
        {
            "input": "5 4 5 2 4 4 2 3 5 0 4 4",
            "output": "15"
        },
        {
            "input": "0 0 5 5 3 4 4 5 2",
            "output": "4"
        },
        {
            "input": "2 5 3 0 2 3 1 5 4 1 3",
            "output": "18"
        },
        {
            "input": "4 0 2 2 5",
            "output": "8"
        },
        {
            "input": "5 0 3 1 5 2 3 3 4 3 5 1",
            "output": "21"
        },
        {
            "input": "5 3 2 0 3 3 1 3 3 4 0",
            "output": "14"
        },
        {
            "input": "3 0 2 1 3 3 3 3 4 3 2",
            "output": "6"
        },
        {
            "input": "1 1 4 1 3 3",
            "output": "2"
        },
        {
            "input": "5 2 3 5 4 3 1 0 3 4 2 5 2 5",
            "output": "26"
        },
        {
            "input": "1 5 4 3 2 1 3 4 4 5 2 3 4 2",
            "output": "17"
        },
        {
            "input": "4 1 3 4 0",
            "output": "4"
        },
        {
            "input": "4 3 4 5 1 0 4 0 3 3 3",
            "output": "11"
        },
        {
            "input": "0 3 2 5 0 2 1 4 3 1 0 2 4 3",
            "output": "20"
        },
        {
            "input": "0 3 2 4 1 0 3 0 4",
            "output": "13"
        },
        {
            "input": "1 4 4 0 4 5 3 1 0 2 3 0 4",
            "output": "19"
        },
        {
            "input": "4 3 4 1 1 2 1 1 5 2 5 0 5 5",
            "output": "23"
        },
        {
            "input": "1 3 1 3 4 1 3 0",
            "output": "4"
        },
        {
            "input": "4 3 4 0 2 4 5 4",
            "output": "7"
        },
        {
            "input": "3 0 0 4 0 1 4 0 2 4 5 5 5 4 0",
            "output": "19"
        },
        {
            "input": "5 2 5 0 4 4 3 1 5 3 4 2 0 5 4",
            "output": "27"
        },
        {
            "input": "2 0 3 3 4 3 2 5 3 1 0 2 2",
            "output": "8"
        },
        {
            "input": "1 5 3 1 5 4 4 4 0 4 3 4 4 0",
            "output": "11"
        },
        {
            "input": "3 1 3 5 0 5 4",
            "output": "7"
        },
        {
            "input": "0 3 0 5 0 0 4",
            "output": "11"
        },
        {
            "input": "0 2 0 1 3",
            "output": "3"
        },
        {
            "input": "1 2 1 5 5 5 0",
            "output": "1"
        },
        {
            "input": "4 5 2 2 5",
            "output": "6"
        },
        {
            "input": "5 3 1 5 0 0 1 3 1",
            "output": "14"
        },
        {
            "input": "5 1 3 1 1 4 0 2 3 0 4",
            "output": "21"
        },
        {
            "input": "3 3 0 4 4 2 0 0 0 4 0 5 3",
            "output": "21"
        },
        {
            "input": "4 1 2 1 3",
            "output": "5"
        },
        {
            "input": "1 2 5 3 3 2 4 1 2 2 1 2",
            "output": "6"
        },
        {
            "input": "0 2 0 2 0 1 2 1 3 0 4",
            "output": "9"
        },
        {
            "input": "5 1 5 2 3 2 4 0 2",
            "output": "11"
        },
        {
            "input": "0 2 1 4 1 3 5 0 3 3 3 5",
            "output": "16"
        },
        {
            "input": "0 2 1 3 1 2 3 5 0 2",
            "output": "6"
        },
        {
            "input": "0 4 2 5 1 1 4 2 5 3",
            "output": "14"
        },
        {
            "input": "2 4 4 1 5 4 1 5 1 1 4 0",
            "output": "14"
        },
        {
            "input": "5 3 0 3 5 1 3 5 5 4 3 1 4 2",
            "output": "19"
        },
        {
            "input": "1 0 2 2 0 0 1 0 5",
            "output": "8"
        },
        {
            "input": "4 1 2 5 3 1 0",
            "output": "5"
        },
        {
            "input": "4 4 1 3 4 1 2 3 2 0",
            "output": "7"
        },
        {
            "input": "2 2 5 1 4 0 5 2 1",
            "output": "10"
        },
        {
            "input": "2 4 5 3 5 2 3 5 5 4 3 2 5 5",
            "output": "13"
        },
        {
            "input": "0 2 2 0 3 0 1 1",
            "output": "3"
        },
        {
            "input": "0 5 2 2 0 2 0 4 5 2 3 0",
            "output": "21"
        },
        {
            "input": "0 3 3 5 2 1 5 0",
            "output": "7"
        },
        {
            "input": "1 5 1 2 5 5 1 3 3 5 0 2 3",
            "output": "19"
        },
        {
            "input": "0 2 2 1 5 2",
            "output": "1"
        },
        {
            "input": "1 5 4 1 2 0 3 0 4 1",
            "output": "14"
        },
        {
            "input": "0 2 2 1 0 2 0 5 3 0 5",
            "output": "12"
        },
        {
            "input": "2 5 4 5 3 3 3 2 0 1 4 0 1 5 1",
            "output": "29"
        },
        {
            "input": "0 3 4 3 1 5 4 3 4 4 2 4 3",
            "output": "7"
        },
        {
            "input": "4 1 2 0 3 1 5 1 2",
            "output": "14"
        },
        {
            "input": "3 0 4 0 4 0 1 2 2",
            "output": "10"
        },
        {
            "input": "3 0 0 3 1 2 3 1 0 0 5 2 0 5 4",
            "output": "25"
        },
        {
            "input": "2 3 2 4 4 4 5 5 2 1",
            "output": "1"
        },
        {
            "input": "2 2 3 1 3 2 4 2",
            "output": "3"
        },
        {
            "input": "1 0 4 2 4 5",
            "output": "3"
        },
        {
            "input": "1 0 5 4 1 1",
            "output": "1"
        },
        {
            "input": "4 3 0 3 4",
            "output": "6"
        },
        {
            "input": "2 5 1 5 1 2 0 0 1",
            "output": "7"
        },
        {
            "input": "2 1 0 4 2 4 0 5 3 0",
            "output": "9"
        },
        {
            "input": "5 0 5 1 4 0 3 0 3 5",
            "output": "24"
        },
        {
            "input": "4 2 4 4 1 0",
            "output": "2"
        },
        {
            "input": "4 5 2 3 1 5 3 3 3 5 3 2 0 3 5",
            "output": "27"
        },
        {
            "input": "2 1 4 1 3 5 4 1 5 3 2 5 1 1",
            "output": "15"
        },
        {
            "input": "1 2 2 5 1 1 1 1 0 2 2 4 5 4",
            "output": "28"
        },
        {
            "input": "3 5 2 5 4 4 2 0 2 0 4 1 4 2 5",
            "output": "30"
        },
        {
            "input": "2 0 0 0 3 1 5 5 4",
            "output": "8"
        },
        {
            "input": "0 0 5 0 4 4 1 1 2",
            "output": "6"
        },
        {
            "input": "5 1 2 4 5 1 4 5 4 1 4 0 0 1 4",
            "output": "27"
        },
        {
            "input": "4 1 0 2 4 4 5 2 2 1 2 3 3 3",
            "output": "14"
        },
        {
            "input": "2 3 2 0 3 0 1 5 5 1 2 5 5 3",
            "output": "16"
        },
        {
            "input": "0 4 2 5 4 1 3 3 2 2 1 5 4 2",
            "output": "21"
        },
        {
            "input": "5 4 1 3 5 2 1 3 3 3",
            "output": "10"
        },
        {
            "input": "0 0 5 3 1 5 3 0 4 4 3",
            "output": "11"
        },
        {
            "input": "2 3 3 1 5 0 1 0",
            "output": "3"
        },
        {
            "input": "2 0 2 2 4",
            "output": "2"
        },
        {
            "input": "3 3 1 2 3 4",
            "output": "3"
        },
        {
            "input": "4 3 0 5 4 3 3 2 3 3 2 3 5 5 4",
            "output": "22"
        },
        {
            "input": "5 2 3 2 0 2 5 4 0 5 0 0 0 4",
            "output": "34"
        },
        {
            "input": "5 3 0 0 2 0 2 5 2 4 4",
            "output": "25"
        },
        {
            "input": "0 2 0 4 4 4 3 3",
            "output": "2"
        },
        {
            "input": "5 4 2 0 0 2 3 2",
            "output": "8"
        },
        {
            "input": "5 5 1 2 3 3 2 5 3 3 1 5 2 5",
            "output": "25"
        },
        {
            "input": "1 3 2 5 1 1 2 2 1 1 1",
            "output": "3"
        },
        {
            "input": "3 4 3 5 1 0 3 4 2 2 2 2 5 1 5",
            "output": "29"
        },
        {
            "input": "1 1 2 0 2 5 0 3",
            "output": "5"
        },
        {
            "input": "4 3 4 1 5 4 5 3 4 1",
            "output": "6"
        },
        {
            "input": "4 5 2 0 1 5 0 2 5 2 1 2 4 5",
            "output": "31"
        },
        {
            "input": "4 5 1 2 2",
            "output": "1"
        },
        {
            "input": "0 5 2 0 5 4 4",
            "output": "8"
        },
        {
            "input": "1 4 3 0 1 3 1 0 0 2",
            "output": "10"
        },
        {
            "input": "0 2 4 2 4 5 0 4",
            "output": "6"
        },
        {
            "input": "0 3 4 2 1",
            "output": "0"
        },
        {
            "input": "2 0 1 5 0 3 4 0 5 5 1 2 3 0 1",
            "output": "20"
        },
        {
            "input": "3 3 2 0 2 1 2",
            "output": "3"
        },
        {
            "input": "1 1 5 0 4 4 5 2 1 2 1 3",
            "output": "13"
        },
        {
            "input": "1 1 2 2 0 2 1 4 5 5 0 5 4 3 5",
            "output": "11"
        },
        {
            "input": "1 1 5 2 5 1 0 2 1 3 0 0 5 0 5",
            "output": "36"
        },
        {
            "input": "0 5 0 0 4",
            "output": "8"
        },
        {
            "input": "0 2 5 1 0 2 2 5",
            "output": "15"
        },
        {
            "input": "5 4 2 2 0 2 2",
            "output": "2"
        },
        {
            "input": "2 4 0 5 2 2",
            "output": "4"
        },
        {
            "input": "4 2 0 5 5 0 0 4",
            "output": "14"
        },
        {
            "input": "1 5 1 3 4 3 3 4",
            "output": "6"
        },
        {
            "input": "1 3 1 2 0 2",
            "output": "3"
        },
        {
            "input": "4 4 1 4 0 1 1 3",
            "output": "10"
        },
        {
            "input": "4 1 5 0 1 2",
            "output": "6"
        },
        {
            "input": "4 5 4 0 4",
            "output": "4"
        },
        {
            "input": "3 5 1 1 3 0 5 3 5 1 1 5 4 1 1",
            "output": "25"
        },
        {
            "input": "4 5 4 0 3 0 2 2 2 4 0 2",
            "output": "17"
        },
        {
            "input": "2 5 5 1 2 4 2 2 1 3",
            "output": "9"
        },
        {
            "input": "3 5 3 5 3 4 1 2 2 3 0 0 3 5 5",
            "output": "29"
        },
        {
            "input": "3 1 2 5 3 1 2 5",
            "output": "12"
        },
        {
            "input": "5 0 5 2 3 3 3 0 4 2 0 4 5",
            "output": "29"
        },
        {
            "input": "3 0 3 4 2 3 5 3 1 1 3 5 5 2 2",
            "output": "18"
        },
        {
            "input": "1 4 5 2 0 5 1 5 4 3 1",
            "output": "12"
        },
        {
            "input": "1 1 1 1 0 2 4",
            "output": "1"
        },
        {
            "input": "1 0 2 2 0 3 1 1 3 0 3 5",
            "output": "10"
        },
        {
            "input": "3 1 5 2 1 1 0 3 0",
            "output": "10"
        },
        {
            "input": "5 3 4 0 1 5 4 0 3",
            "output": "15"
        },
        {
            "input": "0 1 1 0 4 3 1 3 2 2",
            "output": "3"
        },
        {
            "input": "5 2 2 3 1 3 2 4 2 3 1 5 3 5",
            "output": "29"
        },
        {
            "input": "5 3 5 2 5 2 1 1 2 2",
            "output": "7"
        },
        {
            "input": "5 1 4 1 4 2 3 3 0",
            "output": "7"
        },
        {
            "input": "1 5 4 0 3 5 2 1 1 2 1 5 3 0",
            "output": "26"
        },
        {
            "input": "4 5 5 0 1 3 5 0 0 0 4 3 1 2 4",
            "output": "29"
        },
        {
            "input": "5 3 5 5 1 5 1 0",
            "output": "6"
        },
        {
            "input": "1 3 1 4 3",
            "output": "2"
        },
        {
            "input": "4 3 0 2 1",
            "output": "2"
        },
        {
            "input": "1 2 4 1 0",
            "output": "0"
        },
        {
            "input": "0 4 0 0 0 1 0 1 0 2 5 5 2 1",
            "output": "28"
        },
        {
            "input": "5 4 4 2 4 4 2 2 1 1 0 4 3 0 5",
            "output": "34"
        },
        {
            "input": "4 1 3 0 0 3 2 3 2 4",
            "output": "18"
        },
        {
            "input": "5 2 0 2 5 4 3",
            "output": "11"
        },
        {
            "input": "5 5 0 3 2 3 4 4 5 3 2",
            "output": "14"
        },
        {
            "input": "0 2 5 2 4 5 2 4 4",
            "output": "6"
        },
        {
            "input": "3 4 0 0 0 2 3 2 1 1 5",
            "output": "23"
        },
        {
            "input": "3 4 4 3 4 0 1 5 4 3 3 0 5 1 0",
            "output": "18"
        },
        {
            "input": "4 3 0 4 1",
            "output": "5"
        },
        {
            "input": "2 1 5 3 5 3 5 2 4 1 0 5 1 3",
            "output": "20"
        },
        {
            "input": "5 1 3 4 3 1 0",
            "output": "4"
        },
        {
            "input": "1 1 4 1 3 1 5 2",
            "output": "7"
        },
        {
            "input": "2 1 3 2 0 3 5",
            "output": "5"
        },
        {
            "input": "5 4 4 3 2 2 4 0 5",
            "output": "16"
        },
        {
            "input": "3 5 1 5 3 5 2 2 5 3",
            "output": "12"
        },
        {
            "input": "3 2 0 5 2 1 1 3 0 1 0 3 3 2 3",
            "output": "18"
        },
        {
            "input": "1 5 2 5 3 1 5 3 5 3 0 3 0",
            "output": "14"
        },
        {
            "input": "4 4 4 3 0 0 3 4 1 3 3 3 5",
            "output": "16"
        },
        {
            "input": "0 2 1 0 2 5 1 1 4 2",
            "output": "9"
        },
        {
            "input": "5 2 3 3 4 5 2 5 0 1 4",
            "output": "18"
        },
        {
            "input": "4 5 5 4 1",
            "output": "0"
        },
        {
            "input": "0 5 3 1 2 4 1 5",
            "output": "14"
        },
        {
            "input": "5 2 2 2 2 1 3 0 2",
            "output": "8"
        },
        {
            "input": "4 0 3 2 4 2 5 5 4 0",
            "output": "9"
        },
        {
            "input": "2 0 2 1 2 2 0 2 0 5 4 3",
            "output": "7"
        },
        {
            "input": "5 2 4 1 3 2 4 4 4 1 3 2",
            "output": "10"
        },
        {
            "input": "5 2 2 4 3 1 1 1 2",
            "output": "7"
        },
        {
            "input": "4 1 2 4 2 0",
            "output": "5"
        },
        {
            "input": "4 3 3 2 3 0 0",
            "output": "1"
        },
        {
            "input": "5 1 4 3 5 3 1",
            "output": "7"
        },
        {
            "input": "2 4 3 1 0 4 4 1 0 1",
            "output": "9"
        },
        {
            "input": "5 1 1 2 5 1 1 5 2 0 1 3 4 2",
            "output": "29"
        },
        {
            "input": "3 4 0 2 5 3 1 2 0",
            "output": "7"
        },
        {
            "input": "0 4 2 5 1 2 2 5 1 5",
            "output": "16"
        },
        {
            "input": "4 5 5 5 4 1 2 5 5 0 1 5 0",
            "output": "17"
        },
        {
            "input": "0 2 1 3 1 0 2 3 2 2 1 4 1 4",
            "output": "14"
        },
        {
            "input": "2 1 5 3 3 3 2 0 3 2",
            "output": "5"
        },
        {
            "input": "5 1 4 0 3 2 0 2 0 1 5 4 4 1 3",
            "output": "34"
        },
        {
            "input": "3 3 3 1 0 2 0 4 5 0",
            "output": "9"
        },
        {
            "input": "1 1 3 4 2 3 1 5 2 3 3 0 3 1",
            "output": "10"
        },
        {
            "input": "2 2 0 5 1 3 1 5 3 4 2 2 2",
            "output": "13"
        },
        {
            "input": "0 4 1 3 2 4 1 4 1 0 1 4 3 5 4",
            "output": "20"
        },
        {
            "input": "1 2 0 1 1 5 0 2 2 3 4 1 4",
            "output": "16"
        },
        {
            "input": "1 1 3 3 1 4 4 3 2 2 1 3 4 3",
            "output": "11"
        },
        {
            "input": "1 2 3 1 3 4 2 0",
            "output": "2"
        },
        {
            "input": "1 5 0 3 4 0 0 4",
            "output": "13"
        },
        {
            "input": "3 2 5 0 0",
            "output": "1"
        },
        {
            "input": "0 5 2 3 3 1 0 1 5",
            "output": "20"
        },
        {
            "input": "0 0 4 0 1 5",
            "output": "7"
        },
        {
            "input": "0 0 4 2 1 3 5",
            "output": "6"
        },
        {
            "input": "0 3 4 3 1 4 2",
            "output": "4"
        },
        {
            "input": "0 2 5 5 4",
            "output": "0"
        },
        {
            "input": "3 4 3 3 4 1 2 0 5 4 0 3 4 5",
            "output": "20"
        },
        {
            "input": "4 3 2 3 3 0 0 3 0 5 4",
            "output": "18"
        },
        {
            "input": "0 3 0 4 2 0 3 0 1",
            "output": "8"
        },
        {
            "input": "5 3 1 3 5 3 5 1 1 1",
            "output": "10"
        },
        {
            "input": "4 1 2 2 0 0 5 4 3",
            "output": "15"
        },
        {
            "input": "2 1 0 1 0 4 1 1 2 0 1 3",
            "output": "16"
        },
        {
            "input": "2 5 0 5 3 2 0 2",
            "output": "7"
        },
        {
            "input": "3 0 5 1 3 1 3 1 3",
            "output": "9"
        },
        {
            "input": "1 2 1 1 1 1 1 4 1 1",
            "output": "5"
        },
        {
            "input": "3 0 1 0 4 0 2 3 0 5 5 0 5 4",
            "output": "24"
        },
        {
            "input": "4 4 0 1 0 5 5 5 3 4 0 4",
            "output": "16"
        },
        {
            "input": "0 2 5 4 1 2 5 2 0 1 1 3",
            "output": "16"
        },
        {
            "input": "3 1 2 0 5 5",
            "output": "6"
        },
        {
            "input": "1 1 3 3 4 3 3 4 0 5 0 2 1 3 3",
            "output": "12"
        },
        {
            "input": "1 4 5 2 0 4 2 3 5 5 2 3 5",
            "output": "19"
        },
        {
            "input": "4 0 4 2 1 2 0 1 4 4 3 3 3",
            "output": "18"
        },
        {
            "input": "0 5 5 2 2 1 2 3 4 3 3 5 3 0",
            "output": "20"
        },
        {
            "input": "1 1 4 3 2 5 2 0 3 2 4",
            "output": "12"
        },
        {
            "input": "2 5 1 5 1 4 1 0 1 0 3 1 3",
            "output": "19"
        },
        {
            "input": "2 3 4 1 3 2 4 2 5",
            "output": "8"
        },
        {
            "input": "1 1 2 1 5 4 5",
            "output": "2"
        },
        {
            "input": "5 4 0 1 0 1",
            "output": "2"
        },
        {
            "input": "0 4 2 4 1 2",
            "output": "3"
        },
        {
            "input": "2 4 2 0 5 1 4 1 4 4 3 5 4 4 0",
            "output": "19"
        },
        {
            "input": "5 4 0 4 4 2 0 5 0",
            "output": "16"
        },
        {
            "input": "4 3 0 3 5 1 1 1",
            "output": "6"
        },
        {
            "input": "4 4 5 4 3 2 4 3 3 4 1 2",
            "output": "6"
        },
        {
            "input": "2 4 4 1 4 3 3 4 4",
            "output": "5"
        },
        {
            "input": "4 1 0 0 4 1 4 0 4 5",
            "output": "18"
        },
        {
            "input": "5 4 4 2 1",
            "output": "0"
        },
        {
            "input": "2 4 4 0 0 2 0 4 2 1",
            "output": "14"
        },
        {
            "input": "1 0 4 1 0 5 0 1 0 0 3 4 4",
            "output": "24"
        },
        {
            "input": "0 0 3 2 0 5 3",
            "output": "4"
        },
        {
            "input": "0 1 4 4 2 3 4 1 0 1 2 3 4",
            "output": "16"
        },
        {
            "input": "0 3 1 2 4",
            "output": "3"
        },
        {
            "input": "0 0 4 3 1 5 5 4 5",
            "output": "5"
        },
        {
            "input": "3 2 1 1 4 1 0 3 1 2 0",
            "output": "11"
        },
        {
            "input": "3 1 4 3 3 2 1 1 0 4",
            "output": "16"
        },
        {
            "input": "2 5 4 0 0 4 0 3 2",
            "output": "11"
        },
        {
            "input": "3 2 3 2 5 3 3 3 0 3",
            "output": "5"
        },
        {
            "input": "2 3 5 5 2",
            "output": "0"
        },
        {
            "input": "1 3 2 3 0 5 2 5 5 3 4 1 4 3",
            "output": "11"
        },
        {
            "input": "5 3 0 3 1 2 1 0 3 3 5 3",
            "output": "29"
        },
        {
            "input": "2 5 3 1 3 3 3 5 4 4 1",
            "output": "12"
        },
        {
            "input": "0 2 2 5 1 4 3 3 5 0 2 4 4 3 0",
            "output": "15"
        },
        {
            "input": "0 1 3 3 0 4",
            "output": "3"
        },
        {
            "input": "5 1 3 5 3",
            "output": "6"
        },
        {
            "input": "2 3 3 0 1 5 0 2 2 0 2 0 4 3",
            "output": "23"
        },
        {
            "input": "2 1 5 3 1 2 3 5 4 0 4 1 4 1 0",
            "output": "19"
        },
        {
            "input": "1 0 5 1 5 1 3 4 2 0 4",
            "output": "15"
        },
        {
            "input": "1 5 5 1 0 0 4 5 3 0 1",
            "output": "16"
        },
        {
            "input": "0 2 0 4 5 5 1 0 0 1 5",
            "output": "20"
        },
        {
            "input": "0 3 3 2 1 1 3 1 1 2 2 2 4 3 4",
            "output": "13"
        },
        {
            "input": "2 4 0 5 3 5 0 5 2 3 3 2",
            "output": "12"
        },
        {
            "input": "0 0 0 4 5 5",
            "output": "0"
        },
        {
            "input": "0 0 3 2 2 3 1 3 1",
            "output": "4"
        },
        {
            "input": "0 1 3 3 5 0 5 0 1 4 4 5 2",
            "output": "16"
        },
        {
            "input": "0 1 5 2 4 2 4 5 3",
            "output": "8"
        },
        {
            "input": "4 1 4 2 0 0 0 0 1 4 4 2 4 2",
            "output": "26"
        },
        {
            "input": "0 3 3 2 0 1 2 2 5 4 0 0 4 2",
            "output": "16"
        },
        {
            "input": "5 5 5 3 3 0 1 0 5 3 4",
            "output": "19"
        },
        {
            "input": "4 2 0 4 3 4 2 5 3 0",
            "output": "9"
        },
        {
            "input": "1 3 0 2 0 5 2 2 3 1 3 1",
            "output": "11"
        },
        {
            "input": "2 0 5 5 0 0 4 2 5 2 3 0 2",
            "output": "19"
        },
        {
            "input": "5 4 2 1 5 2 2 5 4 1 2 0 3 0 4",
            "output": "28"
        },
        {
            "input": "3 4 3 4 2 5 4 1 0 2 3",
            "output": "9"
        },
        {
            "input": "1 1 2 5 1 0 3 4 5 5 2 3 4 5",
            "output": "18"
        },
        {
            "input": "5 0 1 2 0 5 4 0",
            "output": "17"
        },
        {
            "input": "5 0 1 4 4 3 1 0 5 4 0 4",
            "output": "26"
        },
        {
            "input": "1 2 2 1 5 3 0 4 4 3",
            "output": "6"
        },
        {
            "input": "3 5 2 3 3 4 1",
            "output": "4"
        },
        {
            "input": "4 5 5 4 1 1 5",
            "output": "9"
        },
        {
            "input": "2 3 2 4 2 0 0 1 1 3 0 3 3 1 2",
            "output": "16"
        },
        {
            "input": "0 4 5 4 1 2 1 1 1",
            "output": "1"
        },
        {
            "input": "3 2 4 4 5 5 4 4 1 0 5 0 1 2 3",
            "output": "18"
        },
        {
            "input": "2 2 3 5 5 5 2 1 4 2 4 0",
            "output": "7"
        },
        {
            "input": "1 3 1 2 4 1",
            "output": "3"
        },
        {
            "input": "3 0 4 4 1 0 1 5",
            "output": "13"
        },
        {
            "input": "3 5 0 4 0 0 0 0 1",
            "output": "8"
        },
        {
            "input": "4 5 2 0 4 3 1",
            "output": "6"
        },
        {
            "input": "5 1 2 1 1 1 0 1 1 3",
            "output": "16"
        },
        {
            "input": "3 1 2 1 3 1 0 2 3 0 2 0 2",
            "output": "15"
        },
        {
            "input": "3 4 5 0 1 0 2",
            "output": "5"
        },
        {
            "input": "3 3 2 5 2 4 0 4 4 2 1 2 1 3",
            "output": "13"
        },
        {
            "input": "1 2 2 5 5 4 4 0",
            "output": "0"
        },
        {
            "input": "5 2 5 5 1",
            "output": "3"
        },
        {
            "input": "1 0 0 0 4 2 1 1 4 2",
            "output": "11"
        },
        {
            "input": "2 3 0 2 2 4 2 3 0 1 2 0",
            "output": "9"
        },
        {
            "input": "4 4 2 4 5 5 4 4 4 2 4",
            "output": "4"
        },
        {
            "input": "3 1 3 3 3 0 2 3 3 2 1 1 5",
            "output": "11"
        },
        {
            "input": "0 0 5 1 4 3 4 5 0 4",
            "output": "12"
        },
        {
            "input": "0 0 2 2 2",
            "output": "0"
        },
        {
            "input": "3 4 1 2 0 5 1",
            "output": "9"
        },
        {
            "input": "3 0 3 4 4 5 0 3 2 3 2 2",
            "output": "7"
        },
        {
            "input": "3 5 0 4 5 5 4 2 2 5",
            "output": "13"
        },
        {
            "input": "1 3 3 4 4 2 4 1 5 5 3 1",
            "output": "5"
        },
        {
            "input": "5 0 4 4 5 3 4 1 1 4 5",
            "output": "19"
        },
        {
            "input": "5 3 3 0 4 4 4 1 3 1 4 4 3 0",
            "output": "13"
        },
        {
            "input": "3 5 1 0 0 5 3 1 2 1 4",
            "output": "23"
        },
        {
            "input": "1 4 2 2 1 3 5 5 5 0 4 1 1",
            "output": "12"
        },
        {
            "input": "1 5 3 0 0 0 3 4 1",
            "output": "14"
        },
        {
            "input": "5 3 1 4 2 5 5 4 3 1 5 3 5",
            "output": "19"
        },
        {
            "input": "1 1 3 3 1 4 1 0 1 0 2 1",
            "output": "8"
        },
        {
            "input": "5 0 4 2 2 2 3 1 2 5 1 5 1",
            "output": "28"
        },
        {
            "input": "0 0 2 2 0",
            "output": "0"
        },
        {
            "input": "0 1 5 5 2 3 3 3 1 3 5 4",
            "output": "15"
        },
        {
            "input": "1 0 2 0 2 1 5 0 2 5 1 4",
            "output": "15"
        },
        {
            "input": "1 1 4 1 0",
            "output": "0"
        },
        {
            "input": "0 2 0 0 3 5 3 1 4",
            "output": "8"
        },
        {
            "input": "0 4 5 5 3 5 0 1 0 4 1 4 4 1 2",
            "output": "17"
        },
        {
            "input": "4 2 5 1 2 0 4 1 2 1 0 3",
            "output": "19"
        },
        {
            "input": "5 1 1 1 5 1 3 0 1 1 5 4 2",
            "output": "31"
        },
        {
            "input": "5 3 3 5 3 5 5",
            "output": "6"
        },
        {
            "input": "1 5 0 2 2",
            "output": "2"
        },
        {
            "input": "3 0 4 3 5 4 5 5 2 1 4",
            "output": "10"
        },
        {
            "input": "2 1 4 2 1 2 1 0",
            "output": "2"
        },
        {
            "input": "5 2 1 3 5 3 0 2 0 1 1",
            "output": "12"
        },
        {
            "input": "3 0 2 3 0 3 3 1 3 2 4 0 0 1",
            "output": "12"
        },
        {
            "input": "4 5 4 2 0 3",
            "output": "4"
        },
        {
            "input": "2 3 1 3 1 3 1 2",
            "output": "5"
        },
        {
            "input": "2 0 2 1 2 2 2 1 2",
            "output": "4"
        },
        {
            "input": "2 3 5 3 5 3 0 1 0",
            "output": "3"
        },
        {
            "input": "0 5 5 4 3",
            "output": "0"
        },
        {
            "input": "0 0 1 5 0 2 0 5 0 1 2 4 5 4",
            "output": "26"
        },
        {
            "input": "1 1 0 2 1",
            "output": "1"
        },
        {
            "input": "1 0 3 1 2 3 5 2 0 4 2 5",
            "output": "16"
        },
        {
            "input": "1 5 5 3 1 0 0 0 5 5 5 4 2 1",
            "output": "21"
        },
        {
            "input": "2 1 3 4 4 5 2 1 0",
            "output": "1"
        },
        {
            "input": "0 5 4 3 1 2 4 3 4 4 4 4 1 4",
            "output": "10"
        },
        {
            "input": "4 2 5 2 1 1 0",
            "output": "2"
        },
        {
            "input": "1 1 0 5 3 0 3 4 3 3 4 1 5 4",
            "output": "20"
        },
        {
            "input": "4 0 5 4 4 0 3 4 4 2",
            "output": "9"
        },
        {
            "input": "1 3 4 0 1 4",
            "output": "7"
        },
        {
            "input": "1 1 1 3 5 2 2 4",
            "output": "4"
        },
        {
            "input": "2 2 4 5 4 1 2 0 1 3 0",
            "output": "8"
        },
        {
            "input": "2 0 3 2 3 0 5 4 2 5 2 5 1 2 5",
            "output": "20"
        },
        {
            "input": "4 1 4 1 4 1 5 2",
            "output": "9"
        },
        {
            "input": "4 2 0 5 2 2 1 5 0 0",
            "output": "16"
        },
        {
            "input": "3 1 1 0 4 5 4 5 1 4 0 1 0 2 4",
            "output": "24"
        },
        {
            "input": "3 5 0 0 1 3 5 5 0 4 4",
            "output": "20"
        },
        {
            "input": "5 5 3 1 0 1 2 2 1 3 5",
            "output": "27"
        },
        {
            "input": "3 4 1 1 3 2 1 3",
            "output": "7"
        },
        {
            "input": "5 4 0 3 4",
            "output": "5"
        },
        {
            "input": "0 5 2 3 2 1 3 5",
            "output": "14"
        },
        {
            "input": "1 2 1 5 1 3 1 3 5 4 0 1 4",
            "output": "20"
        },
        {
            "input": "5 3 3 5 2",
            "output": "4"
        },
        {
            "input": "1 2 1 1 1 2 2 4 3 4 4 3",
            "output": "4"
        },
        {
            "input": "2 2 0 0 1 1 4 2 1 3 4 4 0",
            "output": "12"
        },
        {
            "input": "3 0 4 1 4 5 4 3 1 0",
            "output": "6"
        },
        {
            "input": "0 4 1 4 0 3 1 3 3",
            "output": "8"
        },
        {
            "input": "0 5 0 3 1 3",
            "output": "5"
        },
        {
            "input": "4 3 5 5 2",
            "output": "1"
        },
        {
            "input": "5 0 3 0 5 2 0 1 5",
            "output": "24"
        },
        {
            "input": "0 4 3 0 3 4 4 1 0 4 1 2 0 2",
            "output": "16"
        },
        {
            "input": "3 2 1 3 4 0 2 0 0 4 4 5",
            "output": "17"
        },
        {
            "input": "0 4 3 2 5 0 1 0 4 3",
            "output": "14"
        },
        {
            "input": "4 2 1 1 5 3 5",
            "output": "10"
        },
        {
            "input": "1 3 4 1 3 1 5 0 0 2 3 3 2 4 4",
            "output": "21"
        },
        {
            "input": "1 2 2 2 0 2 2",
            "output": "2"
        },
        {
            "input": "2 5 5 3 1 3 1 0 3 5 0 1 2",
            "output": "22"
        },
        {
            "input": "5 5 2 3 1 3 0 0 2 2 2",
            "output": "7"
        },
        {
            "input": "3 5 4 5 2 5 3 4 3",
            "output": "5"
        },
        {
            "input": "1 0 4 2 3",
            "output": "2"
        },
        {
            "input": "1 0 3 0 3 5 2",
            "output": "4"
        },
        {
            "input": "5 2 5 2 2 5 1 1",
            "output": "9"
        },
        {
            "input": "5 0 0 2 3 2 4 5 4 5",
            "output": "20"
        },
        {
            "input": "2 3 3 3 3 5 3",
            "output": "0"
        },
        {
            "input": "2 3 4 1 0 4 1",
            "output": "7"
        },
        {
            "input": "5 0 0 1 1 0",
            "output": "2"
        },
        {
            "input": "4 4 5 2 4 1 4 3 1 1 2 1",
            "output": "7"
        },
        {
            "input": "4 2 4 4 1 0 0 5 1 0 1",
            "output": "14"
        },
        {
            "input": "2 2 5 1 5 4 5 2 0 3 2",
            "output": "9"
        },
        {
            "input": "2 5 4 3 5 1",
            "output": "3"
        },
        {
            "input": "1 0 3 1 2 3 4 0 1",
            "output": "5"
        },
        {
            "input": "0 4 1 0 4 5 1",
            "output": "7"
        },
        {
            "input": "1 0 3 0 4 5 1 1 1 3 4 0 4 0",
            "output": "18"
        },
        {
            "input": "2 5 1 1 1",
            "output": "0"
        },
        {
            "input": "0 1 3 4 4",
            "output": "0"
        },
        {
            "input": "3 1 5 5 3 1 1 4 4 2 3 4",
            "output": "12"
        },
        {
            "input": "2 0 0 3 1 0 0 2 1 0",
            "output": "9"
        },
        {
            "input": "1 3 3 2 4 5 5 2 5 2 3 5 5 5",
            "output": "9"
        },
        {
            "input": "5 0 4 4 4 3 5 1 1 5 1 5",
            "output": "22"
        },
        {
            "input": "4 5 0 1 0 0 3 1",
            "output": "11"
        },
        {
            "input": "1 5 1 3 3 0 2 4 5 0 0",
            "output": "17"
        },
        {
            "input": "5 5 5 4 5 1 3 0 3 2 2 1 5 3",
            "output": "24"
        },
        {
            "input": "2 4 0 3 2 5 4 1 4 3 4 0 2 5 2",
            "output": "24"
        },
        {
            "input": "2 2 1 5 5 1 5 2",
            "output": "5"
        },
        {
            "input": "1 2 4 2 5 1 0 1 3",
            "output": "9"
        },
        {
            "input": "0 1 4 4 5 1 5 2 0 4",
            "output": "10"
        },
        {
            "input": "5 5 3 3 2",
            "output": "0"
        },
        {
            "input": "4 0 4 2 4 3 3 4 1 5 3 4 2 1",
            "output": "12"
        },
        {
            "input": "2 3 3 3 4 5 4 1 3 5 1 4 5 2 0",
            "output": "12"
        },
        {
            "input": "1 3 1 3 3 2 3 0 4 3 0 5 3 4",
            "output": "12"
        },
        {
            "input": "2 4 1 5 2",
            "output": "3"
        },
        {
            "input": "1 4 1 2 0 0 1 1 2 2 2 0 5",
            "output": "29"
        },
        {
            "input": "4 1 2 0 4 3 0 2 4",
            "output": "16"
        },
        {
            "input": "4 3 5 2 0 0 5 3",
            "output": "14"
        },
        {
            "input": "5 3 1 3 1 1 0 4 0 5 3 0 5 1 2",
            "output": "35"
        },
        {
            "input": "0 0 4 3 1 3 1 1",
            "output": "2"
        },
        {
            "input": "3 3 5 5 0",
            "output": "0"
        },
        {
            "input": "2 2 1 4 0 2 2 0",
            "output": "3"
        },
        {
            "input": "5 3 3 2 4 4 5 2 3",
            "output": "10"
        },
        {
            "input": "0 0 5 1 4",
            "output": "3"
        },
        {
            "input": "0 0 4 2 3 3 5 1 4",
            "output": "7"
        },
        {
            "input": "2 2 0 1 1",
            "output": "1"
        },
        {
            "input": "2 5 1 5 0 2 3 0 3 1 1 5 3 1 5",
            "output": "35"
        },
        {
            "input": "3 3 3 4 4 3",
            "output": "0"
        },
        {
            "input": "2 2 2 0 0 1 3 1 4 4 4 1 0",
            "output": "7"
        },
        {
            "input": "5 2 2 0 4 4 5 1 2 0 5 1 0",
            "output": "25"
        },
        {
            "input": "4 3 2 4 1 3 1 0 0 4 0 2",
            "output": "20"
        },
        {
            "input": "5 4 1 1 5 3 0 1 0",
            "output": "10"
        },
        {
            "input": "1 5 3 0 1 3",
            "output": "5"
        },
        {
            "input": "3 2 5 4 3 2 0 4 4 2 2 4 2",
            "output": "12"
        },
        {
            "input": "2 1 2 4 3 2 5 3 0 4 3 5",
            "output": "14"
        },
        {
            "input": "4 0 1 1 1 2 1 3 3 1 2 3",
            "output": "15"
        },
        {
            "input": "4 2 4 4 0 4 1 1 3 4 4 4 3",
            "output": "13"
        },
        {
            "input": "1 1 3 0 1 0 2 1 3 3 3 1 1 5",
            "output": "15"
        },
        {
            "input": "1 2 2 0 5 0 2 2 5 1 0",
            "output": "13"
        },
        {
            "input": "2 1 2 1 5 5 5",
            "output": "2"
        },
        {
            "input": "1 2 4 4 4 0 1 1 2 1 0 0 5 5",
            "output": "23"
        },
        {
            "input": "4 3 2 4 2 4 3 4 3 5 2 1 3 4 3",
            "output": "13"
        },
        {
            "input": "5 3 4 4 4 3 5 5 2 3 0 4 2 3 5",
            "output": "23"
        },
        {
            "input": "2 3 1 4 5 1 5 3 1 1",
            "output": "6"
        },
        {
            "input": "0 5 4 3 4 1 0",
            "output": "1"
        },
        {
            "input": "0 3 4 0 0 5 5 4 0 3 2 0 5 1 5",
            "output": "28"
        },
        {
            "input": "4 0 3 5 2 5 1 1 1 5 5 2",
            "output": "20"
        },
        {
            "input": "3 2 1 5 3 0 5 1 1 5 5 1 3 3 4",
            "output": "23"
        },
        {
            "input": "5 2 2 2 4 1 0 1 4 4 1 2 0 2 2",
            "output": "19"
        },
        {
            "input": "5 4 0 4 4 1 4 3 3",
            "output": "7"
        },
        {
            "input": "0 3 5 2 1 2 3 1 2 5 2",
            "output": "19"
        },
        {
            "input": "0 5 5 0 3 2 1 4",
            "output": "10"
        },
        {
            "input": "1 4 4 2 0 0 3 4 3",
            "output": "11"
        },
        {
            "input": "0 5 1 1 1 2 1 2 3",
            "output": "10"
        },
        {
            "input": "4 1 1 1 5 2 0 5 5 3 5 0 3 5",
            "output": "26"
        },
        {
            "input": "1 5 1 1 0 4 4 2 2 0 5",
            "output": "26"
        },
        {
            "input": "4 4 4 0 3 3 3 5 5 2 5 4 4 0 4",
            "output": "14"
        },
        {
            "input": "4 1 5 5 5 2 1 0 3 2 4 0 5",
            "output": "26"
        },
        {
            "input": "4 1 0 5 3 3 1 5 3 3",
            "output": "15"
        },
        {
            "input": "0 0 0 4 1 5 5 0 4",
            "output": "7"
        },
        {
            "input": "4 3 5 3 4 1 2 0 3 5 0 0 3 0",
            "output": "24"
        },
        {
            "input": "1 0 4 1 0 5 4",
            "output": "8"
        },
        {
            "input": "1 0 3 3 1 2 4 0 3 3 1 1 1",
            "output": "7"
        },
        {
            "input": "2 2 5 5 2 3 0 0",
            "output": "1"
        },
        {
            "input": "5 2 5 0 5 1",
            "output": "8"
        },
        {
            "input": "3 0 5 3 0 5 0 1",
            "output": "11"
        },
        {
            "input": "5 5 2 3 4 4 2 1 3 3 1",
            "output": "6"
        },
        {
            "input": "4 1 4 0 3 0 4 0 0 3 2 5 0 1",
            "output": "24"
        },
        {
            "input": "3 0 4 3 2 2 4",
            "output": "8"
        },
        {
            "input": "5 5 1 5 3 0 5 0",
            "output": "11"
        },
        {
            "input": "0 5 3 2 1 1 4 4 3 4 1",
            "output": "10"
        },
        {
            "input": "3 3 0 3 0 4 2 2 4 0 5",
            "output": "14"
        },
        {
            "input": "2 5 2 4 3 4 4 2 3 2 5 4 3",
            "output": "16"
        },
        {
            "input": "2 4 5 1 0 0 1 2 3 3 1 1 3 2",
            "output": "15"
        },
        {
            "input": "4 5 1 0 5 5 5 5 5 5",
            "output": "9"
        },
        {
            "input": "1 5 3 1 5 3 5 0",
            "output": "8"
        },
        {
            "input": "0 5 4 2 0 3 1 0 3 4 0 3 0 1",
            "output": "19"
        },
        {
            "input": "4 3 5 4 3 1 5 1 5 4 2 2",
            "output": "12"
        },
        {
            "input": "4 0 3 5 3",
            "output": "5"
        },
        {
            "input": "3 5 1 1 2 3",
            "output": "5"
        },
        {
            "input": "4 5 2 4 2 5 4 2",
            "output": "7"
        },
        {
            "input": "3 1 1 0 3 3 4",
            "output": "7"
        },
        {
            "input": "3 3 4 2 3 1 1",
            "output": "1"
        },
        {
            "input": "1 4 4 0 5 2",
            "output": "4"
        },
        {
            "input": "3 5 1 0 4 0 5 1 1 4 4 3",
            "output": "21"
        },
        {
            "input": "4 3 2 1 0 0 1 2 1 4 2",
            "output": "22"
        },
        {
            "input": "5 0 5 3 0 5 0 2 1",
            "output": "14"
        },
        {
            "input": "4 5 4 4 2 5 3 2 1 3 4 4 4 0 2",
            "output": "14"
        },
        {
            "input": "0 1 0 1 4",
            "output": "1"
        },
        {
            "input": "2 3 3 5 0 0 3 4 3 1",
            "output": "9"
        },
        {
            "input": "1 5 3 1 5 4 4 0 5 5 4 2 4",
            "output": "15"
        },
        {
            "input": "5 0 1 2 4 5 2 3 1 1 1 0 3 4 4",
            "output": "30"
        },
        {
            "input": "2 2 4 5 3 0 2 4 3 0 0",
            "output": "7"
        },
        {
            "input": "5 0 1 3 3 1",
            "output": "5"
        },
        {
            "input": "3 4 3 4 0",
            "output": "1"
        },
        {
            "input": "0 2 5 4 3 1 1 1 5",
            "output": "15"
        },
        {
            "input": "5 3 0 5 0 5 5 1 1 1 2 0 2 4 5",
            "output": "36"
        },
        {
            "input": "3 1 2 1 5 3 3 0 5 4 3 4 1 3",
            "output": "17"
        },
        {
            "input": "2 3 4 2 1 4 2 5 4 4 5 0 1 0 4",
            "output": "20"
        },
        {
            "input": "4 5 1 3 5 3 1 2 2 2",
            "output": "7"
        },
        {
            "input": "3 5 1 1 5 5 5",
            "output": "8"
        },
        {
            "input": "3 1 4 0 4 3",
            "output": "6"
        },
        {
            "input": "1 4 3 2 1",
            "output": "0"
        }
    ]
}